ID,Name,LaTeX,Field,Subfield,Level,Kind,Intuition,Conditions,Example,Patterns,Prerequisites,Sources,Mathematical links
derivative,Derivative,f'(x)=\lim_{h\to0}\frac{f(x+h)-f(x)}{h},Calculus,Differentiation,Undergraduate,definition,Zooming into a differentiable graph reveals a straight line. Its slope converts a tiny input change into the leading output change.,f is real-valued on an open interval containing x; the displayed finite two-sided limit must exist.,"For f(x)=x², f′(3)=6: a small increase h near 3 changes the square by about 6h.",Local linearization; Limits and convergence,Limit of a sequence,a-lebl-real1; a-openstax-derivatives,17
derivative-linearity,Linearity of differentiation,(af+bg)'=af'+bg',Calculus,Differentiation,Undergraduate,identity,Independent contributions to a quantity have independent contributions to its rate of change. Fixed scaling factors pass straight through differentiation.,a and b are real or complex constants; f and g are differentiable at the point in question.,The derivative of 3x²−2sin x is 6x−2cos x.,Linearity; Decomposition,Derivative,a-openstax-derivatives,3
power-rule,Power rule,\frac{d}{dx}x^\alpha=\alpha x^{\alpha-1},Calculus,Differentiation,Undergraduate,identity,A power law loses one power of x when converted from a total amount to a marginal change. The exponent becomes the multiplier.,"For arbitrary real α take x>0; for nonnegative integer α the rule holds for every real x, with the derivative of x⁰ treated as 0.",The derivative of a cube's volume s³ with respect to side length s>0 is 3s².,Scaling and homogeneity; Local linearization,Derivative; Exponential addition law,a-openstax-derivatives,4
exponential-derivative,Derivative of an exponential,\frac{d}{dx}e^{ax}=ae^{ax},Calculus,Differentiation,Undergraduate,identity,"Exponential functions reproduce their own shape when differentiated. Only the scale factor changes, making them natural modes for constant-coefficient differential equations.",a is a real or complex constant; x is real.,"If a population is P(t)=100e^{0.02t}, its instantaneous growth is 0.02P(t).",Exponentials and logarithms; Scaling and homogeneity,Derivative,a-openstax-derivatives,4
logarithmic-derivative,Logarithmic derivative,\frac{d}{dx}\log|f(x)|=\frac{f'(x)}{f(x)},Calculus,Differentiation,Undergraduate,identity,Taking a logarithm turns absolute change into relative change. It also turns the derivative of a product into a sum of relative rates.,f is a real differentiable function with f(x)≠0 on the interval considered.,"For f(x)=x³ with x>0, f′/f=3/x; a 1% small relative change in x gives about a 3% change in f.",Exponentials and logarithms; Scaling and homogeneity,Derivative; Chain rule; Logarithm laws,a-openstax-derivatives,11
trigonometric-derivatives,Derivatives of sine and cosine,"\frac{d}{dx}\sin x=\cos x,\qquad\frac{d}{dx}\cos x=-\sin x",Calculus,Differentiation,Undergraduate,identity,"The rate of a circular coordinate is the other coordinate, with a sign recording the direction of rotation. Differentiation therefore cycles through oscillatory shapes.",x is real and angles are measured in radians.,"For y(t)=sin(2t), y′(t)=2cos(2t) and y″(t)=−4y(t).",Symmetry and invariance; Recursion and iteration,Derivative; Pythagorean trigonometric identity,a-openstax-derivatives,3
product-rule,Product rule,(fg)'=f'g+fg',Calculus,Differentiation,Undergraduate,identity,A product changes because either factor can change. The product of both tiny changes is smaller than the first-order terms and disappears in the derivative.,f and g are differentiable at the point considered.,"For rectangle area A(t)=w(t)h(t), A′=w′h+wh′.",Decomposition; Local linearization,Derivative,a-openstax-derivatives; a-lebl-real1,9
quotient-rule,Quotient rule,\left(\frac{f}{g}\right)'=\frac{f'g-fg'}{g^2},Calculus,Differentiation,Undergraduate,identity,A ratio increases when its numerator grows and decreases when its denominator grows. The squared denominator adjusts both effects to the same scale.,"f and g are differentiable at the point, and g is nonzero there.","For average speed v=d/t with variable d(t) and t>0, v′=(td′−d)/t².",Decomposition; Scaling and homogeneity,Product rule; Chain rule; Power rule,a-openstax-derivatives,2
chain-rule,Chain rule,"(f\circ g)'(x)=f'(g(x))\,g'(x)",Calculus,Differentiation,Undergraduate,theorem,"Change passes through a chain of transformations. The outer sensitivity multiplies the inner sensitivity, with the outer derivative evaluated at the intermediate value.","g is differentiable at x, and f is differentiable at g(x), with the composition defined nearby.","For f(g(x))=sin(x²), the derivative is 2x cos(x²).",Composition; Local linearization,Derivative; Composition of functions,a-openstax-derivatives; a-lebl-real1,16
inverse-derivative,Derivative of an inverse function,(f^{-1})'(y)=\frac{1}{f'(f^{-1}(y))},Calculus,Differentiation,Undergraduate,theorem,Undoing a locally expanding map contracts by the reciprocal amount. The inverse rate is measured at the corresponding original input.,"f is continuously differentiable near x₀, f′(x₀)≠0, and y lies in a neighborhood where the local inverse exists.","Since (exp x)′=exp x, the inverse logarithm has derivative 1/y for y>0.",Duality; Change of coordinates,Chain rule; Inverse function,a-openstax-derivatives; a-lebl-real1,3
implicit-differentiation,Implicit differentiation,"F(x,y(x))=0\quad\Longrightarrow\quad y'(x)=-\frac{F_x}{F_y}",Calculus,Differentiation,Undergraduate,method,A constraint forces changes in x and y to cancel. Their partial sensitivities determine the compensating slope without solving the constraint explicitly.,"F is C¹ near (x₀,y₀), F(x₀,y₀)=0 and F_y(x₀,y₀)≠0; the formula holds for the resulting local graph.","For x²+y²=1 with y≠0, the tangent slope is y′=−x/y.",Local linearization; Geometry and distance,Chain rule; Partial derivative,a-lebl-real2,5
mean-value-theorem,Mean value theorem,"\exists c\in(a,b):\quad f'(c)=\frac{f(b)-f(a)}{b-a}",Calculus,Differentiation,Undergraduate,theorem,Some instantaneous slope matches the average slope over the whole interval. This connects local rates to global changes without requiring the derivative to be continuous.,"a<b; f:[a,b]→R is continuous on [a,b] and differentiable on (a,b).","For f(x)=x² on [1,3], the average slope is 4 and it occurs at c=2.",Averaging; Local linearization,Derivative,a-lebl-real1,4
lhopital-rule,L'Hôpital's rule,\lim_{x\to a^+}\frac{f(x)}{g(x)}=\lim_{x\to a^+}\frac{f'(x)}{g'(x)},Calculus,Limits,Undergraduate,theorem,"Near a common zero, the ratio of two vanishing quantities can be controlled by the ratio of their local rates. It is a theorem about a limit, not an algebraic identity between ratios.","On (a,a+δ), f and g are differentiable, g and g′ are nonzero, f(x)→0 and g(x)→0; the derivative ratio has a limit in the extended real line. This entry states the one-sided 0/0 version.",lim as x→0⁺ of (eˣ−1)/x equals lim eˣ/1=1.,Limits and convergence; Local linearization,Mean value theorem,a-lebl-real1,1
local-linear-approximation,Local linear approximation,f(a+h)=f(a)+f'(a)h+o(|h|),Calculus,Approximation,Undergraduate,theorem,A tangent line predicts sufficiently small changes with an error smaller than the input step. The little-o term states exactly what 'locally straight' means.,f is differentiable at the interior point a; o(|h|)/|h|→0 as h→0.,"√(4+h)=2+h/4+o(|h|), so √4.04 is approximately 2.01.",Local linearization; Scaling and homogeneity,Derivative,a-lebl-real1,5
taylor-polynomial,Taylor's theorem with Lagrange remainder,f(a+h)=\sum_{k=0}^{n}\frac{f^{(k)}(a)}{k!}h^k+\frac{f^{(n+1)}(\xi)}{(n+1)!}h^{n+1},Calculus,Approximation,Undergraduate,theorem,Matching successive derivatives builds a polynomial that captures more of the local shape. A derivative at an intermediate point measures exactly what the polynomial misses.,n is a nonnegative integer; f is C^{n+1} on an interval containing the segment from a to a+h; ξ lies between those endpoints.,"If |f″|≤M nearby, the tangent-line error has magnitude at most M h²/2.",Decomposition; Local linearization; Scaling and homogeneity,Derivative; Power rule,a-openstax-series; a-lebl-real1,15
taylor-series,Taylor series of an analytic function,f(x)=\sum_{n=0}^{\infty}\frac{f^{(n)}(a)}{n!}(x-a)^n,Analysis,Power series,Undergraduate,theorem,An analytic function is completely encoded near a point by all of its derivatives there. The coefficients are local measurements that reconstruct the function within a convergence neighborhood.,"f is real analytic at a, and x is inside a neighborhood where its Taylor series equals f; being infinitely differentiable alone is insufficient.","For eˣ at a=0, every derivative equals 1, giving 1+x+x²/2!+⋯.",Decomposition; Limits and convergence; Generating functions,Taylor's theorem with Lagrange remainder; Limit of a sequence,a-openstax-series; a-lebl-real2,15
exponential-series,Exponential power series,e^z=\sum_{n=0}^{\infty}\frac{z^n}{n!},Analysis,Power series,Undergraduate,identity,Factorials make successive contributions small enough for every complex input. The coefficients also ensure that differentiating the series gives the same series.,z is any complex number; the series converges absolutely everywhere and uniformly on compact sets.,"At z=1, the partial sum through n=5 is 2.71666…, approaching e.",Exponentials and logarithms; Recursion and iteration; Limits and convergence,Taylor series of an analytic function; Ratio test,a-openstax-series; a-lebl-complex,11
sine-cosine-series,Sine and cosine power series,"\sin z=\sum_{n=0}^{\infty}\frac{(-1)^n z^{2n+1}}{(2n+1)!},\qquad\cos z=\sum_{n=0}^{\infty}\frac{(-1)^n z^{2n}}{(2n)!}",Analysis,Power series,Undergraduate,identity,Odd and even powers separate the two coordinates of oscillation. Alternating signs encode the reversal that occurs after two derivatives.,z is any complex number; both series converge absolutely and locally uniformly.,"For small real x, sin x=x−x³/6+O(x⁵), so replacing sin x by x has cubic leading error.",Symmetry and invariance; Decomposition; Recursion and iteration,Taylor series of an analytic function; Derivatives of sine and cosine,a-openstax-series; a-lebl-complex,4
logarithm-series,Logarithm power series,\log(1+x)=\sum_{n=1}^{\infty}\frac{(-1)^{n+1}x^n}{n},Analysis,Power series,Undergraduate,identity,A logarithm accumulates the reciprocal rate 1/(1+x). Integrating a geometric expansion turns its constant coefficients into reciprocal integers.,"The stated real identity holds for |x|<1, and also at x=1 by a separate endpoint convergence argument; x=−1 is excluded.","At x=1, the convergent alternating series 1−1/2+1/3−⋯ equals log 2.",Accumulation; Exponentials and logarithms; Limits and convergence,Finite geometric sum; Riemann integral; Taylor series of an analytic function,a-openstax-series; a-lebl-real2,7
integral,Riemann integral,"\int_a^b f(x)\,dx=\lim_{\lVert P\rVert\to0}\sum_{i=1}^{m}f(\xi_i)(x_i-x_{i-1})",Calculus,Integration,Undergraduate,definition,"Break an interval into small pieces, estimate each contribution as height times width, and add them. Integrability means all sufficiently fine tagged partitions agree in the limit.","a<b; f is bounded and Riemann integrable on [a,b]; P has a=x₀<⋯<x_m=b, ξ_i∈[x_{i−1},x_i], and mesh ‖P‖=max Δx_i.","For f(x)=x on [0,1], the accumulated triangular area is 1/2.",Accumulation; Limits and convergence; Linearity,Limit of a sequence,a-lebl-real1,7
integral-linearity,Linearity of integration,"\int_a^b(\alpha f+\beta g)\,dx=\alpha\int_a^b f\,dx+\beta\int_a^b g\,dx",Calculus,Integration,Undergraduate,identity,Accumulating a sum gives the sum of the separate accumulations. Fixed gains can be applied before or after the accumulation.,"f and g are Riemann integrable on the finite interval [a,b]; α and β are constants.","The integral of 2x+3 on [0,1] is 2·(1/2)+3·1=4.",Linearity; Decomposition,Riemann integral,a-lebl-real1,3
fundamental-theorem-calculus,Fundamental theorem of calculus,"F(x)=\int_a^x f(t)\,dt\ \Longrightarrow\ F'(x)=f(x),\qquad\int_a^b G'(x)\,dx=G(b)-G(a)",Calculus,Integration,Undergraduate,theorem,Accumulation and instantaneous change undo one another. Summing all local changes leaves only the difference between endpoint values.,"For the first identity, f is continuous on [a,b] and x∈(a,b); for the second, G is C¹ on [a,b].",Integrating the rate 2x from 1 to 3 gives 3²−1²=8.,Duality; Boundary and interior; Accumulation,Derivative; Riemann integral,a-lebl-real1,17
integration-by-parts,Integration by parts,"\int_a^b u\,v'\,dx=[uv]_a^b-\int_a^b u'v\,dx",Calculus,Integration,Undergraduate,identity,A derivative can be moved from one factor to the other if its sign is reversed and the endpoint contribution is retained. This is the main bridge from differentiation rules to weak and variational methods.,"u and v are C¹ on the finite interval [a,b]; the formula also extends to absolutely continuous functions under the corresponding integrability conditions.",Taking u=x and v′=eˣ gives ∫₀¹xeˣ dx=1.,Duality; Boundary and interior; Decomposition,Product rule; Fundamental theorem of calculus,a-lebl-real1,17
substitution-rule,Substitution in an integral,"\int_a^b f(g(t))g'(t)\,dt=\int_{g(a)}^{g(b)}f(u)\,du",Calculus,Integration,Undergraduate,theorem,Changing the integration coordinate changes the widths of the pieces being added. The derivative of the coordinate map provides the width conversion.,"g is C¹ on [a,b] and f is continuous on an interval containing g([a,b]); oriented limits are used, so g need not be monotone.","With u=t², ∫₀¹2t cos(t²) dt=∫₀¹cos u du=sin 1.",Change of coordinates; Composition; Accumulation,Chain rule; Fundamental theorem of calculus,a-lebl-real1,7
integral-mean,Average value of a function,"\overline f=\frac{1}{b-a}\int_a^b f(x)\,dx",Calculus,Integration,Undergraduate,definition,Spread a function's total accumulation evenly across its interval. The resulting constant has exactly the same integral.,"a<b are finite and f is integrable on [a,b].","The average value of x² on [0,3] is (1/3)·9=3.",Averaging; Accumulation; Scaling and homogeneity,Arithmetic mean; Riemann integral,a-lebl-real1,9
mean-value-integral,Mean value theorem for integrals,"\exists c\in[a,b]:\quad\int_a^b f(x)\,dx=f(c)(b-a)",Calculus,Integration,Undergraduate,theorem,"For a continuous profile, its average height occurs somewhere on the profile. A single rectangle of that height has the same signed area.","a<b are finite; f:[a,b]→R is continuous.","For f(x)=x² on [0,3], one valid point is c=√3.",Averaging; Accumulation,Average value of a function,a-lebl-real1,2
improper-integral,Improper integral on a half-line,"\int_a^\infty f(x)\,dx:=\lim_{R\to\infty}\int_a^R f(x)\,dx",Calculus,Integration,Undergraduate,definition,An infinite region is handled by accumulating over finite regions and asking whether the running total settles. An infinite domain does not by itself imply an infinite total.,"f is locally Riemann integrable on [a,∞); convergence means that the displayed limit exists and is finite. Absolute convergence is the stronger condition ∫_a^∞|f|<∞.","∫₁^∞x^{−p} dx=1/(p−1) for p>1, and diverges for p≤1.",Limits and convergence; Accumulation; Scaling and homogeneity,Riemann integral; Limit of a sequence; Power rule,a-lebl-real1,5
gaussian-integral,Gaussian integral,"\int_{-\infty}^{\infty}e^{-a x^2}\,dx=\sqrt{\frac{\pi}{a}}",Analysis,Integration,Undergraduate,identity,Squaring a one-dimensional Gaussian integral turns it into a radially symmetric area integral. Polar coordinates then replace a difficult antiderivative with a simple radial accumulation.,a is real and strictly positive; the integral is absolutely convergent.,"With a=1/2, the integral is √(2π), giving the normalization of the standard normal density.",Symmetry and invariance; Change of coordinates; Scaling and homogeneity,Improper integral on a half-line; Integration in polar coordinates; Tonelli's theorem,a-axler-measure; a-ryzhik-analysis,10
arc-length,Arc length of a parametrized curve,"L=\int_a^b\lVert\gamma'(t)\rVert\,dt",Calculus,Curves,Undergraduate,theorem,"A velocity vector gives the distance traveled per unit parameter. Accumulating its magnitude gives total length, independent of how quickly the curve is traced.","γ:[a,b]→Rⁿ is piecewise C¹; the formula gives length with multiplicity along the traversal.","For γ(t)=(R cos t,R sin t), 0≤t≤2π, the length is 2πR for R>0.",Geometry and distance; Accumulation; Change of coordinates,Derivative; Riemann integral; Norm axioms and induced norm,a-lebl-real2,3
trapezoidal-rule,Composite trapezoidal quadrature,"T_n=h\left[\frac{f(a)+f(b)}2+\sum_{k=1}^{n-1}f(a+kh)\right],\quad\left|\int_a^b f-T_n\right|\le\frac{(b-a)h^2}{12}\max|f''|",Calculus,Numerical integration,Undergraduate,method,"Replace each curved segment by the line between its endpoint values. The resulting trapezoid uses the average endpoint height, so curvature controls the error.","a<b, n≥1 is an integer, h=(b−a)/n; the displayed error bound assumes f∈C²([a,b]) and the maximum is over [a,b].","For f(x)=x² on [0,1] with n=2, T₂=3/8, while the exact integral is 1/3.",Averaging; Local linearization; Limits and convergence,Riemann integral; Arithmetic mean; Taylor's theorem with Lagrange remainder,a-openstax-numerical,5
simpson-rule,Composite Simpson quadrature,"S_n=\frac h3\left[f(a)+f(b)+4\!\!\sum_{\substack{1\le k<n\\k\ \mathrm{odd}}}\!\!f(a+kh)+2\!\!\sum_{\substack{2\le k<n\\k\ \mathrm{even}}}\!\!f(a+kh)\right],\quad|I-S_n|\le\frac{(b-a)h^4}{180}\max|f^{(4)}|",Calculus,Numerical integration,Undergraduate,method,Each pair of panels is integrated using a quadratic interpolant through three samples. Symmetry also makes the rule exact for cubics.,"a<b; n≥2 is even, h=(b−a)/n, I=∫_a^b f; the error bound assumes f∈C⁴([a,b]) and the maximum is over [a,b].","For f(x)=x³ on [0,1] with two panels, S₂=(1/6)(0+4/8+1)=1/4 exactly.",Averaging; Quadratic structure; Symmetry and invariance,Riemann integral; Taylor's theorem with Lagrange remainder; Weighted arithmetic mean,a-openstax-numerical,6
newton-method,Newton's root-finding method,x_{n+1}=x_n-\frac{f(x_n)}{f'(x_n)},Calculus,Numerical methods,Undergraduate,method,"Follow the tangent line to where it crosses zero, then repeat using a fresh tangent. A good local linear model can turn a moderately accurate guess into a much better one.",Each iterate requires f′(x_n)≠0. Local quadratic convergence holds for f∈C² near a simple root r with f′(r)≠0 and x₀ sufficiently close; arbitrary starting points need not converge.,"For f(x)=x²−2, x_{n+1}=(x_n+2/x_n)/2; x₀=1 gives 1.5, then 1.41666….",Local linearization; Recursion and iteration; Fixed points,Local linear approximation,a-lebl-real1,9
integral-taylor-remainder,Integral form of the Taylor remainder,"f(x)=\sum_{k=0}^{n}\frac{f^{(k)}(a)}{k!}(x-a)^k+\frac1{n!}\int_a^x(x-t)^n f^{(n+1)}(t)\,dt",Calculus,Approximation,Advanced undergraduate,theorem,The missing part of a Taylor polynomial is an accumulated higher derivative. Nearby and distant points contribute with a polynomial weight determined by repeated integration.,"n≥0 is an integer; f∈C^{n+1} on an interval containing a and x, using oriented integration when x<a.","With n=0, the formula is f(x)=f(a)+∫_a^x f′(t)dt, the fundamental theorem.",Accumulation; Recursion and iteration; Decomposition,Integration by parts; Taylor's theorem with Lagrange remainder,a-lebl-real1; a-lebl-real2,2
partial-derivative,Partial derivative,\partial_i f(x)=\lim_{h\to0}\frac{f(x+h e_i)-f(x)}h,Calculus,Multivariable differentiation,Undergraduate,definition,"Change one coordinate while holding the others fixed. The result measures sensitivity along a coordinate axis, which is only one of many possible directions.",f is defined on an open subset of Rⁿ containing x; e_i is the ith standard basis vector; the finite limit must exist.,"For f(x,y)=x²y, ∂_x f=2xy and ∂_y f=x².",Local linearization; Decomposition,Derivative,a-lebl-real2,2
gradient,Gradient,"\nabla f=(\partial_1 f,\ldots,\partial_n f),\qquad D_v f=\nabla f\cdot v",Calculus,Multivariable differentiation,Undergraduate,definition,"The gradient assembles scalar sensitivities into one vector. In Euclidean coordinates it points in the direction of fastest first-order increase, with magnitude equal to that maximal rate.",f:U⊂Rⁿ→R is differentiable at x. D_v f is the derivative along vector v; interpreting a rate per unit distance requires ‖v‖₂=1.,"For f(x,y)=x²+y², ∇f=(2x,2y), so the steepest increase points radially outward.",Local linearization; Geometry and distance; Optimization,Partial derivative; Inner product,a-lebl-real2,8
directional-derivative,Directional derivative,D_v f(x)=\lim_{t\to0}\frac{f(x+tv)-f(x)}t,Calculus,Multivariable differentiation,Undergraduate,definition,Probe the function along a chosen straight path through a point. Different directions reveal different rates even at the same location.,"f is defined near x∈Rⁿ, v∈Rⁿ, and the finite limit exists. For differentiable f it equals Df(x)[v]; directional derivatives in every direction alone do not imply differentiability.","For f(x,y)=x²+y² at (1,0), the direction (0,1) gives rate 0, while (1,0) gives rate 2.",Geometry and distance; Local linearization,Derivative; Partial derivative,a-lebl-real2,4
total-derivative,Total derivative,f(x+h)=f(x)+Df(x)[h]+o(\lVert h\rVert),Calculus,Multivariable differentiation,Advanced undergraduate,definition,One linear map must approximate the change for every sufficiently small displacement. This unifies all directions into a single local model.,"f maps an open subset of Rⁿ into Rᵐ; Df(x) is a linear map, and the remainder divided by ‖h‖ tends to zero as h→0 through arbitrary directions.","For f(x,y)=(x+y,xy), Df(x,y)[h,k]=(h+k,yh+xk).",Local linearization; Linearity,Derivative; Norm axioms and induced norm,a-lebl-real2,8
jacobian-matrix,Jacobian matrix,J_f(x)=\left[\frac{\partial f_i}{\partial x_j}(x)\right]_{\substack{1\le i\le m\\1\le j\le n}},Calculus,Multivariable differentiation,Undergraduate,definition,"Every output can respond to every input, so sensitivities form a table. Matrix multiplication then predicts all output changes at once.","f=(f₁,…,f_m):U⊂Rⁿ→Rᵐ has the displayed partial derivatives; it represents the total derivative when f is differentiable.","For f(x,y)=(x²−y²,2xy), J_f=[[2x,−2y],[2y,2x]].",Decomposition; Local linearization; Change of coordinates,Partial derivative,a-lebl-real2,6
multivariable-chain-rule,Multivariable chain rule,"D(f\circ g)(x)=Df(g(x))\circ Dg(x),\qquad J_{f\circ g}(x)=J_f(g(x))J_g(x)",Calculus,Multivariable differentiation,Undergraduate,theorem,Local changes pass through a sequence of linear transformations. Matrix multiplication automatically sums over every intermediate route by which one input affects an output.,"g:U⊂Rⁿ→Rᵐ is differentiable at x, f:V⊂Rᵐ→Rᵏ is differentiable at g(x), and g maps a neighborhood of x into V.","For z=f(x(t),y(t)), dz/dt=f_x x′+f_y y′.",Composition; Linearity; Decomposition,Chain rule; Total derivative; Jacobian matrix,a-lebl-real2,9
hessian,Hessian matrix,"H_f(x)=\left[\partial_i\partial_j f(x)\right]_{i,j=1}^{n}",Calculus,Multivariable differentiation,Undergraduate,definition,"The Hessian measures how the gradient changes. Its quadratic form describes bending in each direction, distinguishing bowls, peaks and saddles.",For this entry f is C² on an open subset of Rⁿ; the Hessian is then symmetric.,"For f(x,y)=x²−y², H=diag(2,−2), showing opposite curvatures and a saddle at the origin.",Quadratic structure; Geometry and distance; Optimization,Gradient; Equality of mixed partial derivatives; Quadratic form,a-lebl-real2,6
multivariable-taylor,Second-order multivariable Taylor expansion,f(x+h)=f(x)+\nabla f(x)^{T}h+\frac12h^{T}H_f(x)h+o(\lVert h\rVert^2),Calculus,Approximation,Advanced undergraduate,theorem,"A tangent plane supplies the leading prediction, and a quadratic bowl or saddle corrects for curvature. Cross terms capture interactions between coordinates.",f:U⊂Rⁿ→R is C² in a neighborhood of x; h→0 with x+h∈U.,"For f(x,y)=xy at (0,0), the linear term vanishes and the quadratic term is exactly hk.",Local linearization; Quadratic structure; Decomposition,Taylor's theorem with Lagrange remainder; Gradient; Hessian matrix,a-lebl-real2,6
mixed-partials,Equality of mixed partial derivatives,\partial_i\partial_j f=\partial_j\partial_i f,Calculus,Multivariable differentiation,Undergraduate,theorem,"For a sufficiently smooth function, infinitesimal changes in two coordinate directions can be taken in either order. The resulting symmetry is what makes the Hessian a symmetric matrix.","f is C² on an open subset of Rⁿ; weaker versions exist, but equality can fail when the relevant regularity is absent.","For f(x,y)=x²y³, both f_xy and f_yx equal 6xy².",Symmetry and invariance; Composition,Partial derivative,a-lebl-real2; a-axler-measure,3
inverse-function-theorem,Inverse function theorem,\det Df(a)\ne0\quad\Longrightarrow\quad D(f^{-1})(f(a))=[Df(a)]^{-1},Calculus,Local geometry,Advanced undergraduate,theorem,"If the local linear model loses no directions, the nonlinear map can be undone in a small neighborhood. The inverse changes according to the inverse linear model.","f:U⊂Rⁿ→Rⁿ is C¹, U is open, and det Df(a)≠0; the theorem guarantees a C¹ local inverse between suitable neighborhoods, not global injectivity.","The map (x,y)↦(eˣ cos y,eˣ sin y) has nonzero Jacobian determinant and local inverses, though periodicity prevents one global inverse.",Local linearization; Change of coordinates; Duality,Total derivative; Determinant; Inverse function,a-lebl-real2,7
implicit-function-theorem,Implicit function theorem,"F(x,g(x))=0,\qquad Dg(x)=-[D_yF(x,g(x))]^{-1}D_xF(x,g(x))",Calculus,Local geometry,Advanced undergraduate,theorem,"When a constraint can respond independently to each dependent variable, it can locally solve for those variables. The derivative is the compensation needed to keep the constraint unchanged.","F:U⊂Rⁿ×Rᵐ→Rᵐ is C¹, F(a,b)=0, and D_yF(a,b) is invertible; a unique local C¹ graph y=g(x) exists near (a,b).","For F(x,y)=x²+y²−1 near (0,1), the upper circle is the local graph y=√(1−x²).",Local linearization; Geometry and distance; Change of coordinates,Inverse function theorem; Multivariable chain rule,a-lebl-real2,7
multiple-integral,Multiple integral as accumulation over cells,"\int_{\Omega}f(x)\,dx=\lim_{\max\operatorname{diam}(Q_i)\to0}\sum_i f(\xi_i)|Q_i|",Calculus,Multivariable integration,Undergraduate,definition,The same height-times-width idea works with area or volume cells. Every cell contributes its local value multiplied by how much space it occupies.,"Ω⊂Rⁿ is bounded and Jordan measurable; the formula is understood using fine rectangular partitions and a Riemann-integrable extension by zero to a bounding rectangle, with tagged cells Q_i.","On a unit square, integrating f(x,y)=x+y gives 1.",Accumulation; Limits and convergence; Geometry and distance,Riemann integral,a-lebl-real2,2
change-of-variables,Multivariable change of variables,"\int_{T(U)}f(x)\,dx=\int_U f(T(u))\,|\det DT(u)|\,du",Calculus,Multivariable integration,Advanced undergraduate,theorem,"A coordinate change reshapes small volume elements. The determinant measures their volume expansion, while the absolute value removes orientation from ordinary volume.","U⊂Rⁿ is open, T:U→T(U) is a C¹ diffeomorphism, and f is nonnegative measurable or integrable on T(U); the corresponding integrals may be infinite in the nonnegative case.","For T(u,v)=(2u,3v), each area element is multiplied by |det diag(2,3)|=6.",Change of coordinates; Scaling and homogeneity; Geometry and distance,Jacobian matrix; Determinant; Inverse function theorem; Multiple integral as accumulation over cells,a-lebl-real2; a-hunter-pde,7
polar-coordinate-integral,Integration in polar coordinates,"\iint_{\Omega}f(x,y)\,dx\,dy=\iint_{D}f(r\cos\theta,r\sin\theta)\,r\,dr\,d\theta",Calculus,Multivariable integration,Undergraduate,theorem,A thin polar cell has radial width dr and sideways width r dθ. The factor r records how the same angular slice becomes wider farther from the origin.,"D⊂(0,∞)×(α,α+2π) is measurable, its polar image is Ω, and f is nonnegative measurable or integrable; the ray seam and origin may be added or removed as measure-zero sets.",The area of a radius-R disk is ∫₀^{2π}∫₀^R r dr dθ=πR².,Change of coordinates; Symmetry and invariance; Scaling and homogeneity,Multivariable change of variables; Pythagorean trigonometric identity,a-lebl-real2,3
line-integral,Line integrals of scalar and vector fields,"\int_\gamma f\,ds=\int_a^b f(\gamma(t))\|\gamma'(t)\|\,dt,\qquad\int_\gamma F\cdot dx=\int_a^b F(\gamma(t))\cdot\gamma'(t)\,dt",Calculus,Vector calculus,Undergraduate,definition,"A scalar line integral accumulates density along length. A vector line integral accumulates the component aligned with travel, so reversing direction changes its sign.","γ:[a,b]→Rⁿ is piecewise C¹; f and F are continuous along its image. Integrals include traversal multiplicity.",A constant tangential force of magnitude 3 along a straight path of length 2 does work 6.,Accumulation; Geometry and distance; Change of coordinates,Arc length of a parametrized curve; Inner product; Riemann integral,a-lebl-real2,3
gradient-theorem,Fundamental theorem for line integrals,\int_\gamma \nabla\phi\cdot dx=\phi(\gamma(b))-\phi(\gamma(a)),Calculus,Vector calculus,Undergraduate,theorem,Moving through a potential field accumulates exactly the total change in potential. Different routes between the same endpoints give the same result.,"φ is C¹ on an open set containing the piecewise C¹ path γ:[a,b]→Rⁿ.","For φ(x,y)=x²+y², every path from (0,0) to (1,2) has gradient line integral 5.",Boundary and interior; Conservation and balance; Composition,Gradient; Line integrals of scalar and vector fields; Fundamental theorem of calculus,a-lebl-real2,8
divergence,Divergence,\nabla\cdot F=\sum_{i=1}^{n}\partial_i F_i,Calculus,Vector calculus,Undergraduate,definition,Divergence measures the local excess of outward flow over inward flow. Positive divergence describes expansion or a source; negative divergence describes compression or a sink.,F:U⊂Rⁿ→Rⁿ is C¹; the local flux interpretation uses the outward flux per unit volume of shrinking regular neighborhoods.,"For F(x)=x in Rⁿ, div F=n: every coordinate direction contributes one unit of expansion.",Accumulation; Conservation and balance; Boundary and interior,Partial derivative,a-hunter-pde; a-openstax-stokes,6
curl,Curl in three dimensions,"\nabla\times F=(\partial_yF_z-\partial_zF_y,\ \partial_zF_x-\partial_xF_z,\ \partial_xF_y-\partial_yF_x)",Calculus,Vector calculus,Undergraduate,definition,Curl measures infinitesimal circulation around each axis. Its component through a small oriented surface records the local tendency of the flow to turn.,"F is a C¹ vector field on an open subset of oriented Euclidean R³, using a right-handed coordinate system.","For F=(−y,x,0), curl F=(0,0,2), consistent with rotation around the z-axis.",Geometry and distance; Boundary and interior; Symmetry and invariance,Partial derivative; Line integrals of scalar and vector fields,a-openstax-stokes; a-lebl-real2,2
laplacian,Laplacian,\Delta f=\nabla\cdot\nabla f=\sum_{i=1}^{n}\partial_i^2 f,Calculus,Vector calculus,Undergraduate,definition,"The Laplacian adds curvature in all coordinate directions. It measures whether a value sits below or above its nearby average, which makes it the natural operator for diffusion and equilibrium.",f is C² on an open subset of Euclidean Rⁿ; other metrics require their corresponding Laplace–Beltrami operator.,"For f(x,y)=x²+y², Δf=4; for f(x,y)=x²−y², Δf=0.",Averaging; Quadratic structure; Symmetry and invariance,Gradient; Divergence; Hessian matrix,a-hunter-pde,11
surface-integral,Flux through a parametrized surface,"\iint_S F\cdot n\,dS=\iint_D F(r(u,v))\cdot(r_u\times r_v)\,du\,dv",Calculus,Vector calculus,Undergraduate,definition,The cross product of two surface tangent vectors gives an oriented area element. Only the normal component of the field passes through that element.,"r:D⊂R²→R³ is a regular C¹ parametrization, injective except on permitted boundary seams; F is continuous on the surface and the orientation agrees with r_u×r_v. Piecewise surfaces are summed over compatible patches.","For an upward horizontal unit square and F=(0,0,5), the flux is 5.",Geometry and distance; Accumulation; Change of coordinates,Multiple integral as accumulation over cells; Jacobian matrix; Inner product,a-openstax-stokes; a-lebl-real2,4
green-theorem,Green's theorem in the plane,"\oint_{\partial D}P\,dx+Q\,dy=\iint_D(\partial_xQ-\partial_yP)\,dA",Calculus,Vector calculus,Undergraduate,theorem,"When local circulations are added over a region, contributions on internal edges cancel. Only the circulation around the outer boundary and any hole boundaries remains.","D is a bounded planar region with piecewise smooth boundary; P,Q are C¹ on an open neighborhood of its closure; ∂D is positively oriented, with the region on the left.",Taking P=−y/2 and Q=x/2 makes the circulation equal the area of D.,Boundary and interior; Accumulation; Conservation and balance,Line integrals of scalar and vector fields; Multiple integral as accumulation over cells; Partial derivative,a-lebl-real2; a-openstax-stokes,5
stokes-theorem,Stokes' theorem for curl,"\oint_{\partial S}F\cdot dr=\iint_S(\nabla\times F)\cdot n\,dS",Calculus,Vector calculus,Undergraduate,theorem,Local circulation across a surface adds up to circulation around its edge. Interior boundaries disappear because adjacent pieces traverse them in opposite directions.,S is an oriented piecewise smooth compact surface in R³ with piecewise smooth boundary; F is C¹ near S; boundary orientation follows the right-hand rule.,"For F=(−y/2,x/2,0), either side over the unit disk equals π.",Boundary and interior; Accumulation; Symmetry and invariance,Curl in three dimensions; Flux through a parametrized surface; Line integrals of scalar and vector fields,a-openstax-stokes,10
divergence-theorem,Divergence theorem,"\int_{\Omega}\nabla\cdot F\,dV=\int_{\partial\Omega}F\cdot n\,dS",Calculus,Vector calculus,Undergraduate,theorem,All interior inflows and outflows cancel when a region is assembled. What remains is the net flow crossing its outer boundary.,"Ω⊂Rⁿ is bounded with piecewise C¹ boundary, F is C¹ on a neighborhood of its closure, and n is the outward unit normal.","For F(x)=x in a three-dimensional ball, 3·volume equals radius times surface area.",Boundary and interior; Conservation and balance; Accumulation,Divergence; Flux through a parametrized surface,a-hunter-pde,9
generalized-stokes,Generalized Stokes' theorem,\int_M d\omega=\int_{\partial M}\omega,Calculus,Differential forms,Advanced undergraduate,theorem,"The same boundary principle governs intervals, surfaces and higher-dimensional spaces. Exterior differentiation is the operation whose accumulated effect is read on the boundary.",M is a compact oriented smooth n-manifold with smooth boundary; ω is a C¹ differential (n−1)-form on M; ∂M has the induced boundary orientation. The dimension n is a positive integer.,"For M=[a,b] and the 0-form ω=f, the statement is ∫_a^b f′(x)dx=f(b)−f(a).",Boundary and interior; Duality; Geometry and distance,Stokes' theorem for curl; Divergence theorem; Fundamental theorem of calculus,a-jhu-forms,5
green-first-identity,Green's first identity,"\int_\Omega\left(\nabla u\cdot\nabla v+u\Delta v\right)dx=\int_{\partial\Omega}u\,\partial_n v\,dS",Analysis,Boundary identities,Advanced undergraduate,identity,Integration by parts extends to a region in space by replacing endpoint terms with normal flux through the boundary. It converts second derivatives into a pairing of first derivatives.,Ω⊂Rⁿ is bounded with C¹ boundary; u and v are C² on a neighborhood of its closure; ∂_n v=∇v·n uses the outward normal.,"If v=u and u=0 on the boundary, ∫uΔu=−∫|∇u|².",Boundary and interior; Duality; Quadratic structure,Divergence theorem; Laplacian; Product rule,a-stanford-green; a-hunter-pde,3
green-second-identity,Green's second identity,"\int_\Omega(u\Delta v-v\Delta u)\,dx=\int_{\partial\Omega}(u\,\partial_n v-v\,\partial_n u)\,dS",Analysis,Boundary identities,Advanced undergraduate,identity,"Swap two functions in Green's first identity and subtract. The symmetric gradient terms cancel, exposing the precise boundary obstruction to self-adjointness of the Laplacian.",Ω⊂Rⁿ is bounded with C¹ boundary; u and v are C² on a neighborhood of its closure; n is outward.,"If u=v=0 on the boundary, ∫uΔv=∫vΔu.",Duality; Symmetry and invariance; Boundary and interior,Green's first identity,a-stanford-green; a-hunter-pde,3
vector-potential-identities,Curl of a gradient and divergence of a curl,"\nabla\times(\nabla f)=0,\qquad\nabla\cdot(\nabla\times F)=0",Calculus,Vector calculus,Undergraduate,identity,Certain differential constructions automatically erase the next kind of circulation or source. Each term cancels with its opposite after swapping mixed derivatives.,f is C² and F is a C² vector field on an open subset of R³. The converses require additional topological hypotheses and are not asserted here.,"Every smooth potential field ∇f has zero curl, even though an arbitrary curl-free field on a domain with holes need not have a global potential.",Composition; Symmetry and invariance; Conservation and balance,Equality of mixed partial derivatives; Gradient; Divergence; Curl in three dimensions,a-lebl-real2; a-hunter-pde,4
reynolds-transport,Reynolds transport theorem,"\frac{d}{dt}\int_{\Omega(t)}\rho(t,x)\,dx=\int_{\Omega(t)}\partial_t\rho\,dx+\int_{\partial\Omega(t)}\rho\,v\cdot n\,dS",Calculus,Moving domains,Advanced undergraduate,theorem,A total can change because its density changes inside the region or because the region's boundary moves across material. The theorem separates those two contributions.,"Ω(t) is a bounded C¹ domain transported by a sufficiently smooth velocity field v, and ρ is C¹ in space and time; boundary orientation is outward. The formula is local in times where the smooth flow remains a diffeomorphism.","For an expanding interval [0,R(t)] and density 1, the derivative of its length is R′(t), entirely from boundary motion.",Conservation and balance; Boundary and interior; Change of coordinates,Multivariable change of variables; Divergence theorem,a-ntnu-transport; a-hunter-pde,5
sequence-limit,Limit of a sequence,x_n\to L\ \Longleftrightarrow\ \forall\varepsilon>0\ \exists N\ \forall n\ge N:\ |x_n-L|<\varepsilon,Analysis,Limits and completeness,Undergraduate,definition,"Convergence means that any requested accuracy eventually holds forever. The threshold may depend on the requested accuracy, but every later term must satisfy it.",x_n and L are real numbers; replace absolute value by a metric to define convergence in a metric space.,"For x_n=1/n and L=0, choosing N>1/ε ensures |x_n|<ε whenever n≥N.",Limits and convergence; Scaling and homogeneity,,a-lebl-real1,4
cauchy-criterion,Cauchy criterion for convergence,"x_n\text{ converges in }\mathbb R\ \Longleftrightarrow\ \forall\varepsilon>0\ \exists N\ \forall m,n\ge N:\ |x_m-x_n|<\varepsilon",Analysis,Limits and completeness,Undergraduate,theorem,A sequence can be recognized as convergent without knowing its destination: its late terms must crowd together. Completeness of the number system turns that internal agreement into an actual limit.,"The equivalence holds for real sequences, and more generally in complete metric spaces; a Cauchy sequence need not converge inside an incomplete space.",Rational approximations to √2 are Cauchy in Q but have no limit in Q; they do converge in R.,Limits and convergence; Geometry and distance,Limit of a sequence,a-lebl-real1,4
monotone-sequence-convergence,Monotone bounded sequence theorem,"x_n\le x_{n+1},\quad\sup_n x_n<\infty\quad\Longrightarrow\quad\lim_{n\to\infty}x_n=\sup_n x_n",Analysis,Limits and completeness,Undergraduate,theorem,A quantity that only increases and cannot escape above must approach its least upper bound. Completeness rules out an unreachable gap just below that bound.,x_n is a nondecreasing real sequence bounded above; a dual statement holds for nonincreasing sequences bounded below.,The partial sums of ∑_{n=1}∞2^{−n} rise toward 1 without exceeding it.,Limits and convergence; Accumulation,Limit of a sequence; Finite geometric sum,a-lebl-real1,5
limsup-liminf,Limit superior and limit inferior,"\limsup_{n\to\infty}x_n=\inf_N\sup_{n\ge N}x_n,\qquad\liminf_{n\to\infty}x_n=\sup_N\inf_{n\ge N}x_n",Analysis,Limits and completeness,Undergraduate,definition,Remove earlier terms and track the largest and smallest values still possible. These tail envelopes identify the eventual upper and lower levels even when the sequence oscillates.,x_n is a real or extended-real sequence; tail suprema and infima are taken in the extended real line.,"For x_n=(−1)^n+1/n, limsup x_n=1 and liminf x_n=−1.",Limits and convergence; Decomposition,Limit of a sequence; Monotone bounded sequence theorem,a-lebl-real1,3
series-comparison,Comparison test for nonnegative series,"0\le a_n\le b_n,\quad\sum_{n=1}^{\infty}b_n<\infty\quad\Longrightarrow\quad\sum_{n=1}^{\infty}a_n<\infty",Analysis,Infinite series,Undergraduate,theorem,A smaller nonnegative accumulation cannot overflow when a larger one stays finite. A known series can therefore serve as an upper budget for an unknown one.,The inequality holds for all sufficiently large n; changing finitely many finite terms does not affect convergence.,"Because 1/(n²+1)≤1/n², the first series converges with the convergent p-series of exponent 2.",Accumulation; Limits and convergence,Monotone bounded sequence theorem,a-lebl-real1,7
ratio-test,Ratio test,"L=\lim_{n\to\infty}\left|\frac{a_{n+1}}{a_n}\right|:\qquad L<1\Rightarrow\sum a_n\text{ absolutely converges},\quad L>1\Rightarrow\sum a_n\text{ diverges}",Analysis,Infinite series,Undergraduate,theorem,"Successive terms that eventually shrink by a fixed factor below one fit under a geometric series. If they grow by a factor above one, they cannot even approach zero.","a_n is nonzero for all sufficiently large n, the displayed limit exists in [0,∞], and the case L=1 is inconclusive.","For a_n=z^n/n! with fixed z≠0, the ratio |z|/(n+1) tends to 0.",Scaling and homogeneity; Limits and convergence; Recursion and iteration,Comparison test for nonnegative series; Finite geometric sum,a-lebl-real1,4
root-test,Root test and power-series radius,"L=\limsup_{n\to\infty}|a_n|^{1/n},\quad L<1\Rightarrow\sum a_n\text{ absolutely converges};\qquad R^{-1}=\limsup_{n\to\infty}|c_n|^{1/n}",Analysis,Infinite series,Undergraduate,theorem,The nth root extracts the effective exponential scale of a term. Applying that scale test to c_n z^n identifies exactly the open disk where a power series converges.,"For ∑a_n, L>1 gives divergence and L=1 is inconclusive. For ∑c_n z^n, R is its radius of convergence, with 1/0=∞ and 1/∞=0; boundary points require separate analysis.","For ∑z^n, limsup|c_n|^{1/n}=1, so the convergence radius is 1.",Scaling and homogeneity; Limits and convergence; Exponentials and logarithms,Limit superior and limit inferior; Comparison test for nonnegative series,a-lebl-real1; a-lebl-real2,6
alternating-series-bound,Alternating series error bound,"S=\sum_{n=1}^{\infty}(-1)^{n-1}b_n,\qquad|S-S_N|\le b_{N+1}",Analysis,Infinite series,Undergraduate,theorem,Alternating over- and underestimates squeeze the answer between successive partial sums. The first omitted term gives a direct accuracy certificate.,b_n≥0 is nonincreasing and b_n→0; S_N is the partial sum through n=N.,Approximating log 2 by its first N alternating harmonic terms has error at most 1/(N+1).,Limits and convergence; Decomposition,Limit of a sequence; Monotone bounded sequence theorem,a-lebl-real1,3
cauchy-product,Cauchy product of absolutely convergent series,\left(\sum_{n=0}^{\infty}a_n\right)\left(\sum_{n=0}^{\infty}b_n\right)=\sum_{n=0}^{\infty}\sum_{k=0}^{n}a_kb_{n-k},Analysis,Infinite series,Undergraduate,theorem,"To multiply two expansions, combine all pairs whose indices have the same total. Absolute convergence makes this regrouping safe.","a_n and b_n are real or complex, and both series converge absolutely; the displayed product series then converges absolutely.",Multiplying ∑z^n/n! by ∑w^n/n! groups terms into the exponential addition law e^z e^w=e^{z+w}.,Decomposition; Counting; Limits and convergence,Comparison test for nonnegative series,a-lebl-real1; a-lebl-complex,3
uniform-convergence,Uniform convergence,f_n\to f\text{ uniformly on }E\quad\Longleftrightarrow\quad\sup_{x\in E}|f_n(x)-f(x)|\to0,Analysis,Function sequences,Undergraduate,definition,One common stage of approximation must work at every input. This prevents a hidden bad region from moving around as the sequence advances.,"f_n and f are real- or complex-valued functions on the same set E; the supremum may initially be infinite, but it must tend to zero.","x^n→0 on [0,1) pointwise, but not uniformly, because values arbitrarily near 1 remain near 1.",Limits and convergence; Geometry and distance,Limit of a sequence; Norm axioms and induced norm,a-lebl-real1,6
weierstrass-m-test,Weierstrass M-test,"|f_n(x)|\le M_n,\quad\sum_n M_n<\infty\quad\Longrightarrow\quad\sum_n f_n(x)\text{ converges uniformly and absolutely}",Analysis,Function sequences,Undergraduate,theorem,"If every function is bounded by one term of a fixed convergent numerical series, every input shares the same small tail. The numerical series pays for all approximation errors at once.","The bound holds for every x in a common set E and each n, with M_n≥0; the numerical sum is finite.","On |x|≤R, |x^n/n!|≤R^n/n!, proving uniform convergence of the exponential series on every bounded disk.",Limits and convergence; Accumulation,Comparison test for nonnegative series; Uniform convergence,a-lebl-real1,4
uniform-limit-integral,Passing a uniform limit through a finite integral,\left|\int_a^b f_n-\int_a^b f\right|\le(b-a)\|f_n-f\|_\infty\longrightarrow0,Analysis,Function sequences,Undergraduate,theorem,The worst height error times interval length bounds the total area error. Uniformly accurate profiles therefore have accurate accumulated totals.,"a<b are finite; f_n are Riemann integrable on [a,b] and converge uniformly to f; then f is Riemann integrable.","If two profiles differ everywhere by at most 0.01 on an interval of length 5, their integrals differ by at most 0.05.",Limits and convergence; Accumulation; Scaling and homogeneity,Uniform convergence; Riemann integral,a-lebl-real1,3
termwise-differentiation,Termwise differentiation of a function series,\frac{d}{dx}\sum_{n=0}^{\infty}f_n(x)=\sum_{n=0}^{\infty}f_n'(x),Analysis,Function sequences,Advanced undergraduate,theorem,Differentiating an infinite sum is safe when the derivative tails are controlled uniformly and the original values settle at one anchor point. Control of values alone would not prevent rapidly oscillating slopes.,"On a finite interval [a,b], f_n∈C¹; ∑f_n′ converges uniformly, and ∑f_n(x₀) converges at some x₀∈[a,b]. Then ∑f_n converges uniformly to a C¹ function and the identity holds on (a,b).","On every compact interval, the exponential series and its derivative series satisfy these conditions, giving (eˣ)′=eˣ.",Limits and convergence; Linearity; Accumulation,Uniform convergence; Fundamental theorem of calculus,a-lebl-real1; a-lebl-real2,8
banach-fixed-point,Banach contraction theorem,"d(Tx,Ty)\le q\,d(x,y),\quad0\le q<1\quad\Longrightarrow\quad T x^*=x^*,\qquad d(T^n x_0,x^*)\le\frac{q^n}{1-q}d(x_1,x_0)",Analysis,Fixed points,Advanced undergraduate,theorem,A map that consistently shrinks distances brings all repeated trajectories to one common self-consistent state. Geometric shrinkage also gives an explicit error bound.,T maps a nonempty complete metric space X into itself and has the displayed global contraction constant q; x₁=T x₀; the fixed point is unique. The displayed error bound is stated for integers n≥1.,T(x)=(x+2)/3 on R has q=1/3 and unique fixed point 1.,Fixed points; Recursion and iteration; Limits and convergence,Cauchy criterion for convergence; Finite geometric sum,a-lebl-real1,19
lebesgue-integral,Integral with respect to a measure,"\int f\,d\mu=\sup_{\substack{0\le s\le f\\s\ {\rm simple}}}\int s\,d\mu,\qquad\int\sum_{j=1}^m a_j{\bf1}_{E_j}\,d\mu=\sum_{j=1}^m a_j\mu(E_j)",Analysis,Measure integration,Advanced undergraduate,definition,Approximate a nonnegative function from below by finitely many value levels. Each level contributes its height times the measure of the set where it occurs.,"For the first formula f≥0 is measurable on a measure space; for the second, a_j≥0 and the measurable E_j are pairwise disjoint. Signed or complex integration requires integrability of |f|, unless a specified one-sided extended integral is used.",Counting measure turns the integral into a sum; a probability measure turns it into an expectation.,Accumulation; Decomposition; Limits and convergence,Riemann integral,a-axler-measure,4
monotone-convergence,Monotone convergence theorem,"0\le f_n\uparrow f\quad\Longrightarrow\quad\int f\,d\mu=\lim_{n\to\infty}\int f_n\,d\mu",Analysis,Measure integration,Advanced undergraduate,theorem,"Build a nonnegative function by adding content without ever removing it. The total integral then grows to the integral of the completed function, even if that total is infinite.","f_n are nonnegative measurable functions on a measure space and increase pointwise almost everywhere to f; equality is in [0,∞].","For any nonnegative measurable f, the truncated functions min(f,n) have integrals increasing to ∫f.",Limits and convergence; Accumulation,Integral with respect to a measure; Monotone bounded sequence theorem,a-axler-measure,4
fatou-lemma,Fatou's lemma,"\int\liminf_{n\to\infty} f_n\,d\mu\le\liminf_{n\to\infty}\int f_n\,d\mu",Analysis,Measure integration,Advanced undergraduate,theorem,"Nonnegative mass can disappear in a pointwise limit by escaping or concentrating, so equality is not guaranteed. The integral of what remains cannot exceed the limiting lower total.",f_n are nonnegative measurable functions on a common measure space; extended values are permitted.,"For f_n=n·1_(0,1/n) on (0,1), each integral is 1 but the pointwise limit is 0, giving a strict inequality.",Limits and convergence; Accumulation,Limit superior and limit inferior; Monotone convergence theorem,a-axler-measure,4
dominated-convergence,Dominated convergence theorem,"f_n\to f\ {\rm a.e.},\quad |f_n|\le g\in L^1\quad\Longrightarrow\quad\int|f_n-f|\,d\mu\to0,\quad\int f_n\,d\mu\to\int f\,d\mu",Analysis,Measure integration,Advanced undergraduate,theorem,"Pointwise convergence controls the eventual value at each location, while one integrable envelope prevents mass from hiding in narrow spikes or distant tails. Together they allow limits to pass through accumulation.","f_n are measurable real- or complex-valued functions, f_n→f almost everywhere, and a single nonnegative integrable g bounds |f_n| almost everywhere for every n.","On [0,1], x^n→0 almost everywhere and |x^n|≤1, so ∫₀¹x^n dx→0.",Limits and convergence; Accumulation,Integral with respect to a measure; Fatou's lemma,a-axler-measure,13
fubini-theorem,Fubini's theorem,"\int_{X\times Y}f\,d(\mu\times\nu)=\int_X\!\left(\int_Yf(x,y)\,d\nu(y)\right)d\mu(x)=\int_Y\!\left(\int_Xf(x,y)\,d\mu(x)\right)d\nu(y)",Analysis,Product integration,Advanced undergraduate,theorem,An absolutely integrable total can be accumulated by rows or by columns. Absolute integrability prevents positive and negative contributions from depending on the chosen summation order.,"(X,μ) and (Y,ν) are σ-finite measure spaces; f is measurable and ∫|f| d(μ×ν)<∞. Inner integrals exist for almost every outer variable.","On [0,1]², integrating x+y in either order gives 1.",Decomposition; Accumulation; Symmetry and invariance,Integral with respect to a measure; Multiple integral as accumulation over cells,a-axler-measure,5
tonelli-theorem,Tonelli's theorem,"f\ge0\quad\Longrightarrow\quad\int_{X\times Y}f\,d(\mu\times\nu)=\int_X\int_Y f\,d\nu\,d\mu=\int_Y\int_X f\,d\mu\,d\nu",Analysis,Product integration,Advanced undergraduate,theorem,"For nonnegative contributions, regrouping cannot create ambiguous cancellation. Repeated integration is valid even before knowing whether the total is finite.","(X,μ) and (Y,ν) are σ-finite measure spaces, and f:X×Y→[0,∞] is measurable; all equalities allow the value +∞.",Tonelli permits squaring ∫e^{−x²}dx as a nonnegative double integral before its value has been computed.,Accumulation; Decomposition; Limits and convergence,Integral with respect to a measure; Monotone convergence theorem,a-axler-measure,3
lp-norm,Lp norm of a function,"\|f\|_p=\left(\int|f|^p\,d\mu\right)^{1/p}\ (1\le p<\infty),\qquad\|f\|_\infty=\operatorname*{ess\,sup}|f|",Analysis,Function spaces,Advanced undergraduate,definition,"Measure function size by aggregating powers of its magnitude. Larger p places more emphasis on peaks, while p=∞ records the largest size outside negligible sets.","f is measurable; Lp consists of functions with finite displayed norm, identified when equal almost everywhere. For p≥1 these are norms; p<1 is not included.","On a probability space, ‖X‖₂=√E|X|² is a root-mean-square size.",Averaging; Geometry and distance; Scaling and homogeneity,Integral with respect to a measure; Norm axioms and induced norm; Power mean,a-axler-measure,7
holder-inequality,Hölder's inequality,"\int|fg|\,d\mu\le\|f\|_p\|g\|_q,\qquad\frac1p+\frac1q=1",Analysis,Inequalities,Advanced undergraduate,theorem,Two functions can be paired safely when the integrability demanded of one compensates for that of the other. Reciprocal exponents describe this balance.,"1≤p,q≤∞ with 1/p+1/q=1 and 1/∞=0; f∈Lp(μ), g∈Lq(μ) on a common measure space.","For p=q=2, the integral pairing is bounded by the product of root-square sizes, the Cauchy–Schwarz case.",Duality; Convexity; Scaling and homogeneity,Lp norm of a function; Cauchy–Schwarz inequality,a-axler-measure; a-hunter-pde,8
minkowski-inequality,Minkowski's inequality,\|f+g\|_p\le\|f\|_p+\|g\|_p,Analysis,Inequalities,Advanced undergraduate,theorem,The size of a combined function cannot exceed the sum of the separate sizes. This makes Lp function spaces obey the same triangle geometry as ordinary vectors.,"1≤p≤∞, and f,g∈Lp on the same measure space.","With counting measure and p=2, this becomes the Euclidean triangle inequality for finite vectors.",Geometry and distance; Convexity; Decomposition,Lp norm of a function; Hölder's inequality,a-axler-measure,5
convolution,Convolution,"(f*g)(x)=\int_{\mathbb R^n}f(x-y)g(y)\,dy",Analysis,Convolution and smoothing,Advanced undergraduate,definition,"Slide one profile across another and add the products of their overlapping values. With a nonnegative normalized kernel, convolution is a moving weighted average.","For the basic setting f,g∈L¹(Rⁿ), the integral exists almost everywhere and f*g∈L¹; more general exponent conditions are supplied by Young's inequality.","Convolving two uniform densities on [0,1] produces the triangular density of their independent sum.",Averaging; Composition; Accumulation,Integral with respect to a measure; Fubini's theorem,a-axler-measure; a-ryzhik-analysis,18
young-convolution-inequality,Young's convolution inequality,"\|f*g\|_r\le\|f\|_p\|g\|_q,\qquad1+\frac1r=\frac1p+\frac1q",Analysis,Convolution and smoothing,Graduate,theorem,The integrability of two profiles controls the size of their combined convolution. A normalized L¹ smoothing kernel cannot increase any Lp norm.,"1≤p,q,r≤∞ with the displayed relation and 1/∞=0; f∈Lp(Rⁿ), g∈Lq(Rⁿ); convolution is defined almost everywhere under these conditions.","If g≥0 and ∫g=1, then ‖f*g‖₂≤‖f‖₂.",Averaging; Scaling and homogeneity; Convexity,Convolution; Hölder's inequality; Minkowski's inequality,a-ryzhik-analysis; a-hunter-pde,5
approximate-identity,Approximate identities and mollification,"\rho_\varepsilon(x)=\varepsilon^{-n}\rho(x/\varepsilon),\qquad\|f*\rho_\varepsilon-f\|_p\longrightarrow0",Analysis,Convolution and smoothing,Graduate,theorem,Average over neighborhoods that shrink toward each point. The approximation becomes smooth while recovering the original function in an integral norm.,"ρ≥0 is C∞ with compact support in Rⁿ and ∫ρ=1; ε→0⁺; f∈Lp(Rⁿ), 1≤p<∞. Pointwise recovery everywhere is not asserted.",Mollifying the corner of |x| rounds it; on compact intervals the smoothed versions approach the original function.,Averaging; Scaling and homogeneity; Limits and convergence,Convolution; Lp norm of a function; Young's convolution inequality,a-hunter-pde,6
weak-derivative,Weak derivative,"\int_\Omega u\,\partial_i\varphi\,dx=-\int_\Omega v\,\varphi\,dx\quad\forall\varphi\in C_c^\infty(\Omega),\qquad v=\partial_i u",Analysis,Weak differentiation,Graduate,definition,Move the derivative onto smooth test functions and ask which function reproduces the resulting measurements. This preserves differentiation even when a classical slope fails at some points.,"Ω⊂Rⁿ is open and u,v∈L¹_loc(Ω); a weak derivative is unique up to equality almost everywhere.","The function |x| has weak derivative sign(x), although its classical derivative fails at x=0.",Duality; Boundary and interior; Limits and convergence,Integration by parts; Integral with respect to a measure,a-hunter-pde,7
sobolev-norm,Sobolev norm,"\|u\|_{W^{k,p}(\Omega)}=\left(\sum_{|\alpha|\le k}\|\partial^\alpha u\|_{L^p(\Omega)}^p\right)^{1/p}",Analysis,Function spaces,Graduate,definition,A Sobolev space measures both the amount of a function and the amount of its variation. Functions can be compared through integrated derivative information instead of requiring every derivative to be pointwise smooth.,"Ω⊂Rⁿ is open, k≥0 is an integer and 1≤p<∞; all derivatives in the sum are weak derivatives in Lp. Multi-index α has nonnegative integer components and |α| is its total order.","For k=1,p=2, the squared norm is ∫|u|²+∫|∇u|², combining amplitude and gradient energy.",Geometry and distance; Decomposition; Quadratic structure,Weak derivative; Lp norm of a function,a-hunter-pde,5
distribution-derivative,Derivative of a distribution,"\langle\partial_i T,\varphi\rangle=-\langle T,\partial_i\varphi\rangle",Analysis,Weak differentiation,Graduate,definition,A generalized function is described by how it responds to test functions. Its derivative is defined by shifting differentiation to the test function with a minus sign.,"T is a distribution on an open Ω⊂Rⁿ, meaning a continuous linear functional on C_c∞(Ω); φ belongs to that test-function space.",The Heaviside step function satisfies H′=δ₀ as a distribution: a jump becomes a concentrated point mass.,Duality; Linearity; Boundary and interior,Weak derivative,a-hunter-pde; a-ryzhik-analysis,7
riesz-representation-hilbert,Riesz representation in a real Hilbert space,"\forall\ell\in H^*\ \exists!y\in H:\quad \ell(x)=\langle x,y\rangle\ \forall x\in H,\qquad\|\ell\|=\|y\|",Analysis,Functional analysis,Advanced undergraduate,theorem,Every continuous linear measurement of a Hilbert-space vector is an inner product with one specific vector. Geometry therefore represents the entire continuous dual space.,H is a real Hilbert space and H* denotes its bounded linear functionals; completeness is essential for this general statement.,"For L², the functional f↦∫fg with fixed g∈L² is represented by the function g.",Duality; Geometry and distance; Orthogonality,Inner product; Norm axioms and induced norm; Cauchy–Schwarz inequality,a-axler-measure; a-mit-functional,8
hahn-banach,Norm-preserving Hahn–Banach extension,"\ell:M\to\mathbb R\quad\Longrightarrow\quad\exists L:X\to\mathbb R:\ L|_M=\ell,\quad\|L\|=\|\ell\|",Analysis,Functional analysis,Graduate,theorem,A bounded linear measurement on a subspace can be extended to the whole space without making its worst-case sensitivity larger. Existing linear information need not become distorted when the domain grows.,"X is a real normed vector space, M⊂X is a linear subspace, and ℓ is a bounded linear functional on M; the extension L is linear and bounded. It need not be unique.","For any nonzero vector x, there is a norm-one functional L with L(x)=‖x‖.",Duality; Convexity; Geometry and distance,Norm of a bounded linear operator; Norm axioms and induced norm,a-axler-measure; a-mit-functional,8
operator-norm,Norm of a bounded linear operator,"\|T\|=\sup_{\|x\|\le1}\|Tx\|,\qquad\|ST\|\le\|S\|\|T\|",Analysis,Functional analysis,Advanced undergraduate,definition,The operator norm is the largest possible amplification of an input of unit size. Successive transformations amplify by at most the product of their separate worst cases.,T:X→Y and S:Y→Z are bounded linear maps between normed spaces; the first supremum is finite by boundedness.,"For a real matrix acting with Euclidean norms, ‖A‖₂ is its largest singular value.",Scaling and homogeneity; Composition; Geometry and distance,Norm axioms and induced norm,a-axler-measure; a-mit-functional,8
neumann-series,Neumann series for an inverse,(I-A)^{-1}=\sum_{n=0}^{\infty}A^n,Analysis,Functional analysis,Advanced undergraduate,theorem,The geometric-series idea survives when the ratio is a linear operator. Repeated corrections Aⁿ sum to an inverse if each application is small enough.,A is a bounded linear operator on a Banach space and ‖A‖<1; the series converges in operator norm.,The solution of x=b+Ax is b+Ab+A²b+⋯ under the same contraction condition.,Recursion and iteration; Limits and convergence; Algebraic structure,Norm of a bounded linear operator; Finite geometric sum; Cauchy criterion for convergence,a-axler-measure; a-mit-functional,5
arzela-ascoli,Arzelà–Ascoli compactness,\{f_n\}\text{ uniformly bounded and equicontinuous}\quad\Longrightarrow\quad f_{n_k}\xrightarrow{\|\cdot\|_\infty}f,Analysis,Compactness and approximation,Advanced undergraduate,theorem,A family cannot evade convergence if neither its height nor its rate of spatial variation runs away. These two controls guarantee a uniformly convergent subsequence.,"K is a compact metric space; f_n∈C(K,R) are uniformly bounded and equicontinuous; the limit f is continuous. The whole sequence need not converge.","Functions on [0,1] bounded by 1 with a common Lipschitz constant 2 satisfy the hypotheses.",Limits and convergence; Geometry and distance; Local linearization,Uniform convergence; Cauchy criterion for convergence,a-lebl-real2; a-hunter-pde,9
weierstrass-approximation,Weierstrass polynomial approximation,"\forall f\in C([a,b]),\ \forall\varepsilon>0,\ \exists p\in\mathbb R[x]:\quad\|f-p\|_\infty<\varepsilon",Analysis,Compactness and approximation,Advanced undergraduate,theorem,Polynomials can approximate every continuous profile on a closed finite interval as closely as desired. The approximating polynomial need not be the function's Taylor polynomial.,a<b are finite and f is real-valued and continuous; the polynomial can depend on f and ε.,"The corner function |x| on [−1,1] can be uniformly approximated by polynomials despite failing to have a derivative at 0.",Decomposition; Limits and convergence; Algebraic structure,Uniform convergence; Power rule,a-lebl-real2,6
parseval-series,Parseval's identity for Fourier series,"\frac1{2\pi}\int_{-\pi}^{\pi}|f(x)|^2dx=\sum_{k\in\mathbb Z}|\widehat f_k|^2,\qquad\widehat f_k=\frac1{2\pi}\int_{-\pi}^{\pi}f(x)e^{-ikx}dx",Analysis,Fourier series,Advanced undergraduate,theorem,A function's squared size is exactly the sum of squared sizes of its orthogonal frequency components. Changing to Fourier coordinates preserves energy.,"f∈L²([−π,π]); Fourier coefficients use the displayed normalization. The equality concerns L² energy and does not assert pointwise convergence of the series.","For f(x)=cos x, only coefficients at k=±1 equal 1/2, so normalized energy is 1/4+1/4=1/2.",Orthogonality; Conservation and balance; Decomposition,Fourier series and Fourier coefficients; Inner product; Lp norm of a function,a-axler-measure; a-mit-fourier,7
bessel-inequality,Bessel's inequality,"\sum_{n=1}^{\infty}|\langle x,e_n\rangle|^2\le\|x\|^2",Analysis,Hilbert spaces,Advanced undergraduate,theorem,"Projecting onto orthogonal directions can only capture energy already present. If the directions are incomplete, some energy may remain outside their span.",x belongs to an inner product space and (e_n) is an orthonormal sequence; the squared-coefficient series is nonnegative and bounded by ‖x‖².,"In R³, projecting (1,2,3) onto the first two coordinate axes captures 1²+2²=5 of the total energy 14.",Orthogonality; Decomposition; Quadratic structure,Inner product; Orthogonal projection; Pythagorean theorem,a-axler-measure; a-mit-functional,4
poincare-inequality,Poincaré inequality with zero boundary values,"\|u\|_{L^2(\Omega)}\le C_\Omega\|\nabla u\|_{L^2(\Omega)},\qquad u\in H_0^1(\Omega)",Analysis,Sobolev inequalities,Graduate,theorem,A function fixed to zero at the boundary cannot become large without changing somewhere. Its gradient therefore controls its entire amplitude in an integral sense.,"Ω⊂Rⁿ is bounded and open; H₀¹ is the closure of C_c∞(Ω) in H¹; a finite constant C_Ω depends on Ω. Without a boundary or zero-mean condition, nonzero constants invalidate such a bound.","On (0,L), the sharp constant is L/π and equality is attained by sin(πx/L).",Boundary and interior; Geometry and distance; Quadratic structure,Sobolev norm,a-hunter-pde,6
pushforward-integration,Integration against a pushforward measure,"T_\#\mu(B)=\mu(T^{-1}(B)),\qquad\int_Y g\,d(T_\#\mu)=\int_X g(T(x))\,d\mu(x)",Analysis,Measure integration,Advanced undergraduate,theorem,"Transport the mass through a map, then measure a quantity at the destination. The same answer comes from measuring the composed quantity before moving the mass.","T:X→Y is measurable between measurable spaces, μ is a measure on X, and g:Y→[0,∞] is measurable or g is integrable against T#μ. No inverse or differentiability of T is required.","If a die outcome X is squared, averaging g(X²) uses the distribution obtained by pushing the die measure through T(x)=x².",Change of coordinates; Composition; Duality,Integral with respect to a measure; Composition of functions,a-axler-measure,4
radon-nikodym,Radon–Nikodym density,"\nu\ll\mu\quad\Longrightarrow\quad\nu(A)=\int_A\frac{d\nu}{d\mu}\,d\mu",Analysis,Measure integration,Graduate,theorem,"When one measure never assigns mass to a set the other regards as negligible, it can be described by a density relative to that reference measure. The density is a local conversion factor between ways of weighting space.","μ and ν are σ-finite positive measures on the same measurable space, with ν absolutely continuous with respect to μ; dν/dμ is a nonnegative measurable function unique μ-almost everywhere.",A probability distribution with a Lebesgue density p satisfies P(A)=∫_A p(x)dx.,Scaling and homogeneity; Change of coordinates; Duality,Integral with respect to a measure,a-axler-measure,5
riesz-thorin,Riesz–Thorin interpolation,"\|T\|_{L^{p_\theta}\to L^{q_\theta}}\le M_0^{1-\theta}M_1^\theta,\qquad \frac1{p_\theta}=\frac{1-\theta}{p_0}+\frac{\theta}{p_1},\quad\frac1{q_\theta}=\frac{1-\theta}{q_0}+\frac{\theta}{q_1}",Analysis,Interpolation,Graduate,theorem,Bounds at two endpoint integrability scales control every intermediate scale. Reciprocal exponents interpolate arithmetically while the operator bound interpolates geometrically.,"0<θ<1; 1≤p_j,q_j≤∞ on σ-finite measure spaces, with 1/∞=0; T is a complex-linear operator on L^{p₀}+L^{p₁} whose endpoint operator norms are at most finite positive M₀,M₁.","If T is a contraction on both L¹ and L∞, it is a contraction on every intermediate Lp.",Averaging; Exponentials and logarithms; Convexity,Lp norm of a function; Norm of a bounded linear operator; Hölder's inequality,a-ryzhik-analysis,4
weak-form-poisson,Weak formulation of the Dirichlet Poisson problem,"u\in H_0^1(\Omega),\qquad\int_\Omega\nabla u\cdot\nabla\varphi\,dx=\int_\Omega f\varphi\,dx\quad\forall\varphi\in H_0^1(\Omega)",Analysis,Weak equations,Graduate,definition,Ask the equation to hold after averaging against every test function. Moving a derivative onto the test function lets the solution have only square-integrable first derivatives.,"Ω⊂Rⁿ is bounded and open, f∈L²(Ω), and H₀¹ encodes homogeneous Dirichlet boundary values; this is the weak form of −Δu=f. It has a unique solution under these hypotheses.","On (0,1) with f=1, u(x)=x(1−x)/2 satisfies the weak equation and vanishes at both endpoints.",Duality; Quadratic structure; Boundary and interior,Green's first identity; Sobolev norm; Poincaré inequality with zero boundary values,a-hunter-pde,12
lax-milgram,Lax–Milgram theorem,"a(u,v)=\ell(v)\quad\forall v\in H,\qquad\|u\|\le\frac{\|\ell\|}{\alpha}",Analysis,Functional analysis,Graduate,theorem,A bilinear energy that controls every direction can convert any bounded linear forcing into one unique response. Coercivity supplies both solvability and a stability estimate.,"H is a real Hilbert space; a is bilinear with |a(u,v)|≤M‖u‖‖v‖ and a(v,v)≥α‖v‖² for M<∞ and α>0; ℓ∈H*. The theorem asserts existence and uniqueness of the displayed u; a need not be symmetric.","For a(u,v)=∫∇u·∇v on H₀¹ of a bounded domain, Poincaré supplies coercivity and gives the Dirichlet Poisson solution.",Duality; Quadratic structure; Geometry and distance,Riesz representation in a real Hilbert space; Norm of a bounded linear operator,a-hunter-pde,4
complex-derivative,Complex derivative,f'(z)=\lim_{\substack{h\to0\\h\in\mathbb C}}\frac{f(z+h)-f(z)}h,Complex analysis,Holomorphic functions,Undergraduate,definition,The same complex multiplier must describe small changes arriving from every direction in the plane. This is far more restrictive than checking a slope along the real axis alone.,f is defined on an open subset of C containing z; the finite limit must exist through arbitrary nonzero complex increments. Holomorphic means complex differentiable at every point of an open set.,"For f(z)=z², f′(z)=2z; for f(z)=conjugate(z), quotients along real and imaginary increments disagree.",Local linearization; Symmetry and invariance; Limits and convergence,Derivative; Complex modulus,a-lebl-complex,2
cauchy-riemann,Cauchy–Riemann equations,"f=u+iv\text{ holomorphic}\quad\Longleftrightarrow\quad u_x=v_y,\qquad u_y=-v_x",Complex analysis,Holomorphic functions,Undergraduate,theorem,The two output coordinates must cooperate as one complex multiplication. These equations say that local stretching and turning are identical in every direction.,"For the stated equivalence, u and v are C¹ on an open U⊂R² and the equations hold throughout U.","For z²=(x²−y²)+i(2xy), u_x=v_y=2x and u_y=−v_x=−2y.",Local linearization; Symmetry and invariance; Algebraic structure,Complex derivative; Partial derivative,a-lebl-complex,8
holomorphic-harmonic,Holomorphic functions have harmonic components,f=u+iv\text{ holomorphic}\quad\Longrightarrow\quad\Delta u=\Delta v=0,Complex analysis,Harmonic functions,Undergraduate,theorem,A holomorphic function packages two equilibrium fields whose gradients fit together. Their second derivatives cancel in exactly the way required for harmonicity.,f is holomorphic on an open subset of C; u and v are its real and imaginary parts. Two arbitrary harmonic functions do not necessarily form such a pair.,"For f(z)=z², u=x²−y² and v=2xy each have zero Laplacian.",Symmetry and invariance; Decomposition; Averaging,Cauchy–Riemann equations; Laplacian; Equality of mixed partial derivatives,a-lebl-complex; a-stanford-laplace,4
complex-line-integral,Complex contour integral,"\int_\gamma f(z)\,dz=\int_a^b f(\gamma(t))\gamma'(t)\,dt",Complex analysis,Contour integration,Undergraduate,definition,The curve's complex tangent multiplies the function value at each point. The real and imaginary totals encode two coupled planar line integrals.,"γ:[a,b]→C is piecewise C¹ and f is continuous along γ; orientation and traversal multiplicity are retained.","Around the positively oriented unit circle, ∮dz/z=∫₀^{2π}i dt=2πi.",Accumulation; Change of coordinates; Composition,Line integrals of scalar and vector fields; Euler's formula,a-lebl-complex,5
cauchy-theorem,Cauchy's integral theorem,"\oint_\gamma f(z)\,dz=0",Complex analysis,Contour integration,Undergraduate,theorem,A holomorphic field has no net contour accumulation around a loop that can be contracted within its domain. Singularities or holes are the places where nonzero circulation can survive.,f is holomorphic on a simply connected open domain U⊂C and γ is a closed piecewise C¹ curve in U.,∮_γ e^z dz=0 for every closed piecewise C¹ curve in C.,Boundary and interior; Conservation and balance; Symmetry and invariance,Complex contour integral; Cauchy–Riemann equations,a-lebl-complex; a-mit-cauchy,5
cauchy-integral-formula,Cauchy's integral formula,"f(z)=\frac1{2\pi i}\oint_\gamma\frac{f(\zeta)}{\zeta-z}\,d\zeta",Complex analysis,Contour integration,Undergraduate,theorem,Values on a surrounding contour determine every value inside it. The kernel weights boundary information according to the interior point being reconstructed.,"f is holomorphic on a neighborhood of the closed disk D(a,R), γ is its positively oriented boundary circle, and |z−a|<R.","For f(ζ)=ζ² and γ the circle |ζ|=2, ∮ζ²/(ζ−1)dζ=2πi.",Boundary and interior; Accumulation; Duality,Cauchy's integral theorem; Complex contour integral,a-mit-cauchy; a-lebl-complex,7
cauchy-derivative-formula,Cauchy's formula for derivatives,"f^{(n)}(z)=\frac{n!}{2\pi i}\oint_\gamma\frac{f(\zeta)}{(\zeta-z)^{n+1}}\,d\zeta",Complex analysis,Contour integration,Advanced undergraduate,theorem,Boundary values encode every local derivative inside the contour. Repeated differentiation changes only the kernel and a factorial coefficient.,"n≥0 is an integer; f is holomorphic near a closed disk, γ is its positively oriented boundary, and z lies strictly inside.","For f(ζ)=e^ζ around the unit circle, ∮e^ζ/ζ³ dζ=πi.",Boundary and interior; Recursion and iteration; Duality,Cauchy's integral formula; Dominated convergence theorem,a-mit-cauchy; a-lebl-complex,4
cauchy-estimates,Cauchy estimates,"|f^{(n)}(a)|\le\frac{n!\,M_R}{R^n},\qquad M_R=\max_{|\zeta-a|=R}|f(\zeta)|",Complex analysis,Holomorphic rigidity,Advanced undergraduate,theorem,A holomorphic function cannot vary rapidly deep inside a disk unless it becomes large on the surrounding circle. Boundary distance controls the allowed derivative scale.,f is holomorphic on a neighborhood of the closed disk of radius R>0 centered at a; n≥0 is an integer.,"If an entire function is bounded by M on every circle, |f′(a)|≤M/R for every R, so f′(a)=0.",Boundary and interior; Scaling and homogeneity; Limits and convergence,Cauchy's formula for derivatives,a-mit-cauchy; a-lebl-complex,7
laurent-series,Laurent expansion on an annulus,"f(z)=\sum_{n\in\mathbb Z}a_n(z-a)^n,\qquad a_n=\frac1{2\pi i}\oint_{|\zeta-a|=\rho}\frac{f(\zeta)}{(\zeta-a)^{n+1}}\,d\zeta",Complex analysis,Series and singularities,Advanced undergraduate,theorem,Allowing negative powers extends Taylor expansion to regions with a missing center. The coefficients separate the outward analytic part from the part carrying the obstruction inside the hole.,"f is holomorphic on r<|z−a|<R, with 0≤r<R≤∞; r<ρ<R and the coefficient circle is positively oriented. The series converges absolutely and uniformly on compact subannuli.","On 0<|z|<1, 1/[z(1−z)]=z^{−1}+1+z+z²+⋯.",Decomposition; Limits and convergence; Boundary and interior,Taylor series of an analytic function; Cauchy's integral formula,a-lebl-complex; a-mit-residue,6
residue,Residue and the simple-pole formula,"\operatorname{Res}_{z=a}f=a_{-1},\qquad\operatorname{Res}_{z=a}\frac{g(z)}{h(z)}=\frac{g(a)}{h'(a)}",Complex analysis,Series and singularities,Advanced undergraduate,definition,"A residue is the one Laurent coefficient that survives a full turn of contour integration. For a simple denominator zero, it is the numerator divided by the local denominator slope.","For the first formula, f has an isolated singularity at a and a_{−1} is its Laurent coefficient. For the second, g and h are holomorphic near a, h(a)=0 and h′(a)≠0; g(a)=0 gives a removable singularity and residue 0.","For f(z)=1/(z²+1), the residue at z=i is 1/(2i).",Decomposition; Local linearization; Counting,Laurent expansion on an annulus; Complex contour integral,a-mit-residue; a-lebl-complex,5
residue-theorem,Residue theorem,"\oint_{\partial D}f(z)\,dz=2\pi i\sum_{a\in D}\operatorname{Res}_{z=a}f",Complex analysis,Contour integration,Advanced undergraduate,theorem,Most of a meromorphic function cancels around a closed contour. The remaining integral is completely determined by finitely many local singular coefficients inside.,"D is a bounded Jordan domain with piecewise C¹ boundary oriented positively; f is meromorphic on a neighborhood of its closure, has no poles on the boundary, and the sum is over its finitely many poles in D.",Closing 1/(1+z²) by a large upper semicircle and checking the arc tends to zero gives ∫_R dx/(1+x²)=π.,Boundary and interior; Decomposition; Accumulation,Residue and the simple-pole formula; Cauchy's integral theorem,a-mit-residue; a-lebl-complex,6
argument-principle,Argument principle,"\frac1{2\pi i}\oint_{\partial D}\frac{f'(z)}{f(z)}\,dz=N_D(f)-P_D(f)",Complex analysis,Zeros and winding,Advanced undergraduate,theorem,"Following how a function winds around zero along a boundary counts what happens inside. Zeros add turns and poles subtract turns, each according to its order.",D is a bounded Jordan domain with positively oriented piecewise C¹ boundary; f is meromorphic near its closure and has no zeros or poles on the boundary; N_D and P_D count multiplicities.,"For f(z)=z⁵−1 on |z|=2, the integral divided by 2πi equals 5.",Counting; Boundary and interior; Exponentials and logarithms,Residue theorem; Logarithmic derivative,a-mit-argument; a-lebl-complex,8
rouche-theorem,Rouché's theorem,|g(z)|<|f(z)|\ \text{on }\partial D\quad\Longrightarrow\quad N_D(f+g)=N_D(f),Complex analysis,Zeros and winding,Advanced undergraduate,theorem,"A smaller boundary perturbation cannot push a function's boundary image through zero. Its winding, and hence the number of enclosed zeros, stays unchanged.",D is a bounded Jordan domain with piecewise C¹ boundary; f and g are holomorphic on a neighborhood of its closure; zeros are counted with multiplicity.,"On |z|=2, |3z+1|≤7<32=|z⁵|, so z⁵+3z+1 has five zeros in the disk.",Symmetry and invariance; Counting; Boundary and interior,Argument principle; Complex modulus,a-mit-argument; a-lebl-complex,4
maximum-modulus,Maximum modulus principle,\max_{\overline D}|f|=\max_{\partial D}|f|,Complex analysis,Holomorphic rigidity,Advanced undergraduate,theorem,A nonconstant holomorphic function cannot create an isolated magnitude peak in the interior. The largest magnitude on a bounded region is controlled by the boundary.,"D⊂C is a bounded connected open set, f is continuous on its closure and holomorphic in D. A local interior maximum of |f| implies that f is constant on D.","For f(z)=z² on the closed unit disk, the maximum magnitude is 1 and occurs on the unit circle.",Boundary and interior; Optimization; Averaging,Cauchy's integral formula; Complex modulus,a-lebl-complex,4
liouville-theorem,Liouville's theorem for entire functions,"f\text{ entire},\quad\sup_{z\in\mathbb C}|f(z)|<\infty\quad\Longrightarrow\quad f\text{ is constant}",Complex analysis,Holomorphic rigidity,Advanced undergraduate,theorem,Holomorphicity everywhere leaves no place for global boundedness to coexist with nontrivial variation. Large circles squeeze every derivative to zero.,f is holomorphic on all of C and bounded in modulus by one common finite constant.,"e^z is nonconstant and entire, so it cannot be bounded on all of C even though |e^{it}|=1 on the imaginary axis.",Boundary and interior; Limits and convergence; Scaling and homogeneity,Cauchy estimates,a-lebl-complex; a-mit-cauchy,3
schwarz-lemma,Schwarz lemma,"|f(z)|\le|z|,\qquad|f'(0)|\le1",Complex analysis,Holomorphic rigidity,Advanced undergraduate,theorem,A holomorphic self-map of the unit disk that fixes its center cannot move a point farther from that center. Achieving the full allowed stretch forces the map to be a rotation.,f is holomorphic from the open unit disk into itself with f(0)=0. Equality at a nonzero interior point or |f′(0)|=1 implies f(z)=e^{iθ}z for a real θ.,f(z)=z² fixes 0 and satisfies |z²|≤|z| for |z|<1.,Fixed points; Geometry and distance; Symmetry and invariance,Maximum modulus principle; Complex derivative,a-lebl-complex,6
poisson-integral-disk,Poisson integral on the unit disk,"u(re^{i\theta})=\frac1{2\pi}\int_{-\pi}^{\pi}\frac{1-r^2}{1-2r\cos(\theta-t)+r^2}\,g(t)\,dt,\qquad0\le r<1",Complex analysis,Harmonic functions,Advanced undergraduate,theorem,A harmonic interior value is a weighted average of boundary values. Close boundary points receive stronger weight as the evaluation point approaches the circle.,g is a continuous real-valued 2π-periodic function on the unit-circle boundary; the formula gives its unique harmonic extension continuous on the closed disk.,"For boundary data g(t)=cos(nt), n≥0, the extension is rⁿcos(nθ).",Averaging; Boundary and interior; Decomposition,Mean-value property of harmonic functions; Fourier series and Fourier coefficients,a-axler-measure; a-lebl-complex; a-stanford-laplace,7
harmonic-mean-value,Mean-value property of harmonic functions,"u(x)=\frac1{|\partial B_r|}\int_{\partial B_r(x)}u\,dS=\frac1{|B_r|}\int_{B_r(x)}u\,dy",Analysis,Harmonic functions,Advanced undergraduate,theorem,"At equilibrium, a value equals the average of every sufficiently small surrounding sphere and ball. A point cannot sustain a mismatch with all of its neighbors.","u∈C²(Ω), Δu=0, Ω⊂Rⁿ is open with n≥2, and the closed ball B_r(x) lies in Ω; |∂B_r| denotes surface measure and |B_r| volume.","For u(x,y)=x²−y², the average around a circle centered at the origin is 0, equal to u(0,0).",Averaging; Symmetry and invariance; Boundary and interior,Laplacian; Average value of a function; Divergence theorem,a-stanford-laplace; a-hunter-pde,10
schwarz-reflection,Schwarz reflection principle,"F(z)=\begin{cases}f(z),&\operatorname{Im}z\ge0,\\\overline{f(\overline z)},&\operatorname{Im}z<0.\end{cases}",Complex analysis,Analytic continuation,Advanced undergraduate,theorem,Real boundary values make reflection across the real axis compatible with holomorphic structure. Reflecting both the input and the output extends the function through that boundary.,"U⊂C is a domain symmetric under conjugation; f is holomorphic on U∩{Im z>0}, continuous on its union with U∩R, and real-valued on U∩R. Then the displayed F is holomorphic on U.","A polynomial with real coefficients obeys f(conjugate z)=conjugate f(z), so reflection recovers its lower-half-plane values.",Symmetry and invariance; Boundary and interior; Composition,Complex derivative; Identity theorem for holomorphic functions,a-lebl-complex,3
mobius-transformation,Möbius transformation,"T(z)=\frac{az+b}{cz+d},\qquad ad-bc\ne0,\qquad T'(z)=\frac{ad-bc}{(cz+d)^2}",Complex analysis,Conformal maps,Undergraduate,definition,"A fractional linear map combines translations, scalings, rotations and inversion. On the extended complex plane it is an invertible coordinate change that preserves circles or lines and the cross-ratio of four points.","a,b,c,d∈C with ad−bc≠0; T acts on the Riemann sphere using the usual infinity conventions. The derivative formula applies at finite z with cz+d≠0.",T(z)=(z−i)/(z+i) maps the upper half-plane onto the unit disk.,Change of coordinates; Symmetry and invariance; Composition,Complex derivative; Quotient rule; Determinant,a-lebl-complex,6
complex-logarithm,Principal complex logarithm,"\operatorname{Log}z=\log|z|+i\operatorname{Arg}z,\qquad-\pi<\operatorname{Arg}z<\pi,\qquad(\operatorname{Log}z)'=\frac1z",Complex analysis,Branches,Undergraduate,definition,"A logarithm records both radial size and accumulated angle. Choosing an angular range requires a cut, because traveling once around zero changes the logarithm by 2πi.","The principal holomorphic branch is defined on C∖(−∞,0]; Arg takes values in (−π,π). There is no single-valued continuous logarithm on the entire punctured plane.",Log(i)=iπ/2; the two logarithms of −1 immediately above and below the cut approach iπ and −iπ.,Exponentials and logarithms; Change of coordinates; Symmetry and invariance,Euler's formula; Complex modulus; Logarithm laws,a-lebl-complex,5
analytic-continuation-identity,Identity theorem for holomorphic functions,f|_E=g|_E\quad\Longrightarrow\quad f\equiv g\text{ on }\Omega,Complex analysis,Analytic continuation,Advanced undergraduate,theorem,Analytic structure lets exact agreement on a sufficiently rich small set propagate throughout a connected domain. This gives uniqueness of analytic continuation whenever an extension exists.,"Ω⊂C is a connected open set; f,g are holomorphic on Ω; E⊂Ω has an accumulation point lying inside Ω. Finite samples or accumulation only at the boundary do not suffice.","If an entire function agrees with e^z at z=1/n for every positive integer n, it equals e^z everywhere.",Limits and convergence; Recursion and iteration; Algebraic structure,Complex derivative; Taylor series of an analytic function,a-lebl-complex,6
separable-ode,Separation of variables for a first-order ODE,"y'=a(t)b(y)\quad\Longrightarrow\quad\int_{y_0}^{y(t)}\frac{du}{b(u)}=\int_{t_0}^{t}a(s)\,ds",Differential equations,First-order equations,Undergraduate,method,"Separate the part depending on the state from the part depending on time. Each side then accumulates its own rate, leaving an implicit relation for the trajectory.","a and b are continuous, y is a differentiable solution with y(t₀)=y₀, and b is nonzero throughout the interval of state values used. Constant solutions at zeros of b must be considered separately.","For y′=ty with y(0)=1, separation gives log y=t²/2 and y=e^{t²/2}.",Decomposition; Change of coordinates; Accumulation,Substitution in an integral; Fundamental theorem of calculus,a-lebl-diffyqs,4
integrating-factor,Integrating factor for a linear ODE,"\mu(t)=e^{\int_{t_0}^t p(s)\,ds},\qquad y(t)=\frac{y_0+\int_{t_0}^t\mu(s)q(s)\,ds}{\mu(t)}",Differential equations,First-order equations,Undergraduate,method,Multiply the equation by exactly the factor that turns its left side into one product derivative. Integrating then collects the initial value and all later forcing.,"The equation is y′+p(t)y=q(t), with continuous p,q on an interval containing t₀ and y(t₀)=y₀; μ(t₀)=1 and μ never vanishes.","For y′+2y=1, y(t)=1/2+(y₀−1/2)e^{−2(t−t₀)}.",Exponentials and logarithms; Change of coordinates; Accumulation,Product rule; Derivative of an exponential; Riemann integral,a-lebl-diffyqs,4
exponential-growth-ode,Constant relative growth or decay,"y'=ay,\qquad y(t)=y_0e^{a(t-t_0)}",Differential equations,Growth and decay,Undergraduate,model,"A fixed percentage rate compounds continuously. Equal time intervals multiply the state by the same factor, whether the process grows or decays.","a is a real constant, t is real, and y(t₀)=y₀; this is the unique solution of the stated linear initial value problem.","With a=−log 2, a positive quantity halves every unit of time.",Exponentials and logarithms; Scaling and homogeneity; Composition,Derivative of an exponential,a-lebl-diffyqs,10
logistic-ode,Logistic growth,"y'=ry\left(1-\frac yK\right),\qquad y(t)=\frac{K}{1+(K/y_0-1)e^{-r(t-t_0)}}",Differential equations,Growth and decay,Undergraduate,model,"Growth is nearly exponential when the state is small, then slows as the state approaches a limiting capacity. The current size and the remaining fraction of capacity jointly determine the rate.","r>0, K>0, y(t₀)=y₀>0 and t≥t₀; y≡0 is a separate equilibrium solution. The parameters are constant in this model.",Starting at y₀=K/2 gives y(t)=K/[1+e^{−r(t−t₀)}].,Fixed points; Exponentials and logarithms; Quadratic structure,Separation of variables for a first-order ODE; Constant relative growth or decay,a-lebl-diffyqs,5
linear-second-order,Constant-coefficient second-order linear equation,"ay''+by'+cy=0,\quad ar^2+br+c=0,\qquad y=\begin{cases}C_1e^{r_1t}+C_2e^{r_2t},&r_1\ne r_2,\\(C_1+C_2t)e^{rt},&r_1=r_2=r.\end{cases}",Differential equations,Linear equations,Undergraduate,method,Exponential trial solutions turn derivatives into powers of one number. A differential equation therefore becomes a polynomial equation whose roots determine the possible modes.,"a,b,c are real constants with a≠0; the formula describes all complex-valued solutions, with conjugate coefficients chosen for real solutions when roots are nonreal.","For y″−y=0, the roots are ±1 and y=C₁eᵗ+C₂e^{−t}.",Linearity; Exponentials and logarithms; Algebraic structure,Derivative of an exponential; Quadratic formula,a-lebl-diffyqs,7
damped-oscillator,Underdamped harmonic oscillator,"mx''+cx'+kx=0,\qquad x(t)=e^{-ct/(2m)}\bigl(A\cos(\omega_dt)+B\sin(\omega_dt)\bigr),\quad\omega_d=\sqrt{\frac km-\frac{c^2}{4m^2}}",Differential equations,Oscillations,Undergraduate,model,A restoring force creates oscillation while damping steadily reduces its amplitude. The solution separates an exponential envelope from a periodic core.,"m,k>0, c≥0 and c²<4mk are constants; there is no external forcing; A,B are fixed by initial data.","For m=k=1 and c=0, x(t)=Acos t+Bsin t is undamped oscillation.",Decomposition; Exponentials and logarithms; Quadratic structure,Constant-coefficient second-order linear equation; Derivatives of sine and cosine,a-lebl-diffyqs,7
ode-variation-parameters,Variation of parameters for a linear system,"x(t)=\Phi(t)\left[\Phi(t_0)^{-1}x_0+\int_{t_0}^{t}\Phi(s)^{-1}b(s)\,ds\right]",Differential equations,Linear systems,Advanced undergraduate,method,"Use the homogeneous evolution as a changing coordinate frame. In that frame, the forcing simply accumulates before being mapped back to the original state.","x′=A(t)x+b(t), with continuous matrix A and vector b on an interval; Φ solves Φ′=AΦ and is invertible there; x(t₀)=x₀.","For constant A, the formula becomes x(t)=e^{A(t−t₀)}x₀+∫_{t₀}^t e^{A(t−s)}b(s)ds.",Change of coordinates; Accumulation; Linearity,Integrating factor for a linear ODE; Matrix exponential,a-lebl-diffyqs,4
wronskian-abel,Abel–Liouville identity for the Wronskian,"W(t)=\det\Phi(t)=W(t_0)\exp\left(\int_{t_0}^t\operatorname{tr}A(s)\,ds\right)",Differential equations,Linear systems,Advanced undergraduate,theorem,"The volume spanned by solution vectors changes at a rate given by the trace of the system matrix. If the vectors start independent, a continuous linear evolution never makes them dependent at a finite time.",A(t) is a continuous n×n real or complex matrix on an interval and Φ′=AΦ; Φ need not initially be invertible for the determinant identity itself.,"For y″+p(t)y′+q(t)y=0, the two-solution Wronskian is W(t₀)e^{−∫_{t₀}^t p(s)ds}.",Scaling and homogeneity; Exponentials and logarithms; Conservation and balance,Determinant; Trace; Constant relative growth or decay,a-lebl-diffyqs,7
picard-iteration,Picard iteration for an initial value problem,"y_{n+1}(t)=y_0+\int_{t_0}^{t}f(s,y_n(s))\,ds",Differential equations,Existence and uniqueness,Advanced undergraduate,method,"Guess a trajectory, read the rates it would generate, and integrate those rates to produce a better trajectory. On a short enough interval this self-consistency update is a contraction.","f is continuous on [t₀−h,t₀+h]×B̄(y₀,b), bounded there by M and Lipschitz in y with constant L; choose hM≤b and hL<1, and start from the constant function y₀. The iterates converge uniformly to the unique local solution. Here h>0 and b>0.","For y′=y, y(0)=1, iterations from 1 produce 1+t, then 1+t+t²/2, and successive exponential partial sums.",Fixed points; Recursion and iteration; Accumulation,Banach contraction theorem; Fundamental theorem of calculus,a-lebl-real1; a-lebl-diffyqs,5
gronwall-inequality,Gronwall's inequality,"u(t)\le A+\int_{t_0}^{t}b(s)u(s)\,ds\quad\Longrightarrow\quad u(t)\le A\exp\left(\int_{t_0}^{t}b(s)\,ds\right)",Differential equations,Stability estimates,Advanced undergraduate,theorem,"If error can grow only in proportion to the error already present, its worst growth is exponential. An integral inequality becomes an explicit time-dependent bound.","t∈[t₀,T]; u and b are continuous and nonnegative, and A≥0 is a constant.",Two solutions of an ODE with Lipschitz constant L satisfy a separation bound δe^{L(t−t₀)} when their initial separation is δ.,Exponentials and logarithms; Accumulation; Limits and convergence,Riemann integral; Constant relative growth or decay,a-hunter-pde,5
euler-method,Explicit Euler method,"t_{n+1}=t_n+h,\qquad y_{n+1}=y_n+h\,f(t_n,y_n)",Differential equations,Numerical integration,Undergraduate,method,"Move forward using the slope available at the current state, then recompute. Each step is a tangent prediction, so small local errors accumulate across the interval.","h>0 and y′=f(t,y); global error is O(h) on a fixed finite interval when f is C¹ near the solution, uniformly Lipschitz in y there, and sufficiently small steps stay in that neighborhood. Stability still depends on the equation and step size.","For y′=λy, the method gives y_n=(1+hλ)^n y₀; for real λ<0, asymptotic decay requires |1+hλ|<1.",Local linearization; Recursion and iteration; Limits and convergence,Local linear approximation,a-lebl-diffyqs,9
runge-kutta-four,Classical fourth-order Runge–Kutta method,"\begin{aligned}k_1&=f(t_n,y_n),\\k_2&=f(t_n+h/2,y_n+hk_1/2),\\k_3&=f(t_n+h/2,y_n+hk_2/2),\\k_4&=f(t_n+h,y_n+hk_3),\\y_{n+1}&=y_n+\frac h6(k_1+2k_2+2k_3+k_4).\end{aligned}",Differential equations,Numerical integration,Undergraduate,method,"Estimate slopes at the beginning, twice near the middle, and near the end of a step. A carefully weighted average cancels the first several orders of error.","The method approximates y′=f(t,y). On a fixed finite interval it has global error O(h⁴) for, for example, C⁵ f that is uniformly Lipschitz in y near the solution, with sufficiently small steps staying there.","For y′=y and one step from y₀=1, the update is 1+h+h²/2+h³/6+h⁴/24.",Averaging; Recursion and iteration; Limits and convergence,Explicit Euler method; Taylor's theorem with Lagrange remainder; Weighted arithmetic mean,a-lebl-diffyqs,5
fourier-series,Fourier series and Fourier coefficients,"\widehat f_k=\frac1{2\pi}\int_{-\pi}^{\pi}f(x)e^{-ikx}\,dx,\qquad S_Nf=\sum_{k=-N}^{N}\widehat f_k e^{ikx},\qquad\|f-S_Nf\|_2\to0",Analysis,Fourier series,Undergraduate,theorem,"Resolve a periodic function into pure angular frequencies. Each coefficient measures alignment with one oscillation, and orthogonality makes those coefficients separately recoverable.","f is a 2π-periodic L² function; the displayed convergence is in L². For piecewise C¹ periodic f, the pointwise sum equals the average of the two one-sided limits, which may differ from the assigned value at a jump.","For f(x)=3+2cos x, the only nonzero coefficients are f̂₀=3 and f̂₁=f̂_{−1}=1.",Orthogonality; Decomposition; Averaging,Euler's formula; Riemann integral; Inner product,a-lebl-real2; a-axler-measure; a-mit-fourier,17
fejer-summation,Fejér summation by averaging Fourier partial sums,"\sigma_Nf=\frac1{N+1}\sum_{n=0}^{N}S_nf,\qquad\|\sigma_Nf-f\|_\infty\longrightarrow0",Analysis,Fourier series,Advanced undergraduate,theorem,"Averaging successive Fourier approximations smooths their oscillatory errors. This recovers uniform convergence for every continuous periodic function, even when ordinary partial sums need not converge uniformly.","f is a continuous real- or complex-valued 2π-periodic function and S_n is the symmetric Fourier partial sum using frequencies −n,…,n.","For f(x)=cos x, σ_Nf=[N/(N+1)]cos x, which converges uniformly to cos x.",Averaging; Limits and convergence; Decomposition,Fourier series and Fourier coefficients; Arithmetic mean; Uniform convergence,a-mit-fourier,3
sturm-liouville,Regular Dirichlet Sturm–Liouville problem,"-(p y')'+qy=\lambda wy,\qquad\lambda_m\ne\lambda_n\Rightarrow\int_a^b w(x)y_m(x)y_n(x)\,dx=0",Differential equations,Eigenfunction methods,Advanced undergraduate,theorem,A spatial differential operator has preferred modes just as a matrix has eigenvectors. Self-adjoint boundary conditions make modes with different eigenvalues orthogonal in the correct weighted geometry.,"a<b are finite; p∈C¹([a,b]) is strictly positive, q,w are real continuous with w>0; y(a)=y(b)=0; y_m,y_n are real nonzero eigenfunctions of this same problem.","With p=w=1 and q=0 on (0,L), y_n=sin(nπx/L) and λ_n=(nπ/L)².",Orthogonality; Decomposition; Boundary and interior,Green's second identity; Eigenvalues and eigenvectors; Inner product,a-lebl-diffyqs,9
laplace-transform,Unilateral Laplace transform,"F(s)=\mathcal L\{f\}(s)=\int_0^\infty e^{-st}f(t)\,dt",Differential equations,Integral transforms,Undergraduate,definition,Measure a time profile against exponentially damped oscillations. The exponential kernel is chosen so that time differentiation becomes algebraic multiplication plus initial data.,"f is piecewise continuous on finite subintervals of [0,∞) and of exponential order a, meaning |f(t)|≤Ce^{at} for sufficiently large t; absolute convergence holds for complex s with Re s>a.","For f(t)=e^{at}, F(s)=1/(s−a) when Re s>a.",Exponentials and logarithms; Linearity; Accumulation,Improper integral on a half-line; Euler's formula,a-lebl-diffyqs,7
laplace-derivative,Laplace transform of a derivative,\mathcal L\{f'\}(s)=sF(s)-f(0),Differential equations,Integral transforms,Undergraduate,identity,"The transform transfers a time derivative onto its exponential kernel. The boundary at time zero remains visible, so the transformed equation remembers the initial condition.","f∈C¹([0,∞)), and f and f′ are of exponential order; Re s is sufficiently large that both transforms converge and e^{−st}f(t)→0.",Transforming y′+ay=0 with y(0)=y₀ gives (s+a)Y(s)=y₀.,Boundary and interior; Algebraic structure; Duality,Unilateral Laplace transform; Integration by parts,a-lebl-diffyqs,2
laplace-convolution,Laplace convolution theorem,"\mathcal L\left\{\int_0^t f(t-\tau)g(\tau)\,d\tau\right\}(s)=F(s)G(s)",Differential equations,Integral transforms,Undergraduate,theorem,A causal response combines every earlier input with the effect of the elapsed time since that input. Laplace transformation turns this history accumulation into a simple product.,"f and g are piecewise continuous on finite nonnegative-time intervals and of exponential orders a and b; the identity holds for Re s>max(a,b), where the relevant double integral is absolutely convergent.",Convolving f(t)=1 and g(t)=1 on t≥0 gives t; their transforms multiply to 1/s² for Re s>0.,Composition; Accumulation; Exponentials and logarithms,Unilateral Laplace transform; Convolution; Fubini's theorem,a-lebl-diffyqs,3
heat-equation,Heat or diffusion equation,\partial_tu=\kappa\Delta u,Differential equations,Diffusion,Undergraduate,model,A location changes according to its mismatch with its spatial surroundings. Positive diffusivity smooths local peaks and fills local valleys.,"κ>0 is a constant; a classical solution has one continuous time derivative and two continuous spatial derivatives. An initial condition and, on bounded domains, boundary conditions are needed to specify an evolution problem.","On a periodic line, u(t,x)=e^{−κk²t}cos(kx) is a decaying mode for integer k.",Averaging; Conservation and balance; Scaling and homogeneity,Laplacian,a-stanford-heat; a-hunter-pde,18
heat-kernel,Gaussian heat kernel,"G_t(x)=\frac{e^{-\|x\|^2/(4\kappa t)}}{(4\pi\kappa t)^{n/2}},\qquad u(t,x)=(G_t*f)(x)",Differential equations,Diffusion,Advanced undergraduate,theorem,"Diffusion replaces each point by a Gaussian-weighted average of the initial profile. As time grows, the averaging window spreads with width proportional to the square root of time.","x∈Rⁿ, n≥1, κ>0 and t>0; for f∈L¹(Rⁿ), u is a smooth heat-equation solution for positive times and u(t,·)→f in L¹ as t↓0.","In one dimension, G_t is the normal density with mean 0 and variance 2κt.",Averaging; Scaling and homogeneity; Exponentials and logarithms,Heat or diffusion equation; Convolution; Gaussian integral,a-stanford-heat; a-hunter-pde,11
heat-energy-decay,L² energy decay for heat flow,"\frac{d}{dt}\frac12\int_\Omega u(t,x)^2\,dx=-\kappa\int_\Omega|\nabla u(t,x)|^2\,dx\le0",Differential equations,Energy methods,Advanced undergraduate,identity,Diffusion reduces squared amplitude by spending spatial variation. A flat profile has no gradient energy left to dissipate.,"Ω is bounded with C¹ boundary, κ>0, and u is a sufficiently smooth real solution of the heat equation with homogeneous Dirichlet or homogeneous Neumann boundary conditions; these make the boundary energy flux vanish.","For a Neumann problem, the mean stays constant while the squared deviation from that mean decreases.",Quadratic structure; Optimization; Boundary and interior,Heat or diffusion equation; Green's first identity,a-stanford-heat; a-hunter-pde,6
wave-equation,Wave equation,\partial_t^2u=c^2\Delta u,Differential equations,Waves,Undergraduate,model,"Spatial curvature creates acceleration, so a disturbance overshoots and propagates instead of merely flattening. Initial displacement and initial velocity jointly determine the motion.","c>0 is constant and u is twice continuously differentiable in time and space for a classical solution; initial and, where relevant, boundary data specify the problem.","In one dimension, cos(kx)cos(ckt) solves the equation for real k.",Conservation and balance; Quadratic structure; Decomposition,Laplacian; Linearity of differentiation,a-stanford-wave; a-hunter-pde,5
dalembert-formula,D'Alembert's formula,"u(x,t)=\frac{f(x-ct)+f(x+ct)}2+\frac1{2c}\int_{x-ct}^{x+ct}g(s)\,ds",Differential equations,Waves,Undergraduate,theorem,Initial displacement splits equally into left- and right-moving copies. Initial velocity contributes through the interval that can influence the point by time t.,"For the whole-line equation u_tt=c²u_xx with c>0, t≥0, f∈C²(R), g∈C¹(R), u(x,0)=f(x) and u_t(x,0)=g(x); the formula gives the classical solution.","If initial velocity is zero, u(x,t) is the arithmetic mean of f(x−ct) and f(x+ct).",Averaging; Accumulation; Decomposition,Wave equation; Riemann integral; Arithmetic mean,a-stanford-wave,5
wave-energy,Conservation of wave energy,"E(t)=\frac12\int_\Omega\left(u_t^2+c^2|\nabla u|^2\right)dx,\qquad E'(t)=0",Differential equations,Energy methods,Advanced undergraduate,identity,"A wave exchanges kinetic activity with stored spatial deformation. When no forcing or boundary work adds energy, their total remains constant.",c>0; Ω is bounded with C¹ boundary; u is a sufficiently smooth real solution of u_tt=c²Δu with homogeneous Dirichlet or homogeneous Neumann boundary conditions.,A single standing wave alternates between maximum displacement and maximum speed while this total stays fixed.,Conservation and balance; Quadratic structure; Decomposition,Wave equation; Green's first identity,a-stanford-wave; a-hunter-pde,4
transport-equation,Constant-velocity transport,"u_t+v\cdot\nabla u=0,\qquad u(t,x)=f(x-tv)",Differential equations,Transport,Undergraduate,model,The entire profile moves with one velocity without changing its shape. Following a point carried by that motion makes the observed value constant.,"v∈Rⁿ is constant and f∈C¹(Rⁿ); the formula is the classical whole-space solution with u(0,x)=f(x).","In one dimension, f(x)=e^{−x²} and v=2 gives a Gaussian bump centered at x=2t with unchanged width.",Change of coordinates; Conservation and balance; Composition,Gradient; Multivariable chain rule,a-stanford-transport,6
characteristics-method,Method of characteristics,"u_t+b(t,x)\cdot\nabla u=f(t,x),\qquad\dot x=b(t,x),\qquad\frac{d}{dt}u(t,x(t))=f(t,x(t))",Differential equations,Transport,Advanced undergraduate,method,"Choose paths that move with the transport field. Along those paths, the spatial derivative and time derivative merge into one ordinary derivative.","b is C¹ in space and time on the local region, f is continuous and u is a C¹ solution; characteristic ODEs are considered over times where their flow exists.","For u_t+xu_x=0, characteristics satisfy x(t)=x₀eᵗ and u(t,x)=u(0,xe^{−t}).",Change of coordinates; Composition; Accumulation,Multivariable chain rule; Picard iteration for an initial value problem,a-stanford-transport,6
duhamel-principle,Duhamel's principle,"u(t)=S(t)u_0+\int_0^t S(t-s)f(s)\,ds",Differential equations,Evolution equations,Graduate,theorem,Every instant of forcing launches a homogeneous response that evolves for the remaining time. Add all those responses to the freely evolved initial state.,"S(t) is a strongly continuous semigroup of bounded operators on a Banach space X with generator A, u₀∈X, and f:[0,T]→X is continuous; the vector-valued integral gives the mild solution of u′=Au+f. Additional regularity is needed for a classical time derivative.","With S(t)=e^{−at}, the formula solves y′+ay=f(t) by an exponentially weighted history integral.",Linearity; Accumulation; Composition,Variation of parameters for a linear system; Convolution,a-hunter-pde; a-stanford-heat,4
poisson-equation,Poisson boundary value problem,"-\Delta u=f\text{ in }\Omega,\qquad u=g\text{ on }\partial\Omega",Differential equations,Elliptic equations,Advanced undergraduate,model,A source distribution determines the curvature required of an equilibrium field. Boundary values anchor the otherwise underdetermined potential.,This entry defines the classical Dirichlet problem on a bounded domain: seek u∈C²(Ω)∩C(closure Ω) for specified interior source f and boundary data g. Existence and regularity require suitable domain and data hypotheses; the weak formulation supplies one precise alternative.,"On (0,1), −u″=1 with u(0)=u(1)=0 gives u=x(1−x)/2.",Boundary and interior; Conservation and balance; Optimization,Laplacian,a-stanford-green; a-hunter-pde,6
euler-lagrange,Euler–Lagrange equation,"\delta\int_a^b L(t,y,y')\,dt=0\quad\Longleftrightarrow\quad\frac{d}{dt}L_{y'}-L_y=0",Differential equations,Calculus of variations,Advanced undergraduate,theorem,An optimal or stationary curve must resist every small admissible deformation to first order. Integration by parts turns that global stationarity requirement into a local differential equation.,"L is C², y is C², and variations are C¹ with zero endpoint values on a finite interval. The equivalence is between the differential equation and vanishing first variation; stationarity alone does not imply a minimum.","For L=½m(y′)²−V(y), the equation is my″+V′(y)=0.",Optimization; Duality; Boundary and interior,Integration by parts; Directional derivative,a-stanford-variation; a-tong-dynamics,7
beltrami-identity,Beltrami identity,"L(y,y')-y'L_{y'}(y,y')=C",Differential equations,Calculus of variations,Advanced undergraduate,theorem,"If the integrand does not explicitly depend on the position along the independent variable, one combination of value and slope remains constant. This reduces a second-order variational equation to a first integral.","L(y,v) is C² and independent of the independent variable t; y is a C² solution of the Euler–Lagrange equation on an interval.","For arc length L=√(1+(y′)²), the identity gives 1/√(1+(y′)²)=C, implying a constant slope for a smooth stationary graph.",Conservation and balance; Symmetry and invariance; Decomposition,Euler–Lagrange equation; Product rule,a-tong-dynamics; a-stanford-variation,2
hamilton-equations,Hamilton's equations,"p=\partial_{\dot q}L,\qquad H=p\cdot\dot q-L,\qquad\dot q=\partial_pH,\quad\dot p=-\partial_qH",Differential equations,Hamiltonian dynamics,Advanced undergraduate,theorem,Describe motion using position and momentum instead of position and velocity. One scalar Hamiltonian then generates both rates through paired derivatives with opposite signs.,"L(q,v,t) is C² for q,v∈Rⁿ and its velocity Hessian is nonsingular in the region considered, so v can be expressed locally in terms of (q,p,t); H uses that substitution and the trajectory obeys Euler–Lagrange.","For H(q,p)=p²/(2m)+V(q), Hamilton's equations give q̇=p/m and ṗ=−V′(q).",Duality; Conservation and balance; Change of coordinates,Euler–Lagrange equation; Gradient; Hessian matrix,a-tong-dynamics,11
noether-conservation,Noether conservation law for a configuration symmetry,"J=\frac{\partial L}{\partial\dot q}\cdot\xi(q),\qquad\frac{dJ}{dt}=0",Differential equations,Hamiltonian dynamics,Advanced undergraduate,theorem,A continuous change of coordinates that leaves the Lagrangian unchanged produces a quantity the motion cannot change. The conserved quantity pairs momentum with the infinitesimal symmetry direction.,"L(q,v,t) is C²; a smooth one-parameter configuration transformation Q_ε with generator ξ leaves L(Q_ε(q),DQ_ε(q)v,t)=L(q,v,t), with time fixed; q is a C² Euler–Lagrange solution. This version assumes exact invariance, not invariance only up to a total derivative.",Translation symmetry in one coordinate gives conservation of the corresponding momentum component; rotational symmetry gives angular momentum.,Symmetry and invariance; Conservation and balance; Duality,Euler–Lagrange equation; Group action,a-tong-dynamics,5
second-variation,Second variation of a one-dimensional functional,"\delta^2J[y](\eta)=\int_a^b\left(L_{yy}\eta^2+2L_{yv}\eta\eta'+L_{vv}(\eta')^2\right)dt,\qquad v=y'",Differential equations,Calculus of variations,Advanced undergraduate,identity,"The first variation measures slope in the space of curves, and the second variation measures curvature there. Its sign tests whether small perturbations tend to raise or lower the functional.","J[y]=∫_a^b L(t,y,y′)dt on a finite interval; L is C² near the curve, y,η are C¹ and η(a)=η(b)=0; all L derivatives are evaluated at (t,y(t),y′(t)). A smooth local minimum requires this quantity to be nonnegative for every admissible η, but nonnegativity alone is not sufficient.","For J[y]=½∫(y′)²dt, δ²J=∫(η′)²dt, strictly positive for nonzero fixed-endpoint perturbations.",Quadratic structure; Optimization; Geometry and distance,Euler–Lagrange equation; Hessian matrix,a-stanford-variation; a-tong-dynamics,3
rayleigh-ritz,Dirichlet Rayleigh–Ritz principle,"\lambda_1=\min_{0\ne u\in H_0^1(\Omega)}\frac{\int_\Omega|\nabla u|^2\,dx}{\int_\Omega|u|^2\,dx}",Differential equations,Eigenfunction methods,Graduate,theorem,The lowest-frequency mode is the nonzero shape with the least gradient energy per unit squared amplitude. Restricting the search to trial shapes gives computable upper bounds on that eigenvalue.,"Ω⊂Rⁿ is bounded, connected and has Lipschitz boundary; λ₁ is the first eigenvalue of −Δ with homogeneous Dirichlet boundary conditions. The minimum is attained by a first eigenfunction.","On (0,L), sin(πx/L) attains the quotient (π/L)².",Optimization; Quadratic structure; Scaling and homogeneity,Regular Dirichlet Sturm–Liouville problem; Sobolev norm; Poincaré inequality with zero boundary values,a-stanford-variation; a-hunter-pde,4
probability-axioms,Probability axioms,"P(\Omega)=1,\quad P(A)\ge0,\quad P\!\left(\bigsqcup_{i=1}^{\infty}A_i\right)=\sum_{i=1}^{\infty}P(A_i)",Probability,Probability foundations,Foundations,definition,Probability assigns a consistent amount of mass to events. Splitting an event into disjoint pieces preserves its total mass.,Events belong to a sigma-algebra on a sample space; the A_i are pairwise disjoint.,"For a fair die, each of six disjoint outcomes has mass 1/6.",Conservation and balance; Accumulation,Union of sets,b-bayes,7
conditional-probability,Conditional probability,P(A\mid B)=\frac{P(A\cap B)}{P(B)},Probability,Probability foundations,Foundations,definition,Conditioning restricts attention to the outcomes still possible and rescales their mass to one.,A and B are events with P(B)>0; conditioning on probability-zero events requires a different construction.,"Among even die rolls, the chance of rolling 6 is (1/6)/(1/2)=1/3.",Scaling and homogeneity; Information and uncertainty,Probability axioms,b-bayes,9
total-probability,Law of total probability,P(A)=\sum_i P(A\mid B_i)P(B_i),Probability,Probability foundations,Foundations,theorem,"Split a complicated chance calculation into cases, then average the answers using the chances of those cases.",The B_i form a finite or countable measurable partition with P(B_i)>0; zero-mass pieces may be omitted.,"A machine chosen with probabilities .6 and .4 has defect rates .01 and .03, giving .018 overall.",Averaging; Decomposition,Conditional probability; Weighted arithmetic mean,b-bayes,5
bayes-rule,Bayes' rule,P(H_i\mid E)=\frac{P(E\mid H_i)P(H_i)}{\sum_jP(E\mid H_j)P(H_j)},Probability,Probability foundations,Foundations,theorem,Evidence reweights competing explanations by how well each predicts it. The denominator puts the revised weights back on a common probability scale.,"The hypotheses form a finite or countable partition, the displayed conditionals exist, and P(E)>0.","With prior odds 1:1 and a likelihood ratio of 3, the posterior probability is 3/4.",Information and uncertainty; Scaling and homogeneity,Conditional probability; Law of total probability,b-bayes,9
independence,Independence of random variables,"P(X\in A,Y\in B)=P(X\in A)P(Y\in B)",Probability,Probability foundations,Undergraduate,definition,Knowing one variable leaves the probability law of the other unchanged.,The identity must hold for every measurable A and B; pairwise independence need not imply mutual independence of three or more variables.,"Two independent fair dice give P(X=1,Y=1)=1/36.",Decomposition; Randomness and distribution,Conditional probability,b-bayes,9
union-bound,Union bound,P\!\left(\bigcup_i A_i\right)\le\sum_iP(A_i),Probability,Probability foundations,Foundations,theorem,Adding all failure probabilities gives a safe upper bound even when failures overlap.,A_i is a finite or countable family of events; the upper bound may exceed one and may be loose.,"If five checks each fail with probability at most .01, any failure has probability at most .05.",Accumulation; Counting,Probability axioms,b-bayes,7
expectation,Expectation,"\mathbb E[X]=\int_\Omega X\,dP\quad\left(=\sum_x xP(X=x)\ \text{if discrete}\right)",Probability,Expectation and dependence,Undergraduate,definition,Expectation is an average whose weights are probabilities. It compresses a distribution into the balance point of its mass.,X is measurable and integrable: E|X|<infinity; nonnegative X also admits an extended expectation.,A fair six-sided die has expectation 3.5 even though no individual outcome equals 3.5.,Averaging; Accumulation,Weighted arithmetic mean; Riemann integral,b-expectation,21
expectation-linearity,Linearity of expectation,\mathbb E\!\left[\sum_{i=1}^{n}a_iX_i+b\right]=\sum_{i=1}^{n}a_i\mathbb E[X_i]+b,Probability,Expectation and dependence,Foundations,theorem,"An average of a sum equals the sum of the averages, even when the summands depend on one another.","The number of summands is finite, all X_i are integrable, and a_i,b are deterministic real constants.",The expected number of heads in ten possibly dependent fair coin tosses is five.,Linearity; Averaging,Expectation,b-expectation,15
indicator-expectation,Probability as an indicator expectation,"\mathbb E[\mathbf1_A]=P(A),\qquad \mathbb E\!\left[\sum_i\mathbf1_{A_i}\right]=\sum_iP(A_i)",Probability,Expectation and dependence,Foundations,identity,"Turn a yes-or-no event into a number. Counts then become sums of indicators, so expected counts become sums of probabilities.","The second formula is for a finite family, or a countable family with nonnegative terms and possibly infinite expectation.","Expected fixed points in a random permutation of n objects equal n times 1/n, hence one.",Counting; Linearity,Expectation; Linearity of expectation,b-expectation,8
variance,Variance,"\operatorname{Var}(X)=\mathbb E[(X-\mu)^2]=\mathbb E[X^2]-\mu^2,\quad \mu=\mathbb E[X]",Probability,Expectation and dependence,Foundations,definition,Variance measures average squared distance from the balance point. Squaring makes deviations in opposite directions reinforce rather than cancel.,X is real and E[X^2]<infinity.,A Bernoulli(p) variable has variance p(1-p).,Averaging; Quadratic structure,Expectation,b-variance,10
variance-affine,Variance under affine change,\operatorname{Var}(aX+b)=a^2\operatorname{Var}(X),Probability,Expectation and dependence,Foundations,identity,Moving every value by the same amount preserves spread; multiplying distances by a scales squared spread by a squared.,"X has finite variance and a,b are real constants.","Converting a measurement from meters to centimeters multiplies its variance by 10,000.",Scaling and homogeneity; Symmetry and invariance,Variance,b-variance,3
variance-sum,Variance of a sum,"\operatorname{Var}\!\left(\sum_{i=1}^nX_i\right)=\sum_i\operatorname{Var}(X_i)+2\sum_{i<j}\operatorname{Cov}(X_i,X_j)",Probability,Expectation and dependence,Undergraduate,identity,Total uncertainty contains each variable's own spread and every pair's tendency to move together.,A finite collection of real random variables with finite second moments; the covariance terms vanish for pairwise uncorrelated variables.,Two unit-variance variables with correlation .5 have sum variance three.,Quadratic structure; Decomposition,Variance; Covariance,b-variance,9
covariance,Covariance,"\operatorname{Cov}(X,Y)=\mathbb E[(X-\mathbb EX)(Y-\mathbb EY)]=\mathbb E[XY]-\mathbb E[X]\mathbb E[Y]",Probability,Expectation and dependence,Undergraduate,definition,"Covariance detects whether two centered quantities tend to have matching signs. It measures shared linear fluctuation, not every kind of dependence.",X and Y are real and square-integrable.,"If Y=2X+3, their covariance is twice Var(X).",Averaging; Orthogonality,Variance; Expectation,b-conditioning,13
correlation,Pearson correlation,"\rho_{XY}=\frac{\operatorname{Cov}(X,Y)}{\sqrt{\operatorname{Var}(X)\operatorname{Var}(Y)}},\qquad |\rho_{XY}|\le1",Probability,Expectation and dependence,Undergraduate,definition,Correlation is the cosine between centered random variables. Dividing by their lengths removes measurement units.,"Both variables have finite, strictly positive variance; the bound follows from Cauchy-Schwarz.","If Y=-3X+2 and Var(X)>0, correlation is -1.",Geometry and distance; Scaling and homogeneity,Covariance; Cauchy–Schwarz inequality,b-statistics,3
covariance-matrix-transform,Covariance under a linear map,"\operatorname{Cov}(AX+b)=A\Sigma A^\top,\quad \Sigma=\operatorname{Cov}(X)",Probability,Expectation and dependence,Undergraduate,identity,A linear transformation carries an uncertainty ellipsoid into another ellipsoid. The same map acts on both sides because covariance compares pairs of directions.,X is a finite-dimensional real random vector with finite second moments; A and b are deterministic and dimensionally compatible.,"For a scalar a, this reduces to Var(aX)=a^2 Var(X).",Change of coordinates; Quadratic structure,Covariance; Quadratic form,b-statistics,3
conditional-expectation,Conditional expectation,"Z=\mathbb E[X\mid\mathcal G]\iff Z\text{ is }\mathcal G\text{-measurable},\quad \mathbb E[Z\mathbf1_A]=\mathbb E[X\mathbf1_A]\ \forall A\in\mathcal G",Probability,Expectation and dependence,Graduate,definition,Conditional expectation is the average compatible with the information available. It matches the original variable's averages on every event that information can distinguish.,X is integrable; G is a sub-sigma-algebra. Z is integrable and unique almost surely. For square-integrable X it is the L2 projection onto G-measurable variables.,"Given a die's parity, the predicted roll is 3 for odd and 4 for even.",Averaging; Orthogonality,Expectation; Conditional probability,b-martingale; b-conditioning,14
tower-property,Tower property,"\mathbb E[\mathbb E[X\mid\mathcal G]\mid\mathcal H]=\mathbb E[X\mid\mathcal H],\quad \mathcal H\subseteq\mathcal G",Probability,Expectation and dependence,Graduate,theorem,Averaging first with finer information and then with coarser information gives the same answer as using the coarser information directly.,X is integrable and H is a sub-sigma-algebra of G; equality holds almost surely.,A population mean equals the weighted mean of subgroup means.,Composition; Averaging,Conditional expectation,b-conditioning; b-martingale,7
total-variance,Law of total variance,\operatorname{Var}(X)=\mathbb E[\operatorname{Var}(X\mid Y)]+\operatorname{Var}(\mathbb E[X\mid Y]),Probability,Expectation and dependence,Undergraduate,theorem,Total variation splits into average variation within groups and variation between group means.,X is square-integrable; conditioning means conditioning on the sigma-algebra generated by Y.,"For a two-stage experiment, separate randomness remaining after the first stage from randomness in the first-stage prediction.",Decomposition; Orthogonality,Conditional expectation; Variance; Tower property,b-conditioning,5
jensen-inequality,Jensen's inequality,\varphi(\mathbb E[X])\le\mathbb E[\varphi(X)],Probability,Expectation and dependence,Undergraduate,theorem,"For a convex transformation, averaging before transforming costs no more than transforming first and averaging. Curvature determines how variability changes the result.",X is integrable and takes values in an interval where phi is convex; assume phi(X) is integrable. Reverse the inequality for concave phi.,Taking phi(x)=x^2 gives (E[X])^2<=E[X^2].,Convexity; Averaging,Expectation; Convex function inequality,b-convex; b-info-entropy,9
markov-inequality,Markov's inequality,P(X\ge a)\le\frac{\mathbb E[X]}{a},Probability,Concentration and limits,Undergraduate,theorem,A nonnegative quantity cannot be large too often without making its average large.,"X>=0 almost surely, E[X]<infinity, and a>0.","If a nonnegative waiting time has mean 2, the chance it exceeds 10 is at most .2.",Averaging; Randomness and distribution,Expectation,b-statistics,8
chebyshev-inequality,Chebyshev's inequality,P(|X-\mu|\ge t)\le\frac{\sigma^2}{t^2},Probability,Concentration and limits,Undergraduate,theorem,"Finite variance limits how often observations can lie many standard deviations from their mean, regardless of the distribution's shape.",X has mean mu and finite variance sigma^2; t>0.,At most 1/9 of the probability can be at least three standard deviations from the mean.,Quadratic structure; Scaling and homogeneity,Markov's inequality; Variance,b-statistics,4
chernoff-bound,Exponential Chernoff bound,P(X\ge a)\le\inf_{\lambda>0}e^{-\lambda a}\mathbb E[e^{\lambda X}],Probability,Concentration and limits,Advanced undergraduate,theorem,"Exponentials magnify large values, allowing a moment bound to detect rare tails. Optimizing the magnification makes the bound as tight as this method allows.",X is real; optimize over positive lambda for which the moment generating function is finite. The bound is valid but can be uninformative.,"For a standard normal and a>0, choosing lambda=a gives P(X>=a)<=exp(-a^2/2).",Exponentials and logarithms; Optimization,Markov's inequality; Moment generating function,b-concentration,7
hoeffding-inequality,Hoeffding's inequality,P\!\left(\left|\sum_{i=1}^n(X_i-\mathbb EX_i)\right|\ge t\right)\le2\exp\!\left(-\frac{2t^2}{\sum_i(b_i-a_i)^2}\right),Probability,Concentration and limits,Advanced undergraduate,theorem,Independent bounded fluctuations cancel reliably: a large collective deviation becomes exponentially unlikely.,"X_i are independent and a_i<=X_i<=b_i almost surely, with finite deterministic bounds; t>0 and sum_i(b_i-a_i)^2>0.","For n independent values in [0,1], the sample mean deviates by epsilon with probability at most 2 exp(-2n epsilon^2).",Exponentials and logarithms; Averaging,Exponential Chernoff bound; Independence of random variables,b-concentration,9
law-large-numbers,Strong law of large numbers,\overline X_n=\frac1n\sum_{i=1}^nX_i\xrightarrow{\mathrm{a.s.}}\mu=\mathbb E[X_1],Probability,Concentration and limits,Undergraduate,theorem,Long averages stabilize around the distribution's balance point. Random observations collectively become a dependable numerical summary.,"X_1,X_2,... are iid real variables with E|X_1|<infinity; almost-sure convergence is an infinite-sequence statement, not a finite-sample error bound.",The running fraction of heads converges almost surely to p for independent Bernoulli(p) trials.,Averaging; Limits and convergence,Expectation; Arithmetic mean; Independence of random variables,b-lln; b-statistics,16
central-limit-theorem,Central limit theorem,"\frac{\sqrt n(\overline X_n-\mu)}{\sigma}\xrightarrow{d}\mathcal N(0,1)",Probability,Concentration and limits,Undergraduate,theorem,"After their mean is removed and their size is standardized, sums of many iid finite-variance contributions approach one common bell shape.","X_i are iid real variables, E[X_i]=mu, and 0<Var(X_i)=sigma^2<infinity. Convergence is in distribution; no universal sample-size threshold guarantees accuracy.","For fair coin counts, (heads-n/2)/(sqrt(n)/2) approaches a standard normal distribution.",Averaging; Scaling and homogeneity; Limits and convergence,Strong law of large numbers; Variance of a sum; Normal distribution,b-clt,11
moment-generating-function,Moment generating function,"M_X(t)=\mathbb E[e^{tX}],\qquad M_X^{(k)}(0)=\mathbb E[X^k]",Probability,Transforms of probability laws,Undergraduate,definition,One function stores moments as its derivatives. Exponentials also turn independent addition into multiplication.,"For the derivative identity, M_X is finite on an open interval containing zero; k is a nonnegative integer.","For X~Poisson(lambda), M_X(t)=exp(lambda(e^t-1)).",Generating functions; Exponentials and logarithms,Expectation; Derivative,b-statistics,5
characteristic-function,Characteristic function,"\phi_X(t)=\mathbb E[e^{itX}],\qquad \phi_{X+Y}(t)=\phi_X(t)\phi_Y(t)\ \ (X\perp Y)",Probability,Transforms of probability laws,Advanced undergraduate,definition,A probability distribution can be encoded by how strongly its values align with each frequency. This transform always exists because the complex exponential has unit magnitude.,X is any real random variable and t is real; the product identity requires X and Y to be independent.,A centered normal with variance sigma^2 has characteristic function exp(-sigma^2 t^2/2).,Generating functions; Exponentials and logarithms,Expectation; Euler's formula; Independence of random variables,b-statistics,4
cumulant-generating-function,Cumulant generating function,"K_X(t)=\log M_X(t),\quad K_X'(0)=\mathbb EX,\quad K_X''(0)=\operatorname{Var}(X)",Probability,Transforms of probability laws,Advanced undergraduate,definition,Taking the logarithm extracts additive features of a law. Mean and variance are the first two of these cumulants.,The real MGF is finite on an open interval containing zero; independent cumulant generating functions add on their common domain.,"For a normal law, K(t)=mu*t+sigma^2*t^2/2, so all cumulants above order two vanish.",Exponentials and logarithms; Decomposition,Moment generating function; Logarithm laws,b-statistics,3
probability-generating-function,Probability generating function,"G_N(z)=\mathbb E[z^N]=\sum_{k=0}^{\infty}P(N=k)z^k,\quad G_N'(1^-)=\mathbb EN",Probability,Transforms of probability laws,Undergraduate,definition,Store the probabilities of a count as coefficients of a power series. Products then describe sums of independent counts.,N takes nonnegative integer values; the series converges absolutely for |z|<=1. The derivative at 1 is a left limit and may be infinite.,"For Bernoulli(p), G(z)=1-p+pz; n independent trials give (1-p+pz)^n.",Generating functions; Counting,Expectation; Ordinary generating function,b-statistics,5
bernoulli-distribution,Bernoulli distribution,"P(X=x)=p^x(1-p)^{1-x},\quad x\in\{0,1\};\qquad \mathbb EX=p",Probability,Discrete distributions,Foundations,model,The smallest random model records whether an event occurs. Its mean is exactly the probability of occurrence.,"0<=p<=1, with endpoint values interpreted by their degenerate distributions; the power formula is unambiguous for 0<p<1.",A random success indicator with success probability .7 has mean .7.,Randomness and distribution; Averaging,Probability axioms,b-discrete,3
binomial-distribution,Binomial distribution,"P(X=k)=\binom nkp^k(1-p)^{n-k},\quad \mathbb EX=np,\quad \operatorname{Var}(X)=np(1-p)",Probability,Discrete distributions,Foundations,model,Count successes in independent repetitions of the same yes-or-no experiment. The binomial coefficient counts which repetitions succeeded.,"n is a nonnegative integer, k=0,...,n, and 0<=p<=1; use the degenerate interpretation at endpoints.",Exactly three heads in five fair flips has probability 10/32.,Counting; Randomness and distribution,Bernoulli distribution; Binomial theorem,b-discrete,7
poisson-distribution,Poisson distribution,"P(X=k)=e^{-\lambda}\frac{\lambda^k}{k!},\quad k=0,1,\ldots,\qquad \mathbb EX=\operatorname{Var}(X)=\lambda",Probability,Discrete distributions,Undergraduate,model,Poisson counts describe events scattered independently at a fixed average intensity. The single parameter sets both mean count and variance.,"lambda>0; lambda=0 is the point mass at zero. A Poisson model is an assumption, not a consequence of merely knowing an average rate.","At mean count two, the probability of no events is e^-2.",Counting; Exponentials and logarithms,Expectation; Variance,b-poisson,5
geometric-distribution,Geometric waiting time,"P(T=k)=(1-p)^{k-1}p,\quad k=1,2,\ldots,\qquad \mathbb ET=\frac1p",Probability,Discrete distributions,Foundations,model,"To wait k trials for the first success, first observe k-1 failures and then one success. Repeated failure does not change the remaining waiting-time law.","Independent Bernoulli(p) trials with 0<p<=1; T counts the successful trial, so its support begins at one.",A fair coin takes two tosses on average to produce the first head.,Recursion and iteration; Exponentials and logarithms,Bernoulli distribution; Finite geometric sum,b-discrete,4
negative-binomial-distribution,Negative binomial distribution,"P(K=k)=\binom{k+r-1}{k}p^r(1-p)^k,\quad \mathbb EK=\frac{r(1-p)}p",Probability,Discrete distributions,Undergraduate,model,"Count failures before the r-th success. The last trial must succeed, while the earlier trials can arrange the remaining successes in many ways.","r is a positive integer, 0<p<=1, k is a nonnegative integer, and trials are independent with success probability p; K counts failures.","With r=2 and p=1/2, exactly one preceding failure has probability 1/4.",Counting; Accumulation,Geometric waiting time; Binomial distribution,b-discrete,1
hypergeometric-distribution,Hypergeometric distribution,P(X=k)=\frac{\binom Kk\binom{N-K}{n-k}}{\binom Nn},Probability,Discrete distributions,Undergraduate,model,Sampling without replacement changes the remaining composition after each draw. Counting subsets handles this dependence exactly.,"N,K,n are integers with 0<=K,n<=N; max(0,n-(N-K))<=k<=min(n,K). Every n-subset is equally likely.","In a five-object population with two marked objects, two draws contain both marked objects with probability 1/10.",Counting; Randomness and distribution,Binomial distribution,b-discrete,2
uniform-distribution,Continuous uniform distribution,"f_X(x)=\frac{\mathbf1_{[a,b]}(x)}{b-a},\qquad \mathbb EX=\frac{a+b}{2}",Probability,Continuous distributions,Foundations,model,A uniform density assigns probability in proportion to interval length. Its balance point is the midpoint.,a<b are finite real numbers; endpoint density values have no effect on probabilities.,"If X is uniform on [0,10], the chance X lies in [2,5] is .3.",Symmetry and invariance; Averaging,Riemann integral; Arithmetic mean,b-distributions,2
exponential-distribution,Exponential waiting time,"f_T(t)=\lambda e^{-\lambda t}\mathbf1_{\{t\ge0\}},\quad P(T>s+t\mid T>s)=e^{-\lambda t}",Probability,Continuous distributions,Undergraduate,model,An exponential clock has a constant instantaneous event rate. Surviving a while gives no extra information about the remaining wait.,"lambda>0 and s,t>=0; E[T]=1/lambda.","At rate two events per unit time, the chance of waiting longer than one unit is e^-2.",Exponentials and logarithms; Recursion and iteration,Riemann integral; Conditional probability,b-distributions,8
normal-distribution,Normal distribution,f_X(x)=\frac{1}{\sigma\sqrt{2\pi}}\exp\!\left(-\frac{(x-\mu)^2}{2\sigma^2}\right),Probability,Continuous distributions,Undergraduate,model,The bell curve weights values by an exponential penalty on squared distance from the center. Independent normal contributions remain normal when added.,"mu is real, sigma>0, and x is real; the density integrates to one.",A standard normal has mu=0 and variance one.,Quadratic structure; Symmetry and invariance; Exponentials and logarithms,Variance; Exponential addition law; Gaussian integral,b-distributions,17
gamma-distribution,Gamma distribution,"f_X(x)=\frac{\lambda^\alpha}{\Gamma(\alpha)}x^{\alpha-1}e^{-\lambda x}\mathbf1_{\{x>0\}},\quad \mathbb EX=\frac\alpha\lambda",Probability,Continuous distributions,Undergraduate,model,The gamma family extends waiting for several arrivals from integer event counts to a continuous shape parameter.,alpha>0 and lambda>0 is the rate; Gamma(alpha)=integral_0^infinity t^(alpha-1)e^-t dt. Variance is alpha/lambda^2.,"The waiting time for three arrivals in a rate-two Poisson process is Gamma(3,2), with mean 1.5.",Accumulation; Scaling and homogeneity,Exponential waiting time,b-gamma,9
beta-distribution,Beta distribution,"f_P(p)=\frac{p^{\alpha-1}(1-p)^{\beta-1}}{B(\alpha,\beta)},\quad B(\alpha,\beta)=\int_0^1u^{\alpha-1}(1-u)^{\beta-1}\,du",Probability,Continuous distributions,Undergraduate,model,Beta densities describe uncertain proportions and adapt naturally to accumulated successes and failures.,"alpha,beta>0, 0<p<1; density is zero outside [0,1]. The mean is alpha/(alpha+beta).","Beta(1,1) is uniform on [0,1], while Beta(2,2) favors central proportions.",Randomness and distribution; Exponentials and logarithms,Riemann integral; Bernoulli distribution,b-distributions,8
multivariate-normal,Multivariate normal density,f(x)=\frac{\exp[-\tfrac12(x-\mu)^\top\Sigma^{-1}(x-\mu)]}{(2\pi)^{d/2}\sqrt{\det\Sigma}},Probability,Continuous distributions,Advanced undergraduate,model,A multivariate Gaussian replaces distance on a line with distance shaped by a covariance ellipsoid. Its contour surfaces are ellipsoids.,"x,mu in R^d and Sigma is symmetric positive definite; singular Gaussian laws exist but lack this density on all of R^d.","For Sigma=I, the coordinates are independent standard normals after centering.",Quadratic structure; Change of coordinates,Normal distribution; Covariance under a linear map; Determinant,b-distributions,8
density-change-variables,Density under a change of variables,"f_Y(y)=f_X(g^{-1}(y))\left|\det Dg^{-1}(y)\right|,\qquad Y=g(X)",Probability,Continuous distributions,Advanced undergraduate,theorem,Probability mass stays constant when coordinates change; the density compensates for how the map stretches volume.,"X has a density on an open subset of R^d; g is a C1 diffeomorphism onto its image with nonzero Jacobian determinant. Formula holds almost everywhere, and density is zero outside the image.","If X>0 and Y=log X, then f_Y(y)=f_X(e^y)e^y.",Change of coordinates; Conservation and balance,Riemann integral; Determinant; Inverse function,b-distributions,4
tail-sum-expectation,Tail integral formula,"\mathbb E[X]=\int_0^\infty P(X>t)\,dt;\qquad \mathbb E[N]=\sum_{k=1}^{\infty}P(N\ge k)",Probability,Continuous distributions,Undergraduate,theorem,An average height can be computed by adding the fractions that rise above each horizontal level.,X is a nonnegative measurable real variable and N is nonnegative integer-valued; both sides may be infinite. Tonelli's theorem justifies the interchange.,"For geometric waiting time T, summing its survival probabilities gives E[T]=1/p.",Accumulation; Decomposition,Probability as an indicator expectation; Riemann integral,b-distributions,4
sum-independent-densities,Density of an independent sum,"f_{X+Y}(z)=\int_{\mathbb R}f_X(x)f_Y(z-x)\,dx=(f_X*f_Y)(z)",Probability,Continuous distributions,Undergraduate,theorem,"To obtain a total z, combine every possible first contribution x with the matching second contribution z-x.",X and Y are independent real variables with densities; the convolution gives a density almost everywhere.,"Adding two independent uniform [0,1] variables produces a triangular density on [0,2].",Accumulation; Composition,Independence of random variables; Convolution; Law of total probability,b-distributions,3
markov-chain,Markov chain transition law,"P(X_{n+1}=j\mid X_0,\ldots,X_n)=P_{X_nj},\quad P_{ij}\ge0,\quad \sum_jP_{ij}=1",Probability,Markov chains,Undergraduate,model,The current state carries all information needed for the next-step probability law. Each matrix row lists the possible next states and their chances.,A finite or countable state space; the displayed version is time-homogeneous. Conditional equality holds almost surely for attainable histories.,A two-state weather model can assign tomorrow's probabilities using only today's weather.,Recursion and iteration; Randomness and distribution,Conditional probability; Independence of random variables,b-markov; b-markov-book,8
chapman-kolmogorov,Chapman-Kolmogorov equation,"P^{(m+n)}_{ij}=\sum_kP^{(m)}_{ik}P^{(n)}_{kj},\qquad P^{(n)}=P^n",Probability,Markov chains,Undergraduate,theorem,"To cross several time steps, sum over every possible intermediate state. Matrix multiplication is weighted case-splitting.","A time-homogeneous finite or countable Markov chain, with nonnegative integer m,n; sums over states are nonnegative and convergent.",Two-step reachability is computed by multiplying the transition matrix by itself.,Composition; Averaging,Markov chain transition law; Law of total probability,b-markov-book,2
stationary-distribution,Stationary distribution,"\pi^\top P=\pi^\top,\qquad \pi_i\ge0,\quad \sum_i\pi_i=1",Probability,Markov chains,Undergraduate,definition,A stationary law is a probability distribution that looks the same after another transition. Inflow and outflow balance in aggregate.,P is a stochastic matrix. A finite chain has at least one stationary law; a finite irreducible chain has a unique one. Convergence from every initial law also needs aperiodicity.,"For a symmetric two-state chain, pi=(1/2,1/2) is stationary.",Fixed points; Conservation and balance,Markov chain transition law; Eigenvalues and eigenvectors,b-markov-book,7
detailed-balance,Detailed balance,"\pi_iP_{ij}=\pi_jP_{ji}\quad\text{for all }i,j",Probability,Markov chains,Advanced undergraduate,identity,Every pair of states exchanges equal stationary probability flow. This stronger balance makes time-reversed trajectories statistically identical.,P is stochastic and pi is a probability vector. Detailed balance implies stationarity; stationarity need not imply detailed balance.,An undirected weighted random walk is reversible with pi_i proportional to the weighted degree.,Symmetry and invariance; Conservation and balance,Stationary distribution,b-markov-book,4
markov-reward-bellman,Discounted Markov reward equation,"v=r+\gamma Pv,\qquad v=(I-\gamma P)^{-1}r=\sum_{k=0}^{\infty}\gamma^kP^kr",Probability,Markov chains,Advanced undergraduate,theorem,Long-term value is immediate reward plus a discounted average of future value. The same equation is both a recursive forecast and a linear system.,"P is a finite stochastic matrix, r is a finite real reward vector, and 0<=gamma<1; the Neumann series converges and the inverse exists.","For one state with reward two and gamma=.9, v=2/(1-.9)=20.",Fixed points; Averaging; Accumulation,Markov chain transition law; Finite geometric sum,b-markov-book,3
absorbing-chain-fundamental-matrix,Fundamental matrix of an absorbing chain,"N=(I-Q)^{-1}=\sum_{k=0}^{\infty}Q^k,\qquad t=N\mathbf1",Probability,Markov chains,Advanced undergraduate,theorem,Count every possible visit to transient states before absorption. Row sums then give the expected number of steps remaining.,A finite chain with transient-state submatrix Q and eventual absorption with probability one from each transient state; equivalently rho(Q)<1.,"With one transient state that persists with probability q<1, expected time to absorption is 1/(1-q).",Accumulation; Generating functions,Markov chain transition law; Finite geometric sum; Eigenvalues and eigenvectors,b-markov-book,1
poisson-process,Poisson process increments,"N(t+s)-N(s)\sim\operatorname{Poisson}(\lambda t),\qquad \mathbb E[N(t)]=\lambda t",Probability,Counting processes and martingales,Undergraduate,model,A Poisson process scatters events through time at constant intensity. Nonoverlapping time intervals receive independent counts.,"lambda>0, s,t>=0, N(0)=0, and the counting process has stationary independent increments with the displayed Poisson laws.","At rate three per hour, a two-hour increment is Poisson(6).",Accumulation; Randomness and distribution,Poisson distribution; Independence of random variables,b-poisson,6
poisson-thinning,Independent thinning of a Poisson process,"N_1(t)\sim\operatorname{Poisson}(p\lambda t),\quad N_2(t)\sim\operatorname{Poisson}((1-p)\lambda t),\quad N_1\perp N_2",Probability,Counting processes and martingales,Advanced undergraduate,theorem,Independently labeling each arrival splits one Poisson stream into independent Poisson streams with proportionally reduced rates.,"N is a rate-lambda Poisson process; each arrival independently receives label one with probability p in [0,1], independently of N. N_2 counts the remaining arrivals.",Randomly retaining one quarter of rate-eight arrivals gives a rate-two retained stream.,Decomposition; Scaling and homogeneity,Poisson process increments; Bernoulli distribution,b-poisson,2
martingale,Martingale property,\mathbb E[M_{n+1}\mid\mathcal F_n]=M_n,Probability,Counting processes and martingales,Advanced undergraduate,definition,"A martingale is a forecast that has no predictable one-step drift. New information may move it, but its current value already averages those possible changes.",(F_n) is a filtration; M_n is F_n-measurable and E|M_n|<infinity for every n. A martingale need not have independent increments.,A centered sum of independent integrable zero-mean increments is a martingale.,Averaging; Conservation and balance,Conditional expectation; Tower property,b-martingale,6
optional-stopping-bounded,Optional stopping for bounded times,\mathbb E[M_T]=\mathbb E[M_0],Probability,Counting processes and martingales,Advanced undergraduate,theorem,Choosing when to stop using only information already revealed cannot change a martingale's expected value when the stopping horizon is bounded.,M_n is an integrable discrete-time martingale and T is a stopping time with 0<=T<=N almost surely for a deterministic finite N. Unbounded stopping needs additional hypotheses.,"Stop a fair random walk at a target or after 100 steps, whichever comes first; expected stopped position remains the initial position.",Conservation and balance; Information and uncertainty,Martingale property,b-martingale; b-markov-book,2
brownian-motion,Brownian motion covariance and increments,"W_t-W_s\sim\mathcal N(0,t-s),\quad \mathbb E[W_sW_t]=\min(s,t)",Probability,Diffusions and stochastic calculus,Advanced undergraduate,model,Brownian motion accumulates infinitesimal independent fluctuations. Two times share exactly the randomness accumulated before the earlier time.,"Standard Brownian motion starts at zero, has continuous paths, and has independent Gaussian increments; 0<=s<=t.","W_4 has standard deviation two, while Cov(W_1,W_4)=1.",Accumulation; Quadratic structure,Normal distribution; Covariance; Independence of random variables,b-ito-formula,3
brownian-scaling,Brownian scaling,"(W_{ct})_{t\ge0}\overset d=(\sqrt c\,W_t)_{t\ge0}",Probability,Diffusions and stochastic calculus,Advanced undergraduate,theorem,Speeding Brownian time by a factor c stretches its typical displacement by the square root of c.,"W is standard Brownian motion and c>0; equality is in law as processes, not pathwise equality for one realization.",A time interval four times longer has twice the standard deviation.,Scaling and homogeneity; Symmetry and invariance,Brownian motion covariance and increments,b-ito-formula,2
ito-isometry,Ito isometry,"\mathbb E\!\left[\left(\int_0^T H_t\,dW_t\right)^2\right]=\mathbb E\!\left[\int_0^T H_t^2\,dt\right]",Probability,Diffusions and stochastic calculus,Graduate,theorem,Independent infinitesimal noise increments make cross terms disappear. The variance of accumulated noise is the accumulated squared noise amplitude.,"W is Brownian relative to the filtration, H is predictable, and E[integral_0^T H_t^2 dt]<infinity for finite T.","For deterministic H_t=2, the integral has variance 4T.",Orthogonality; Accumulation,Brownian motion covariance and increments; Riemann integral; Variance of a sum,b-ito-integral,3
ito-formula,Ito's formula,"df(t,X_t)=\left(f_t+b_tf_x+\tfrac12\sigma_t^2f_{xx}\right)dt+\sigma_tf_x\,dW_t,\quad dX_t=b_tdt+\sigma_tdW_t",Probability,Diffusions and stochastic calculus,Graduate,theorem,Random paths retain a second-order contribution that ordinary smooth paths lose. The extra curvature term comes from Brownian quadratic variation.,"X is a continuous Ito process with progressively measurable b,sigma and locally finite integral(|b|+sigma^2)dt; f is C^{1,2}. Derivatives are evaluated at (t,X_t), and localization gives the formula up to the process lifetime.","For f(x)=x^2 and X=W, d(W_t^2)=2W_t dW_t+dt.",Local linearization; Quadratic structure,Brownian motion covariance and increments; Chain rule; Taylor series of an analytic function,b-ito-formula,8
geometric-brownian-motion,Geometric Brownian motion,"dX_t=\mu X_tdt+\sigma X_tdW_t,\qquad X_t=X_0e^{(\mu-\sigma^2/2)t+\sigma W_t}",Probability,Diffusions and stochastic calculus,Graduate,model,Multiplicative noise becomes additive after taking logarithms. The variance correction ensures the original process has the stated mean drift.,"X_0>0 is deterministic, mu is real, sigma>=0, and W is standard Brownian motion.","For mu=0, X_t has constant expectation X_0 although its log has drift -sigma^2/2.",Exponentials and logarithms; Scaling and homogeneity,Ito's formula; Logarithm laws,b-ito-formula,3
ornstein-uhlenbeck,Ornstein-Uhlenbeck process,"dX_t=\kappa(\theta-X_t)dt+\sigma dW_t,\quad X_t=\theta+(x_0-\theta)e^{-\kappa t}+\sigma\int_0^t e^{-\kappa(t-s)}\,dW_s",Probability,Diffusions and stochastic calculus,Graduate,model,A restoring force pulls the process toward a central value while noise continually perturbs it. Old disturbances fade exponentially.,"kappa>0, sigma>=0, theta and deterministic x_0 are real; W is standard Brownian motion.","Its variance tends to sigma^2/(2*kappa), giving a stable noise level around theta.",Fixed points; Accumulation,Ito's formula; Ito isometry,b-ito-formula,2
fokker-planck,Fokker-Planck equation,"\partial_t p=-\partial_x(bp)+\tfrac12\partial_x^2(\sigma^2p),\qquad dX_t=b(X_t,t)dt+\sigma(X_t,t)dW_t",Probability,Diffusions and stochastic calculus,Graduate,theorem,The random trajectory description and the evolving probability-density description encode the same diffusion. Drift transports probability and noise spreads it.,Assume a nonexplosive Ito diffusion with coefficients for which the SDE is well-defined. The law satisfies this equation weakly against smooth compactly supported test functions; a classical density formula additionally requires the displayed derivatives to exist.,"With b=0 and sigma=1, this is the heat equation for a Brownian density.",Conservation and balance; Duality,Ito's formula; Heat or diffusion equation; Integration by parts,b-fokker; b-ito-formula,2
empirical-distribution,Empirical distribution function,\widehat F_n(x)=\frac1n\sum_{i=1}^n\mathbf1_{\{X_i\le x\}},Statistics,Sampling and estimation,Foundations,definition,Replace an unknown population distribution by equal mass on the observed data points. The empirical CDF counts the fraction below a threshold.,"n>=1 and X_i are real observations. IID sampling is needed for the usual population-convergence interpretation, but not for the definition.","For observations 1,2,2,5, the empirical probability of a value at most two is 3/4.",Averaging; Counting,Arithmetic mean; Probability as an indicator expectation,b-statistics,6
sample-variance,Unbiased sample variance,"S^2=\frac{1}{n-1}\sum_{i=1}^n(X_i-\overline X)^2,\qquad \mathbb E[S^2]=\sigma^2",Statistics,Sampling and estimation,Foundations,method,Estimating the center from the same data uses one independent direction. Dividing by n-1 compensates for the resulting downward bias.,"For unbiasedness, X_i are iid with finite variance sigma^2 and n>=2; the descriptive formula can be computed for arbitrary real observations.","For observations 1 and 3, the sample variance is two.",Quadratic structure; Decomposition,Variance; Arithmetic mean,b-statistics,3
standard-error-mean,Standard error of the sample mean,"\operatorname{SD}(\overline X)=\frac{\sigma}{\sqrt n},\qquad \widehat{\operatorname{SE}}(\overline X)=\frac{S}{\sqrt n}",Statistics,Sampling and estimation,Foundations,identity,Averaging n independent equal-variance measurements divides uncertainty by the square root of n. The estimated standard error substitutes the sample spread.,"X_i are independent with common finite variance sigma^2; the first formula is exact. S/sqrt(n) is the customary plug-in estimate under iid sampling, n>=2.",Quadrupling the number of independent observations halves the mean's standard error.,Averaging; Scaling and homogeneity,Variance of a sum; Unbiased sample variance,b-statistics,4
bias-variance-decomposition,Bias-variance decomposition,\mathbb E[(T-\theta)^2]=\operatorname{Var}(T)+(\mathbb E[T]-\theta)^2,Statistics,Sampling and estimation,Undergraduate,identity,Squared estimation error separates into random wobble around the estimator's own mean and systematic displacement from the target.,theta is a fixed real target and T has a finite second moment.,An estimator with bias two and variance three has mean squared error seven.,Decomposition; Orthogonality,Variance; Expectation,b-statistics,6
least-squares,Least squares,"\widehat\beta\in\operatorname*{arg\,min}_{\beta\in\mathbb R^p}\|y-X\beta\|_2^2",Statistics,Regression and projection,Undergraduate,method,Choose the prediction vector closest to the observations in squared Euclidean distance. This turns fitting a model into a geometric projection problem.,X is a finite real n-by-p matrix and y in R^n. A minimizer always exists; coefficients are unique exactly when X has full column rank.,"With only a constant predictor, the fitted value is the arithmetic mean of the observations.",Optimization; Orthogonality; Quadratic structure,Norm axioms and induced norm; Orthogonal projection,b-regression,20
normal-equations,Least-squares normal equations,"X^\top X\widehat\beta=X^\top y,\qquad \widehat\beta=(X^\top X)^{-1}X^\top y\quad\text{if }\operatorname{rank}X=p",Statistics,Regression and projection,Undergraduate,theorem,The best fit leaves no residual component that any predictor could explain. Setting the objective's gradient to zero expresses exactly that condition.,"For any real finite X,y, the normal equations characterize all least-squares minimizers. The inverse formula requires full column rank; solving by QR or SVD is generally preferable numerically.","For X equal to the all-ones column, the equation becomes n*beta_hat=sum_i y_i.",Orthogonality; Linearity,Least squares; Gradient,b-regression,3
simple-linear-regression,Simple linear regression coefficients,"\widehat b=\frac{\sum_i(x_i-\overline x)(y_i-\overline y)}{\sum_i(x_i-\overline x)^2},\qquad \widehat a=\overline y-\widehat b\,\overline x",Statistics,Regression and projection,Undergraduate,method,A best-fitting line uses shared centered movement divided by the predictor's own spread. Its intercept makes it pass through the data's center.,"Finite real data, n>=2, and the x_i are not all equal; an intercept is included and squared residuals are minimized.","For points (0,1),(1,3),(2,5), the fitted line is y=1+2x.",Averaging; Quadratic structure,Least squares; Covariance; Arithmetic mean,b-regression,2
gauss-markov,Gauss-Markov covariance bound,\operatorname{Cov}(\widetilde\beta)-\sigma^2(X^\top X)^{-1}\succeq0,Statistics,Regression and projection,Advanced undergraduate,theorem,"Among linear unbiased fits, ordinary least squares has the smallest variance in every parameter direction when errors have equal variance and no correlation.","y=X beta+epsilon with fixed full-column-rank X, E[epsilon]=0 and Cov(epsilon)=sigma^2 I. The competing estimator is Ay with AX=I; no normality assumption is needed.",Any unbiased linear estimate of a contrast c^T beta has variance at least sigma^2 c^T(X^T X)^-1 c.,Optimization; Orthogonality,Least-squares normal equations; Covariance under a linear map,b-statistics; b-regression,1
weighted-least-squares,Weighted least squares,"\widehat\beta=(X^\top W X)^{-1}X^\top Wy=\operatorname*{arg\,min}_\beta(y-X\beta)^\top W(y-X\beta)",Statistics,Regression and projection,Undergraduate,method,Residuals are measured in a geometry that values some directions more heavily. Precision weighting gives reliable measurements greater influence.,"W is real symmetric positive definite and X has full column rank. For generalized least squares with known error covariance Sigma, choose W=Sigma^-1.","For a constant model and diagonal W, the fitted constant is the weighted mean sum(w_i y_i)/sum(w_i).",Averaging; Geometry and distance,Least squares; Quadratic form; Weighted arithmetic mean,b-convex; b-statistics,1
ridge-regression,Ridge regression,"\widehat\beta_\lambda=(X^\top X+\lambda I)^{-1}X^\top y=\operatorname*{arg\,min}_\beta\{\|y-X\beta\|_2^2+\lambda\|\beta\|_2^2\}",Statistics,Regression and projection,Undergraduate,method,"A quadratic penalty trades some fit quality for smaller, more stable coefficients. It particularly suppresses directions the data measure weakly.","X,y are finite real arrays and lambda>0; all displayed coefficients are penalized, so the inverse exists even if X is rank deficient.","For X=I, every coefficient shrinks from y_i to y_i/(1+lambda).",Optimization; Quadratic structure,Least-squares normal equations,b-convex,8
lasso-regression,Lasso regression,"\widehat\beta\in\operatorname*{arg\,min}_\beta\left\{\tfrac12\|y-X\beta\|_2^2+\lambda\|\beta\|_1\right\}",Statistics,Regression and projection,Advanced undergraduate,method,"An absolute-value penalty makes small coefficients expensive relative to their benefit, allowing some fitted coefficients to become exactly zero.","Finite real X,y and lambda>0; minimizers exist, but coefficient uniqueness needs further conditions. All displayed coefficients are penalized.","For X=I, the solution soft-thresholds each observation at lambda.",Optimization; Convexity,Least squares; Norm axioms and induced norm,b-proximal,8
maximum-likelihood,Maximum likelihood estimation,"\widehat\theta\in\operatorname*{arg\,max}_{\theta\in\Theta}L(\theta;x),\qquad \ell(\theta;x)=\sum_{i=1}^n\log f_\theta(x_i)",Statistics,Likelihood and statistical information,Undergraduate,method,Choose the model parameter that assigns the observed data the greatest probability density or mass. Taking logs converts independent contributions into an additive score.,"The sum formula assumes iid data with density or mass f_theta relative to a fixed dominating measure. The argmax may be empty or nonunique; likelihood is a function of theta, not a probability distribution over theta.","For Bernoulli data with p allowed in [0,1], the MLE is the observed success fraction.",Optimization; Exponentials and logarithms,Independence of random variables; Logarithm laws,b-mle,8
maximum-a-posteriori,Maximum a posteriori estimation,"\widehat\theta_{\mathrm{MAP}}\in\operatorname*{arg\,min}_\theta\{-\log p(x\mid\theta)-\log p(\theta)\}",Statistics,Likelihood and statistical information,Undergraduate,method,"A posterior mode combines fit to the observations with a preference encoded by the prior. In log form, the prior becomes a penalty.","A prior density or mass and likelihood are specified, the posterior is proper, and a maximizer exists. Density modes depend on the chosen parameterization.",A centered Gaussian prior on regression coefficients gives a quadratic penalty and a ridge-type MAP estimate.,Optimization; Information and uncertainty,Bayes' rule; Maximum likelihood estimation,b-statistics,2
score-function,Likelihood score,"s_\theta(x)=\nabla_\theta\log f_\theta(x),\qquad \mathbb E_\theta[s_\theta(X)]=0",Statistics,Likelihood and statistical information,Advanced undergraduate,definition,The score measures which parameter directions would make an observation more plausible. At the true model its average directional push cancels.,"The definition needs differentiability and positive f_theta at x. The zero-mean identity additionally needs parameter-independent support and differentiation under the normalization integral, with integrable derivatives.","For N(mu,sigma^2) with known sigma, the score for mu is (x-mu)/sigma^2.",Local linearization; Averaging,Maximum likelihood estimation; Gradient,b-statistics,5
fisher-information,Fisher information,I(\theta)=\mathbb E_\theta[s_\theta(X)s_\theta(X)^\top]=-\mathbb E_\theta[\nabla_\theta^2\log f_\theta(X)],Statistics,Likelihood and statistical information,Advanced undergraduate,definition,Information is both score variability and average curvature of log likelihood. A sharply changing likelihood distinguishes nearby parameters more precisely.,"For the first expression the score exists and has finite second moments. The Hessian identity needs common parameter-independent support, twice differentiable densities, and justified first and second differentiation under the integral.","For one normal observation with known variance sigma^2, information about its mean is 1/sigma^2.",Quadratic structure; Information and uncertainty,Likelihood score; Covariance; Hessian matrix,b-statistics,8
cramer-rao,Cramer-Rao lower bound,\operatorname{Var}_\theta(T)\ge\frac{1}{nI_1(\theta)},Statistics,Likelihood and statistical information,Advanced undergraduate,theorem,An unbiased estimator cannot fluctuate arbitrarily little if the data barely distinguish nearby parameter values.,"A scalar parameter lies in an open interval; n iid observations have differentiable densities on common support, 0<I_1(theta)<infinity, and differentiation passes under integrals of both f_theta and T f_theta. T is unbiased for theta and has finite variance.",The sample mean of normal data with known variance attains the bound sigma^2/n.,Information and uncertainty; Geometry and distance,Fisher information; Cauchy–Schwarz inequality,b-statistics,3
method-moments,Method of moments,"\frac1n\sum_{i=1}^nX_i^k=\mathbb E_\theta[X^k],\qquad k=1,\ldots,p",Statistics,Likelihood and statistical information,Undergraduate,method,Fit a distribution by matching a few population summaries to their empirical counterparts.,"A p-parameter model has the displayed finite moments. Solving the equations requires identifiability and may give no solution, several solutions, or a parameter outside the model.","For an exponential rate lambda, matching the first moment gives lambda_hat=1/Xbar when Xbar>0.",Averaging; Composition,Expectation; Arithmetic mean,b-statistics,1
sufficient-statistic,Neyman-Fisher factorization,f_\theta(x)=g_\theta(T(x))h(x),Statistics,Likelihood and statistical information,Advanced undergraduate,theorem,A sufficient statistic compresses the data while preserving everything relevant to the parameter in the likelihood.,"For a dominated statistical model, the existence of nonnegative measurable factors g_theta and parameter-independent h is equivalent to sufficiency of T, with the usual almost-everywhere conventions.","For iid Bernoulli observations, the total number of successes is sufficient for p.",Information and uncertainty; Decomposition,Maximum likelihood estimation; Conditional probability,b-statistics,4
rao-blackwell,Rao-Blackwell improvement,"T=\mathbb E[U\mid S],\qquad \mathbb E_\theta[T]=\theta,\quad \operatorname{Var}_\theta(T)\le\operatorname{Var}_\theta(U)",Statistics,Likelihood and statistical information,Advanced undergraduate,theorem,Average away fluctuations that carry no additional information about the parameter. Conditioning on a sufficient summary preserves unbiasedness while reducing noise.,U is an unbiased square-integrable estimator of theta in a dominated model; S is sufficient and the conditional expectation is taken using a parameter-independent conditional law given S.,"For iid Bernoulli data, conditioning the first observation on the success count produces the sample mean.",Averaging; Optimization,Conditional expectation; Law of total variance; Neyman-Fisher factorization,b-statistics,3
beta-binomial-update,Beta-binomial conjugate update,"p\mid s,n\sim\operatorname{Beta}(\alpha+s,\beta+n-s),\qquad \mathbb E[p\mid s,n]=\frac{\alpha+s}{\alpha+\beta+n}",Statistics,Bayesian inference,Undergraduate,theorem,A beta prior and binomial data combine by adding evidence to two running counts. The posterior mean blends the prior mean with the observed success rate.,"p~Beta(alpha,beta), alpha,beta>0; given p, s~Binomial(n,p), n is a nonnegative integer and 0<=s<=n.","Starting with Beta(1,1), three successes in four trials gives Beta(4,2) and posterior mean 2/3.",Recursion and iteration; Averaging,Bayes' rule; Beta distribution; Binomial distribution,b-bayes-learning,3
normal-normal-update,Normal-normal conjugate update,"\tau_n^{-2}=\tau_0^{-2}+n\sigma^{-2},\qquad \mu_n=\tau_n^2\left(\tau_0^{-2}\mu_0+\sigma^{-2}\sum_i x_i\right)",Statistics,Bayesian inference,Advanced undergraduate,theorem,Independent Gaussian information combines by adding precision. The posterior center is an average weighted by how precisely each source is known.,"mu~N(mu_0,tau_0^2), tau_0^2>0; conditionally iid x_i~N(mu,sigma^2) with known sigma^2>0. The posterior is N(mu_n,tau_n^2).",Equal prior and data-mean precision place the posterior mean halfway between their centers.,Averaging; Quadratic structure,Bayes' rule; Normal distribution; Completing the square,b-statistics; b-kalman,5
posterior-predictive,Posterior predictive distribution,"p(y_{\mathrm{new}}\mid x)=\int p(y_{\mathrm{new}}\mid\theta)\,p(\theta\mid x)\,d\theta",Statistics,Bayesian inference,Undergraduate,definition,Predict by averaging all parameter-specific predictions over the remaining parameter uncertainty.,"The posterior is proper and the new outcome is conditionally independent of observed data given theta; the displayed densities use appropriate dominating measures, with sums for discrete theta.","Under a beta posterior, the next Bernoulli success probability equals the posterior mean of p.",Averaging; Information and uncertainty,Bayes' rule; Conditional expectation,b-bayes-learning,2
student-t-pivot,Student t pivot,T=\frac{\overline X-\mu}{S/\sqrt n}\sim t_{n-1},Statistics,"Pivots, intervals, and testing",Undergraduate,theorem,Replacing an unknown population spread by an estimated spread adds uncertainty. The t distribution accounts for that extra randomness exactly in the normal model.,"X_i are iid N(mu,sigma^2), sigma^2>0, n>=2, and S^2 uses divisor n-1.","For n=10 normal observations, the standardized mean using S follows t with nine degrees of freedom.",Scaling and homogeneity; Randomness and distribution,Normal distribution; Unbiased sample variance; Standard error of the sample mean,b-statistics,6
chi-squared-variance-pivot,Chi-squared pivot for normal variance,\frac{(n-1)S^2}{\sigma^2}\sim\chi^2_{n-1},Statistics,"Pivots, intervals, and testing",Undergraduate,theorem,The centered sample occupies n-1 orthogonal Gaussian directions. Its squared standardized length has a chi-squared distribution.,"X_i are iid N(mu,sigma^2), sigma^2>0, n>=2, and S^2 is the unbiased sample variance; chi^2_k is the sum of k independent squared standard normals.",A sample of six normal observations gives a five-degree-of-freedom reference law for variance inference.,Orthogonality; Quadratic structure,Unbiased sample variance; Normal distribution; Orthogonal projection,b-statistics,2
t-mean-confidence-interval,Exact t interval for a normal mean,"C(X)=\left[\overline X-t_{n-1,1-\alpha/2}\frac S{\sqrt n},\ \overline X+t_{n-1,1-\alpha/2}\frac S{\sqrt n}\right],\quad P_\mu(\mu\in C(X))=1-\alpha",Statistics,"Pivots, intervals, and testing",Undergraduate,method,Invert the t pivot to obtain all mean values compatible with the observed standardized error at a chosen coverage level.,"IID normal observations with unknown mean and positive variance, n>=2, and 0<alpha<1. t_{nu,q} is the q quantile. Coverage refers to repetitions of the random interval construction.",Choosing alpha=.05 produces a procedure with 95% coverage under the normal model.,Duality; Scaling and homogeneity,Student t pivot,b-statistics,3
delta-method,Delta method,"\sqrt n(T_n-\theta)\xrightarrow d\mathcal N(0,\Sigma)\ \Longrightarrow\ \sqrt n(g(T_n)-g(\theta))\xrightarrow d\mathcal N(0,J\Sigma J^\top)",Statistics,"Pivots, intervals, and testing",Advanced undergraduate,theorem,A smooth transformation acts almost linearly on sufficiently small estimation errors. Its derivative pushes the limiting uncertainty into new coordinates.,"T_n is R^d-valued with the stated limit; g maps a neighborhood of theta to R^k and is differentiable at theta, with Jacobian J=Dg(theta). A zero derivative can give a degenerate first-order limit.","For a positive mean estimator, the asymptotic variance of its logarithm is divided by the square of the true mean.",Local linearization; Change of coordinates,Central limit theorem; Derivative; Covariance under a linear map,b-delta,2
bootstrap-estimate,Bootstrap estimate of standard error,\widehat{\operatorname{SE}}_{\mathrm{boot}}=\sqrt{\frac1{B-1}\sum_{b=1}^B(T_b^*-\overline T^*)^2},Statistics,"Pivots, intervals, and testing",Undergraduate,method,"Treat the observed data as a provisional population, resample it, and measure how much the statistic varies across those simulated samples.","For the iid nonparametric bootstrap, independently generate B>=2 samples of size n with replacement from the empirical distribution and recompute T. This estimates the conditional bootstrap spread; accuracy for population inference requires additional model and statistic assumptions.",Resample a dataset repeatedly to estimate the sampling uncertainty of its median.,Randomness and distribution; Recursion and iteration,Empirical distribution function; Unbiased sample variance,b-bootstrap,2
neyman-pearson,Neyman-Pearson likelihood-ratio test,"\varphi(x)=\begin{cases}1&f_1(x)>c f_0(x)\\\gamma&f_1(x)=c f_0(x)\\0&f_1(x)<c f_0(x)\end{cases},\qquad \mathbb E_0[\varphi]=\alpha",Statistics,"Pivots, intervals, and testing",Advanced undergraduate,theorem,Spend the allowed false-positive probability on observations that favor the alternative most strongly. This maximizes power for two fully specified models.,"Simple hypotheses H0:f0 and H1:f1 use a common dominating measure; c>=0 and gamma in [0,1] are selected for the desired size when attainable. Randomization handles ties.",Distinguishing two known normal means with common variance reduces to a threshold on the sample mean.,Optimization; Information and uncertainty,Maximum likelihood estimation; Conditional probability,b-statistics,6
likelihood-ratio-test,Wilks' likelihood-ratio limit,-2\log\Lambda_n=2\{\ell_n(\widehat\theta)-\ell_n(\widehat\theta_0)\}\xrightarrow d\chi^2_{p-p_0},Statistics,"Pivots, intervals, and testing",Graduate,theorem,Compare the best unrestricted fit with the best fit obeying the null constraints. Locally quadratic likelihoods turn their difference into a squared projection length.,"IID observations in a regular identifiable p-dimensional smooth model; the true parameter is interior, the null is a smooth p0-dimensional embedded submodel, Fisher information is nonsingular, both MLEs are consistent, and the likelihood admits its usual local quadratic expansion. Boundary and singular cases are excluded.",Testing one regular scalar restriction gives an asymptotic chi-squared law with one degree of freedom.,Local linearization; Geometry and distance,Maximum likelihood estimation; Fisher information; Chi-squared pivot for normal variance,b-statistics,2
p-value,Tail-area p-value,"p(x)=P_0(T(X)\ge T(x)),\qquad P_0(p(X)\le\alpha)\le\alpha",Statistics,"Pivots, intervals, and testing",Undergraduate,definition,A p-value measures how unusual the observed test statistic is under the specified null when larger values count as more extreme.,"A simple null law P0 and a test statistic T are fixed before observing x. The superuniform bound holds for alpha in [0,1]; discrete tests can be conservative. This is not a posterior probability of the null.","Under a continuous null, a prechosen upper-tail test rejects at level .05 when p<=.05.",Scaling and homogeneity; Information and uncertainty,Conditional probability; Neyman-Pearson likelihood-ratio test,b-statistics,1
pearson-chi-squared,Pearson chi-squared goodness-of-fit statistic,X_n^2=\sum_{i=1}^k\frac{(O_i-np_i)^2}{np_i}\xrightarrow d\chi^2_{k-1},Statistics,"Pivots, intervals, and testing",Undergraduate,theorem,Compare observed category counts with expected counts after normalizing each squared error by its expected size.,"(O_1,...,O_k) is multinomial(n,p), k is fixed, each known p_i>0, and n->infinity. Estimating probabilities from data changes the limiting degrees of freedom and requires additional analysis.","For a fair die, the statistic compares six observed counts with n/6 and has five asymptotic degrees of freedom.",Quadratic structure; Counting,Central limit theorem; Chi-squared pivot for normal variance,b-statistics,1
anova-decomposition,ANOVA sum-of-squares decomposition,"\sum_{j,i}(y_{ij}-\overline y)^2=\sum_{j,i}(y_{ij}-\overline y_j)^2+\sum_jn_j(\overline y_j-\overline y)^2",Statistics,"Pivots, intervals, and testing",Undergraduate,identity,Overall scatter equals scatter remaining inside groups plus scatter explained by different group centers.,Finite real observations partitioned into nonempty groups of sizes n_j; ybar is the overall mean and ybar_j the group mean. The identity needs no distributional assumptions.,"If every observation equals its group mean, all variation lies in the between-group term.",Decomposition; Orthogonality,Arithmetic mean; Unbiased sample variance,b-statistics,5
logistic-regression,Logistic regression model,"P(Y=1\mid x)=\frac1{1+e^{-x^\top\beta}},\qquad \log\frac{p(x)}{1-p(x)}=x^\top\beta",Statistics,Statistical models and latent structure,Undergraduate,model,"A linear predictor becomes an unrestricted log-odds score, while the logistic function maps it to a valid probability.","x,beta are finite real vectors and Y is binary. The formula specifies a conditional model; iid observations or conditional independence are extra assumptions for the usual summed likelihood.","Increasing a predictor by one multiplies the odds by exp(beta_j), holding the other predictors fixed.",Exponentials and logarithms; Composition,Bernoulli distribution; Logarithm laws,b-statistics,3
exponential-family,Exponential family and log partition function,"p_\eta(x)=h(x)e^{\eta^\top T(x)-A(\eta)},\qquad A(\eta)=\log\int h(x)e^{\eta^\top T(x)}\,d\nu(x)",Statistics,Statistical models and latent structure,Advanced undergraduate,model,"Many familiar distributions share a linear score in selected data summaries, followed by exponential reweighting and normalization.",h>=0 and T are measurable; eta lies where the normalizing integral is finite and positive. Interior natural parameters with justified differentiation satisfy grad A=E[T] and Hess A=Cov(T).,Bernoulli has T(x)=x and A(eta)=log(1+exp eta).,Exponentials and logarithms; Information and uncertainty,Maximum likelihood estimation; Log-sum-exp; Expectation,b-statistics,7
em-algorithm,Expectation-maximization algorithm,"Q(\theta\mid\theta_k)=\mathbb E_{\theta_k}[\log p_\theta(x,Z)\mid x],\qquad \theta_{k+1}\in\operatorname*{arg\,max}_\theta Q(\theta\mid\theta_k)",Statistics,Statistical models and latent structure,Advanced undergraduate,method,Alternate between averaging over unknown hidden variables and refitting the model to that averaged complete-data objective.,"The observed likelihood is positive and finite; conditional expectations and the selected maximizer exist, with compatible support for the EM lower-bound argument. Exact EM does not decrease observed log likelihood, but does not guarantee a global optimum.",Gaussian-mixture EM alternates soft component membership weights with weighted mean and covariance updates.,Averaging; Optimization; Recursion and iteration,Conditional expectation; Maximum likelihood estimation; Jensen's inequality,b-em,4
kalman-update,Kalman measurement update,"K=PH^\top(HPH^\top+R)^{-1},\quad m^+=m+K(y-Hm),\quad P^+=(I-KH)P",Statistics,Statistical models and latent structure,Advanced undergraduate,method,Correct a prior estimate using the part of a measurement it failed to predict. The gain balances prior uncertainty against measurement noise.,"Prior state X~N(m,P), P positive semidefinite; observation y=HX+epsilon with independent epsilon~N(0,R), R positive definite. These are exact conditional mean and covariance formulas.","For a scalar with equal prior and measurement variances, the updated mean is their midpoint.",Averaging; Recursion and iteration,Conditional expectation; Multivariate normal density; Covariance under a linear map,b-kalman,3
principal-component-analysis,Principal component variance maximization,"v_1\in\operatorname*{arg\,max}_{\|v\|_2=1}v^\top\Sigma v,\qquad \Sigma v_1=\lambda_{\max}v_1",Statistics,Statistical models and latent structure,Undergraduate,method,"Find the direction in which a centered cloud varies most. Further orthogonal directions reveal successively less variance; principal components are uncorrelated, but need not be statistically independent.",Sigma is a real symmetric positive-semidefinite covariance or sample-covariance matrix. A maximizing unit eigenvector exists; it is not unique if the largest eigenvalue is repeated.,"For covariance diag(9,1), the first principal direction is the first coordinate and explains 90% of total variance.",Optimization; Orthogonality,Covariance under a linear map; Spectral theorem in finite dimensions; Quadratic form,b-statistics; b-convex,4
convexity-definition,Convex function inequality,"f((1-t)x+ty)\le(1-t)f(x)+tf(y),\qquad 0\le t\le1",Optimization,Convex geometry,Undergraduate,definition,"Along every segment, a convex function stays below the chord joining its endpoint values. Mixing choices cannot cost more than mixing their costs.","f is real-valued on a convex subset of a real vector space; x,y are in its domain and t in [0,1].",The squared norm is convex; applying the formula to x and -x gives its minimum at zero.,Averaging; Convexity,Weighted arithmetic mean; Affine combination,b-convex,5
first-order-convexity,First-order characterization of convexity,f(y)\ge f(x)+\nabla f(x)^\top(y-x),Optimization,Convex geometry,Undergraduate,theorem,Every tangent plane of a differentiable convex function is a global lower bound. A zero gradient therefore certifies global optimality.,"f is differentiable on an open convex subset of R^n; the displayed inequality for every x,y is equivalent to convexity.","For f(x)=x^2, the difference between the graph and its tangent at a is (x-a)^2.",Local linearization; Convexity,Gradient; Convex function inequality,b-convex,4
second-order-convexity,Second-order characterization of convexity,f\text{ is convex}\iff\nabla^2f(x)\succeq0\quad\text{for every }x,Optimization,Convex geometry,Undergraduate,theorem,A smooth function is convex precisely when it curves upward or stays flat in every direction.,f is twice continuously differentiable on an open convex subset of R^n; positive semidefiniteness is required at every point in the domain.,"For f(x)=x^T A x with symmetric A, convexity is equivalent to A being positive semidefinite.",Quadratic structure; Convexity,Hessian matrix; Quadratic form; Convex function inequality,b-convex,1
strong-convexity,Strong convexity inequality,f(y)\ge f(x)+\nabla f(x)^\top(y-x)+\frac\mu2\|y-x\|_2^2,Optimization,Convex geometry,Advanced undergraduate,definition,Strong convexity gives a uniform bowl shape. Moving away from a minimizer must raise the objective at least quadratically.,"mu>0, f is differentiable on a convex domain, and the inequality holds for all x,y there. A minimizer, if it exists, is unique.",A quadratic with Hessian at least mu*I is mu-strongly convex.,Convexity; Geometry and distance,First-order characterization of convexity; Norm axioms and induced norm,b-convex,4
smoothness-descent-lemma,Descent lemma,f(y)\le f(x)+\nabla f(x)^\top(y-x)+\frac L2\|y-x\|_2^2,Optimization,Convex geometry,Advanced undergraduate,theorem,"If the gradient cannot change too quickly, the graph cannot rise faster than a quadratic above its tangent. This supplies a safe model for choosing steps.","f is differentiable on a convex domain and its gradient is L-Lipschitz there in Euclidean norm, L>0; the segment from x to y stays in the domain. Convexity of f is not required.","For a quadratic with Hessian operator norm at most L, the bound follows directly from its expansion.",Local linearization; Quadratic structure,Gradient; Norm axioms and induced norm,b-convex,3
gradient-descent,Gradient descent,x_{k+1}=x_k-\eta_k\nabla f(x_k),Optimization,Iterative optimization,Undergraduate,method,Move against the local direction of fastest increase. The step size controls how far the local slope can safely guide the next move.,"f is differentiable and eta_k>0. For an L-Lipschitz gradient on R^n, a fixed 0<eta<2/L gives descent unless the gradient is zero; convergence to a global minimum needs further structure such as convexity.","For f(x)=x^2/2, choosing eta=1 sends any starting point directly to zero.",Local linearization; Recursion and iteration,Gradient,b-convex,9
gradient-descent-rate,Convex gradient descent error bound,"f(x_k)-f(x^*)\le\frac{L\|x_0-x^*\|_2^2}{2k},\qquad x_{k+1}=x_k-\frac1L\nabla f(x_k)",Optimization,Iterative optimization,Advanced undergraduate,theorem,"For smooth convex objectives, repeated safe gradient steps reduce objective error at a guaranteed inverse-iteration rate.","f:R^n->R is convex with L-Lipschitz gradient, L>0, and has a minimizer x*. Use constant step 1/L and integer k>=1.",The bound guarantees that doubling the iteration budget halves this worst-case error estimate.,Limits and convergence; Optimization,Gradient descent; First-order characterization of convexity; Descent lemma,b-convex,2
newton-optimization,Newton step for optimization,"\nabla^2f(x_k)d_k=-\nabla f(x_k),\qquad x_{k+1}=x_k+\alpha_kd_k",Optimization,Iterative optimization,Advanced undergraduate,method,Fit a local quadratic bowl and step toward its minimizer. Curvature corrects for directions with very different scales.,f is twice differentiable and the Hessian is invertible at the current iterate; positive definiteness makes d a descent direction. A damping or line-search choice may be needed; unrestricted full steps need not converge.,A full step solves any strictly convex quadratic exactly in exact arithmetic.,Quadratic structure; Change of coordinates,Gradient; Hessian matrix; Newton's root-finding method,b-convex,4
coordinate-descent,Coordinate descent,"x_{k+1}=x_k+t_ke_{j_k},\qquad t_k\in\operatorname*{arg\,min}_{t\in\mathbb R}f(x_k+te_{j_k})",Optimization,Iterative optimization,Undergraduate,method,Improve one coordinate at a time while holding the others fixed. A large optimization problem becomes a sequence of one-dimensional problems.,The selected one-dimensional minimum must exist. Cyclic or random coordinate selection and suitable smoothness or convexity assumptions are needed for convergence guarantees.,"For a diagonal positive quadratic, one exact coordinate sweep finds the minimizer.",Decomposition; Recursion and iteration,Gradient descent; Composition of functions,b-convex,4
stochastic-gradient,Stochastic gradient descent,"x_{k+1}=x_k-\eta_kg_k,\quad g_k=\nabla f_{I_k}(x_k),\quad \mathbb E[g_k\mid x_k]=\nabla F(x_k),\quad F=\frac1n\sum_{i=1}^nf_i",Optimization,Iterative optimization,Undergraduate,method,Use a randomly chosen contribution to estimate the full gradient. Each step is noisy but much cheaper when the objective has many terms.,"Each f_i is differentiable, I_k is uniform on {1,...,n} independently of past randomness given x_k, and eta_k>0. The formula alone gives no convergence guarantee; step sizes, variance, and objective geometry matter.",Choose one observation at each step to update a large regression fit.,Averaging; Randomness and distribution,Gradient descent; Linearity of expectation; Arithmetic mean,b-convex,3
momentum-method,Heavy-ball momentum,x_{k+1}=x_k-\eta\nabla f(x_k)+\beta(x_k-x_{k-1}),Optimization,Iterative optimization,Advanced undergraduate,method,Keep part of the previous displacement so consistent directions accumulate speed. Momentum can damp alternating motions but can also overshoot.,"f is differentiable, eta>0, and typically 0<=beta<1. These choices alone do not guarantee convergence; for a positive quadratic with largest Hessian eigenvalue L, stability holds for eta<2(1+beta)/L.","On a narrow quadratic valley, memory of previous motion can reduce slow progress along the shallow direction.",Recursion and iteration; Accumulation,Gradient descent,b-momentum,3
lagrange-multipliers,Lagrange multiplier stationarity,"\nabla f(x^*)+\sum_{j=1}^m\lambda_j\nabla h_j(x^*)=0,\qquad h_j(x^*)=0",Optimization,Constraints and duality,Undergraduate,theorem,"At a constrained optimum, no feasible infinitesimal direction can improve the objective. The objective gradient must therefore lie among the normals to the constraints.","f and h_j are C1 near a local constrained optimum x*, and the constraint gradients there are linearly independent. These equations are necessary, not generally sufficient.",Optimizing a quadratic on the unit sphere produces an eigenvector equation.,Orthogonality; Geometry and distance,Gradient; Inner product,b-convex,4
lagrangian-dual,Lagrangian dual function,"L(x,\lambda,\nu)=f_0(x)+\sum_i\lambda_if_i(x)+\sum_j\nu_jh_j(x),\qquad g(\lambda,\nu)=\inf_xL(x,\lambda,\nu)",Optimization,Constraints and duality,Advanced undergraduate,definition,Attach prices to constraint violations and minimize the priced objective. Each choice of nonnegative inequality prices gives a lower-bound candidate.,"The primal is min f0 subject to f_i<=0 and h_j=0; lambda_i>=0 and nu_j are free. The infimum uses the common domain, and g may equal minus infinity.","For a linear program, a finite dual value forces cancellation of the free primal variable's coefficient.",Duality; Optimization,Lagrange multiplier stationarity,b-convex,5
weak-duality,Weak duality,"g(\lambda,\nu)\le f_0(x)\quad\text{for feasible }x,\lambda\ge0,\qquad d^*\le p^*",Optimization,Constraints and duality,Advanced undergraduate,theorem,Any valid dual bound lies below every feasible primal cost. A small gap between one of each certifies near optimality.,The primal uses inequalities f_i<=0 and equalities h_j=0; g is the Lagrangian infimum and lambda>=0. Convexity is unnecessary; compare well-defined extended optimal values.,A feasible solution of cost ten and dual bound nine proves the unknown optimal cost lies between nine and ten.,Duality; Optimization,Lagrangian dual function,b-convex,5
kkt-conditions,Karush-Kuhn-Tucker conditions,"\nabla f_0(x)+\sum_i\lambda_i\nabla f_i(x)+A^\top\nu=0,\quad f_i(x)\le0,\quad Ax=b,\quad \lambda_i\ge0,\quad \lambda_if_i(x)=0",Optimization,Constraints and duality,Advanced undergraduate,theorem,Optimality balances the objective gradient with active constraint normals. A constraint receives a nonzero price only if it is tight.,"For differentiable convex f0,f_i on R^n and affine equalities, any feasible triple satisfying KKT is globally optimal. If a strict feasible point exists (Slater), KKT is also necessary at every attained finite optimum. Nonconvex necessity needs a constraint qualification and gives no global certificate.","For min x^2 subject to x>=1, x=1 and multiplier two satisfy stationarity and complementary slackness.",Duality; Boundary and interior,Lagrangian dual function; First-order characterization of convexity,b-convex,10
slater-condition,Slater's strong-duality condition,"\exists x:\ f_i(x)<0,\ Ax=b,\quad p^*\in\mathbb R\quad\Longrightarrow\quad p^*=d^*=\max_{\lambda\ge0,\nu}g(\lambda,\nu)",Optimization,Constraints and duality,Graduate,theorem,A genuinely feasible interior point prevents a convex problem's constraints from pinching off the geometry needed for exact dual bounds.,"The f_i and f0 are finite convex functions on R^n, equalities are affine, and the primal optimal value is finite. The displayed strict-feasibility condition is sufficient; more general versions use relative interiors.",A feasible convex program with strictly slack inequalities admits an attained dual optimum even if the primal infimum is approached only as a limit.,Boundary and interior; Duality,Lagrangian dual function; Convex function inequality,b-convex,1
linear-program-duality,Linear programming duality,\min_{\substack{Ax=b\\x\ge0}}c^\top x=\max_{\substack{A^\top y\le c}}b^\top y,Optimization,Constraints and duality,Undergraduate,theorem,A resource-allocation optimum can be described either by choosing activities or by assigning prices that bound their value.,"Finite real A,b,c; the displayed equality and attainment hold when the primal is feasible and its optimal value is finite. Without those assumptions, infeasibility or unboundedness must be handled separately.",A primal solution and a feasible price vector with equal objectives certify optimality immediately.,Duality; Linearity,Weak duality,b-convex,14
quadratic-program,Convex quadratic program,"\min_x\ \tfrac12x^\top Qx+c^\top x\quad\text{subject to }Gx\le h,\ Ax=b,\qquad Q\succeq0",Optimization,Constraints and duality,Undergraduate,model,A quadratic cost measures smooth tradeoffs while linear constraints describe allowed choices. This includes many fitting and allocation problems.,Q is symmetric positive semidefinite and all arrays are finite real with compatible dimensions. Semidefinite Q can allow nonuniqueness or an unbounded objective; Q positive definite gives a unique optimum on any nonempty closed feasible polyhedron.,Nonnegative least squares is a quadratic program with Q=2X^T X and constraints beta>=0.,Quadratic structure; Convexity,Quadratic form; Second-order characterization of convexity,b-convex,2
subgradient,Convex subgradient,g\in\partial f(x)\iff f(y)\ge f(x)+g^\top(y-x)\quad\text{for every }y,Optimization,Nonsmooth and geometric methods,Advanced undergraduate,definition,"At a corner, several slopes may support the graph from below. The subdifferential stores all of them.","f is a proper convex function on R^n, possibly taking +infinity, and f(x) is finite; a boundary point can have an empty subdifferential.","For f(x)=|x|, the subdifferential at zero is the entire interval [-1,1].",Convexity; Local linearization,First-order characterization of convexity,b-proximal,7
proximal-operator,Proximal operator,"\operatorname{prox}_{\eta g}(v)=\operatorname*{arg\,min}_x\left\{g(x)+\frac{\|x-v\|_2^2}{2\eta}\right\}",Optimization,Nonsmooth and geometric methods,Graduate,definition,Move toward lower cost while paying for distance from the current point. The quadratic tether makes many difficult updates well-defined and stable.,"g is proper, lower-semicontinuous, and convex on R^n; eta>0. The minimizer exists and is unique.","For g the indicator of a nonempty closed convex set, the proximal operator is Euclidean projection onto that set.",Optimization; Geometry and distance,Convex subgradient; Norm axioms and induced norm,b-proximal,9
soft-threshold,Soft thresholding,"\operatorname{prox}_{\lambda\|\cdot\|_1}(v)_i=\operatorname{sign}(v_i)\max(|v_i|-\lambda,0)",Optimization,Nonsmooth and geometric methods,Undergraduate,identity,"Shrink each coordinate toward zero by a fixed amount, stopping at zero. Small coordinates disappear entirely.","v is a finite real vector, lambda>=0, and sign(0)=0; this minimizes one-half ||x-v||^2+lambda||x||_1.","Thresholding (3,-.4,0) at one gives (2,0,0).",Decomposition; Optimization,Proximal operator,b-proximal,5
proximal-gradient,Proximal gradient method,x_{k+1}=\operatorname{prox}_{\eta g}\!\left(x_k-\eta\nabla f(x_k)\right),Optimization,Nonsmooth and geometric methods,Graduate,method,Use a gradient step for the smooth part and a proximal step for the nonsmooth part. Each part is handled by the operation suited to its structure.,"For the standard convex convergence guarantee, f is convex with L-Lipschitz gradient on R^n, g is proper closed convex, a minimizer of f+g exists, and 0<eta<=1/L.","For squared-error loss plus an L1 penalty, one iteration is a gradient step followed by soft thresholding.",Decomposition; Composition,Gradient descent; Proximal operator,b-proximal,3
projected-gradient,Projected gradient method,x_{k+1}=\Pi_C\!\left(x_k-\eta\nabla f(x_k)\right),Optimization,Nonsmooth and geometric methods,Undergraduate,method,Take a downhill step and then return to the nearest feasible point. Projection enforces the constraint after each update.,"C is a nonempty closed convex subset of R^n. For the standard convex convergence guarantee, f has an L-Lipschitz gradient, is convex, has a minimizer on C, and 0<eta<=1/L.","For nonnegative variables, projection clips negative coordinates to zero.",Geometry and distance; Composition,Gradient descent; Proximal operator,b-proximal,4
log-sum-exp,Log-sum-exp,"\operatorname{LSE}(x)=\log\sum_{i=1}^ne^{x_i}=m+\log\sum_i e^{x_i-m},\quad m=\max_i x_i",Optimization,Exponential weights and convex duality,Undergraduate,identity,Log-sum-exp is a smooth maximum that lets several strong alternatives contribute. Subtracting the largest input computes it without unnecessarily large exponentials.,"x is a finite real vector, n>=1. It obeys max_i x_i<=LSE(x)<=max_i x_i+log n; the base is e.","LSE(0,0)=log 2, reflecting two equally weighted alternatives.",Exponentials and logarithms; Convexity,Logarithm laws; Exponential addition law,b-convex,5
softmax,Softmax weights,"p_i=\frac{e^{x_i}}{\sum_j e^{x_j}},\qquad \nabla\operatorname{LSE}(x)=p",Optimization,Exponential weights and convex duality,Undergraduate,definition,Turn arbitrary real scores into positive weights that sum to one. A score difference becomes a log probability ratio.,x is a finite real vector and n>=1; the formula uses the natural exponential. Adding the same constant to every score changes no probability.,"Scores (0,log 3) give probabilities (1/4,3/4).",Averaging; Symmetry and invariance,Log-sum-exp; Derivative,b-convex,4
convex-conjugate,Legendre-Fenchel conjugate,f^*(y)=\sup_x\{y^\top x-f(x)\},Optimization,Exponential weights and convex duality,Graduate,definition,Describe a function by how much a linear slope can exceed it. This switches from positions to supporting-slope information.,f is a proper extended-real function on R^n; f* may take +infinity. The conjugate is convex and lower-semicontinuous even when f is not convex.,"For f(x)=||x||^2/2, the conjugate is f*(y)=||y||^2/2.",Duality; Optimization,Inner product; Convex function inequality,b-convex,9
fenchel-young,Fenchel-Young inequality,"f(x)+f^*(y)\ge x^\top y,\qquad \text{equality}\iff y\in\partial f(x)",Optimization,Exponential weights and convex duality,Graduate,theorem,A function value and its dual value always cover the linear pairing. Equality means the primal point and dual slope support each other perfectly.,f is proper closed convex; x is in its effective domain. The inequality uses extended-real values; equality requires finite values and is equivalent to the subgradient condition.,"For f(x)=||x||^2/2, it becomes x^T y<=(||x||^2+||y||^2)/2.",Duality; Convexity,Legendre-Fenchel conjugate; Convex subgradient,b-convex,2
bregman-divergence,Bregman divergence,"D_h(x,y)=h(x)-h(y)-\nabla h(y)^\top(x-y)",Optimization,Exponential weights and convex duality,Graduate,definition,Measure how far the function rises above its tangent at y. Curvature creates a notion of discrepancy adapted to the chosen function.,"h is differentiable and strictly convex on an open convex domain containing x,y. D_h>=0 and vanishes only at x=y, but it is generally neither symmetric nor a metric.","For h(x)=||x||^2/2, D_h(x,y)=||x-y||^2/2.",Geometry and distance; Local linearization,First-order characterization of convexity,b-mirror,1
mirror-descent,Mirror descent,"x_{k+1}\in\operatorname*{arg\,min}_{x\in C}\left\{\eta_k\nabla f(x_k)^\top x+D_h(x,x_k)\right\}",Optimization,Exponential weights and convex duality,Graduate,method,"Choose a geometry that matches the variables, then take a local improvement step measured in that geometry. Probabilities and Euclidean coordinates can therefore use different natural updates.","C is convex, h is differentiable and strictly convex at the evaluated interior points, eta_k>0, and the displayed minimum is attained. Boundary values can use a lower-semicontinuous extension; convergence needs additional assumptions on f, h, and steps.",Negative-entropy geometry on the simplex produces multiplicative exponential-weight updates from an interior starting point.,Geometry and distance; Local linearization,Bregman divergence; Gradient descent,b-mirror,3
minimax-von-neumann,Finite-game minimax theorem,\max_{p\in\Delta_m}\min_{q\in\Delta_n}p^\top Aq=\min_{q\in\Delta_n}\max_{p\in\Delta_m}p^\top Aq,Optimization,Exponential weights and convex duality,Advanced undergraduate,theorem,Randomized strategies allow two opposing players to agree on one worst-case value. Neither player benefits from knowing which optimization order is used.,"A is a finite real m-by-n payoff matrix, and Delta_m,Delta_n are probability simplexes; payoff is bilinear and both players may randomize.","In matching pennies, each player uses probabilities (1/2,1/2), giving value zero for the usual plus/minus-one payoff.",Duality; Averaging,Weighted arithmetic mean; Linear programming duality,b-convex,3
self-information,Self-information,\imath(x)=-\log p(x),Information & signals,Information measures,Foundations,definition,An unlikely outcome carries more surprise than a likely one. Logarithms make the surprise of independent outcomes add.,"x is an outcome of a discrete law with p(x)>0; natural logs give nats, and log base two gives bits. A zero-probability event has infinite formal self-information.",An outcome of probability 1/8 carries three bits of self-information.,Exponentials and logarithms; Information and uncertainty,Logarithm laws; Probability axioms,b-info-entropy,1
entropy,Shannon entropy,H(X)=-\sum_xp(x)\log p(x)=\mathbb E[-\log p(X)],Information & signals,Information measures,Undergraduate,definition,Entropy is average surprise. It measures how uncertain a random outcome is before observing it.,X has a finite or countable discrete law; use 0 log 0=0. Natural logs give nats; a countable law may have infinite entropy.,"A fair binary outcome has entropy log 2 nats, or one bit.",Averaging; Information and uncertainty,Self-information; Expectation,b-info-entropy,6
cross-entropy,Cross entropy,"H(p,q)=-\sum_i p_i\log q_i=H(p)+D_{\mathrm{KL}}(p\|q)",Information & signals,Information measures,Undergraduate,definition,Evaluate outcomes generated by p using probabilities supplied by q. The excess average surprise measures the mismatch between them.,"p and q are probability vectors on the same finite alphabet, with q_i>0 whenever p_i>0 for finite cross entropy; otherwise it is +infinity. Terms with p_i=0 contribute zero.",A model assigning 1/2 to each of two outcomes incurs log 2 nats per observation under any binary source.,Averaging; Decomposition,Shannon entropy; Kullback-Leibler divergence,b-info-entropy,2
kl-divergence,Kullback-Leibler divergence,D_{\mathrm{KL}}(p\|q)=\sum_i p_i\log\frac{p_i}{q_i},Information & signals,Information measures,Undergraduate,definition,"KL divergence measures the extra expected log loss from using q when p describes the outcomes. It is directional, so reversing the arguments changes the question.","p,q are probability vectors on the same finite alphabet; zero p_i contributes zero, while p_i>0 and q_i=0 gives +infinity. KL is not generally symmetric and is not a metric.","For Bernoulli(1/2) versus Bernoulli(1/4), KL equals one-half log(4/3).",Information and uncertainty; Exponentials and logarithms,Expectation; Logarithm laws,b-info-entropy,11
gibbs-inequality,Gibbs' inequality,"D_{\mathrm{KL}}(p\|q)\ge0,\qquad D_{\mathrm{KL}}(p\|q)=0\iff p=q",Information & signals,Information measures,Undergraduate,theorem,"On average, a distribution assigns its own outcomes at least as well as any competing distribution under log loss.","p,q are probability vectors on the same finite alphabet, with the usual zero-mass and infinite-divergence conventions.",The cross entropy of p with q cannot be smaller than the entropy of p.,Convexity; Optimization,Kullback-Leibler divergence; Jensen's inequality,b-info-entropy,6
joint-entropy-chain-rule,Entropy chain rule,"H(X,Y)=H(X)+H(Y\mid X),\qquad H(Y\mid X)=\sum_xp(x)H(Y\mid X=x)",Information & signals,Information measures,Undergraduate,theorem,"Describe X first, then the uncertainty still remaining about Y. The two stages account for the full joint uncertainty.","X,Y have finite alphabets; conditional distributions are used only at positive-mass x. All entropies use the same logarithm base.","Two independent fair bits have joint entropy two bits, one from each stage.",Decomposition; Averaging,Shannon entropy; Conditional probability,b-info-entropy,5
mutual-information,Mutual information,"I(X;Y)=D_{\mathrm{KL}}(p_{XY}\|p_Xp_Y)=H(X)+H(Y)-H(X,Y)",Information & signals,Information measures,Undergraduate,definition,Mutual information measures how much knowing one variable reduces uncertainty about the other. It detects dependence beyond linear correlation.,"X,Y have finite alphabets; the product law p_Xp_Y is positive on the support of the joint law. All logs use the same base.","If Y=X is a fair bit, mutual information is one bit; independent variables have zero mutual information.",Information and uncertainty; Decomposition,Kullback-Leibler divergence; Entropy chain rule,b-info-entropy,5
conditional-mutual-information,Conditional mutual information,"I(X;Y\mid Z)=\sum_zp(z)D_{\mathrm{KL}}(p_{XY\mid z}\|p_{X\mid z}p_{Y\mid z}),\quad I(X;Y,Z)=I(X;Z)+I(X;Y\mid Z)",Information & signals,Information measures,Advanced undergraduate,definition,Measure the dependence left between X and Y after accounting for Z. Averaging over Z makes this a conditional information quantity.,"X,Y,Z have finite alphabets; only z with p(z)>0 enter conditional distributions.","Two variables can be independent marginally yet become dependent after conditioning, as in the XOR construction.",Averaging; Decomposition,Mutual information; Conditional probability,b-info-mutual,1
data-processing,Data-processing inequality,X\to Y\to Z\quad\Longrightarrow\quad I(X;Z)\le I(X;Y),Information & signals,Information measures,Advanced undergraduate,theorem,Processing an observation cannot create new information about its source when the processor sees only that observation.,"X,Y,Z have finite alphabets and satisfy conditional independence X independent of Z given Y, equivalently the indicated Markov chain.",Coarsening a recorded measurement to a rounded value cannot increase its information about the original source.,Information and uncertainty; Composition,Conditional mutual information; Markov chain transition law,b-info-mutual,4
fano-inequality,Fano's inequality,"H(X\mid Y)\le h(P_e)+P_e\log(K-1),\quad h(u)=-u\log u-(1-u)\log(1-u)",Information & signals,Information measures,Advanced undergraduate,theorem,"If a decoder usually reconstructs a finite label correctly, little uncertainty can remain about that label. Conversely, large conditional entropy forces errors.","X takes K>=2 possible values, Y has a finite alphabet, Xhat=g(Y), and P_e=P(Xhat!=X); use 0 log 0=0 and one common log base.","For binary X, the bound reduces to H(X|Y)<=h(P_e).",Information and uncertainty; Decomposition,Entropy chain rule,b-info-fano,3
maximum-entropy-uniform,Maximum entropy on a finite alphabet,"H(p)\le\log n,\qquad H(p)=\log n\iff p_i=\frac1n",Information & signals,Maximum entropy and inference,Undergraduate,theorem,"If only the number of possible outcomes is fixed, spreading probability equally creates the most uncertainty.","p is a probability vector on a specified alphabet of n>=1 outcomes, with natural logs and 0 log 0=0.","A fair six-sided die has entropy log 6 nats, the largest possible for six outcomes.",Symmetry and invariance; Optimization,Shannon entropy; Gibbs' inequality,b-info-entropy,6
differential-entropy,Differential entropy,"h(X)=-\int_{\mathbb R^d}f(x)\log f(x)\,dx",Information & signals,Maximum entropy and inference,Advanced undergraduate,definition,"Differential entropy summarizes a density's spread in continuous coordinates. Unlike discrete entropy, its value depends on the units used.","X has a Lebesgue density f; assume integral |f log f| is finite for a finite well-defined value, with 0 log 0=0. Differential entropy can be negative.",A uniform density on an interval of length a has differential entropy log a.,Averaging; Scaling and homogeneity,Shannon entropy; Riemann integral,b-info-entropy,2
maximum-entropy-gaussian,Gaussian maximum entropy at fixed variance,h(X)\le\frac12\log(2\pi e\sigma^2),Information & signals,Maximum entropy and inference,Advanced undergraduate,theorem,"With a fixed variance, the Gaussian spreads probability as unpredictably as possible under differential entropy.","X is real with a density, finite variance sigma^2>0, and a well-defined finite differential entropy. Equality holds exactly for a Gaussian density with that variance, up to almost-everywhere equality.",A unit-variance density has entropy at most one-half log(2*pi*e) nats.,Optimization; Quadratic structure,Differential entropy; Normal distribution; Gibbs' inequality,b-info-entropy,4
gibbs-distribution,Gibbs distribution,"p_i=\frac{e^{-\beta E_i}}{Z},\qquad Z=\sum_j e^{-\beta E_j}",Information & signals,Maximum entropy and inference,Undergraduate,model,Exponential weights balance low cost against diversity. Increasing beta concentrates mass on lower-energy choices.,There are finitely many finite real energies E_i and beta>0. The displayed law uniquely minimizes sum_i p_i E_i-(1/beta)H(p) over the probability simplex.,"If two energies are equal, they receive equal weights for every beta.",Exponentials and logarithms; Optimization,Shannon entropy; Softmax weights,b-info-entropy,5
entropy-variational-formula,Entropy variational formula for log-sum-exp,\log\sum_i e^{x_i}=\max_{p\in\Delta_n}\left\{\sum_i p_ix_i+H(p)\right\},Information & signals,Maximum entropy and inference,Advanced undergraduate,theorem,A smooth maximum is the best weighted average score plus a reward for keeping the weights spread out.,"x is a finite real vector, Delta_n is the probability simplex, and H uses natural logs with 0 log 0=0. The unique maximizing weights are softmax(x).","For n equal scores a, the optimum is uniform and the value is a+log n.",Duality; Averaging,Log-sum-exp; Shannon entropy; Legendre-Fenchel conjugate,b-convex; b-info-entropy,6
elbo,Evidence lower bound identity,"\log p(x)=\underbrace{\mathbb E_q\!\left[\log\frac{p(x,Z)}{q(Z)}\right]}_{\mathcal L(q)}+D_{\mathrm{KL}}(q\|p(Z\mid x))",Information & signals,Maximum entropy and inference,Advanced undergraduate,identity,An approximate latent distribution creates a lower bound on log evidence. The missing amount is exactly its KL divergence from the true posterior.,"0<p(x)<infinity; q is a probability density or mass absolutely continuous with respect to the posterior, and both displayed right-hand terms are finite. KL nonnegativity then gives L(q)<=log p(x).",Choosing q equal to the exact posterior makes the bound tight.,Decomposition; Optimization,Bayes' rule; Kullback-Leibler divergence; Expectation,b-em,2
channel-capacity,Capacity of a discrete memoryless channel,C=\max_{p_X}I(X;Y),Information & signals,Communication and coding,Advanced undergraduate,theorem,Choose the input distribution that makes the output as informative about the input as possible. This value governs reliable long-block communication.,"A fixed finite-input, finite-output memoryless channel p(y|x), with no additional input constraint. C is the supremum of achievable rates with error tending to zero; natural-log information gives nats per use.",A noiseless channel with n symbols has capacity log n nats per use.,Optimization; Information and uncertainty,Mutual information,b-info-capacity,3
awgn-capacity,Real Gaussian channel capacity,C=\frac12\log\!\left(1+\frac PN\right),Information & signals,Communication and coding,Advanced undergraduate,theorem,"For additive Gaussian noise, useful information grows logarithmically with signal-to-noise ratio. A Gaussian input makes best use of the allowed average power.","One real memoryless channel use is Y=X+Z, with independent Z~N(0,N), N>0, and E[X^2]<=P, P>=0. The formula is in nats per real use; divide by log 2 for bits.",At P=N the capacity is one-half bit per real channel use.,Exponentials and logarithms; Optimization,Capacity of a discrete memoryless channel; Gaussian maximum entropy at fixed variance; Variance of a sum,b-info-channel,3
kraft-inequality,Kraft inequality,\sum_i2^{-\ell_i}\le1,Information & signals,Communication and coding,Undergraduate,theorem,"Each binary codeword occupies a branch of a binary tree. Prefix-free words must occupy disjoint branches, so their total tree mass cannot exceed one.","For a finite collection of positive integer lengths ell_i, a binary prefix code with those lengths exists exactly when the inequality holds. Every uniquely decodable binary code also satisfies it.","Lengths (1,2,2) satisfy equality and are realized by codewords 0,10,11.",Counting; Conservation and balance,Exponential addition law; Probability axioms,b-info-coding,1
source-coding-bound,Entropy bound for binary prefix coding,"\frac{H(p)}{\log2}\le L^*<\frac{H(p)}{\log2}+1,\qquad L^*=\min_{\text{binary prefix codes}}\sum_i p_i\ell_i",Information & signals,Communication and coding,Undergraduate,theorem,Entropy sets the ideal average description length. Integer codeword lengths cost less than one additional bit per symbol for an optimal binary prefix code.,"A finite alphabet with at least two positive-probability symbols; H(p) uses natural logs. The minimum is over binary prefix codes for single symbols, with average length measured in bits.","For probabilities (1/2,1/4,1/4), lengths (1,2,2) achieve the entropy exactly at 1.5 bits.",Averaging; Information and uncertainty,Shannon entropy; Kraft inequality,b-info-coding,6
fourier-transform,Fourier transform,"\widehat f(\xi)=\int_{\mathbb R}f(t)e^{-2\pi i\xi t}\,dt",Information & signals,Continuous Fourier analysis,Undergraduate,definition,Measure how strongly a signal aligns with each oscillation. Frequency coordinates can expose structure hidden in its time or spatial values.,f is a complex-valued Lebesgue-integrable function on R for this ordinary integral definition; xi is real. This branch consistently uses the 2-pi frequency convention.,A normalized probability density has Fourier value one at frequency zero.,Change of coordinates; Linearity,Riemann integral; Euler's formula,b-fourier,13
fourier-inversion,Fourier inversion,"f(t)=\int_{\mathbb R}\widehat f(\xi)e^{2\pi i\xi t}\,d\xi",Information & signals,Continuous Fourier analysis,Advanced undergraduate,theorem,"Reassemble a signal by adding its frequency contributions with their phases. Under suitable integrability, the frequency description loses no information.",Assume f and its Fourier transform are in L1(R). The identity holds almost everywhere and at every continuity point of f; broader L2 inversion uses an L2 limit rather than this absolute integral.,The transform and inverse transform of a Gaussian recover the original Gaussian.,Decomposition; Duality,Fourier transform,b-fourier,3
fourier-convolution-theorem,Fourier convolution theorem,\widehat{f*g}(\xi)=\widehat f(\xi)\widehat g(\xi),Information & signals,Continuous Fourier analysis,Undergraduate,theorem,"Convolution mixes shifted copies in the original coordinates. In frequency coordinates, each frequency is simply scaled by a multiplier.","f,g belong to L1(R); their convolution belongs to L1 and the displayed identity holds at every real xi with the chosen Fourier convention.",Convolving a signal with a smoothing kernel suppresses frequencies where the kernel's transform is small.,Composition; Change of coordinates,Convolution; Fourier transform,b-fourier,3
fourier-shift,Fourier translation rule,\mathcal F[f(t-a)](\xi)=e^{-2\pi i a\xi}\widehat f(\xi),Information & signals,Continuous Fourier analysis,Undergraduate,identity,Moving a signal changes the phase of each frequency while preserving its spectral magnitude.,"f in L1(R), a real, with the 2-pi Fourier convention.",A delayed pulse has the same magnitude spectrum as the original pulse.,Symmetry and invariance; Exponentials and logarithms,Fourier transform,b-fourier,2
fourier-modulation,Fourier modulation rule,\mathcal F[e^{2\pi i\nu t}f(t)](\xi)=\widehat f(\xi-\nu),Information & signals,Continuous Fourier analysis,Undergraduate,identity,Multiplying by a pure oscillation moves the whole spectrum to a new center frequency.,f in L1(R) and nu real; the modulation uses the same 2-pi convention as the transform.,A narrow baseband signal can be shifted to a carrier band by complex modulation.,Change of coordinates; Symmetry and invariance,Fourier transform; Euler's formula,b-fourier-properties,2
fourier-scaling,Fourier scaling rule,\mathcal F[f(at)](\xi)=\frac1{|a|}\widehat f\!\left(\frac{\xi}{a}\right),Information & signals,Continuous Fourier analysis,Undergraduate,identity,Compressing a signal in time spreads it in frequency. The amplitude factor compensates for the change in integration scale.,f in L1(R) and a is a nonzero real number; negative a also reverses orientation.,The signal f(2t) is twice as narrow in time and its spectrum is one-half fhat(xi/2).,Scaling and homogeneity; Change of coordinates,Fourier transform,b-fourier-properties,2
fourier-differentiation,Fourier differentiation rule,"\widehat{f'}(\xi)=2\pi i\xi\,\widehat f(\xi)",Information & signals,Continuous Fourier analysis,Undergraduate,theorem,"Differentiation amplifies rapid oscillations more strongly than slow ones. In frequency coordinates, a derivative is multiplication by frequency.",For this statement assume f is a Schwartz function (smooth with all derivatives rapidly decreasing); weaker hypotheses can also justify integration by parts and vanishing boundary terms.,A second derivative transforms to -(2*pi*xi)^2 fhat(xi).,Change of coordinates; Linearity,Fourier transform; Derivative; Integration by parts,b-fourier-derivative,3
plancherel,Plancherel identity,"\int_{\mathbb R}|f(t)|^2\,dt=\int_{\mathbb R}|\widehat f(\xi)|^2\,d\xi",Information & signals,Continuous Fourier analysis,Graduate,theorem,"Changing from time to frequency coordinates preserves total squared magnitude. Energy is redistributed among frequencies, not changed.","f belongs to L2(R), and its transform is defined by the unique L2 extension of the L1-intersection-L2 transform. The 2-pi convention makes the equality have no extra factor.",A filter that removes frequencies cannot increase L2 energy when its multiplier has magnitude at most one.,Conservation and balance; Orthogonality,Fourier transform; Norm axioms and induced norm,b-plancherel,3
fourier-gaussian,Fourier transform of a Gaussian,\mathcal F[e^{-\pi a t^2}](\xi)=a^{-1/2}e^{-\pi\xi^2/a},Information & signals,Continuous Fourier analysis,Undergraduate,identity,"A Gaussian remains Gaussian under the Fourier transform, with reciprocal width. Its shape is balanced between localization in both domains.",a>0 is real and the 2-pi transform convention is used.,"When a=1, exp(-pi*t^2) is its own Fourier transform.",Symmetry and invariance; Scaling and homogeneity,Fourier transform; Gaussian integral; Fourier scaling rule,b-fourier-gaussian,4
discrete-fourier-transform,Discrete Fourier transform,"X_k=\sum_{n=0}^{N-1}x_ne^{-2\pi i kn/N},\qquad x_n=\frac1N\sum_{k=0}^{N-1}X_ke^{2\pi i kn/N}",Information & signals,Discrete transforms and sampling,Undergraduate,definition,A finite vector can be represented by its alignment with N discrete oscillations. Orthogonality makes the representation exactly reversible.,"N>=1 is an integer, x in C^N, and indices n,k run from zero to N-1. The forward transform is unnormalized and the inverse uses 1/N.",X_0/N is the arithmetic mean of the original vector.,Change of coordinates; Orthogonality,Euler's formula; Inner product,b-dft,8
dft-parseval,Parseval identity for the DFT,\sum_{n=0}^{N-1}|x_n|^2=\frac1N\sum_{k=0}^{N-1}|X_k|^2,Information & signals,Discrete transforms and sampling,Undergraduate,theorem,The DFT redistributes squared length across orthogonal frequency directions. Its normalization determines the single factor of N.,x in C^N with N>=1 and the unnormalized forward DFT used in discrete-fourier-transform.,"For the all-ones vector, the only nonzero coefficient is X_0=N; both sides equal N.",Conservation and balance; Quadratic structure,Discrete Fourier transform; Norm axioms and induced norm,b-dft,1
circular-convolution,Circular convolution and the DFT,"(x\circledast y)_n=\sum_{m=0}^{N-1}x_my_{(n-m)\bmod N},\qquad \operatorname{DFT}(x\circledast y)_k=X_kY_k",Information & signals,Discrete transforms and sampling,Undergraduate,theorem,Wrap finite sequences around a circle and sum all pairs producing the same cyclic index. The DFT diagonalizes this cyclic mixing.,"x,y in C^N and N>=1; indices are taken modulo N. Ordinary linear convolution requires enough zero-padding to avoid circular wraparound.","For lengths a and b, zero-padding to N>=a+b-1 allows circular convolution to reproduce their linear convolution.",Composition; Symmetry and invariance,Discrete Fourier transform; Convolution,b-lti,1
fft-butterfly,Radix-two FFT butterfly,"X_k=E_k+\omega_N^kO_k,\qquad X_{k+N/2}=E_k-\omega_N^kO_k,\qquad \omega_N=e^{-2\pi i/N}",Information & signals,Discrete transforms and sampling,Undergraduate,method,"Split a transform into even-index and odd-index inputs, solve the two smaller transforms, and reuse their results to reconstruct the full transform.","N=2^m with integer m>=1; E and O are the length-N/2 DFTs of even and odd subsequences, and 0<=k<N/2. Recursing gives O(N log N) arithmetic operations.","An eight-point DFT splits into two four-point DFTs, then four two-point DFTs.",Recursion and iteration; Decomposition,Discrete Fourier transform; Exponential addition law,b-fft,1
sampling-theorem,Shannon sampling theorem,"f(t)=\sum_{n\in\mathbb Z}f(nT)\operatorname{sinc}\!\left(\frac tT-n\right),\qquad \operatorname{sinc}(u)=\frac{\sin(\pi u)}{\pi u}",Information & signals,Discrete transforms and sampling,Advanced undergraduate,theorem,Exact bandlimiting makes regularly spaced samples contain the whole signal. Shifted sinc functions reconstruct the continuous curve between samples.,"T>0, f in L2(R), and fhat vanishes outside [-1/(2T),1/(2T)]. Use the continuous bandlimited representative and sinc(0)=1; the full series converges in L2 and uniformly. A truncated finite reconstruction is an approximation.","A signal with no frequencies above B can be reconstructed from all samples at spacing T=1/(2B), for B>0.",Decomposition; Information and uncertainty,Fourier inversion; Fourier series and Fourier coefficients,b-sampling,1
autocorrelation,Autocorrelation of a stationary process,"R_X(\tau)=\mathbb E[X(t+\tau)\overline{X(t)}],\qquad R_X(-\tau)=\overline{R_X(\tau)}",Information & signals,Random signals and localization,Undergraduate,definition,Compare a signal with a delayed version of itself and average the product. This reveals persistence and repeated structure across time lags.,"X is a complex second-order wide-sense stationary process, so the mean is constant and covariance depends only on lag. For zero mean, autocorrelation equals autocovariance.",A stationary centered Ornstein-Uhlenbeck process has an autocorrelation that decays exponentially with lag magnitude.,Averaging; Symmetry and invariance,Covariance; Expectation,b-random-signals,1
wiener-khinchin,Wiener-Khinchin relation,"S_X(\xi)=\int_{\mathbb R}R_X(\tau)e^{-2\pi i\xi\tau}\,d\tau,\qquad R_X(0)=\int_{\mathbb R}S_X(\xi)\,d\xi",Information & signals,Random signals and localization,Advanced undergraduate,theorem,Time-lag dependence and frequency power contain the same second-order information. Integrating the power spectrum recovers the process variance in the zero-mean case.,"X is zero-mean, mean-square continuous, and wide-sense stationary with finite variance and integrable autocorrelation. Then S is a nonnegative spectral density; more general stationary processes require a spectral measure.",Exponentially decaying autocorrelation corresponds to a Lorentzian-shaped power spectrum.,Change of coordinates; Conservation and balance,Autocorrelation of a stationary process; Fourier transform,b-random-signals,1
uncertainty-principle,Fourier uncertainty principle,"\sigma_t\sigma_\xi\ge\frac1{4\pi},\qquad \sigma_t^2=\int(t-\mu_t)^2|f(t)|^2dt,\quad \sigma_\xi^2=\int(\xi-\mu_\xi)^2|\widehat f(\xi)|^2d\xi",Information & signals,Random signals and localization,Advanced undergraduate,theorem,A nonzero signal cannot be arbitrarily concentrated in both time and frequency. Narrowing one representation imposes a minimum spread on the other.,"For a simple sufficient hypothesis, f is a Schwartz function with ||f||_2=1. mu_t and mu_xi are the means under |f|^2 and |fhat|^2; the Fourier convention uses 2*pi. Shifted and modulated Gaussian functions attain equality.",A Gaussian pulse achieves the smallest possible product of variance-defined time and frequency widths.,Duality; Geometry and distance,Plancherel identity; Variance; Cauchy–Schwarz inequality; Fourier differentiation rule,b-uncertainty,4
linear-map,Linear map,T(au+bv)=aT(u)+bT(v),Linear algebra,Vector spaces and maps,Undergraduate,definition,A linear map respects mixing: transforming a mixture gives the same result as mixing the transformed ingredients. This is the exact version of the local approximation used by derivatives.,"V and W are vector spaces over the same field; T:V→W; the law holds for every u,v in V and every pair of scalars a,b.",Differentiation on polynomials sends 3p+2q to 3p′+2q′.,Linearity; Algebraic structure,Composition of functions,c-axler,9
matrix-product,Matrix multiplication,(AB)_{ij}=\sum_{k=1}^{n}A_{ik}B_{kj},Linear algebra,Vector spaces and maps,Undergraduate,definition,Each output-to-input connection is the sum over possible intermediate coordinates. Multiplying matrices therefore records the composition of linear maps.,A is m×n and B is n×p over the same field; the sum is finite.,"For A=[1,2] and B=[3,4]ᵀ, AB=11.",Composition; Accumulation,Linear map,c-axler,13
span-basis,Basis and unique coordinates,v=\sum_{i=1}^{n}x_i b_i\quad\text{uniquely for every }v\in V,Linear algebra,Vector spaces and maps,Undergraduate,definition,A basis is a smallest complete set of directions: every vector can be assembled from it in exactly one way. Coordinates are instructions relative to this chosen set.,"V is finite-dimensional over a field; b₁,…,bₙ is a basis precisely when the displayed existence and uniqueness hold.","The polynomial 2−3t+t² has coordinates (2,−3,1) in the basis (1,t,t²).",Decomposition; Change of coordinates,,c-axler,16
rank-nullity,Rank–nullity theorem,\dim V=\dim\ker T+\dim\operatorname{im}T,Linear algebra,Vector spaces and maps,Undergraduate,theorem,Input directions split into directions the map erases and independent directions visible at the output. These two counts exhaust the input dimension.,T:V→W is linear over a field and V is finite-dimensional; W may be larger or infinite-dimensional.,A rank-2 linear map from a five-dimensional space has a three-dimensional kernel.,Decomposition; Conservation and balance,Linear map; Basis and unique coordinates,c-axler,20
dimension-sum,Dimension of a sum of subspaces,\dim(U+W)=\dim U+\dim W-\dim(U\cap W),Linear algebra,Vector spaces and maps,Undergraduate,theorem,Adding two spaces counts their shared directions twice. Subtracting the intersection corrects the overlap.,U and W are finite-dimensional subspaces of one vector space over a field.,"Two distinct planes through the origin in three dimensions meet in a line, so their sum has dimension 2+2−1=3.",Counting; Decomposition,Basis and unique coordinates,c-axler,5
change-of-basis,Change of basis and similarity,[T]_{\mathcal C}=P^{-1}[T]_{\mathcal B}P,Linear algebra,Vector spaces and maps,Undergraduate,identity,"One matrix converts new coordinates to old, the operator acts, and the inverse converts back. Similar matrices describe the same transformation in different coordinates.",T is an endomorphism of a finite-dimensional vector space; P is invertible and its columns are the new basis vectors expressed in the old basis.,"Swapping coordinate axes conjugates diag(2,5) into diag(5,2).",Change of coordinates; Symmetry and invariance,Basis and unique coordinates; Matrix multiplication,c-axler,12
determinant,Determinant,"\det A=\sum_{\sigma\in S_n}\operatorname{sgn}(\sigma)\prod_{i=1}^{n}A_{i,\sigma(i)}",Linear algebra,Vector spaces and maps,Undergraduate,definition,The determinant is the signed volume multiplier of a linear map. The alternating sum removes combinations that collapse volume into lower dimensions.,A is an n×n matrix over a commutative field or ring; signed-volume interpretation is for real Euclidean space.,"The diagonal matrix diag(2,3) multiplies oriented area by 6.",Geometry and distance; Symmetry and invariance,Matrix multiplication,c-axler,26
determinant-product,Multiplicativity of determinant,\det(AB)=\det(A)\det(B),Linear algebra,Vector spaces and maps,Undergraduate,identity,Sequential transformations multiply their volume factors. A composition can preserve full dimension only if both square factors do.,A and B are n×n matrices over the same commutative ring; the volume interpretation assumes real entries.,A stretch by 3 followed by one by 4 along the same axis has volume multiplier 12.,Composition; Scaling and homogeneity,Determinant; Matrix multiplication,c-axler,9
matrix-inverse,Inverse by the adjugate,A^{-1}=\frac{\operatorname{adj}A}{\det A},Linear algebra,Vector spaces and maps,Undergraduate,identity,"Cofactors assemble a matrix whose multiplication cancels all cross terms, leaving det(A) times the identity. Dividing by that factor reverses the transformation.","A is square over a field with det A≠0; adj A is the transpose of the cofactor matrix. This identity is conceptual, not the preferred numerical algorithm.","For A=[[a,b],[c,d]], its inverse is [[d,−b],[−c,a]]/(ad−bc).",Duality; Algebraic structure,Determinant; Matrix multiplication,c-axler,11
cramers-rule,Cramer’s rule,Ax=b\quad\Longrightarrow\quad x_i=\frac{\det A_i(b)}{\det A},Linear algebra,Vector spaces and maps,Undergraduate,theorem,Replacing one column by the target vector measures how much of that column direction the solution needs. The ratio compares the new oriented volume to the original one.,A is an invertible n×n matrix over a field; Aᵢ(b) replaces its ith column with b.,"For 2x+y=5 and x−y=1, determinant ratios give x=2 and y=1.",Decomposition; Geometry and distance,Inverse by the adjugate; Determinant,c-axler,2
trace,Trace,"\operatorname{tr}A=\sum_{i=1}^{n}A_{ii}=\sum_{i=1}^{n}\lambda_i,\qquad \operatorname{tr}(AB)=\operatorname{tr}(BA)",Linear algebra,Vector spaces and maps,Undergraduate,identity,"Trace adds the self-to-self contributions of a map. Although diagonal entries depend on coordinates, their sum equals the eigenvalue sum and remains unchanged by a basis change.","For the eigenvalue sum, A is complex square, or real with eigenvalues counted over C, including algebraic multiplicities. For cyclicity A is m×n and B is n×m over a commutative field.","A=[[2,7],[0,5]] has trace 7, matching eigenvalues 2 and 5.",Accumulation; Symmetry and invariance,Matrix multiplication,c-axler,19
inner-product,Inner product,"\langle x,y\rangle=x^*y=\sum_{i=1}^{n}\overline{x_i}y_i",Linear algebra,Inner products and orthogonality,Undergraduate,definition,An inner product measures alignment while extending the dot product to abstract vector spaces. It also supplies lengths and perpendicularity.,"Displayed formula is the standard inner product on Rⁿ or Cⁿ. Throughout these entries the first slot is conjugate-linear, the second linear; an abstract inner product is conjugate-symmetric and positive definite.","For real vectors (1,2) and (3,4), the inner product is 11.",Linearity; Geometry and distance,,c-axler,15
norm,Norm axioms and induced norm,"\|x\|\ge0,\quad \|x\|=0\iff x=0,\quad\|ax\|=|a|\|x\|,\quad\|x+y\|\le\|x\|+\|y\|;\quad\|x\|_2=\sqrt{x^*x}",Linear algebra,Inner products and orthogonality,Undergraduate,definition,"A norm is a consistent way to assign size to vectors. Scaling multiplies size, and taking a detour cannot beat a direct route.",The axioms hold for all vectors and scalars in a real or complex vector space; the final formula is the Euclidean norm and is not the only possible norm.,"The Euclidean norm of (3,4) is 5, while its ℓ¹ norm is 7.",Scaling and homogeneity; Geometry and distance,,c-axler,10
cauchy-schwarz,Cauchy–Schwarz inequality,"|\langle x,y\rangle|^2\le\langle x,x\rangle\langle y,y\rangle",Linear algebra,Inner products and orthogonality,Undergraduate,theorem,"Alignment cannot exceed the product of lengths. Equality means the two vectors contain the same direction, up to a scalar.","x and y belong to a real or complex inner-product space; equality holds exactly when they are linearly dependent, including a zero vector.","For (1,2) and (3,4), 11²≤5·25.",Geometry and distance; Quadratic structure,Inner product; Norm axioms and induced norm,c-axler,17
parallelogram-law,Parallelogram law,\|x+y\|^2+\|x-y\|^2=2\|x\|^2+2\|y\|^2,Linear algebra,Inner products and orthogonality,Undergraduate,identity,The total squared lengths of a parallelogram’s diagonals equal twice the total squared lengths of adjacent sides. Cross terms cancel between the two diagonals.,"The identity holds for norms induced by real or complex inner products. Conversely, a norm satisfying it for all x,y comes from an inner product.","For x=(1,0), y=(0,1), the two diagonal squares are 2+2=4.",Quadratic structure; Symmetry and invariance,Inner product; Norm axioms and induced norm,c-axler,3
polarization-identity,Polarization identity over the reals,"\langle x,y\rangle=\frac{\|x+y\|^2-\|x-y\|^2}{4}",Linear algebra,Inner products and orthogonality,Undergraduate,identity,You can recover angles from distance measurements alone. The difference of the two diagonal squares isolates the interaction between the vectors.,"x,y lie in a real inner-product space and the norm is the induced one. Complex inner products require additional terms involving iy.","For x=(1,0), y=(1,1), the formula gives (5−1)/4=1.",Duality; Quadratic structure,Inner product; Norm axioms and induced norm,c-axler,2
projection,Orthogonal projection,"P_Ux=\sum_{j=1}^{k}q_j\langle q_j,x\rangle,\qquad P_U=QQ^*",Linear algebra,Inner products and orthogonality,Undergraduate,theorem,Projection keeps the components pointing along a chosen subspace and discards perpendicular components. The retained point is the closest point of the subspace.,"q₁,…,qₖ is an orthonormal basis of a finite-dimensional subspace U of a real or complex inner-product space; Q has those vectors as columns in orthonormal coordinates.","Projection of (3,4) onto the x-axis is (3,0).",Orthogonality; Optimization,Inner product; Norm axioms and induced norm,c-axler,23
orthogonal-decomposition,Orthogonal decomposition and energy split,"x=P_Ux+(I-P_U)x,\qquad\|x\|^2=\|P_Ux\|^2+\|(I-P_U)x\|^2",Linear algebra,Inner products and orthogonality,Undergraduate,theorem,A signal splits into the part a subspace can express and an unexplained perpendicular remainder. Their squared sizes add without cross terms.,"U is a finite-dimensional subspace of an inner-product space, or a closed subspace of a Hilbert space; Pᵤ is its orthogonal projection.","For x=(3,4) projected onto the x-axis, 25=9+16.",Decomposition; Conservation and balance,Orthogonal projection; Inner product,c-axler,11
gram-schmidt,Gram–Schmidt orthogonalization,"u_k=v_k-\sum_{j<k}q_j\langle q_j,v_k\rangle,\qquad q_k=\frac{u_k}{\|u_k\|}",Linear algebra,Inner products and orthogonality,Undergraduate,method,Each new vector is cleaned of directions already represented. Normalizing the remainder produces a new independent unit direction.,"v₁,…,vₙ is a linearly independent finite list in an inner-product space; q₁=v₁/‖v₁‖. Independence ensures no denominator is zero.","Starting from (1,0) and (1,1), the second residual is (0,1).",Recursion and iteration; Orthogonality,Orthogonal projection; Norm axioms and induced norm,c-axler,5
qr-decomposition,QR factorization,"A=QR,\qquad Q^*Q=I,\qquad R\text{ upper triangular}",Linear algebra,Inner products and orthogonality,Undergraduate,theorem,A linear transformation becomes an orthonormal coordinate frame followed by triangular mixing. This separates geometry from the bookkeeping of dependent coordinates.,"A is m×n over R or C with m≥n and full column rank; the reduced Q is m×n, and R is invertible n×n. Requiring positive real diagonal entries makes this reduced factorization unique.","The columns (1,0) and (1,1) yield Q=I and R=[[1,1],[0,1]].",Decomposition; Orthogonality,Gram–Schmidt orthogonalization; Matrix multiplication,c-axler,5
bessel-inequality-finite,Bessel’s inequality for an orthonormal list,"\sum_{j=1}^{k}|\langle q_j,x\rangle|^2\le\|x\|^2",Linear algebra,Inner products and orthogonality,Undergraduate,theorem,Looking along only some perpendicular directions cannot reveal more energy than the vector contains. Missing directions account for the gap.,"q₁,…,qₖ is a finite orthonormal list in an inner-product space; equality holds iff x belongs to its span.","For x=(3,4,12) and the first two coordinate directions, 9+16≤169.",Orthogonality; Conservation and balance,Orthogonal decomposition and energy split,c-axler,1
eigenvalue,Eigenvalues and eigenvectors,"Av=\lambda v,\qquad v\ne0",Linear algebra,Eigenvalues and matrix factorizations,Undergraduate,definition,An eigenvector is a direction the transformation leaves on its own line. Along that direction the full transformation behaves like multiplication by a single number.,A is a square matrix over a field; λ is in the chosen scalar field and v is nonzero. A real matrix may have no real eigenvalues.,"For diag(2,5), the coordinate axes are eigenvectors with eigenvalues 2 and 5.",Scaling and homogeneity; Symmetry and invariance,Linear map,c-axler,19
characteristic-polynomial,Characteristic polynomial,"p_A(t)=\det(tI-A),\qquad p_A(\lambda)=0\iff\lambda\text{ is an eigenvalue}",Linear algebra,Eigenvalues and matrix factorizations,Undergraduate,theorem,Subtracting a proposed scalar action tests whether some direction is annihilated. The determinant records exactly when that failure of invertibility occurs.,A is n×n over a field; roots and eigenvectors are considered over that field or a stated extension. Over C the polynomial has n roots counting multiplicity.,"For A=[[2,1],[0,3]], p_A(t)=(t−2)(t−3).",Algebraic structure; Decomposition,Eigenvalues and eigenvectors; Determinant,c-axler,4
cayley-hamilton,Cayley–Hamilton theorem,p_A(A)=0,Linear algebra,Eigenvalues and matrix factorizations,Undergraduate,theorem,Every square matrix obeys its own characteristic equation. High powers can therefore be rewritten using only finitely many lower powers.,"A is an n×n matrix over a commutative field; p_A(t)=det(tI−A), and polynomial evaluation uses matrix powers with constant term times I.","If p_A(t)=t²−5t+6, then A²=5A−6I.",Recursion and iteration; Algebraic structure,Characteristic polynomial; Matrix multiplication,c-axler,5
diagonalization,Diagonalization,"A=P\Lambda P^{-1},\qquad A^k=P\Lambda^kP^{-1}",Linear algebra,Eigenvalues and matrix factorizations,Undergraduate,theorem,A suitable coordinate system uncouples the transformation into separate stretch factors. Repeated application then becomes ordinary scalar exponentiation.,"A is n×n over a field and has a basis of eigenvectors; P consists of those eigenvectors. The power formula holds for integers k≥0, and for negative k if every eigenvalue is nonzero.",A matrix with eigenvalues 2 and 3 and two independent eigenvectors has powers controlled by 2ᵏ and 3ᵏ.,Change of coordinates; Decomposition,Eigenvalues and eigenvectors; Change of basis and similarity,c-axler,9
spectral-theorem,Spectral theorem in finite dimensions,"A=U\Lambda U^*,\quad U^*U=I;\qquad A^*A=AA^*\iff\text{such a decomposition exists}",Linear algebra,Eigenvalues and matrix factorizations,Undergraduate,theorem,"A normal complex matrix has independent perpendicular modes. For Hermitian matrices these modes have real strengths, making quadratic energy especially transparent.","A is a complex n×n matrix: unitary diagonalization is equivalent to normality. If A=A*, all eigenvalues are real; a real symmetric matrix has an orthogonal diagonalization. A general real normal matrix need not be real-diagonalizable.","The symmetric matrix [[2,1],[1,2]] has orthogonal eigenvectors (1,1), (1,−1) with eigenvalues 3 and 1.",Orthogonality; Decomposition; Symmetry and invariance,Eigenvalues and eigenvectors; Inner product; Adjoint of a linear map,c-axler,26
rayleigh-quotient,Rayleigh quotient,"R_A(x)=\frac{x^*Ax}{x^*x},\qquad \lambda_{\min}\le R_A(x)\le\lambda_{\max}",Linear algebra,Eigenvalues and matrix factorizations,Undergraduate,theorem,The Rayleigh quotient measures the strength of a Hermitian transformation in one direction. In an eigenbasis it is a weighted average of the eigenvalues.,"A is a nonempty Hermitian matrix, x≠0, and λmin, λmax are its smallest and largest eigenvalues. Equality occurs in the corresponding extreme eigenspaces.","For diag(2,8) and x=(1,1), R_A(x)=5.",Averaging; Optimization,Quadratic form; Spectral theorem in finite dimensions,c-axler,8
min-max-eigenvalue,Courant–Fischer min–max principle,\lambda_k=\min_{\dim S=k}\ \max_{0\ne x\in S}\frac{x^*Ax}{x^*x},Linear algebra,Eigenvalues and matrix factorizations,Advanced undergraduate,theorem,"To find the kth-smallest mode, choose the best k-dimensional space against its worst direction. Dimensional constraints force that space to encounter the kth eigenvalue.","A is n×n Hermitian with λ₁≤…≤λₙ, and 1≤k≤n; S ranges over k-dimensional complex subspaces (real subspaces for real symmetric A).","For diag(1,4,9), the best two-dimensional subspace has worst Rayleigh quotient 4.",Optimization; Geometry and distance,Rayleigh quotient; Dimension of a sum of subspaces,c-axler,3
singular-value-decomposition,Singular value decomposition,"A=U\Sigma V^*,\qquad \sigma_i\ge0,\qquad \sigma_i^2=\lambda_i(A^*A)",Linear algebra,Eigenvalues and matrix factorizations,Undergraduate,theorem,"Every finite matrix can be understood as orthogonal changes of coordinates surrounding independent nonnegative stretches. Unlike eigenvectors, the input and output directions may live in different spaces.","A is m×n over R or C; U and V are orthogonal or unitary square matrices, and Σ is rectangular diagonal with nonnegative singular values. Include zeros with the usual dimensional padding.",A rank-one matrix has one positive singular value and acts through one input direction and one output direction.,Decomposition; Orthogonality; Change of coordinates,Spectral theorem in finite dimensions; Adjoint of a linear map,c-axler,13
pseudoinverse,Moore–Penrose pseudoinverse,"A^+=V\Sigma^+U^*,\qquad\Sigma^+_{ii}=\begin{cases}\sigma_i^{-1}&\sigma_i>0\\0&\sigma_i=0\end{cases}",Linear algebra,Eigenvalues and matrix factorizations,Undergraduate,definition,The pseudoinverse reverses the directions a map actually transmits and leaves erased directions at zero. It chooses the smallest solution among equally good fits.,A is a finite real or complex matrix with SVD A=UΣV*; Σ⁺ has transposed shape. A⁺b is the unique minimum-Euclidean-norm least-squares solution.,"For diag(2,0), A⁺=diag(1/2,0).",Decomposition; Optimization,Singular value decomposition,c-axler,4
eckart-young,Eckart–Young–Mirsky low-rank approximation,"A_k=\sum_{i=1}^{k}\sigma_i u_i v_i^*,\qquad\min_{\operatorname{rank}B\le k}\|A-B\|_2=\sigma_{k+1}",Linear algebra,Eigenvalues and matrix factorizations,Advanced undergraduate,theorem,The best rank budget is spent on the largest independent stretches. No alternative k-dimensional representation can hide the next singular direction.,"A is m×n real or complex, σ₁≥…≥σmin(m,n)≥0 and 0≤k<min(m,n); ‖·‖₂ is the spectral norm. The same truncation minimizes Frobenius error, whose square is Σᵢ>kσᵢ²; minimizers need not be unique.","For diag(5,2,1), the best rank-one spectral error is 2.",Optimization; Decomposition,Singular value decomposition; Norm axioms and induced norm,c-axler,3
polar-decomposition,Polar decomposition,"A=UH,\qquad H=(A^*A)^{1/2}\succeq0",Linear algebra,Eigenvalues and matrix factorizations,Advanced undergraduate,theorem,A square transformation separates into a pure nonnegative stretch followed by a length-preserving motion. This extends magnitude times phase from complex numbers to matrices.,"A is a square real or complex matrix; H is the unique positive semidefinite square root. U can be chosen orthogonal or unitary; it is unique when A is invertible, but may not be unique otherwise.","For A=−2I, H=2I and U=−I.",Decomposition; Geometry and distance,Singular value decomposition; Spectral theorem in finite dimensions,c-axler,1
jordan-normal-form,Jordan normal form,"A=PJP^{-1},\qquad J=\bigoplus_\alpha(\lambda_\alpha I+N_\alpha)",Linear algebra,Eigenvalues and matrix factorizations,Advanced undergraduate,theorem,"When independent eigenvectors are missing, chains of generalized eigenvectors describe the remaining coupling. The extra nilpotent pieces record how far the map is from diagonal.","A is a finite square matrix over C, or over a field where its characteristic polynomial splits. Each Nα has ones on a block’s superdiagonal and is nilpotent; block ordering is arbitrary.","The matrix [[2,1],[0,2]] is a single Jordan block and cannot be diagonalized.",Decomposition; Recursion and iteration,Eigenvalues and eigenvectors; Change of basis and similarity; Characteristic polynomial,c-axler,7
quadratic-form,Quadratic form,"q(x)=x^{\mathsf T}Ax=\sum_{i,j}A_{ij}x_ix_j",Linear algebra,Quadratic and multilinear structure,Undergraduate,definition,A quadratic form measures size or energy with direction-dependent weights and interactions. Its matrix records both individual squared contributions and pairwise cross terms.,x is real and A is real symmetric; every real quadratic polynomial homogeneous of degree two has such a unique symmetric matrix. Complex Hermitian forms use x*Ax instead.,"q(x,y)=2x²+2xy+3y² has matrix [[2,1],[1,3]].",Quadratic structure; Geometry and distance,Matrix multiplication,c-axler,18
sylvester-inertia,Sylvester’s law of inertia,"P^{\mathsf T}AP=\operatorname{diag}(I_p,-I_q,0_r),\qquad p+q+r=n",Linear algebra,Quadratic and multilinear structure,Advanced undergraduate,theorem,"A real quadratic form has intrinsic counts of positive, negative and flat directions. Coordinate changes can reshape the expression but cannot change those counts.","A is real symmetric and P is invertible; the integers p,q,r are unique, although P is not. This is congruence, not similarity, so individual eigenvalue magnitudes need not be preserved.","x²−y²+0z² has inertia (1,1,1) under any invertible real coordinate change.",Symmetry and invariance; Decomposition,Quadratic form; Spectral theorem in finite dimensions,c-axler,2
cholesky-factorization,Cholesky factorization,"A=LL^*,\qquad L\text{ lower triangular with positive diagonal}",Linear algebra,Quadratic and multilinear structure,Undergraduate,theorem,A positive definite quadratic energy can be converted into an ordinary sum of squares by a triangular coordinate transform. Positivity makes each successive square root possible.,"A is Hermitian positive definite over C, or real symmetric positive definite; then L exists uniquely with positive real diagonal entries. Semidefinite matrices require qualifications and may have nonunique factors.","[[4,2],[2,3]]=[[2,0],[1,√2]][[2,1],[0,√2]].",Decomposition; Quadratic structure,Quadratic form; Adjoint of a linear map,c-axler,2
schur-complement,Schur complement,"S=D-CA^{-1}B,\qquad\det\begin{pmatrix}A&B\\C&D\end{pmatrix}=\det(A)\det(S)",Linear algebra,Quadratic and multilinear structure,Advanced undergraduate,identity,Eliminating one block of variables changes the interactions among the remaining variables. The Schur complement is the effective matrix after that elimination.,"The block matrix is square, A is square and invertible, and all block sizes are compatible over a field. S need not be invertible for the determinant identity.",Eliminating x from 2x+y=b₁ and x+3y=b₂ leaves coefficient 3−1/2=5/2 on y.,Decomposition; Composition,Inverse by the adjugate; Matrix multiplication,c-higham-update; c-axler,10
matrix-exponential,Matrix exponential,"e^{tA}=\sum_{k=0}^{\infty}\frac{t^kA^k}{k!},\qquad x(t)=e^{tA}x_0,\quad x\prime(t)=Ax(t)",Linear algebra,Quadratic and multilinear structure,Undergraduate,definition,The exponential turns a constant infinitesimal linear rule into its finite-time motion. Eigenvector directions evolve like ordinary scalar exponentials.,"A is a fixed finite square real or complex matrix, t is real or complex, and the series converges absolutely in every matrix norm. The ODE statement uses real time with x(0)=x₀; e^(A+B)=e^Ae^B is guaranteed when A and B commute.","For A=[[0,−1],[1,0]], e^(tA) is a rotation through angle t.",Exponentials and logarithms; Composition,Matrix multiplication,c-higham-exp,22
kronecker-product,Kronecker product,"A\otimes B=[A_{ij}B],\qquad(A\otimes B)(C\otimes D)=(AC)\otimes(BD)",Linear algebra,Quadratic and multilinear structure,Advanced undergraduate,identity,The Kronecker product lets two coordinate systems vary independently. Its block structure represents the product of two linear actions.,"A,B,C,D are finite matrices over one field and AC and BD are defined; the first formula defines the Kronecker product.",I₂⊗B places two copies of B along the block diagonal.,Composition; Decomposition,Matrix multiplication,c-axler,5
tensor-product,Tensor product universal property,"\operatorname{Bil}(V\times W,Z)\cong\operatorname{Hom}(V\otimes W,Z),\qquad b(v,w)=\widetilde b(v\otimes w)",Linear algebra,Quadratic and multilinear structure,Advanced undergraduate,definition,A tensor product packages two-input bilinear behavior into one-input linear behavior. It creates a space in which every bilinear operation can be treated as an ordinary linear map.,"V,W,Z are vector spaces over a common field; the displayed correspondence is natural and bijective. The induced linear map b̃ is unique for each bilinear b.",A bilinear expression Σᵢⱼaᵢⱼvᵢwⱼ becomes a linear functional on the tensors eᵢ⊗fⱼ.,Linearity; Composition,Linear map; Basis and unique coordinates,c-axler,15
dual-map,Dual space and pullback of linear functionals,"T^*:W^*\to V^*,\qquad T^*(\varphi)=\varphi\circ T",Linear algebra,Quadratic and multilinear structure,Advanced undergraduate,definition,"A forward map of vectors pulls measurements backward. To measure the output, first apply the map and then the output measurement.","T:V→W is linear over a field; V* and W* are algebraic dual spaces. Here T* denotes the dual map, not the Hermitian adjoint unless an inner-product identification is supplied.","If T scales vectors by 3, it also multiplies every pulled-back linear measurement by 3.",Duality; Composition,Linear map; Composition of functions,c-axler,11
adjoint,Adjoint of a linear map,"\langle Tx,y\rangle_W=\langle x,T^*y\rangle_V,\qquad [T^*]=\overline{[T]}^{\mathsf T}",Linear algebra,Quadratic and multilinear structure,Undergraduate,definition,The adjoint transfers a linear action from one side of an inner-product measurement to the other. In orthonormal coordinates this reverses rows and columns and conjugates entries.,T maps between finite-dimensional real or complex inner-product spaces; matrices are expressed in orthonormal bases. The adjoint exists uniquely; infinite-dimensional unbounded operators need domain qualifications.,A real column vector viewed as a map has its transpose as adjoint.,Duality; Orthogonality,Inner product; Linear map,c-axler,7
gram-determinant,Gram determinant and volume,"\operatorname{Vol}_k(v_1,\ldots,v_k)^2=\det G,\qquad G_{ij}=\langle v_i,v_j\rangle",Linear algebra,Quadratic and multilinear structure,Undergraduate,theorem,All lengths and pairwise angles together determine the volume spanned by a list of vectors. The volume vanishes exactly when the directions are dependent.,"v₁,…,vₖ are vectors in a real Euclidean space with k≤its dimension; Volₖ is the unsigned volume of their parallelepiped. The determinant is nonnegative.","For v₁=(1,0) and v₂=(1,2), G=[[1,1],[1,5]] has determinant 4, so area is 2.",Geometry and distance; Quadratic structure,Inner product; Determinant,c-axler,9
matrix-geometric-series,Matrix geometric series,(I-A)^{-1}=\sum_{k=0}^{\infty}A^k,Linear algebra,Quadratic and multilinear structure,Advanced undergraduate,theorem,"Repeated feedback can be added one pass at a time. When repeated powers decay, all indirect effects sum to a single inverse.",A is a finite square real or complex matrix with spectral radius ρ(A)<1. The series converges in every matrix norm; ‖A‖<1 in a submultiplicative norm is sufficient but not necessary.,"For A=(1/2)I, the sum is 2I.",Recursion and iteration; Limits and convergence,Matrix multiplication; Eigenvalues and eigenvectors; Finite geometric sum,c-axler,4
sherman-morrison,Sherman–Morrison rank-one update,(A+uv^*)^{-1}=A^{-1}-\frac{A^{-1}uv^*A^{-1}}{1+v^*A^{-1}u},Linear algebra,Quadratic and multilinear structure,Advanced undergraduate,identity,Changing a matrix along one input-output interaction changes its inverse by another rank-one term. The denominator checks whether the update destroys invertibility.,"A is invertible and square over R or C; u,v have compatible dimensions and 1+v*A⁻¹u≠0. A* notation on v means conjugate transpose.","For A=I and u=v=e₁, the updated inverse changes the first diagonal entry to 1/2.",Decomposition; Recursion and iteration,Inverse by the adjugate; Matrix multiplication,c-higham-update,6
group-laws,Group axioms,"(ab)c=a(bc),\qquad ea=ae=a,\qquad aa^{-1}=a^{-1}a=e",Abstract algebra,Groups and symmetry,Undergraduate,definition,"A group abstracts reversible actions that can be composed. You may regroup a sequence of actions, do nothing, and undo any action.","G is a set with a closed binary operation; associativity holds for all a,b,c, one identity e exists, and every a has an inverse. Commutativity is not assumed.",Rotations of a square form a group; all rigid symmetries of the square form a larger noncommutative group.,Composition; Symmetry and invariance,Composition of functions,c-lagrange,7
homomorphism,Group homomorphism,\phi(ab)=\phi(a)\phi(b),Abstract algebra,Groups and symmetry,Undergraduate,definition,"A homomorphism translates one system of actions into another while preserving how actions combine. It can forget distinctions, but must forget them consistently.","G,H are groups and φ:G→H; the law holds for every a,b in G. The group operations may use different notation.",det:GLₙ(R)→R× sends matrix composition to multiplication of determinants.,Algebraic structure; Composition,Group axioms,c-group-iso,14
kernel-image,Kernel and image of a homomorphism,"\ker\phi=\{g:\phi(g)=e_H\}\trianglelefteq G,\qquad\operatorname{im}\phi=\{\phi(g):g\in G\}\le H",Abstract algebra,Groups and symmetry,Undergraduate,theorem,"The kernel is exactly the information a map erases, while the image is exactly what it can express. Group laws make the erased information compatible with quotienting.","φ:G→H is a group homomorphism; the kernel is normal in G, and the image is a subgroup of H.","For reduction Z→Z/5Z, the kernel is 5Z and the image is all five residue classes.",Decomposition; Algebraic structure,Group homomorphism,c-group-iso,6
quotient-group,Quotient group,"(gN)(hN)=(gh)N,\qquad G/N=\{gN:g\in G\}",Abstract algebra,Groups and symmetry,Undergraduate,definition,A quotient treats certain transformations as invisible. Each new element is a whole class of old elements that differ only by an invisible action.,N is a normal subgroup of G. Normality is essential for the displayed multiplication to be independent of the chosen representatives.,Z/12Z models addition of hours on a clock.,Algebraic structure; Symmetry and invariance,Group axioms; Equivalence relation,c-group-iso,10
first-isomorphism-theorem,First isomorphism theorem,"G/\ker\phi\cong\operatorname{im}\phi,\qquad g\ker\phi\longmapsto\phi(g)",Abstract algebra,Groups and symmetry,Undergraduate,theorem,"Once you identify precisely the differences a homomorphism erases, what remains is a perfect copy of its output. This turns information loss into a structural description.","φ:G→H is any group homomorphism; the quotient is by its normal kernel, and the induced map is a well-defined group isomorphism onto the image.","The map Z→{1,−1}, n↦(−1)ⁿ has kernel 2Z, so Z/2Z is isomorphic to {1,−1}.",Decomposition; Algebraic structure,Kernel and image of a homomorphism; Quotient group,c-group-iso,10
lagrange-group-theorem,Lagrange’s theorem for finite groups,"|G|=[G:H]|H|,\qquad |H|\mid |G|",Abstract algebra,Groups and symmetry,Undergraduate,theorem,A subgroup tiles its finite group with equal-size cosets. The total number of elements is the number of tiles times the size of one tile.,G is a finite group and H is a subgroup; [G:H] counts left cosets. The converse divisibility claim is false: a divisor of |G| need not occur as a subgroup order.,"A subgroup of a group with 15 elements can only have order 1,3,5 or 15.",Counting; Symmetry and invariance,Group axioms; Equivalence relation,c-lagrange,7
group-action,Group action,"e\cdot x=x,\qquad(gh)\cdot x=g\cdot(h\cdot x)",Abstract algebra,Groups and symmetry,Undergraduate,definition,An abstract group becomes concrete by letting it move objects. The action law says the group’s multiplication agrees with doing those moves in sequence.,"G is a group, X a set, and the action is a map G×X→X satisfying both laws for all g,h,x. Each g necessarily acts by a bijection.",The permutation group Sₙ acts on n coordinate positions by reordering them.,Composition; Symmetry and invariance,Group axioms,c-actions,17
orbit-stabilizer,Orbit–stabilizer theorem,|G\cdot x|=[G:G_x]=\frac{|G|}{|G_x|},Abstract algebra,Groups and symmetry,Undergraduate,theorem,The number of genuinely different positions equals the number of available actions divided by the number that leave the object where it is. Stabilizers measure redundant ways to reach the same position.,"G is finite and acts on X; Gₓ={g:g·x=x}. The orbit-coset bijection remains valid for infinite groups, but the displayed numeric division is the finite version.",The 8 symmetries of a square act on its 4 vertices; a chosen vertex has a stabilizer of size 2.,Counting; Symmetry and invariance,Group action; Lagrange’s theorem for finite groups,c-actions,5
burnside-lemma,Burnside’s orbit-counting lemma,|X/G|=\frac{1}{|G|}\sum_{g\in G}|\operatorname{Fix}(g)|,Abstract algebra,Groups and symmetry,Undergraduate,theorem,"To count objects up to symmetry, average how many objects each symmetry leaves unchanged. The average exactly removes overcounting from different stabilizer sizes.",A finite group G acts on a finite set X; Fix(g)={x:g·x=x} and X/G is the set of orbits.,"Two-colorings of three labeled positions modulo all permutations have (8+3·4+2·2)/6=4 orbits, determined by the number of red positions.",Averaging; Symmetry and invariance; Counting,Group action; Orbit–stabilizer theorem,c-burnside,9
class-equation,Class equation,|G|=|Z(G)|+\sum_i[G:C_G(g_i)],Abstract algebra,Groups and symmetry,Undergraduate,theorem,Conjugation groups elements by how they sit inside the symmetry system. Central elements are alone in their classes; every other class is counted by its centralizer.,"G is finite; gᵢ is one representative from each noncentral conjugacy class, Z(G) is the center, and C_G(g)={h:hg=gh}.","For S₃, the class sizes are 1,3,2, so 6=1+3+2.",Decomposition; Symmetry and invariance,Group action; Orbit–stabilizer theorem,c-class,2
sylow-theorems,Sylow theorems,"|G|=p^a m,\quad p\nmid m:\qquad |P|=p^a,\quad n_p\equiv1\pmod p,\quad n_p\mid m",Abstract algebra,Groups and symmetry,Advanced undergraduate,theorem,"The largest possible prime-power pieces of a finite group always exist, and symmetry makes them conjugate. Their possible number is sharply restricted by arithmetic.","G is finite, p is prime, a≥1 and p does not divide m. A Sylow p-subgroup P exists; every p-subgroup lies in one; all Sylow p-subgroups are conjugate. nₚ counts them, and nₚ=1 iff the Sylow subgroup is normal.","In a group of order 15, n₅ divides 3 and is 1 modulo 5, so the order-5 subgroup is unique and normal.",Symmetry and invariance; Counting,Lagrange’s theorem for finite groups; Group action,c-sylow,2
cayley-group-theorem,Cayley’s theorem for groups,"G\hookrightarrow\operatorname{Sym}(G),\qquad g\longmapsto L_g,\quad L_g(x)=gx",Abstract algebra,Groups and symmetry,Undergraduate,theorem,Every abstract group can be realized as actual permutations. Letting the group move its own elements gives a faithful concrete model.,"G is any group; Sym(G) is the group of all bijections of the underlying set. For finite |G|=n, this embeds G into Sₙ.",A cyclic group of order 3 becomes the permutations generated by the cycle (123).,Algebraic structure; Symmetry and invariance,Group action; Group homomorphism,c-actions,3
cyclic-order,Order of a power in a cyclic subgroup,"\operatorname{ord}(g^k)=\frac{n}{\gcd(n,k)}\quad\text{when }\operatorname{ord}(g)=n",Abstract algebra,Groups and symmetry,Undergraduate,theorem,Taking k steps at a time around a cycle may visit only part of it. The greatest common divisor measures how many interlaced smaller cycles appear.,"g has finite order n≥1 in a group and k is an integer; gcd(n,0)=n.","If g has order 12, then g⁸ has order 12/gcd(12,8)=3.",Recursion and iteration; Counting,Group axioms; Euclidean algorithm,c-lagrange,2
direct-product-group,Direct product of groups,"(g_1,h_1)(g_2,h_2)=(g_1g_2,h_1h_2),\qquad |G\times H|=|G||H|",Abstract algebra,Groups and symmetry,Undergraduate,definition,Two independent symmetry systems can run side by side. The paired system keeps both states and composes each component separately.,G and H are groups; the order formula is the finite version. No commutativity of either factor is required.,"Two independent binary switches form Z/2Z×Z/2Z, with four states.",Decomposition; Counting,Group axioms; Cartesian product,c-abelian,5
finite-abelian-structure,Structure theorem for finite abelian groups,"G\cong\mathbb Z/d_1\mathbb Z\oplus\cdots\oplus\mathbb Z/d_r\mathbb Z,\qquad 1<d_1\mid d_2\mid\cdots\mid d_r",Abstract algebra,Groups and symmetry,Advanced undergraduate,theorem,Every finite commuting symmetry system can be built from independent cyclic counters. Divisibility-ordered counter lengths give a unique structural description.,"G is a finite abelian group; the integers dᵢ are uniquely determined, with an empty sum for the trivial group. General finite nonabelian groups do not admit this description.",Z/2Z×Z/6Z is already in invariant-factor form.,Decomposition; Algebraic structure,Direct product of groups; Order of a power in a cyclic subgroup,c-abelian,6
ring-distributive-laws,Ring structure and distributivity,"a(b+c)=ab+ac,\qquad(a+b)c=ac+bc",Abstract algebra,"Rings, polynomials and fields",Undergraduate,definition,"A ring lets addition and multiplication cooperate. Distributivity is the rule that makes expanding, collecting and evaluating algebraic expressions consistent.","A ring has an abelian additive group, associative multiplication, and the two displayed distributive laws. We use rings with identity; multiplication need not commute.",Square matrices form a ring: multiplication distributes over addition even though AB may differ from BA.,Algebraic structure; Linearity,Group axioms,c-rings,5
ideal-quotient,Quotient ring,"(a+I)(b+I)=ab+I,\qquad(a+I)+(b+I)=(a+b)+I",Abstract algebra,"Rings, polynomials and fields",Undergraduate,definition,An ideal specifies algebraic differences to ignore while keeping both addition and multiplication meaningful. Quotienting can enforce equations by declaring their left-hand sides zero.,R is a ring with identity and I is a two-sided ideal; commutative rings automatically have two-sided ideals. Operations are independent of representative choices.,R[x]/(x²+1) is a way to construct complex arithmetic from real polynomials.,Algebraic structure; Symmetry and invariance,Ring structure and distributivity; Equivalence relation,c-ideals,8
maximal-ideal-field,Maximal ideals and fields,R/I\text{ is a field}\iff I\text{ is maximal},Abstract algebra,"Rings, polynomials and fields",Advanced undergraduate,theorem,A maximal ideal removes just enough information that every surviving nonzero element becomes invertible. No intermediate proper quotient remains.,R is a commutative ring with identity and I is a proper ideal. A field here has distinct zero and one.,"The ideal (5) is maximal in Z, giving the field Z/5Z; (6) is not maximal.",Algebraic structure; Duality,Quotient ring,c-prime-ideals,4
polynomial-division,Polynomial division algorithm,"f=qg+r,\qquad r=0\ \text{or}\ \deg r<\deg g",Abstract algebra,"Rings, polynomials and fields",Undergraduate,theorem,Repeatedly canceling the highest power leaves a remainder too small to divide further. This is long division with degree playing the role of size.,"f,g are polynomials over a field and g≠0; q and r exist uniquely. Over a general coefficient ring, the conclusion still holds when the leading coefficient of g is a unit.",Dividing x³−1 by x−1 gives q=x²+x+1 and r=0.,Recursion and iteration; Decomposition,Ring structure and distributivity,c-axler; c-extensions,11
factor-theorem,Polynomial remainder and factor theorem,"f(x)=(x-a)q(x)+f(a),\qquad f(a)=0\iff(x-a)\mid f(x)",Abstract algebra,"Rings, polynomials and fields",Foundations,theorem,A zero of a polynomial is exactly a removable linear factor. Evaluation tells you the remainder after dividing by that factor.,f is a polynomial over a field and a is in that field; q is the unique quotient. The displayed statement also holds over a commutative ring with identity.,"Since f(2)=0 for f(x)=x²−3x+2, the factor x−2 divides f.",Decomposition; Algebraic structure,Polynomial division algorithm,c-axler,10
lagrange-interpolation,Lagrange interpolation,p(x)=\sum_{i=0}^{n}y_i\prod_{j\ne i}\frac{x-x_j}{x_i-x_j},Abstract algebra,"Rings, polynomials and fields",Undergraduate,theorem,Build one polynomial for each data point that is one there and zero at all the others. Adding these selectors with the desired heights fits every point exactly.,"x₀,…,xₙ are distinct elements of a field and y₀,…,yₙ are arbitrary; p is the unique polynomial of degree at most n with p(xᵢ)=yᵢ.","The data (0,1),(1,3) give p(x)=1+2x.",Linearity; Decomposition,Polynomial remainder and factor theorem; Basis and unique coordinates,c-axler,11
field-extension-degree,Tower law for field extensions,[L:F]=[L:K][K:F],Abstract algebra,"Rings, polynomials and fields",Advanced undergraduate,theorem,Choosing coordinates in two stages multiplies the number of independent scalar directions. A basis over an intermediate field expands into a basis over the smaller field.,F⊆K⊆L are fields and both degrees on the right are finite. The extension degree is vector-space dimension.,"[Q(√2,√3):Q]=2·2=4.",Counting; Decomposition,Basis and unique coordinates,c-extensions,6
finite-field,Finite fields,"|\mathbb F_q|=q=p^m,\qquad a^q=a\ \ (a\in\mathbb F_q),\qquad\mathbb F_q^\times\cong C_{q-1}",Abstract algebra,"Rings, polynomials and fields",Advanced undergraduate,theorem,"Finite fields are arithmetic systems in which every nonzero number can be divided by. Their sizes are prime powers, and their nonzero elements cycle through powers of one generator.",p is prime and m≥1. For each p^m a field exists uniquely up to isomorphism; every finite field has such a size. Cq−1 denotes a cyclic group of order q−1.,"F₄ can be built as F₂[t]/(t²+t+1), and its three nonzero elements form a cycle.",Algebraic structure; Recursion and iteration,Quotient ring; Maximal ideals and fields; Tower law for field extensions,c-finite-fields,8
frobenius-map,Frobenius homomorphism,"F(a)=a^p,\qquad(a+b)^p=a^p+b^p,\qquad(ab)^p=a^pb^p",Abstract algebra,"Rings, polynomials and fields",Advanced undergraduate,theorem,In prime characteristic the intermediate binomial terms disappear. Raising to the pth power unexpectedly becomes a structure-preserving operation.,"The identities hold in a commutative ring of prime characteristic p. Frobenius is injective on fields, and is an automorphism on finite fields; it need not be surjective on every infinite field.","In characteristic 2, (a+b)²=a²+b² because 2ab=0.",Algebraic structure; Symmetry and invariance,Binomial theorem; Ring structure and distributivity,c-finite-fields,7
galois-correspondence,Fundamental theorem of Galois theory,"K\longleftrightarrow\operatorname{Gal}(L/K),\qquad H\longleftrightarrow L^H,\qquad[L:K]=|\operatorname{Gal}(L/K)|",Abstract algebra,"Rings, polynomials and fields",Advanced undergraduate,theorem,Adding more numbers to the fixed field leaves fewer allowed symmetries. This reverses inclusion and turns questions about polynomial roots into questions about subgroups.,"L/F is a finite Galois extension (finite, normal and separable). K ranges over intermediate fields and H over subgroups of Gal(L/F); Lᴴ is the fixed field. The maps are inverse and inclusion-reversing. K/F is Galois iff Gal(L/K) is normal, then Gal(K/F)≅Gal(L/F)/Gal(L/K).","For Q(√2)/Q, the two automorphisms send √2 to ±√2; fixing √2 leaves only the identity.",Duality; Symmetry and invariance,Tower law for field extensions; Group action; Quotient group,c-galois,7
lie-bracket,Matrix commutator and Lie bracket,"[A,B]=AB-BA",Abstract algebra,Infinitesimal symmetry,Advanced undergraduate,definition,"The commutator measures how much the order of two linear actions matters. For infinitesimal symmetries, it produces the new direction generated by doing the actions in opposite orders.","A and B are same-size square matrices over a field; the commutator is bilinear and satisfies [A,A]=0 and the Jacobi identity. Interpretation as infinitesimal flows uses real or complex matrix Lie groups.","For A=[[0,1],[0,0]] and B=[[0,0],[1,0]], [A,B]=diag(1,−1).",Composition; Algebraic structure,Matrix multiplication,c-burtscher; c-higham-exp,13
jacobi-identity,Jacobi identity,"[A,[B,C]]+[B,[C,A]]+[C,[A,B]]=0",Abstract algebra,Infinitesimal symmetry,Advanced undergraduate,identity,Failures of pairwise commutation cannot vary independently. The three nested commutators balance in a cyclic relation.,"A,B,C lie in an associative algebra with the commutator bracket, or in any Lie algebra where Jacobi is an axiom. For vector fields the bracket is the commutator acting on smooth functions.","For matrix commutators, expanding the six positive and six negative triple products cancels them pairwise.",Algebraic structure; Symmetry and invariance,Matrix commutator and Lie bracket,c-burtscher; c-higham-exp,4
factorial-permutations,Permutations and falling factorials,"P(n,k)=\frac{n!}{(n-k)!}=n(n-1)\cdots(n-k+1),\qquad0!=1",Discrete mathematics,Counting and recurrences,Foundations,theorem,Choose an ordered list without replacement: every previous choice removes one option from the next step. Multiplication accounts for all successive choices.,"n,k are integers with 0≤k≤n; P(n,0)=1 counts the empty list. Objects are distinct and order matters.",There are 5·4·3=60 ordered lists of three distinct objects from five.,Counting; Recursion and iteration,,c-mcs,8
binomial-coefficient,Binomial coefficient,\binom nk=\frac{n!}{k!(n-k)!},Discrete mathematics,Counting and recurrences,Foundations,theorem,A binomial coefficient counts ways to choose a subset of a fixed size. Division removes the many orders that describe the same subset.,n is a nonnegative integer and 0≤k≤n; conventionally the coefficient is zero for integer k outside this range.,"Choosing three people from seven gives C(7,3)=35 groups.",Counting; Symmetry and invariance,Permutations and falling factorials,c-mcs,13
pascal-rule,Pascal’s rule,\binom nk=\binom{n-1}{k-1}+\binom{n-1}{k},Discrete mathematics,Counting and recurrences,Foundations,identity,A chosen subset either contains a distinguished element or it does not. These two disjoint cases cover every possibility.,n≥1 is an integer and k is any integer; coefficients outside 0≤k≤n are interpreted as zero.,"C(6,2)=C(5,1)+C(5,2)=5+10=15.",Recursion and iteration; Decomposition,Binomial coefficient,c-mcs,6
vandermonde-identity,Vandermonde’s identity,\sum_{k=0}^{r}\binom mk\binom n{r-k}=\binom{m+n}{r},Discrete mathematics,Counting and recurrences,Undergraduate,identity,"Choose r objects from two populations, either all at once or by tracking how many come from each population. The two descriptions must count the same subsets.","m,n,r are nonnegative integers; binomial coefficients outside their usual range are zero.",Selecting two objects from groups of sizes 2 and 3 gives 3+6+1=10 choices.,Counting; Decomposition,Binomial coefficient,c-mcs,3
multinomial-coefficient,Multinomial coefficient,"\binom{n}{n_1,\ldots,n_r}=\frac{n!}{n_1!\cdots n_r!},\qquad\sum_i n_i=n",Discrete mathematics,Counting and recurrences,Foundations,theorem,"When objects are assigned to several labeled groups, permutations within each group do not make a new assignment. Divide the full ordering count by each internal redundancy.","n₁,…,nᵣ are nonnegative integers summing to n; the groups are labeled.",The word BANANA has 6!/(3!2!1!)=60 distinct letter arrangements.,Counting; Symmetry and invariance,Permutations and falling factorials; Binomial coefficient,c-mcs,3
stars-and-bars,Stars and bars,"\#\{(x_1,\ldots,x_k)\in\mathbb Z_{\ge0}^k:\sum_i x_i=n\}=\binom{n+k-1}{k-1}",Discrete mathematics,Counting and recurrences,Foundations,theorem,Place separators between identical items to divide them among labeled bins. Empty bins correspond to adjacent separators or separators at the ends.,"n≥0 and k≥1 are integers; the items are indistinguishable, bins are distinguishable, and empty bins are allowed.","Distributing five identical tokens among three people gives C(7,2)=21 possibilities.",Counting; Decomposition,Binomial coefficient,c-mcs,4
inclusion-exclusion,Inclusion–exclusion principle,"\left|\bigcup_{i=1}^{n}A_i\right|=\sum_{\varnothing\ne S\subseteq\{1,\ldots,n\}}(-1)^{|S|+1}\left|\bigcap_{i\in S}A_i\right|",Discrete mathematics,Counting and recurrences,Undergraduate,theorem,"First add individual counts, then remove double counts, restore triple counts, and continue. Each element’s total coefficient becomes exactly one.","A₁,…,Aₙ are finite sets and n≥1. The identity extends to finite families of measurable sets with a finite measure in place of cardinality.","For three sets, add their sizes, subtract the three pairwise intersections, then add the triple intersection.",Counting; Decomposition,Inclusion–exclusion for two sets; Binomial theorem,c-mcs,11
pigeonhole-principle,Pigeonhole principle,"\max_{1\le i\le k}n_i\ge\left\lceil\frac{N}{k}\right\rceil,\qquad\sum_i n_i=N",Discrete mathematics,Counting and recurrences,Foundations,theorem,At least one bin is no smaller than the average occupancy. Integrality rounds this simple average bound up to a guaranteed count.,N≥0 objects are assigned to k≥1 bins; nᵢ are their nonnegative integer occupancies.,"Among 13 people, at least two share a birth month.",Averaging; Counting,Arithmetic mean,c-mcs,13
derangements,Derangement count,D_n=n!\sum_{k=0}^{n}\frac{(-1)^k}{k!},Discrete mathematics,Counting and recurrences,Undergraduate,identity,A derangement permutes objects so none returns to its original place. Alternating corrections remove permutations with one or more fixed positions.,"n≥0 is an integer, and D₀=1. The displayed sum is finite and exact.","For four objects, D₄=24(1−1+1/2−1/6+1/24)=9.",Counting; Decomposition,Inclusion–exclusion principle; Permutations and falling factorials,c-mcs,2
catalan-numbers,Catalan numbers,"C_n=\frac{1}{n+1}\binom{2n}{n},\qquad C_0=1,\qquad C_{n+1}=\sum_{k=0}^{n}C_kC_{n-k}",Discrete mathematics,Counting and recurrences,Undergraduate,identity,"Many nested objects split at their first outer pair into a left part and a right part. The same recursive shape appears in balanced parentheses, triangulations and rooted binary trees.","n≥0 is an integer. Cₙ counts balanced parenthesis strings of n pairs, or full ordered binary trees with n internal vertices.",C₃=5 gives the five balanced strings of three pairs of parentheses.,Recursion and iteration; Counting,Binomial coefficient; Ordinary generating function,c-mcs,2
stirling-second-kind,Stirling numbers of the second kind,"S(n,k)=kS(n-1,k)+S(n-1,k-1)",Discrete mathematics,Counting and recurrences,Undergraduate,identity,"When adding the last object to a set partition, either place it in one of k existing blocks or give it a new singleton block. These are the only possibilities.","S(n,k) counts partitions of an n-element labeled set into k nonempty unlabeled blocks; recurrence for n,k≥1. Boundary values: S(0,0)=1; S(n,0)=0 for n>0; S(0,k)=0 for k>0.","S(4,2)=2S(3,2)+S(3,1)=2·3+1=7.",Recursion and iteration; Decomposition,Equivalence relation,c-mcs,4
bell-numbers,Bell numbers,"B_n=\sum_{k=0}^{n}S(n,k),\qquad B_{n+1}=\sum_{k=0}^{n}\binom nk B_k",Discrete mathematics,Counting and recurrences,Undergraduate,identity,"Bell numbers count every way of chunking a labeled set into nonempty groups. To build the next partition, choose which old objects stay outside the block of the new object.","n≥0, B₀=1; S(n,k) is a Stirling number of the second kind. The partitions have unlabeled nonempty blocks.",A three-element set has B₃=5 partitions.,Counting; Recursion and iteration,Binomial coefficient,c-mcs,4
generating-function,Ordinary generating function,"A(z)=\sum_{n\ge0}a_nz^n,\qquad a_n=[z^n]A(z)",Discrete mathematics,Counting and recurrences,Undergraduate,definition,A generating function stores an entire sequence as coefficients of one object. Manipulating that object turns recurrences and counting constructions into algebra.,"The primary interpretation is a formal power series over a specified coefficient ring, so analytic convergence is unnecessary. To evaluate it numerically, restrict z to a region where the series converges.",The constant sequence aₙ=1 has generating function 1/(1−z).,Generating functions; Decomposition,Finite geometric sum,c-mcs,14
generating-function-product,Product rule for ordinary generating functions,[z^n](A(z)B(z))=\sum_{k=0}^{n}a_kb_{n-k},Discrete mathematics,Counting and recurrences,Undergraduate,identity,"To build a combined object of total size n, choose how much size each component receives. Every possible split contributes a product of counts.",A and B are formal power series over a commutative ring; each coefficient sum is finite. For numerical power series the identity holds inside both radii of convergence.,"If aₙ=bₙ=1, the product has coefficient n+1, counting splits n=k+(n−k).",Generating functions; Accumulation,Ordinary generating function,c-mcs,9
exponential-generating-function,Exponential generating function,"A(z)=\sum_{n\ge0}a_n\frac{z^n}{n!},\qquad n![z^n]A(z)B(z)=\sum_{k=0}^{n}\binom nk a_kb_{n-k}",Discrete mathematics,Counting and recurrences,Undergraduate,identity,Dividing by factorials makes multiplication automatically choose which labels belong to each component. This is natural for combinatorial structures on labeled objects.,"A and B are formal series over a field of characteristic zero, with bₙ defined using the same n! normalization. Analytic evaluation requires convergence.","For labeled sets with one structure on each size, A(z)=eᶻ; pairing two such structures gives coefficients 2ⁿ.",Generating functions; Counting,Ordinary generating function; Binomial coefficient,c-mcs,6
fibonacci-recurrence,Fibonacci recurrence,"F_0=0,\qquad F_1=1,\qquad F_{n+2}=F_{n+1}+F_n",Discrete mathematics,Counting and recurrences,Foundations,definition,The next state depends on the two previous states. The same rule counts constructions whose first choice leaves one of two possible smaller sizes.,n≥0 is an integer; the initial conditions are part of the definition and distinguish this sequence from other solutions to the recurrence.,"F₂=1,F₃=2,F₄=3,F₅=5.",Recursion and iteration; Decomposition,,c-mcs,4
binet-formula,Binet’s formula,"F_n=\frac{\varphi^n-\psi^n}{\sqrt5},\qquad\varphi=\frac{1+\sqrt5}{2},\quad\psi=\frac{1-\sqrt5}{2}",Discrete mathematics,Counting and recurrences,Undergraduate,identity,A coupled recurrence becomes a difference of two independent exponential modes. Irrational pieces cancel to produce exact integers.,"n≥0 is an integer and F₀=0,F₁=1 with the Fibonacci recurrence. The displayed formula is exact; replacing it by φⁿ/√5 is an approximation.","At n=3, the expression equals 2 exactly.",Decomposition; Exponentials and logarithms,Fibonacci recurrence; Quadratic formula,c-mcs,2
linear-recurrence-characteristic,Characteristic-root solution of a linear recurrence,"a_{n+d}=\sum_{j=0}^{d-1}c_ja_{n+j},\qquad a_n=\sum_{i=1}^{d}\alpha_i r_i^n",Discrete mathematics,Counting and recurrences,Undergraduate,theorem,"A constant linear recurrence has exponential modes, just as a constant linear differential equation does. Initial values determine how much of each mode is present.",d≥1; coefficients and initial values are complex; c₀≠0; rᵢ are the d distinct roots of rᵈ−Σⱼ₌₀ᵈ⁻¹cⱼrʲ. The simple displayed solution requires distinct roots; repeated roots need polynomial factors in n.,"For aₙ₊₂=3aₙ₊₁−2aₙ, every solution has the form α+β2ⁿ.",Recursion and iteration; Decomposition,Eigenvalues and eigenvectors; Polynomial division algorithm,c-mcs,7
partition-generating-function,Integer partition generating function,\sum_{n\ge0}p(n)z^n=\prod_{m\ge1}\frac{1}{1-z^m},Discrete mathematics,Counting and recurrences,Undergraduate,identity,"For each allowed part size, choose how many copies to include. Multiplication combines these independent choices while the exponent records their total size.",p(n) counts unordered partitions of the nonnegative integer n into positive integers and p(0)=1. The identity is formal: each coefficient depends on only finitely many factors; it also converges for |z|<1.,"The five partitions of 4 are 4,3+1,2+2,2+1+1 and 1+1+1+1.",Generating functions; Decomposition,Product rule for ordinary generating functions; Finite geometric sum,c-mcs,2
handshake-lemma,Handshake lemma,\sum_{v\in V}\deg(v)=2|E|,Discrete mathematics,Graphs and networks,Foundations,theorem,Every edge contributes one endpoint at each end. Counting edge endpoints by vertices or by edges gives the same total.,"G=(V,E) is a finite undirected graph. If loops are allowed, each loop contributes two to its vertex degree.","A triangle has three vertices of degree 2, giving total degree 6=2·3.",Counting; Conservation and balance,,c-mcs,4
graph-adjacency-walks,Adjacency powers count walks,(A^k)_{ij}=\#\{\text{walks of length }k\text{ from }i\text{ to }j\},Discrete mathematics,Graphs and networks,Undergraduate,theorem,"Matrix multiplication sums over intermediate vertices, so repeated multiplication follows every possible step sequence. The power records routes with repeated vertices allowed.","A is the adjacency matrix of a finite graph, with Aᵢⱼ counting directed edges from i to j; k≥0 and A⁰=I. For weighted entries, powers sum products of edge weights instead of unweighted counts.","In a triangle, (A²)₁₁=2 because two length-two walks return to vertex 1.",Counting; Composition,Matrix multiplication,c-mcs,11
graph-laplacian,Graph Laplacian,"L=D-A,\qquad L\mathbf1=0",Discrete mathematics,Graphs and networks,Undergraduate,definition,"The Laplacian compares each vertex value with its neighbors. Constant signals create no disagreement, so they lie in its kernel.",G is a finite undirected graph with symmetric nonnegative edge weights and no self-loops; A is the weighted adjacency matrix and Dᵢᵢ=ΣⱼAᵢⱼ. Zero-weight edges may be omitted.,"For a single edge of weight w, L=[[w,−w],[−w,w]].",Linearity; Conservation and balance,Matrix multiplication,c-spielman,8
graph-dirichlet-energy,Graph Dirichlet energy,"x^{\mathsf T}Lx=\frac12\sum_{i,j}w_{ij}(x_i-x_j)^2",Discrete mathematics,Graphs and networks,Undergraduate,identity,A signal’s graph energy is the total disagreement across edges. Minimizing it favors similar values at strongly connected vertices.,x is real and L is the Laplacian of a finite undirected graph with symmetric nonnegative weights; the factor 1/2 compensates for summing both edge orientations.,"For one edge of weight 3 joining values 2 and 5, the energy is 3·(2−5)²=27.",Quadratic structure; Optimization,Graph Laplacian; Quadratic form,c-spielman,8
matrix-tree-theorem,Matrix–tree theorem,\tau(G)=\det L^{(i)},Discrete mathematics,Graphs and networks,Undergraduate,theorem,A determinant of local edge interactions counts global spanning trees. Deleting one row and column removes the constant direction that makes the full Laplacian singular.,G is a finite undirected graph with n≥2 vertices and nonnegative weights; L⁽ⁱ⁾ deletes row and column i. τ is the sum over spanning trees of the product of their edge weights; it is zero if the graph is disconnected.,"For a triangle, a Laplacian cofactor [[2,−1],[−1,2]] has determinant 3, matching its three spanning trees.",Counting; Boundary and interior,Graph Laplacian; Determinant,c-spielman,6
cayley-tree-formula,Cayley’s formula for labeled trees,"\#\{\text{trees on }\{1,\ldots,n\}\}=n^{n-2}",Discrete mathematics,Graphs and networks,Undergraduate,theorem,Every labeled tree can be encoded by a sequence of n−2 labels. The independent choices in that sequence explain the simple power.,n≥2 is an integer; trees are undirected simple connected acyclic graphs on the fixed labeled vertex set.,There are 4²=16 trees on four labeled vertices.,Counting; Decomposition,Edges in a finite tree,c-spielman; c-mcs,1
euler-planar-formula,Euler’s formula for connected planar graphs,|V|-|E|+|F|=2,Discrete mathematics,Graphs and networks,Foundations,theorem,"Drawing a connected graph on a sphere balances vertices, edges and regions. Refining the drawing adds pieces in ways that preserve the alternating total.",G is a finite connected graph embedded in the plane without crossings; F counts all complementary faces including the unbounded face. A disconnected graph with c components satisfies V−E+F=1+c.,"A cube graph has 8 vertices, 12 edges and 6 faces: 8−12+6=2.",Boundary and interior; Symmetry and invariance,Edges in a finite tree,c-mcs,4
tree-edge-count,Edges in a finite tree,|E|=|V|-1,Discrete mathematics,Graphs and networks,Foundations,theorem,A tree spends exactly one edge to attach each vertex after the first. Any additional edge would create a cycle.,A finite tree is a nonempty connected undirected graph with no cycles. More generally a forest with c components has |E|=|V|−c.,A tree joining eight vertices has seven edges.,Counting; Recursion and iteration,,c-mcs,5
hall-marriage-theorem,Hall’s marriage theorem,\text{a matching saturating }U\text{ exists}\iff |N(S)|\ge|S|\ \text{for every }S\subseteq U,Discrete mathematics,Graphs and networks,Undergraduate,theorem,"Every group of requesters must collectively have enough distinct options. Remarkably, checking this shortage condition for all groups is also sufficient for a complete assignment.","G=(U,V,E) is a finite bipartite graph; N(S) is the set of neighbors of S, and a matching uses no vertex twice. Saturating U matches every vertex in U, without requiring all of V to be matched.",Three tasks can be assigned distinct workers only if every subset of tasks has at least as many qualified workers.,Counting; Optimization,Pigeonhole principle,c-mcs,8
max-flow-min-cut,Max-flow min-cut theorem,"\max_f |f|=\min_{S:\,s\in S,\,t\notin S}\sum_{u\in S,\,v\notin S}c(u,v)",Discrete mathematics,Graphs and networks,Undergraduate,theorem,Every route from source to sink must cross a separating cut. The tightest total cut capacity is exactly the largest feasible flow.,"The network is a finite directed graph with distinct s,t and finite nonnegative capacities. A feasible flow obeys 0≤f(u,v)≤c(u,v) and flow conservation at every other vertex; |f| is net flow out of s.","If two edge-disjoint source-to-sink routes have capacities 2 and 3, and no smaller cut intervenes, maximum flow is 5.",Duality; Conservation and balance,Adjacency powers count walks,c-mcs,6
chromatic-deletion-contraction,Chromatic polynomial deletion–contraction,P_G(q)=P_{G-e}(q)-P_{G/e}(q),Discrete mathematics,Graphs and networks,Undergraduate,identity,Colorings of the graph with an edge removed split into those whose endpoints differ and those whose endpoints agree. Contracting the edge counts the agreement case.,G is a finite simple graph and e is an edge between distinct vertices; P_G(q) counts proper vertex colorings with q colors for integers q≥0. In G/e merge parallel edges. The polynomial identity holds for all q.,"For a triangle, deleting an edge gives a path and contracting it gives an edge, so q(q−1)²−q(q−1)=q(q−1)(q−2).",Recursion and iteration; Decomposition,Adjacency powers count walks,c-mcs,3
graph-cycle-rank,Cycle rank of a finite graph,\dim\ker B=|E|-|V|+c,Discrete mathematics,Graphs and networks,Undergraduate,theorem,"After a spanning forest connects each component, every remaining edge creates one independent cycle. Cycles are the edge flows that have no net source at any vertex.",G is a finite undirected graph with c connected components; orient edges arbitrarily and let B be its vertex-edge incidence matrix over R. Loops can be handled as zero columns.,A connected triangle has cycle dimension 3−3+1=1.,Conservation and balance; Counting,Rank–nullity theorem; Edges in a finite tree,c-spielman; c-hatcher,6
euclidean-division,Euclidean division of integers,"a=bq+r,\qquad0\le r<b",Number theory,Divisibility and modular arithmetic,Foundations,theorem,Every integer has a unique whole-number quotient and a small leftover after division by a positive integer. The remainder is a canonical representative of its modular class.,"a is an integer and b is a positive integer; unique integers q,r satisfy the formula, including when a is negative.","−17=5·(−4)+3, so the nonnegative remainder is 3.",Decomposition; Recursion and iteration,,c-stein,3
euclidean-algorithm,Euclidean algorithm,"\gcd(a,b)=\gcd(b,a\bmod b)",Number theory,Divisibility and modular arithmetic,Foundations,method,Removing whole multiples does not change which integers divide both numbers. Repeating the operation makes the numbers smaller until the common divisor is exposed.,"a,b are nonnegative integers with b>0; iterate until the second argument is zero, using gcd(a,0)=a. At least one initial integer is nonzero.","gcd(48,18)=gcd(18,12)=gcd(12,6)=6.",Recursion and iteration; Symmetry and invariance,Euclidean division of integers,c-stein,4
bezout-identity,Bézout’s identity,"\gcd(a,b)=ax+by\quad\text{for some }x,y\in\mathbb Z",Number theory,Divisibility and modular arithmetic,Foundations,theorem,The smallest positive integer combination of two integers is their greatest common divisor. Repeated addition and subtraction reach exactly the multiples of that gcd.,"a,b are integers not both zero; gcd(a,b)>0. The coefficients x,y exist but are generally not unique.","gcd(30,18)=6=2·18−30.",Linearity; Algebraic structure,Euclidean algorithm,c-stein,4
gcd-lcm-product,GCD–LCM product formula,"\gcd(a,b)\operatorname{lcm}(a,b)=ab",Number theory,Divisibility and modular arithmetic,Foundations,identity,"For each prime, the shared part uses the smaller exponent and the combined coverage uses the larger. Together they use the same total exponent as the original two numbers.","a,b are positive integers; gcd and lcm are taken positive.","For 12 and 18, gcd=6 and lcm=36, so 6·36=12·18.",Decomposition; Duality,Fundamental theorem of arithmetic,c-stein,2
prime-factorization,Fundamental theorem of arithmetic,n=\prod_{i=1}^{r}p_i^{a_i},Number theory,Divisibility and modular arithmetic,Foundations,theorem,Every positive integer is assembled from prime building blocks in a unique way. The multiplicities turn divisibility questions into coordinatewise comparisons.,n>1 is an integer; pᵢ are distinct primes and aᵢ≥1 integers. The factorization is unique up to ordering; n=1 is the empty product.,360=2³·3²·5.,Decomposition; Algebraic structure,,c-nist-functions; c-stein,15
modular-congruence,Congruence modulo an integer,a\equiv b\pmod m\iff m\mid(a-b),Number theory,Divisibility and modular arithmetic,Foundations,definition,Two numbers are equivalent when they differ by a whole number of complete cycles. Congruence forgets position along the infinite line while retaining position around the cycle.,"a,b are integers and m≥1 is an integer; congruence is an equivalence relation compatible with addition and multiplication.",17≡5 mod 12 because their difference is 12.,Symmetry and invariance; Algebraic structure,Equivalence relation,c-stein,13
modular-inverse,Modular inverse criterion,"ax\equiv1\pmod m\text{ is solvable}\iff\gcd(a,m)=1",Number theory,Divisibility and modular arithmetic,Foundations,theorem,Division modulo m works exactly when a shares no prime obstruction with the modulus. Bézout coefficients construct the inverse explicitly.,"a is an integer and m≥2; when an inverse exists, its residue class modulo m is unique.",3⁻¹≡5 mod 7 because 3·5=15≡1.,Algebraic structure; Duality,Bézout’s identity; Congruence modulo an integer,c-stein,7
linear-diophantine,Linear Diophantine equations,"ax+by=c\text{ has integer solutions}\iff d\mid c,\qquad d=\gcd(a,b)",Number theory,Divisibility and modular arithmetic,Foundations,theorem,"Integer linear equations live on a grid, so ordinary real solvability is not enough. The gcd is the spacing between attainable values.","a,b,c are integers, a,b not both zero, and d>0. If (x₀,y₀) is one solution, all are x=x₀+(b/d)t, y=y₀−(a/d)t with t∈Z.","6x+9y=12 is solvable since 3 divides 12; all solutions include x=2+3t,y=−2t.",Algebraic structure; Geometry and distance,Bézout’s identity,c-stein,2
chinese-remainder-theorem,Chinese remainder theorem,"\mathbb Z/M\mathbb Z\cong\prod_{i=1}^{r}\mathbb Z/m_i\mathbb Z,\qquad x\equiv\sum_i a_i M_i y_i\pmod M",Number theory,Divisibility and modular arithmetic,Undergraduate,theorem,Independent modular views can be recombined without losing information. Each term in the construction is tuned to affect exactly one modulus.,"mᵢ≥2 are pairwise coprime integers, M=∏ᵢmᵢ, Mᵢ=M/mᵢ and Mᵢyᵢ≡1 mod mᵢ. For any residues aᵢ, there is a unique solution modulo M to x≡aᵢ mod mᵢ; the first map is a ring isomorphism.",x≡2 mod 3 and x≡3 mod 5 combine to x≡8 mod 15.,Decomposition; Composition,Modular inverse criterion; Congruence modulo an integer,c-stein,7
fermat-little-theorem,Fermat’s little theorem,"a^p\equiv a\pmod p,\qquad p\nmid a\Longrightarrow a^{p-1}\equiv1\pmod p",Number theory,Divisibility and modular arithmetic,Foundations,theorem,"Modulo a prime, multiplication by a nonzero residue permutes all nonzero residues. Their product reveals the periodicity of powers.","p is prime and a is any integer; the second form additionally requires p not dividing a. Composite moduli can satisfy some Fermat congruences, so the converse is false.",2⁶=64≡1 mod 7.,Symmetry and invariance; Recursion and iteration,Congruence modulo an integer,c-stein,2
euler-totient,Euler’s totient function,\varphi(n)=n\prod_{p\mid n}\left(1-\frac1p\right),Number theory,Divisibility and modular arithmetic,Undergraduate,identity,Count the integers up to n that avoid every prime divisor of n. Each distinct prime removes its share of forbidden residues.,"n≥1 is an integer and the product runs over distinct prime divisors; φ(1)=1 via the empty product. Equivalently φ(n)=#{1≤k≤n:gcd(k,n)=1}.",φ(12)=12(1−1/2)(1−1/3)=4.,Counting; Decomposition,Fundamental theorem of arithmetic; Modular inverse criterion,c-nist-multiplicative; c-stein,9
euler-theorem,Euler’s theorem on powers modulo n,a^{\varphi(n)}\equiv1\pmod n,Number theory,Divisibility and modular arithmetic,Undergraduate,theorem,"The invertible residues form a finite group, so repeatedly multiplying by one residue must cycle within that group. The group size is a universal exponent that returns every element to one.","n≥2 is an integer and gcd(a,n)=1. φ(n) counts the units modulo n; it need not be the smallest exponent that works.","For n=10, φ(n)=4 and 3⁴=81≡1 mod 10.",Algebraic structure; Recursion and iteration,Euler’s totient function; Lagrange’s theorem for finite groups,c-stein,2
wilson-theorem,Wilson’s theorem,(p-1)!\equiv-1\pmod p\iff p\text{ is prime},Number theory,Divisibility and modular arithmetic,Undergraduate,theorem,"For a prime modulus, every nonzero residue pairs with a distinct inverse except 1 and −1. Those two leftovers determine the factorial product.","p is an integer greater than 1. The equivalence is exact, though it is generally inefficient as a computational primality test.",4!=24≡−1 mod 5.,Symmetry and invariance; Algebraic structure,Modular inverse criterion; Permutations and falling factorials,c-stein,1
legendre-symbol,Legendre symbol,\left(\frac ap\right)=\begin{cases}0&p\mid a\\1&a\not\equiv0\text{ is a square mod }p\\-1&a\text{ is not a square mod }p\end{cases},Number theory,Divisibility and modular arithmetic,Undergraduate,definition,The Legendre symbol compresses a square-root existence question into a sign. Multiplying signs corresponds to multiplying residue classes.,"p is an odd prime and a is an integer. On nonzero residues it is a multiplicative map to {1,−1}.","Modulo 7, 2 is a square because 3²≡2, so (2/7)=1; 3 is not a square, so (3/7)=−1.",Algebraic structure; Decomposition,Congruence modulo an integer,c-stein,2
euler-criterion,Euler’s criterion,a^{(p-1)/2}\equiv\left(\frac ap\right)\pmod p,Number theory,Divisibility and modular arithmetic,Undergraduate,theorem,Half the universal group exponent separates squares from nonsquares. The result is one for squares and minus one for nonsquares.,"p is an odd prime and a is any integer, including multiples of p for which both sides are zero modulo p.","For a=3,p=7, 3³=27≡−1, so 3 is a nonsquare modulo 7.",Algebraic structure; Symmetry and invariance,Legendre symbol; Fermat’s little theorem,c-stein,2
quadratic-reciprocity,Quadratic reciprocity,\left(\frac pq\right)\left(\frac qp\right)=(-1)^{\frac{p-1}{2}\frac{q-1}{2}},Number theory,Divisibility and modular arithmetic,Advanced undergraduate,theorem,Whether one prime is a square modulo another is almost a symmetric question. A sign flip occurs exactly when both primes are 3 modulo 4.,p and q are distinct odd primes. The Legendre symbols use the lower prime as modulus. The supplementary laws for −1 and 2 are separate statements.,"For p=3,q=7, both are 3 mod 4, and (3/7)(7/3)=(−1)(1)=−1.",Duality; Symmetry and invariance,Legendre symbol; Euler’s criterion,c-stein,1
divisor-count,Number of positive divisors,\tau(n)=\prod_{i=1}^{r}(a_i+1)\quad\text{for }n=\prod_i p_i^{a_i},Number theory,Arithmetic functions and local structure,Foundations,identity,A divisor independently chooses how many copies of each prime to keep. Multiply the number of choices across primes.,n≥1 is an integer; the prime factorization uses distinct primes with positive exponents. For n=1 the empty product gives τ(1)=1.,72=2³3² has (3+1)(2+1)=12 positive divisors.,Counting; Decomposition,Fundamental theorem of arithmetic,c-nist-functions; c-nist-multiplicative,3
divisor-sum,Sum of positive divisors,\sigma(n)=\sum_{d\mid n}d=\prod_{i=1}^{r}\frac{p_i^{a_i+1}-1}{p_i-1},Number theory,Arithmetic functions and local structure,Foundations,identity,The contribution from each prime is a short geometric series. Multiplying these series produces every divisor exactly once.,n≥1 and n=∏ᵢpᵢᵃⁱ is its prime factorization; the empty product gives σ(1)=1. Every sum and product here is finite.,σ(12)=(1+2+4)(1+3)=28.,Accumulation; Decomposition,Fundamental theorem of arithmetic; Finite geometric sum,c-nist-functions; c-nist-multiplicative,3
mobius-function,Möbius function,\mu(n)=\begin{cases}1&n=1\\(-1)^r&n\text{ is a product of }r\text{ distinct primes}\\0&\text{some prime square divides }n\end{cases},Number theory,Arithmetic functions and local structure,Undergraduate,definition,The Möbius function assigns alternating signs to square-free prime selections. These signs undo the overcounting created by summing over divisors.,n is a positive integer; the r=0 case corresponds to n=1. Square-free means no squared prime divides n.,"μ(30)=−1 because 30 has three distinct prime factors, while μ(12)=0.",Decomposition; Symmetry and invariance,Fundamental theorem of arithmetic,c-nist-functions; c-nist-inversion,2
mobius-inversion,Möbius inversion over divisors,F(n)=\sum_{d\mid n}f(d)\iff f(n)=\sum_{d\mid n}\mu(d)F(n/d),Number theory,Arithmetic functions and local structure,Undergraduate,theorem,A divisor sum blends contributions from all factors of a number. Möbius weights cancel the inherited contributions and recover the original one.,"f,F are arithmetic functions from positive integers to a commutative ring; all divisor sums are finite and μ is interpreted as an integer coefficient.","Because Σd|n φ(d)=n, inversion gives φ(n)=Σd|n μ(d)n/d.",Decomposition; Duality,Möbius function; Dirichlet convolution,c-nist-inversion,6
dirichlet-convolution,Dirichlet convolution,"(f*g)(n)=\sum_{d\mid n}f(d)g(n/d),\qquad \mathbf1*\mu=\varepsilon",Number theory,Arithmetic functions and local structure,Undergraduate,definition,Convolution can split an index multiplicatively instead of additively. Every factorization n=d·(n/d) contributes one pair of function values.,"f,g map positive integers into a commutative ring. Here 1(n)=1, ε(1)=1 and ε(n)=0 for n>1; μ is the Möbius function. All sums are finite.","For f=g=1, (1*1)(n)=τ(n), the divisor count.",Composition; Algebraic structure,Fundamental theorem of arithmetic,c-nist-inversion,5
legendre-factorial-valuation,Prime exponent in a factorial,v_p(n!)=\sum_{k\ge1}\left\lfloor\frac{n}{p^k}\right\rfloor,Number theory,Arithmetic functions and local structure,Undergraduate,theorem,"Count one factor of p from every multiple of p, another from every multiple of p², and so on. Higher prime powers contribute repeatedly because they contain several copies.",n≥0 is an integer and p is prime; vₚ is the exponent of p in the factorization. The displayed sum has only finitely many nonzero terms.,v₂(10!)=5+2+1=8.,Counting; Accumulation,Permutations and falling factorials; Fundamental theorem of arithmetic,c-mcs; c-stein,3
p-adic-absolute-value,p-adic absolute value and ultrametric,"|x|_p=p^{-v_p(x)},\qquad |x+y|_p\le\max(|x|_p,|y|_p)",Number theory,Arithmetic functions and local structure,Advanced undergraduate,definition,Two rational numbers are close when their difference is divisible by a high power of p. This replaces ordinary magnitude with agreement in prime-power arithmetic.,"p is prime. For nonzero rational x=pᵏa/b with p dividing neither a nor b, vₚ(x)=k; set |0|ₚ=0. The inequality holds on Q and its completion Qₚ.","In 2-adic distance, 9 and 1 are only |8|₂=1/8 apart.",Geometry and distance; Limits and convergence,Fundamental theorem of arithmetic; Congruence modulo an integer,c-valuations,7
continued-fraction-convergents,Continued-fraction convergent recurrence,"p_n=a_np_{n-1}+p_{n-2},\quad q_n=a_nq_{n-1}+q_{n-2},\quad p_nq_{n-1}-p_{n-1}q_n=(-1)^{n-1}",Number theory,Arithmetic functions and local structure,Undergraduate,identity,A continued fraction builds rational approximations by repeatedly inverting the leftover part. The determinant identity ensures consecutive approximations stay arithmetically adjacent.,"For a simple continued fraction [a₀;a₁,…], a₀∈Z and aₙ≥1 for n≥1. Set p₋₂=0,p₋₁=1,q₋₂=1,q₋₁=0; n≥0 in the recurrences, and n≥1 in the determinant identity. pₙ/qₙ is the nth convergent.","For √2=[1;2,2,…], the convergents begin 1,3/2,7/5,17/12.",Recursion and iteration; Optimization,Euclidean algorithm; Determinant,c-stein,5
cross-product,Cross product in three dimensions,"a\times b=(a_2b_3-a_3b_2,\ a_3b_1-a_1b_3,\ a_1b_2-a_2b_1),\quad\|a\times b\|^2=\|a\|^2\|b\|^2-(a\cdot b)^2",Geometry,Curves and surfaces,Foundations,identity,The cross product packages oriented area into a perpendicular vector. Its magnitude measures how much two directions spread out instead of overlapping.,"a,b lie in oriented Euclidean R³ with the standard right-handed coordinate basis; the norm is Euclidean.","(1,0,0)×(0,2,0)=(0,0,2), an area vector of magnitude 2.",Orthogonality; Geometry and distance,Inner product; Norm axioms and induced norm,c-shifrin,7
curvature,Curvature of a regular space curve,\kappa=\left\|\frac{dT}{ds}\right\|=\frac{\|r\prime(t)\times r\prime\prime(t)\|}{\|r\prime(t)\|^3},Geometry,Curves and surfaces,Undergraduate,definition,Curvature measures how quickly the tangent direction turns per unit distance traveled. Dividing by arc length separates bending from the speed used to trace the curve.,"r is a C² regular curve in R³, so r′(t)≠0; s is arc length and T=r′/‖r′‖. A planar curve can be embedded in R³. This is nonnegative curvature.",A circle of radius R>0 has constant curvature 1/R.,Local linearization; Scaling and homogeneity,Derivative; Cross product in three dimensions; Norm axioms and induced norm,c-shifrin,3
torsion,Torsion of a space curve,\tau=\frac{(r\prime\times r\prime\prime)\cdot r\prime\prime\prime}{\|r\prime\times r\prime\prime\|^2},Geometry,Curves and surfaces,Undergraduate,definition,Torsion measures how the osculating plane twists as you follow a curve. A curve may bend without twisting if it stays in one plane.,"r is C³ and regular in oriented R³, with r′×r″≠0 on the interval. The sign convention agrees with B=T×N and dB/ds=−τN.","The circular helix r(t)=(a cos t,a sin t,bt), a>0, has τ=b/(a²+b²).",Geometry and distance; Change of coordinates,Curvature of a regular space curve; Cross product in three dimensions; Derivative,c-shifrin,1
frenet-serret,Frenet–Serret equations,\frac{d}{ds}\begin{pmatrix}T\\N\\B\end{pmatrix}=\begin{pmatrix}0&\kappa&0\\-\kappa&0&\tau\\0&-\tau&0\end{pmatrix}\begin{pmatrix}T\\N\\B\end{pmatrix},Geometry,Curves and surfaces,Undergraduate,theorem,"A curve carries its own moving orthonormal frame. Two scalar functions, curvature and torsion, describe all infinitesimal changes of that frame.","The curve is C³, parametrized by arc length, and has κ>0. T=r′, N=T′/κ and B=T×N; derivatives are with respect to s. The formula treats T,N,B as a column of vector entries.","For a plane circle, τ=0 and the tangent and normal rotate while the binormal stays fixed.",Change of coordinates; Orthogonality,Curvature of a regular space curve; Torsion of a space curve,c-shifrin,4
first-fundamental-form,First fundamental form of a surface,"ds^2=E\,du^2+2F\,du\,dv+G\,dv^2,\quad E=r_u\cdot r_u,\ F=r_u\cdot r_v,\ G=r_v\cdot r_v",Geometry,Curves and surfaces,Undergraduate,definition,Surface coordinates may stretch and tilt a flat grid. The first fundamental form records the actual lengths and angles represented by coordinate changes.,"r(u,v) is a C¹ regular parametrized surface in R³, so rᵤ and rᵥ are linearly independent. The 2×2 coefficient matrix is positive definite.","For a cylinder r(u,v)=(R cos u,R sin u,v), ds²=R²du²+dv².",Geometry and distance; Change of coordinates,Inner product; Quadratic form,c-shifrin,2
surface-area,Area of a parametrized surface,"\operatorname{Area}(r(D))=\int_D\sqrt{EG-F^2}\,du\,dv=\int_D\|r_u\times r_v\|\,du\,dv",Geometry,Curves and surfaces,Undergraduate,theorem,A tiny coordinate rectangle becomes a tangent parallelogram on the surface. Adding its local area multiplier gives the total area.,"r:D→R³ is a regular C¹ patch, one-to-one except on a set of area measure zero, and the area density is integrable. Without the one-to-one qualification, the parameter integral counts multiplicity.","For a graph z=f(x,y), the density is √(1+fₓ²+fᵧ²).",Accumulation; Local linearization,First fundamental form of a surface; Riemann integral; Cross product in three dimensions,c-shifrin,3
shape-operator,Shape operator and second fundamental form,"S_p=-dN_p,\qquad\mathrm{II}_p(u,v)=\langle S_pu,v\rangle",Geometry,Curves and surfaces,Advanced undergraduate,definition,"The surface bends when its unit normal changes from point to point. The shape operator converts a tangent direction into that change, and the second fundamental form reads its normal bending.",The surface is an oriented C² immersed surface in R³ with unit normal N. Identify the tangent plane of S² at N(p) with the tangent plane of the surface; S is self-adjoint for the induced metric. Our convention is S=−dN.,"For a sphere of radius R with outward normal, S=−I/R and both principal curvatures are −1/R.",Local linearization; Quadratic structure,First fundamental form of a surface; Derivative; Adjoint of a linear map,c-shifrin,2
gaussian-curvature,Gaussian curvature of a surface,K=\det S=k_1k_2=\frac{eg-f^2}{EG-F^2},Geometry,Curves and surfaces,Advanced undergraduate,identity,"Gaussian curvature combines bending in the two principal directions. Same-sign bending is dome-like, opposite-sign bending is saddle-like, and its value is intrinsic to the surface metric.","The oriented surface is C² and regular in R³; S=−dN. E,F,G are first-form coefficients and e=rᵤᵤ·N, f=rᵤᵥ·N, g=rᵥᵥ·N are second-form coefficients. Smoothness can be increased for differential curvature identities.",A sphere of radius R has K=1/R²; a circular cylinder has K=0.,Decomposition; Symmetry and invariance,Shape operator and second fundamental form; Determinant; First fundamental form of a surface,c-shifrin,4
mean-curvature,Mean curvature of a surface,H=\frac{k_1+k_2}{2}=\frac12\operatorname{tr}S,Geometry,Curves and surfaces,Advanced undergraduate,definition,Mean curvature is the average of the two principal bendings. It also equals the angular average of normal curvature across all unit tangent directions.,"The surface is an oriented C² immersed surface in R³, with S=−dN and real principal curvatures k₁,k₂. Reversing the normal reverses H; some texts use the unnormalized trace instead.",An outward-oriented sphere of radius R has H=−1/R in this convention; a saddle with k₁=−k₂ has H=0.,Averaging; Optimization,Shape operator and second fundamental form; Trace; Arithmetic mean,c-shifrin,4
euler-normal-curvature,Euler’s formula for normal curvature,k_n(\theta)=k_1\cos^2\theta+k_2\sin^2\theta,Geometry,Curves and surfaces,Advanced undergraduate,theorem,Bending in an arbitrary tangent direction mixes the two principal bendings. Squared direction components supply the weights.,"The surface is oriented and C²; e₁,e₂ are orthonormal principal directions of S=−dN, and the unit tangent direction is cosθ e₁+sinθ e₂. Normal curvature is II(v,v).","If k₁=1 and k₂=3, a direction at 45° has normal curvature 2.",Averaging; Quadratic structure,Shape operator and second fundamental form; Spectral theorem in finite dimensions,c-shifrin,3
riemannian-metric,Riemannian metric,"g=g_{ij}\,dx^i\otimes dx^j,\qquad\|v\|_g^2=g_{ij}v^iv^j",Geometry,Riemannian geometry,Advanced undergraduate,definition,"A Riemannian metric assigns an inner product to every tangent space, varying smoothly from point to point. It tells a traveler how to measure distances and angles locally.",M is a smooth manifold; gᵢⱼ=gⱼᵢ is a smooth positive definite matrix in each coordinate chart. Repeated indices are summed from 1 to the manifold dimension; v is a real tangent vector.,Euclidean polar coordinates have ds²=dr²+r²dθ² away from r=0.,Geometry and distance; Quadratic structure,Inner product; Quadratic form,c-burtscher,10
riemannian-length,Riemannian length and distance,"L_g(\gamma)=\int_a^b\sqrt{g_{ij}(\gamma(t))\dot\gamma^i\dot\gamma^j}\,dt,\qquad d_g(p,q)=\inf_{\gamma:p\to q}L_g(\gamma)",Geometry,Riemannian geometry,Advanced undergraduate,definition,"Add the local lengths along a path, then choose the least possible path length between endpoints. The metric turns an infinitesimal ruler into a global distance.","(M,g) is a connected Riemannian manifold; γ is piecewise C¹ on a compact interval. The infimum ranges over such joining paths. A minimizing path need not exist unless further hypotheses, such as completeness, hold.","On a circle of radius R, the distance is R times the smaller angular separation.",Accumulation; Optimization,Riemannian metric; Riemann integral,c-burtscher,3
riemannian-volume,Riemannian volume element,"dV_g=\sqrt{\det(g_{ij})}\,dx^1\cdots dx^n",Geometry,Riemannian geometry,Advanced undergraduate,definition,The determinant measures how a coordinate box changes volume under the local metric. Its square root converts squared inner-product information into volume.,g is a smooth positive definite metric in a coordinate chart. The expression defines a volume density on any Riemannian manifold; on an oriented manifold use the oriented form √det(g) dx¹∧…∧dxⁿ.,"In Euclidean spherical coordinates, the density is r² sinθ dr dθ dφ on the usual coordinate range.",Geometry and distance; Change of coordinates,Riemannian metric; Determinant,c-burtscher,4
christoffel-symbols,Christoffel symbols of the Levi-Civita connection,\Gamma^k_{ij}=\frac12g^{k\ell}\left(\partial_i g_{j\ell}+\partial_j g_{i\ell}-\partial_\ell g_{ij}\right),Geometry,Riemannian geometry,Graduate,theorem,The metric determines how to compare tangent directions at nearby points while preserving lengths and having no torsion. Christoffel symbols record this comparison in a chosen coordinate system.,"g is a smooth Riemannian metric, (gⁱʲ) is its inverse matrix, and repeated indices are summed. These coefficients belong to the unique torsion-free metric-compatible connection; they are not tensor components under general coordinate changes.","For ds²=dr²+r²dθ², Γʳθθ=−r and Γθrθ=Γθθr=1/r for r>0.",Local linearization; Change of coordinates,Riemannian metric; Derivative; Inverse by the adjugate,c-burtscher,3
covariant-derivative,Covariant derivative in coordinates,(\nabla_iV)^k=\partial_iV^k+\Gamma^k_{ij}V^j,Geometry,Riemannian geometry,Graduate,definition,Differentiating vector components alone confuses actual change with movement of the coordinate frame. The connection correction separates those two effects.,"V is a smooth tangent vector field, Γ are the coefficients of a specified affine connection, and repeated j is summed. For Riemannian geometry we use the Levi-Civita connection.","A constant Cartesian vector has nonconstant polar components, but its Euclidean covariant derivative is still zero.",Change of coordinates; Local linearization,Christoffel symbols of the Levi-Civita connection; Derivative,c-burtscher,4
geodesic-equation,Geodesic equation,\ddot x^k+\Gamma^k_{ij}\dot x^i\dot x^j=0,Geometry,Riemannian geometry,Graduate,theorem,A geodesic moves without turning relative to the surface’s own connection. Its coordinates may accelerate even while its intrinsic acceleration is zero.,"x(t) is a C² curve on a smooth Riemannian manifold with Levi-Civita symbols; t is an affine parameter and repeated indices are summed. Geodesics locally minimize length over sufficiently short segments, not necessarily over their whole length.",Great circles are geodesics on a round sphere; a sufficiently long great-circle arc is not the shortest route between its endpoints.,Local linearization; Optimization,Covariant derivative in coordinates; Riemannian length and distance,c-burtscher,7
parallel-transport,Parallel transport along a curve,\frac{dV^k}{dt}+\Gamma^k_{ij}(\gamma(t))\dot\gamma^iV^j=0,Geometry,Riemannian geometry,Graduate,method,"Parallel transport gives a rule for carrying a direction along a path without intrinsic turning. After a loop, the direction may return rotated because the space is curved.","γ is a smooth or piecewise smooth curve and Γ belong to a smooth connection; an initial tangent vector determines a unique transported field on the compact parameter interval. For Levi-Civita transport, inner products are preserved.",Transport around a triangle on a sphere generally rotates a vector by an angle related to the enclosed curvature.,Conservation and balance; Composition,Covariant derivative in coordinates,c-burtscher,4
riemann-curvature,Riemann curvature tensor,"R(X,Y)Z=\nabla_X\nabla_YZ-\nabla_Y\nabla_XZ-\nabla_{[X,Y]}Z",Geometry,Riemannian geometry,Graduate,definition,Curvature measures the failure of two directional comparisons to commute after correcting for noncommuting vector fields. It detects geometry that no coordinate change can remove.,"M has a smooth connection; for geometric curvature here use the Levi-Civita connection of g, and smooth vector fields X,Y,Z. This sign convention makes a round sphere have positive sectional curvature when K(u,v)=g(R(u,v)v,u)/area².",Euclidean space has R=0 even in curvilinear coordinates with nonzero Christoffel symbols.,Composition; Symmetry and invariance,Covariant derivative in coordinates; Matrix commutator and Lie bracket,c-burtscher,8
sectional-curvature,Sectional curvature,"K(u,v)=\frac{g(R(u,v)v,u)}{g(u,u)g(v,v)-g(u,v)^2}",Geometry,Riemannian geometry,Graduate,definition,Each two-dimensional tangent plane has its own curvature measurement. Dividing by the plane’s squared area removes dependence on how its two basis vectors were chosen.,"u,v are linearly independent real tangent vectors at one point of a Riemannian manifold. R uses ∇X∇Y−∇Y∇X−∇[X,Y]; the denominator is strictly positive.",Every tangent plane of a round sphere of radius R has sectional curvature 1/R².,Geometry and distance; Symmetry and invariance,Riemann curvature tensor; Gram determinant and volume,c-burtscher,5
ricci-scalar-curvature,Ricci and scalar curvature as traces,"\operatorname{Ric}(u,v)=\sum_{i=1}^{n}g(R(e_i,u)v,e_i),\qquad\operatorname{Scal}=\sum_{j=1}^{n}\operatorname{Ric}(e_j,e_j)",Geometry,Riemannian geometry,Graduate,definition,Ricci curvature summarizes how a chosen direction bends against all perpendicular directions. Scalar curvature adds the directional summaries into one number.,"e₁,…,eₙ is any orthonormal basis at a point of a smooth Riemannian manifold. R uses the stated sphere-positive convention; both contractions are basis-independent. These are sums, not normalized averages.",An n-dimensional manifold of constant sectional curvature c has Ric=(n−1)cg and Scal=n(n−1)c.,Accumulation; Symmetry and invariance,Sectional curvature; Trace,c-burtscher,6
laplace-beltrami,Laplace–Beltrami operator,"\Delta_g f=\frac{1}{\sqrt{\det g}}\partial_i\!\left(\sqrt{\det g}\,g^{ij}\partial_j f\right)",Geometry,Riemannian geometry,Graduate,definition,Diffusion on a curved space must account for both directional lengths and local volume. The Laplace–Beltrami operator is divergence of the metric gradient.,"f is C² and g is a smooth Riemannian metric in a chart; repeated indices are summed. This convention is Δg=divg gradg, giving Σ∂ᵢ² in Euclidean coordinates; some texts use its negative.","On the Euclidean plane in polar coordinates, Δf=frr+(1/r)fr+(1/r²)fθθ for r>0.",Geometry and distance; Local linearization,Riemannian volume element; Gradient; Divergence,c-burtscher,4
gauss-bonnet,Gauss–Bonnet theorem for closed surfaces,"\int_M K\,dA=2\pi\chi(M)",Geometry,Riemannian geometry,Advanced undergraduate,theorem,Local bending accumulates into a global topological invariant. Stretching and reshaping a closed surface can redistribute curvature but cannot change its total unless its topology changes.,"M is a compact oriented smooth Riemannian two-manifold without boundary, K its Gaussian curvature and χ its Euler characteristic. Boundary and corner versions require extra terms, omitted here.",A sphere has total curvature 4π and χ=2; a torus has total curvature 0 and χ=0.,Accumulation; Symmetry and invariance; Boundary and interior,Gaussian curvature of a surface; Riemann integral; Euler characteristic,c-shifrin; c-burtscher,5
exterior-derivative,Exterior derivative,"\omega=\sum_I a_I\,dx^I\quad\Longrightarrow\quad d\omega=\sum_{I,j}\partial_j a_I\,dx^j\wedge dx^I,\qquad d^2=0",Geometry,Differential forms,Advanced undergraduate,definition,"One derivative operation unifies differential, curl and divergence by acting on oriented measurement objects of successive dimensions. Differentiating twice cancels because mixed derivatives are symmetric while orientation is antisymmetric.","ω is a smooth k-form in a coordinate chart, dxᴵ=dxⁱ¹∧…∧dxⁱᵏ with increasing multi-indices, and dω is a (k+1)-form. The identity d²=0 holds globally on smooth manifolds.","For ω=x dy in R², dω=dx∧dy.",Boundary and interior; Algebraic structure,Derivative; Wedge product and graded commutativity,c-burtscher,4
wedge-product,Wedge product and graded commutativity,"\alpha\wedge\beta=(-1)^{k\ell}\beta\wedge\alpha,\qquad dx^i\wedge dx^i=0",Geometry,Differential forms,Advanced undergraduate,identity,The wedge product combines oriented measurements in different directions. Repeating a direction gives zero because it cannot create new oriented volume.,"α is a k-form and β an ℓ-form over R on the same manifold, or alternating covariant tensors on one real vector space. The wedge product is bilinear and associative.","dx∧dy measures oriented coordinate area, and swapping the axes gives dy∧dx=−dx∧dy.",Algebraic structure; Symmetry and invariance,Tensor product universal property; Determinant,c-burtscher,7
pullback-form,Pullback of a differential form,"(F^*\omega)_p(v_1,\ldots,v_k)=\omega_{F(p)}(dF_pv_1,\ldots,dF_pv_k),\qquad dF^*\omega=F^*d\omega",Geometry,Differential forms,Advanced undergraduate,identity,A form on the destination becomes a measurement on the starting space by first pushing its input directions forward. Differentiation respects this transfer.,F:M→N is smooth and ω is a smooth k-form on N; F*ω is a k-form on M. No invertibility of F is required.,"If F(u,v)=(2u,3v), then F*(dx∧dy)=6 du∧dv.",Duality; Composition,Dual space and pullback of linear functionals; Exterior derivative,c-burtscher,6
cartan-formula,Cartan’s formula for the Lie derivative,\mathcal L_X\omega=d(\iota_X\omega)+\iota_X(d\omega),Geometry,Differential forms,Graduate,identity,"The change of a form under a flow splits into two simpler operations: insert the flow direction and differentiate, or differentiate and then insert. This connects motion with the algebra of forms.",X is a smooth vector field and ω a smooth differential form; ιX is contraction with X and LX is the Lie derivative defined through the local flow. For zero-forms take contraction to be zero.,"For a function f, the formula gives LXf=ιXdf=X(f).",Decomposition; Composition,Exterior derivative; Pullback of a differential form,c-burtscher,3
topology-axioms,Topology by open sets,"\varnothing,X\in\mathcal T,\qquad\bigcup_{\alpha\in A}U_\alpha\in\mathcal T,\qquad\bigcap_{j=1}^{m}U_j\in\mathcal T",Topology & logic,Topological structure,Undergraduate,definition,Topology specifies which regions count as open without committing to numerical distances. Arbitrary unions and finite intersections preserve the notion of being locally inside a region.,"T is a collection of subsets of X; every Uα and Uⱼ lies in T, A is any index set, and m is finite. Infinite intersections are not required to be open.","The intervals (a,b) generate the usual topology of the real line.",Algebraic structure; Boundary and interior,Union of sets,c-hatcher,5
topological-continuity,Continuity by inverse images,f:X\to Y\text{ continuous}\iff f^{-1}(U)\text{ is open in }X\ \text{for every open }U\subseteq Y,Topology & logic,Topological structure,Undergraduate,definition,A destination neighborhood pulls back to a neighborhood condition on inputs. This captures continuity even when distance and coordinates are unavailable.,"X,Y are topological spaces and f is any map; f⁻¹(U) denotes a set inverse image and does not require f to be invertible.",Every map from a discrete topological space is continuous because every input subset is open.,Duality; Composition,Topology by open sets; Composition of functions,c-hatcher,10
homeomorphism,Homeomorphism,"f:X\to Y,\quad g:Y\to X,\quad g\circ f=\operatorname{id}_X,\quad f\circ g=\operatorname{id}_Y",Topology & logic,Topological structure,Undergraduate,definition,Two spaces have the same topological shape when a continuous relabeling can be continuously reversed. Length and curvature may change while neighborhood structure is preserved.,Both f and g are continuous maps; the equations make them inverse bijections. A continuous bijection alone need not be a homeomorphism.,"An open interval is homeomorphic to the real line, even though its ordinary length is finite.",Symmetry and invariance; Duality,Continuity by inverse images; Inverse function,c-hatcher,6
homotopy,Homotopy of maps,"F:X\times[0,1]\to Y,\qquad F(x,0)=f_0(x),\quad F(x,1)=f_1(x)",Topology & logic,Topological structure,Undergraduate,definition,A homotopy is a continuous movie deforming one map into another. It formalizes changing shape without jumping or tearing the map.,"F is continuous for the product topology; f₀,f₁:X→Y are its endpoint maps. For based homotopies, the chosen basepoint is held fixed throughout.","The maps f₀(x)=0 and f₁(x)=x from R to R are homotopic through F(x,t)=tx.",Composition; Symmetry and invariance,Continuity by inverse images; Cartesian product,c-hatcher,3
fundamental-group,Fundamental group,"\pi_1(X,x_0)=\{\gamma:[0,1]\to X:\gamma(0)=\gamma(1)=x_0\}/\simeq",Topology & logic,Topological structure,Undergraduate,definition,The fundamental group records loops that cannot be deformed into one another while their starting point stays fixed. Its multiplication is following one loop and then another.,X is a topological space with basepoint x₀; all loops are continuous and the equivalence is homotopy fixing endpoints. Concatenation gives a group only after passing to homotopy classes.,"A disk has trivial fundamental group, while a torus has fundamental group Z².",Algebraic structure; Symmetry and invariance,Homotopy of maps; Group axioms; Equivalence relation,c-hatcher,13
fundamental-group-circle,Fundamental group of the circle,"\pi_1(S^1,1)\cong\mathbb Z,\qquad[\gamma]\longmapsto\frac{\widetilde\gamma(1)-\widetilde\gamma(0)}{2\pi}",Topology & logic,Topological structure,Undergraduate,theorem,A loop around a circle remembers its net number of turns. Continuous deformation can remove detours but cannot change that integer winding count.,γ is a continuous loop based at 1 in S¹⊂C; γ̃ is a continuous real lift with e^(iγ̃(t))=γ(t) and γ̃(0)=0. The endpoint difference is an integer multiple of 2π.,The loop γ(t)=e^(6πit) represents the integer 3.,Counting; Symmetry and invariance,Fundamental group; Euler's formula,c-hatcher,5
van-kampen,Seifert–van Kampen theorem,\pi_1(U\cup V)\cong\pi_1(U)*_{\pi_1(U\cap V)}\pi_1(V),Topology & logic,Topological structure,Advanced undergraduate,theorem,Global loops can be built from loops in overlapping regions. The overlap supplies exactly the relations needed to identify local descriptions of the same loop.,"X=U∪V where U,V and U∩V are nonempty path-connected open subsets; choose one basepoint in U∩V. The amalgamated product means the quotient of the free product identifying images of every overlap loop under the inclusion maps; those maps need not be injective.","A figure-eight space has fundamental group the free group on two generators, using suitable overlapping neighborhoods.",Decomposition; Algebraic structure,Fundamental group; Quotient group,c-hatcher,3
covering-index,Number of sheets and subgroup index,"|p^{-1}(x_0)|=[\pi_1(X,x_0):p_*\pi_1(\widetilde X,\widetilde x_0)]",Topology & logic,Topological structure,Advanced undergraduate,theorem,"Lifting loops moves among the sheets above a point. Loops that return to the chosen starting sheet form a subgroup, and its cosets label all sheets.","p:X̃→X is a covering map, X and X̃ are path-connected and locally path-connected, and p(x̃₀)=x₀. The formula is a cardinal equality, allowing infinitely many sheets; p* is injective.","The covering S¹→S¹, z↦zᵐ for m≥1, has m sheets and corresponds to mZ⊂Z.",Counting; Duality,Fundamental group; Lagrange’s theorem for finite groups,c-hatcher,4
simplicial-boundary,Oriented simplex boundary,"\partial[v_0,\ldots,v_k]=\sum_{i=0}^{k}(-1)^i[v_0,\ldots,\widehat v_i,\ldots,v_k]",Topology & logic,Homology and global invariants,Undergraduate,definition,A simplex’s boundary is the sum of its faces with compatible orientations. Alternating signs arrange for shared boundaries to cancel when pieces are glued.,k≥1 and the ordered vertices form a simplex in a simplicial complex; the hat means omit that vertex. Extend the map linearly to chains over Z or a stated coefficient ring; set ∂=0 on zero-dimensional chains for unreduced homology.,"The oriented triangle boundary is [v₁,v₂]−[v₀,v₂]+[v₀,v₁].",Boundary and interior; Linearity,Affine combination,c-hatcher,4
boundary-squared-zero,The boundary of a boundary is zero,\partial_{k-1}\partial_k=0,Topology & logic,Homology and global invariants,Undergraduate,identity,An oriented boundary already closes up. Taking its boundary again leaves pairs of equal pieces with opposite signs and therefore nothing.,"∂ are the standard boundary maps in a simplicial or singular chain complex, with coefficients in Z or any chosen commutative ring. More abstractly this is the defining condition of a chain complex.",The endpoints of the three oriented edges around a triangle cancel at every vertex.,Boundary and interior; Conservation and balance,Oriented simplex boundary,c-hatcher,6
homology-group,Homology as cycles modulo boundaries,H_k(X;R)=\frac{\ker\partial_k}{\operatorname{im}\partial_{k+1}},Topology & logic,Homology and global invariants,Advanced undergraduate,definition,Homology records closed chains that cannot be filled by higher-dimensional chains. It ignores the cycles that are merely boundaries of material already present.,"Use a singular chain complex of X over a commutative coefficient ring R, or a simplicial/cellular complex computing the same homology when applicable. The inclusion im ∂k+1⊆ker ∂k follows from ∂²=0.","For a circle, H₀(S¹;Z)=Z and H₁(S¹;Z)=Z, with higher groups zero.",Boundary and interior; Algebraic structure,The boundary of a boundary is zero; Quotient group,c-hatcher,12
euler-characteristic,Euler characteristic,\chi(X)=\sum_{k=0}^{d}(-1)^k c_k,Topology & logic,Homology and global invariants,Undergraduate,definition,Euler characteristic balances pieces of alternating dimension. Refining a shape changes the individual cell counts but preserves the total.,X is a finite CW complex (including a finite simplicial complex); cₖ is its number of k-cells. The alternating sum is independent of the finite cell decomposition and invariant under homotopy equivalence.,"A torus with one vertex, two edges and one face has χ=1−2+1=0.",Counting; Symmetry and invariance,Oriented simplex boundary,c-hatcher,11
euler-poincare,Euler–Poincaré formula,"\chi(X)=\sum_{k=0}^{d}(-1)^k b_k,\qquad b_k=\dim_F H_k(X;F)",Topology & logic,Homology and global invariants,Advanced undergraduate,theorem,Local chain pieces that cancel as boundaries disappear from the alternating total. What survives is a balance of global homological features.,"X is a finite CW complex, F any field, and bₖ are finite Betti numbers. The equality follows from its finite-dimensional cellular chain complex.","For a torus, b₀=1,b₁=2,b₂=1, so χ=0.",Decomposition; Conservation and balance,Homology as cycles modulo boundaries; Euler characteristic; Rank–nullity theorem,c-hatcher,4
exact-sequence,Exactness of consecutive maps,A\xrightarrow{f}B\xrightarrow{g}C\text{ is exact at }B\iff\operatorname{im}f=\ker g,Topology & logic,Homology and global invariants,Advanced undergraduate,definition,Exactness says that every obstruction killed by the next map is explained by the preceding map. There is no unexplained information left in the middle.,"f,g are homomorphisms of abelian groups or linear maps (or module maps); the equality is in B. A sequence is exact when this holds at every indicated position.","For a linear map T, 0→ker T→V→im T→0 is exact.",Decomposition; Algebraic structure,Kernel and image of a homomorphism; Linear map,c-hatcher,8
mayer-vietoris,Mayer–Vietoris exact sequence,\cdots\to H_k(U\cap V)\to H_k(U)\oplus H_k(V)\to H_k(X)\to H_{k-1}(U\cap V)\to\cdots,Topology & logic,Homology and global invariants,Advanced undergraduate,theorem,"To understand cycles in a union, track cycles inside each piece and the ways those pieces overlap. The connecting map records cycles that only close after the two sides are combined.","X=U∪V with U,V open; use singular homology with a fixed abelian coefficient group. The first map is induced by (inclusion, minus inclusion), the next by addition of inclusion maps; the sequence is exact. No connectedness assumption is needed.",Cover a circle by two overlapping arcs whose intersection has two components; the sequence detects one independent loop.,Decomposition; Boundary and interior,Homology as cycles modulo boundaries; Exactness of consecutive maps,c-hatcher,5
kunneth-field,Künneth formula over a field,H_n(X\times Y;F)\cong\bigoplus_{p+q=n}H_p(X;F)\otimes_F H_q(Y;F),Topology & logic,Homology and global invariants,Graduate,theorem,A cycle in a product can combine a p-dimensional cycle from one factor with a q-dimensional cycle from the other. Their dimensions add while their independent choices form tensor products.,"X,Y are topological spaces and F is a field; use singular homology. The cross-product map gives the natural isomorphism. Integral coefficients generally require additional Tor terms.","For S¹×S¹, the two circle factors give b₁=2, and their product gives b₂=1.",Decomposition; Composition,Homology as cycles modulo boundaries; Tensor product universal property; Cartesian product,c-hatcher,4
poincare-duality,Poincaré duality,H^k(M;F)\xrightarrow{\ \cap[M]\ }H_{n-k}(M;F)\ \text{is an isomorphism},Topology & logic,Homology and global invariants,Graduate,theorem,"On a closed oriented manifold, k-dimensional measurements correspond to complementary-dimensional cycles. The ambient dimension creates a global pairing between apparently different degrees.",M is a closed (compact without boundary) oriented n-dimensional manifold and F a field; [M] is the fundamental class with those coefficients. Nonorientable manifolds require suitable coefficients or local systems; manifolds with boundary need a relative version.,"For a closed oriented surface, b₀=b₂=1 on each connected component, while b₁ records the remaining independent loops.",Duality; Symmetry and invariance,Homology as cycles modulo boundaries; Dual space and pullback of linear functionals,c-hatcher,5
degree-map,Degree of a map,"f_*[M]=\deg(f)[N],\qquad\deg(g\circ f)=\deg(g)\deg(f)",Topology & logic,Homology and global invariants,Advanced undergraduate,definition,"Degree counts how many times one oriented closed manifold wraps over another, with orientation signs. Composition multiplies wrapping counts.",f:M→N is continuous between connected closed oriented manifolds of the same dimension; fundamental classes use integral homology. The composition formula assumes a third connected closed oriented manifold of that dimension.,"The circle map z↦zᵐ has degree m, and a reflection of the circle has degree −1.",Counting; Composition,Homology as cycles modulo boundaries; Group homomorphism,c-hatcher,6
brouwer-fixed-point,Brouwer fixed-point theorem,f:B^n\to B^n\text{ continuous}\quad\Longrightarrow\quad\exists x\in B^n:\ f(x)=x,Topology & logic,Homology and global invariants,Undergraduate,theorem,Any continuous self-map of a closed ball leaves some point fixed. The ball’s topology prevents every point from being shifted away from itself at once.,"Bⁿ is the closed unit ball in finite-dimensional Euclidean space and n≥1; f maps the entire ball into itself. The theorem guarantees existence, not uniqueness or convergence of iteration.","On [0,1], the map f(x)=1−x has the fixed point x=1/2.",Fixed points; Geometry and distance,Continuity by inverse images,c-hatcher,7
lefschetz-fixed-point,Lefschetz fixed-point theorem,L(f)=\sum_{k\ge0}(-1)^k\operatorname{tr}\bigl(f_*:H_k(X;\mathbb Q)\to H_k(X;\mathbb Q)\bigr)\ne0\ \Longrightarrow\ \exists x:f(x)=x,Topology & logic,Homology and global invariants,Graduate,theorem,Add the action of a map on homology with alternating signs. A nonzero total is an algebraic certificate that the map cannot avoid all fixed points.,"X is a finite simplicial complex and f:X→X continuous; the rational homology groups are finite-dimensional and vanish in high degrees, so the sum is finite. The converse is false: L(f)=0 does not rule out fixed points.","For a circle map of degree d, L(f)=1−d; therefore d≠1 forces a fixed point.",Fixed points; Accumulation,Homology as cycles modulo boundaries; Trace; Degree of a map,c-hatcher,3
de-rham-theorem,De Rham’s theorem,H^k_{\mathrm{dR}}(M)=\frac{\ker(d:\Omega^k\to\Omega^{k+1})}{\operatorname{im}(d:\Omega^{k-1}\to\Omega^k)}\cong H^k(M;\mathbb R),Topology & logic,Homology and global invariants,Graduate,theorem,"Closed differential forms detect the same real topological information as singular cohomology. Integration is the bridge: a form measures a cycle, while exact forms integrate to zero on cycles.",M is a smooth Hausdorff second-countable manifold; take real smooth forms and real singular cohomology. The isomorphism is induced by integration over smooth singular chains and extends through their equivalence with ordinary singular theory. Integral torsion is invisible to real coefficients. Here k≥0 and Ω⁻¹ is zero.,"The circle has one independent degree-one de Rham class, detected by integrating once around it.",Duality; Boundary and interior; Algebraic structure,Exterior derivative; Homology as cycles modulo boundaries; Stokes' theorem for curl,c-derham,7
de-morgan-laws,De Morgan’s laws,"\neg(P\land Q)\iff(\neg P\lor\neg Q),\qquad\neg(P\lor Q)\iff(\neg P\land\neg Q)",Topology & logic,Logic and foundations,Foundations,identity,Negating a combined condition reverses whether all parts or at least one part are required. A failed conjunction needs one failure; a failed disjunction needs both failures.,"P,Q are propositions in classical two-valued logic. The analogous set identities use complements relative to a fixed universal set.",“Not both numbers are positive” means at least one is not positive.,Duality; Algebraic structure,,c-logic,8
quantifier-negation,Negating quantifiers,"\neg(\forall x\,P(x))\iff\exists x\,\neg P(x),\qquad\neg(\exists x\,P(x))\iff\forall x\,\neg P(x)",Topology & logic,Logic and foundations,Foundations,identity,"To refute a universal statement, produce one counterexample. To refute an existence statement, rule out every candidate.",Classical first-order logic with a specified domain and predicate P; quantifiers bind the same variable over the same domain on both sides.,"Negating “every real number has a positive square” produces “some real number has a square that is not positive,” witnessed by zero.",Duality; Decomposition,De Morgan’s laws,c-logic,5
implication-contrapositive,Implication and contrapositive,(P\Rightarrow Q)\iff(\neg P\lor Q)\iff(\neg Q\Rightarrow\neg P),Topology & logic,Logic and foundations,Foundations,identity,An implication forbids only one situation: the premise holds and the conclusion fails. The contrapositive forbids exactly that same situation from the opposite direction.,"P,Q are propositions in classical two-valued logic. The converse Q⇒P is generally a different claim.","“If an integer is divisible by 4, it is even” is equivalent to “if it is odd, it is not divisible by 4.”",Duality; Algebraic structure,De Morgan’s laws,c-logic,3
cantor-theorem,Cantor’s power-set theorem,"|X|<|\mathcal P(X)|,\qquad D=\{x\in X:x\notin f(x)\}",Topology & logic,Logic and foundations,Undergraduate,theorem,"A list indexed by X can never contain every subset of X. Construct the subset that disagrees with the proposed list at its own index, and it must be missing.","X is any set. For every proposed function f:X→P(X), the diagonal subset D is not in its image; an injection X→P(X) exists via singleton sets. No finiteness assumption is needed.","For a finite set with n elements, its power set has 2ⁿ elements; the theorem also distinguishes infinite sizes.",Decomposition; Counting,Union of sets,c-logic,5
soundness-completeness,Soundness and completeness of first-order logic,\Gamma\vdash\varphi\iff\Gamma\models\varphi,Topology & logic,Logic and foundations,Advanced undergraduate,theorem,Formal derivation and truth in every model agree for classical first-order consequence. The result connects symbol manipulation with semantic meaning.,"Γ is a set of first-order sentences and φ a first-order sentence in one language, with a standard sound and complete proof calculus. Γ⊨φ means every structure satisfying Γ satisfies φ. This is logical completeness, not the claim that a fixed arithmetic theory proves every true arithmetic sentence.","If Γ contains ∀x(P(x)⇒Q(x)) and P(c), then it both formally proves and semantically entails Q(c).",Duality; Algebraic structure,Implication and contrapositive; Negating quantifiers,c-logic,1
logic-compactness,Compactness theorem for first-order logic,\Gamma\text{ has a model}\iff\text{every finite }\Gamma_0\subseteq\Gamma\text{ has a model},Topology & logic,Logic and foundations,Advanced undergraduate,theorem,An infinite first-order specification is consistent with some structure if every finite part can be satisfied. A contradiction cannot require genuinely infinitely many premises.,Γ is a set of sentences in classical first-order logic and models use the usual nonempty-domain semantics. The property need not hold for stronger logics such as full second-order logic.,"Adding a constant c and requirements c>1,c>2,… to the theory of ordered fields is finitely satisfiable, so it has a model containing an element larger than every standard integer.",Limits and convergence; Decomposition,Soundness and completeness of first-order logic,c-logic,5
gamma-function,Euler gamma integral,"\Gamma(z)=\int_0^\infty t^{z-1}e^{-t}\,dt",Special functions,Gamma and beta,Advanced undergraduate,definition,A weighted exponential integral extends factorials to a continuous argument.,The integral converges absolutely for complex z with Re z>0; t^{z−1}=exp((z−1)log t) for real t>0.,Γ(1)=1 and Γ(1/2)=√π.,Accumulation; Exponentials and logarithms,Improper integral on a half-line,ea-dlmf-52,11
gamma-recurrence,Gamma recurrence and factorial values,"\Gamma(z+1)=z\Gamma(z),\qquad\Gamma(n+1)=n!",Special functions,Gamma and beta,Advanced undergraduate,identity,One integration by parts shifts the argument and extracts its current value.,"First identity holds for Re z>0 directly, and meromorphically elsewhere; finite values exclude poles. n is a nonnegative integer.",Γ(5)=4Γ(4)=24.,Recursion and iteration; Boundary and interior,Euler gamma integral; Integration by parts,ea-dlmf-55,3
gamma-reflection,Euler reflection formula,\Gamma(z)\Gamma(1-z)=\frac{\pi}{\sin\pi z},Special functions,Gamma and beta,Advanced undergraduate,identity,Gamma values on opposite sides of one-half pair into an elementary trigonometric expression.,z is complex and not an integer; both sides are interpreted by meromorphic continuation.,At z=1/2 the identity yields Γ(1/2)²=π.,Symmetry and invariance; Duality,Euler gamma integral; Residue theorem,ea-dlmf-55,2
gamma-duplication,Legendre duplication formula,"\Gamma(z)\Gamma(z+\tfrac12)=2^{1-2z}\sqrt\pi\,\Gamma(2z)",Special functions,Gamma and beta,Advanced undergraduate,identity,Two half-step gamma factors combine into one factor at doubled scale.,Re z>0 is sufficient for the displayed finite identity; it extends meromorphically.,"For z=1, Γ(3/2)=√π/2.",Scaling and homogeneity; Decomposition,Euler gamma integral,ea-dlmf-55,2
stirling-gamma,Stirling asymptotic formula for gamma,"\Gamma(x)\sim\sqrt{2\pi}\,x^{x-1/2}e^{-x}\quad(x\to+\infty)",Special functions,Gamma and beta,Advanced undergraduate,theorem,The gamma integral is concentrated near its peak; its local quadratic shape determines the leading factor.,"x is positive real tending to infinity; ∼ means the ratio tends to one, not exact equality.",n!∼√(2πn)(n/e)^n.,Local linearization; Limits and convergence,Euler gamma integral; Gaussian integral,ea-dlmf-511,3
digamma-function,Digamma logarithmic derivative,"\psi(z)=\frac{\Gamma^{\prime}(z)}{\Gamma(z)},\qquad\psi(z+1)=\psi(z)+\frac1z",Special functions,Gamma and beta,Advanced undergraduate,definition,The digamma function measures relative change of gamma and turns its multiplicative recurrence into addition.,"z avoids 0,−1,−2,… for finite values; the recurrence is used where both sides are defined.",ψ(n)=H_{n−1}−γ for positive integer n.,Exponentials and logarithms; Recursion and iteration,Euler gamma integral; Logarithmic derivative,ea-dlmf-52; ea-dlmf-55,2
polygamma-series,Polygamma reciprocal-power series,\psi^{(m)}(z)=(-1)^{m+1}m!\sum_{k=0}^\infty(z+k)^{-m-1},Special functions,Gamma and beta,Advanced undergraduate,identity,Higher relative-growth derivatives of gamma are encoded by a convergent lattice sum.,m≥1 is an integer and Re z>0; the series converges absolutely and locally uniformly.,ψ′(1)=∑_{k≥1}1/k²=π²/6.,Accumulation; Limits and convergence,Digamma logarithmic derivative; Termwise differentiation of a function series,ea-dlmf-515,3
beta-function,Euler beta integral,"B(a,b)=\int_0^1 t^{a-1}(1-t)^{b-1}\,dt=\frac{\Gamma(a)\Gamma(b)}{\Gamma(a+b)}",Special functions,Gamma and beta,Advanced undergraduate,identity,Beta balances two endpoint powers and separates total size from the share assigned to each coordinate.,"Re a>0 and Re b>0 for the integral; powers use the real logarithm on (0,1).","B(2,3)=1/12.",Change of coordinates; Symmetry and invariance,Euler gamma integral; Multivariable change of variables,ea-dlmf-512,3
incomplete-gamma,Incomplete gamma decomposition,"\gamma(a,x)=\int_0^x t^{a-1}e^{-t}dt,\quad\Gamma(a,x)=\int_x^\infty t^{a-1}e^{-t}dt,\quad\gamma(a,x)+\Gamma(a,x)=\Gamma(a)",Special functions,Gamma and beta,Advanced undergraduate,definition,Split the gamma mass at a threshold into accumulated and remaining portions.,a>0 and x≥0 are real; these hypotheses ensure convergence and the stated decomposition.,"For a=1, γ(1,x)=1−e^(−x) and Γ(1,x)=e^(−x).",Decomposition; Accumulation,Euler gamma integral; Riemann integral,ea-dlmf-82,3
error-function,Error function and Gaussian mass,"\operatorname{erf}(x)=\frac2{\sqrt\pi}\int_0^x e^{-t^2}dt,\quad\Phi(x)=\tfrac12[1+\operatorname{erf}(x/\sqrt2)]",Special functions,Error and related integrals,Undergraduate,definition,The error function records accumulated Gaussian mass on a convenient scale.,x is real; Φ is the standard normal CDF. The integral definition extends to an entire complex function.,erf(0)=0 and erf(x)→1 as x→+∞.,Accumulation; Scaling and homogeneity,Gaussian integral; Normal distribution,ea-dlmf-72,2
erfc-asymptotic,Gaussian tail asymptotic expansion,\operatorname{erfc}(x)\sim\frac{e^{-x^2}}{\sqrt\pi x}\sum_{n=0}^\infty\frac{(-1)^n(2n-1)!!}{(2x^2)^n},Special functions,Error and related integrals,Advanced undergraduate,theorem,Repeated integration by parts peels off successively smaller corrections to a Gaussian tail.,x→+∞ on the real axis; (−1)!!=1. The infinite expression is asymptotic and generally divergent; truncate at finite order.,Leading order is erfc(x)≈e^(−x²)/(√π x).,Limits and convergence; Recursion and iteration,Error function and Gaussian mass; Integration by parts,ea-dlmf-712,2
dawson-integral,Dawson integral and its differential equation,"F(x)=e^{-x^2}\int_0^x e^{t^2}dt,\qquad F^{\prime}(x)+2xF(x)=1",Special functions,Error and related integrals,Advanced undergraduate,definition,An exponential integrating factor balances a rapidly growing integral to produce a bounded-scale response.,x is real; the definition extends to an entire function; F(0)=0 selects the solution.,F′(0)=1 and F is odd.,Exponentials and logarithms; Symmetry and invariance,Integrating factor for a linear ODE,ea-dlmf-72,2
fresnel-integrals,Fresnel sine and cosine integrals,"C(x)=\int_0^x\cos(\pi t^2/2)dt,\qquad S(x)=\int_0^x\sin(\pi t^2/2)dt",Special functions,Error and related integrals,Advanced undergraduate,definition,"Quadratic phase makes the oscillations speed up, causing cancellation without absolute integrability.","x is real; as x→+∞, C(x) and S(x) converge conditionally to 1/2.","The curve (C(x),S(x)) is a Cornu spiral.",Accumulation; Exponentials and logarithms,Improper integral on a half-line; Euler's formula,ea-dlmf-72,3
exponential-integral-e1,Exponential integral E1,"E_1(x)=\int_x^\infty\frac{e^{-t}}t\,dt,\qquad E_1^{\prime}(x)=-\frac{e^{-x}}x",Special functions,Error and related integrals,Advanced undergraduate,definition,An inverse-scale weight modifies exponential accumulation into a logarithmic singularity near zero.,x>0 real; the displayed derivative follows on that interval. Complex continuation requires a branch choice.,"E1(x)=Γ(0,x), using the convergent upper incomplete gamma integral for x>0.",Accumulation; Exponentials and logarithms,Improper integral on a half-line,ea-dlmf-62,2
sine-cosine-integrals,Sine and cosine integrals,"\operatorname{Si}(x)=\int_0^x\frac{\sin t}t\,dt,\quad\operatorname{Ci}(x)=-\int_x^\infty\frac{\cos t}t\,dt",Special functions,Error and related integrals,Advanced undergraduate,definition,Inverse-distance weighting accumulates oscillations; cancellation makes the infinite cosine tail converge.,x>0 is real; sin(t)/t has continuous value 1 at t=0; the cosine tail is conditionally convergent.,Si(x)→π/2 as x→+∞.,Accumulation; Limits and convergence,Improper integral on a half-line,ea-dlmf-62,2
bessel-j-series,Bessel function of the first kind,J_\nu(x)=\sum_{k=0}^\infty\frac{(-1)^k(x/2)^{2k+\nu}}{k!\Gamma(k+\nu+1)},Special functions,Bessel functions,Advanced undergraduate,definition,A factorial-weighted power series provides oscillating functions adapted to radial coordinates.,For the stated real-valued convention take x>0 and real ν; reciprocal gamma handles vanishing coefficients at its zeros. The series converges for every such x.,J0(x)=1−x²/4+x⁴/64−⋯.,Generating functions; Scaling and homogeneity,Euler gamma integral; Taylor series of an analytic function,ea-dlmf-102,6
bessel-equation,Bessel differential equation,x^2y^{\prime\prime}+xy^{\prime}+(x^2-\nu^2)y=0,Special functions,Bessel functions,Advanced undergraduate,model,Radial curvature adds a first derivative and an inverse-square angular contribution to an oscillator equation.,x>0; ν is real. Jν is one solution; a second independent solution can be taken as Yν.,"For ν=0, a regular-at-zero solution is J0(x).",Change of coordinates; Symmetry and invariance,Laplacian; Constant-coefficient second-order linear equation,ea-dlmf-102,4
bessel-order-recurrence,Bessel order recurrence,J_{\nu-1}(x)+J_{\nu+1}(x)=\frac{2\nu}{x}J_\nu(x),Special functions,Bessel functions,Advanced undergraduate,identity,Neighboring angular orders are coupled by a short algebraic recurrence.,x>0 and ν real; standard Bessel first-kind functions are used.,J0(x)+J2(x)=2J1(x)/x.,Recursion and iteration; Algebraic structure,Bessel function of the first kind,ea-dlmf-106,3
bessel-derivative-recurrence,Bessel derivative as neighboring orders,2J_\nu^{\prime}(x)=J_{\nu-1}(x)-J_{\nu+1}(x),Special functions,Bessel functions,Advanced undergraduate,identity,Differentiating in radius can be traded for subtracting adjacent orders.,"x>0, real ν; derivatives use the same first-kind Bessel convention.",J0′(x)=−J1(x).,Duality; Recursion and iteration,Bessel function of the first kind; Derivative,ea-dlmf-106,2
bessel-zero-orthogonality,Bessel modes orthogonal with radial weight,"\int_0^1 rJ_\nu(j_{\nu,m}r)J_\nu(j_{\nu,n}r)dr=\frac{\delta_{mn}}2J_{\nu+1}(j_{\nu,n})^2",Special functions,Bessel functions,Advanced undergraduate,theorem,Radial eigenmodes are perpendicular when the area-element weight r is included.,"ν≥0, m,n≥1 integers; jν,n are distinct positive zeros of Jν. The regular radial solution is selected at zero.",For ν=0 these modes represent radially symmetric Dirichlet data on a disk.,Orthogonality; Boundary and interior,Bessel differential equation; Regular Dirichlet Sturm–Liouville problem,ea-dlmf-1022,2
bessel-large-argument,Large-argument Bessel oscillation,J_\nu(x)=\sqrt{\frac2{\pi x}}\left[\cos\left(x-\frac{\nu\pi}2-\frac\pi4\right)+O(x^{-1})\right],Special functions,Bessel functions,Advanced undergraduate,theorem,"Far from the origin, radial oscillations resemble cosine waves with an amplitude that decays as a square root.","x→+∞ and ν is fixed real; the remainder inside brackets is additive, not relative near cosine zeros.",J0(x) oscillates with phase x−π/4 and amplitude √(2/(πx)).,Scaling and homogeneity; Limits and convergence,Bessel function of the first kind,ea-dlmf-1017,3
modified-bessel-i,Modified Bessel first-kind function,"I_\nu(x)=\sum_{k=0}^\infty\frac{(x/2)^{2k+\nu}}{k!\Gamma(k+\nu+1)},\quad x^2y^{\prime\prime}+xy^{\prime}-(x^2+\nu^2)y=0",Special functions,Bessel functions,Advanced undergraduate,definition,Removing the alternating signs turns radial oscillation into exponential-type behavior.,x>0 and real ν; the convergent series solves the displayed modified Bessel equation.,I0(x)=1+x²/4+x⁴/64+⋯.,Exponentials and logarithms; Generating functions,Bessel function of the first kind,ea-dlmf-1025,3
modified-bessel-k,Modified Bessel decaying solution,"K_\nu(x)=\int_0^\infty e^{-x\cosh t}\cosh(\nu t)\,dt",Special functions,Bessel functions,Advanced undergraduate,definition,A continuum of exponentially damped contributions selects the decaying modified radial solution.,"x>0, real ν. This representation converges and gives Kν=K−ν.",K1/2(x)=√(π/(2x))e^(−x).,Symmetry and invariance; Exponentials and logarithms,Modified Bessel first-kind function; Improper integral on a half-line,ea-dlmf-1032,2
hankel-functions,Hankel combinations of Bessel solutions,"H_\nu^{(1)}=J_\nu+iY_\nu,\qquad H_\nu^{(2)}=J_\nu-iY_\nu",Special functions,Bessel functions,Advanced undergraduate,definition,Complex combinations separate the two radial oscillatory phases.,"x>0, real ν; Jν,Yν use the standard real Bessel normalization. Incoming/outgoing labels depend on the time convention.","For time dependence e^(−iωt), Hν^(1)(kr) has outgoing large-r phase.",Decomposition; Exponentials and logarithms,Bessel differential equation; Euler's formula,ea-dlmf-102,2
spherical-bessel,Spherical Bessel functions,"j_n(x)=\sqrt{\frac\pi{2x}}J_{n+1/2}(x),\qquad j_0(x)=\frac{\sin x}x",Special functions,Bessel functions,Advanced undergraduate,definition,A half-order shift and a radial scale factor adapt cylindrical functions to three dimensions.,n≥0 is an integer and x>0; j0 extends continuously to value 1 at zero.,j1(x)=sin(x)/x²−cos(x)/x.,Change of coordinates; Scaling and homogeneity,Bessel function of the first kind; Laplacian,ea-dlmf-1047,2
airy-functions,Airy equation and normalized solutions,"y^{\prime\prime}-xy=0,\quad\operatorname{Ai}(0)=\frac1{3^{2/3}\Gamma(2/3)},\quad\operatorname{Ai}^{\prime}(0)=-\frac1{3^{1/3}\Gamma(1/3)}",Special functions,Airy functions,Advanced undergraduate,definition,Airy functions describe the transition between oscillation and exponential behavior when a linear coefficient changes sign.,x is real or complex; the displayed initial values uniquely specify the entire solution Ai. Bi denotes the conventional independent solution.,Ai(x) decays for large positive x and oscillates for negative x.,Local linearization; Decomposition,Constant-coefficient second-order linear equation; Euler gamma integral,ea-dlmf-92,3
airy-decay,Airy positive-axis decay,"\operatorname{Ai}(x)\sim\frac{e^{-2x^{3/2}/3}}{2\sqrt\pi\,x^{1/4}}\quad(x\to+\infty)",Special functions,Airy functions,Advanced undergraduate,theorem,Integrating the local decay rate √x produces the characteristic x^(3/2) exponent.,x tends to positive infinity; ∼ denotes ratio convergence for the decaying Ai solution.,The exponent equals −∫₀ˣ√t dt.,Accumulation; Scaling and homogeneity,Airy equation and normalized solutions; Riemann integral,ea-dlmf-97,2
legendre-rodrigues,Legendre polynomials by Rodrigues formula,P_n(x)=\frac1{2^n n!}\frac{d^n}{dx^n}(x^2-1)^n,Special functions,Orthogonal polynomials,Advanced undergraduate,definition,Repeated differentiation generates polynomials whose lower-degree moments cancel.,n≥0 integer; x real or complex. The normalization is Pn(1)=1.,P2(x)=(3x²−1)/2.,Orthogonality; Recursion and iteration,Derivative; Integration by parts,ea-dlmf-185,4
legendre-orthogonality,Legendre orthogonality and normalization,\int_{-1}^1P_n(x)P_m(x)dx=\frac2{2n+1}\delta_{nm},Special functions,Orthogonal polynomials,Advanced undergraduate,theorem,Legendre modes separate polynomial information into independent directions on a finite interval.,"m,n are nonnegative integers; Pn(1)=1.",∫₋₁¹x²dx=2/3 agrees with P1=x.,Orthogonality; Decomposition,Legendre polynomials by Rodrigues formula; Inner product,ea-dlmf-183,3
legendre-differential-equation,Legendre polynomial eigenvalue equation,\frac d{dx}\left[(1-x^2)P_n^{\prime}(x)\right]+n(n+1)P_n(x)=0,Special functions,Orthogonal polynomials,Advanced undergraduate,identity,One differential operator organizes every polynomial degree into its own eigenvalue.,n≥0 integer; the polynomial identity holds for all x; the Sturm–Liouville interpretation uses −1<x<1 and regular endpoint behavior.,P1=x has eigenvalue 2.,Orthogonality; Algebraic structure,Legendre polynomials by Rodrigues formula; Regular Dirichlet Sturm–Liouville problem,ea-dlmf-188,3
legendre-generating-function,Generating function for Legendre polynomials,\frac1{\sqrt{1-2xt+t^2}}=\sum_{n=0}^\infty P_n(x)t^n,Special functions,Orthogonal polynomials,Advanced undergraduate,identity,A single inverse-square-root kernel stores every Legendre polynomial as a coefficient.,For real |x|≤1 and complex |t|<1; the square root is the branch equal to 1 at t=0.,At x=1 the expression reduces to 1/(1−t).,Generating functions; Symmetry and invariance,Legendre polynomials by Rodrigues formula; Ordinary generating function,ea-dlmf-1812,3
floating-point-model,Relative rounding model,"\operatorname{fl}(x\circ y)=(x\circ y)(1+\delta),\qquad|\delta|\le u",Numerical analysis,Error and conditioning,Undergraduate,model,Rounding behaves like a small relative perturbation to one exact arithmetic operation.,"Round to nearest in binary precision p; u=2^(−p); ∘ is +,−,× or ÷ with a finite normal exact result and nonzero divisor. Underflow and overflow are excluded.",Binary64 has unit roundoff 2^(−53).,Scaling and homogeneity; Local linearization,Power-law scaling,ea-fnc-floating-point,2
scalar-condition-number,Relative condition number of a scalar function,\kappa_f(x)=\left|\frac{xf^{\prime}(x)}{f(x)}\right|,Numerical analysis,Error and conditioning,Undergraduate,definition,Conditioning measures how much a small relative input error is magnified by the mathematical problem itself.,f is differentiable near real x≠0 and f(x)≠0; this is a first-order local measure.,"For f(x)=x^a on x>0, κf=|a|.",Local linearization; Scaling and homogeneity,Derivative,ea-fnc-conditioning,3
matrix-condition-number,Linear-system condition number,"\kappa(A)=\|A\|\,\|A^{-1}\|,\qquad \kappa_2(A)=\frac{\sigma_{\max}(A)}{\sigma_{\min}(A)}",Numerical analysis,Error and conditioning,Advanced undergraduate,definition,An invertible map is sensitive when it stretches some directions far more than others.,"A is an invertible square real or complex matrix; the first norm is an induced operator norm, the second is Euclidean.","diag(1,10^(−6)) has κ2=10^6.",Geometry and distance; Scaling and homogeneity,Norm of a bounded linear operator; Singular value decomposition,ea-fnc-condition-number,2
residual-error-bound,Residual-to-solution error bound,\frac{\|\widehat x-x\|}{\|x\|}\le\kappa(A)\frac{\|b-A\widehat x\|}{\|b\|},Numerical analysis,Error and conditioning,Advanced undergraduate,theorem,A small equation defect certifies accuracy only after accounting for conditioning.,"A invertible, Ax=b≠0, compatible vector and induced matrix norms.",A residual of 10^(−10) with κ=10^8 may certify only a 10^(−2) relative error.,Local linearization; Geometry and distance,Linear-system condition number,ea-fnc-condition-number,4
backward-error-linear-system,Normwise backward error of a linear solve,\eta(\widehat x)=\frac{\|b-A\widehat x\|}{\|A\|\|\widehat x\|+\|b\|},Numerical analysis,Error and conditioning,Advanced undergraduate,definition,Ask how much the input equations must change to make the computed answer exact.,"Euclidean vector and induced matrix norm; A,b not both zero and denominator positive. This equals the minimal common relative normwise perturbation bound for A and b.",An exact solution has η=0 even if its problem is ill-conditioned.,Local linearization; Geometry and distance,Linear-system condition number,ea-fnc-stability; ea-fnc-condition-number,2
horner-evaluation,Horner nested polynomial evaluation,p(x)=a_0+x(a_1+x(a_2+\cdots+xa_n)\cdots),Numerical analysis,Polynomial computation,Undergraduate,method,Reuse each partial polynomial instead of computing powers separately.,p(x)=∑k=0^n akx^k over real or complex arithmetic; the identity is exact before rounding.,1+2x+3x² becomes 1+x(2+3x).,Recursion and iteration; Decomposition,Composition of functions,ea-fnc-algorithms,3
bisection-method,Bisection root bracketing,"c_n=\frac{a_n+b_n}2,\qquad |c_n-r|\le\frac{b_0-a_0}{2^{n+1}}",Numerical analysis,Root finding,Undergraduate,method,Keep a sign-changing bracket and halve its uncertainty at every step.,"f continuous on [a0,b0], f(a0)f(b0)<0; [an,bn] is the bracket after n halvings and r is a root inside it.",Ten halvings reduce a unit bracket to width 1/1024.,Averaging; Limits and convergence,Arithmetic mean,ea-fnc-secant,2
secant-method,Secant root iteration,x_{n+1}=x_n-f(x_n)\frac{x_n-x_{n-1}}{f(x_n)-f(x_{n-1})},Numerical analysis,Root finding,Undergraduate,method,Estimate the derivative from two recent values and follow the resulting line to zero.,Denominator nonzero; local convergence of order (1+√5)/2 holds near a simple root for sufficiently smooth f and sufficiently close suitable starting points. Global convergence is not guaranteed.,"Applied to x²−2, no derivative evaluation is needed.",Local linearization; Recursion and iteration,Newton's root-finding method,ea-fnc-secant,2
newton-nonlinear-system,Newton iteration for nonlinear systems,"J_F(x_k)s_k=-F(x_k),\qquad x_{k+1}=x_k+s_k",Numerical analysis,Root finding,Advanced undergraduate,method,"Solve the local linearized equations, then correct the current point.",F:Rⁿ→Rⁿ is C² near a root with nonsingular Jacobian; sufficiently close starts give local quadratic convergence. Each step requires an invertible current Jacobian.,Two intersecting nonlinear curves can be solved by a 2×2 Jacobian system.,Local linearization; Recursion and iteration,Newton's root-finding method; Jacobian matrix,ea-fnc-newtonsys,2
broyden-root-update,Broyden rank-one Jacobian update,"B_{k+1}=B_k+\frac{(y_k-B_ks_k)s_k^T}{s_k^Ts_k},\quad y_k=F(x_{k+1})-F(x_k)",Numerical analysis,Root finding,Advanced undergraduate,method,Repair a Jacobian approximation just enough to match the newest observed displacement.,Real nonzero step sk=xk+1−xk; this is the good Broyden Jacobian update for rootfinding. Convergence needs additional local regularity and suitable initialization.,The update satisfies Bk+1 sk=yk exactly.,Local linearization; Optimization,Newton iteration for nonlinear systems,ea-fnc-quasinewton,2
interpolation-remainder,Polynomial interpolation remainder,f(x)-p_n(x)=\frac{f^{(n+1)}(\xi)}{(n+1)!}\prod_{j=0}^n(x-x_j),Numerical analysis,Interpolation,Advanced undergraduate,theorem,Interpolation error combines an unknown high derivative with an explicit node-placement factor.,"Distinct real nodes xj and x lie in an interval where f∈C^(n+1); ξ lies in their convex hull, and pn interpolates f at the nodes.",For linear interpolation the error involves (x−x0)(x−x1)f″(ξ)/2.,Local linearization; Geometry and distance,Lagrange interpolation,ea-fnc-interpolation,4
newton-divided-differences,Newton divided-difference interpolation,"p_n(x)=\sum_{k=0}^n f[x_0,\ldots,x_k]\prod_{j=0}^{k-1}(x-x_j),\quad f[x_i,\ldots,x_j]=\frac{f[x_{i+1},\ldots,x_j]-f[x_i,\ldots,x_{j-1}]}{x_j-x_i}",Numerical analysis,Interpolation,Advanced undergraduate,method,Add one node at a time while preserving every previously fitted value.,Nodes are distinct; f[xi]=f(xi); the empty product is 1.,Appending a node adds only one new highest-degree basis term.,Recursion and iteration; Decomposition,Lagrange interpolation,ea-fnc-interpolation,2
barycentric-interpolation,Barycentric polynomial evaluation,"p(x)=\frac{\sum_{j=0}^n w_j f_j/(x-x_j)}{\sum_{j=0}^n w_j/(x-x_j)},\qquad w_j=\prod_{k\ne j}(x_j-x_k)^{-1}",Numerical analysis,Interpolation,Advanced undergraduate,method,"Common factors cancel from the Lagrange formula, yielding efficient repeated evaluation.",Distinct nodes; x≠xj in the formula and p(xj)=fj by continuity. Exact weights are assumed for the polynomial identity.,Multiplying every weight by the same nonzero constant leaves p unchanged.,Symmetry and invariance; Decomposition,Lagrange interpolation,ea-fnc-barycentric,2
interpolation-lebesgue-bound,Lebesgue constant interpolation bound,"\|f-I_nf\|_\infty\le(1+\Lambda_n)\inf_{p\in\mathcal P_n}\|f-p\|_\infty,\quad\Lambda_n=\max_x\sum_{j=0}^n|\ell_j(x)|",Numerical analysis,Interpolation,Advanced undergraduate,theorem,Approximation quality depends on both the best available polynomial and amplification caused by node placement.,Distinct nodes in a compact real interval; f continuous; ℓj are Lagrange cardinal polynomials on that interval.,Large Λn warns that tiny data errors may become large interpolation errors.,Geometry and distance; Decomposition,Lagrange interpolation; Norm of a bounded linear operator,ea-fnc-interpolation; ea-fnc-barycentric,2
chebyshev-interpolation-nodes,Chebyshev root nodes,"x_j=\cos\frac{(2j+1)\pi}{2(n+1)},\qquad \prod_{j=0}^n(x-x_j)=2^{-n}T_{n+1}(x)",Numerical analysis,Interpolation,Advanced undergraduate,method,Cluster nodes near interval endpoints to reduce the largest nodal product.,"j=0,…,n and n≥0; on [−1,1] the monic polynomial 2^(−n)Tn+1 minimizes the uniform norm among monic degree n+1 polynomials.",For n=1 the nodes are ±1/√2.,Optimization; Change of coordinates,Chebyshev polynomials as multiple-angle cosines,ea-fnc-orthogonal,2
natural-cubic-spline,Natural cubic spline interpolation,"S|_{[x_j,x_{j+1}]}\in\mathcal P_3,\quad S\in C^2,\quad S(x_j)=f_j,\quad S^{\prime\prime}(x_0)=S^{\prime\prime}(x_n)=0",Numerical analysis,Interpolation,Advanced undergraduate,method,Join local cubic pieces smoothly rather than forcing one high-degree polynomial across all data.,Strictly increasing real knots and real data; these conditions determine a unique natural cubic spline.,For two knots the natural spline is the straight line between them.,Local linearization; Boundary and interior,Lagrange interpolation,ea-fnc-splines,2
centered-first-difference,Second-order centered derivative formula,f^{\prime}(x)=\frac{f(x+h)-f(x-h)}{2h}+O(h^2),Numerical analysis,Differentiation,Undergraduate,method,Symmetric samples cancel the leading one-sided bias.,f is C³ near x; h→0 with both sample points in the domain. The claim concerns truncation error before rounding.,The formula differentiates every quadratic exactly.,Symmetry and invariance; Local linearization,Forward finite difference; Taylor's theorem with Lagrange remainder,ea-fnc-finitediffs,2
centered-second-difference,Centered second-derivative stencil,f^{\prime\prime}(x)=\frac{f(x+h)-2f(x)+f(x-h)}{h^2}+O(h^2),Numerical analysis,Differentiation,Undergraduate,method,Compare the center with its neighbors to detect curvature.,"f∈C⁴ near x, h→0; all three sample points lie in the domain.",For f=x² the stencil gives 2 exactly.,Quadratic structure; Symmetry and invariance,Forward finite difference,ea-fnc-finitediffs,2
finite-difference-roundoff,Truncation–roundoff balance for a derivative,"|\widehat D_hf-f^{\prime}(x)|\lesssim C_1h^2+C_2u/h,\qquad h_{\rm bal}\asymp u^{1/3}",Numerical analysis,Differentiation,Advanced undergraduate,model,Smaller steps reduce Taylor error but amplify errors in nearly equal sampled values.,"Centered first differences with smooth f, function-evaluation errors of magnitude O(u), and problem-dependent bounded constants; the scaling is not a universal step prescription.",Making h arbitrarily tiny can worsen a numerical derivative.,Optimization; Scaling and homogeneity,Second-order centered derivative formula; Relative rounding model,ea-fnc-finitediffs,2
richardson-extrapolation,Richardson extrapolation,R(h)=\frac{2^pA(h/2)-A(h)}{2^p-1}=A+O(h^{p+q}),Numerical analysis,Extrapolation,Advanced undergraduate,method,Combine two resolutions to cancel their shared leading error term.,"A(h)=A+ch^p+O(h^(p+q)) as h→0, with p,q>0 fixed and the same coefficient c for both scales.","For p=2, R=(4A(h/2)−A(h))/3.",Decomposition; Scaling and homogeneity,Taylor's theorem with Lagrange remainder,ea-fnc-adaptive,5
midpoint-quadrature,Composite midpoint quadrature,"\int_a^bf(x)dx\approx h\sum_{j=0}^{n-1}f(a+(j+\tfrac12)h),\qquad |E|\le\frac{(b-a)h^2}{24}\|f^{\prime\prime}\|_\infty",Numerical analysis,Quadrature,Undergraduate,method,Use each cell’s central value so the first-order local variation cancels.,"h=(b−a)/n, n≥1, a<b, f∈C²[a,b].","On [0,1], one midpoint sample of x² gives 1/4 instead of 1/3.",Averaging; Symmetry and invariance,Riemann integral,ea-fnc-adaptive,2
gaussian-quadrature,Gaussian quadrature exactness,"\int_a^b f(x)w(x)dx\approx\sum_{j=1}^n\lambda_j f(x_j),\qquad \deg f\le2n-1\Longrightarrow\text{equality}",Numerical analysis,Quadrature,Advanced undergraduate,method,Choose both sample locations and weights to match twice as many polynomial moments.,"Positive integrable weight w on a finite interval, finite moments and support containing at least n+1 points; xj are zeros of its degree-n orthogonal polynomial.",Two-point Gauss–Legendre integrates every cubic exactly.,Orthogonality; Optimization,Legendre orthogonality and normalization,ea-fnc-spectral-integration,4
gauss-legendre-weights,Gauss–Legendre nodes and weights,"P_n(x_j)=0,\qquad \lambda_j=\frac{2}{(1-x_j^2)[P_n^{\prime}(x_j)]^2}",Numerical analysis,Quadrature,Advanced undergraduate,identity,Legendre roots and their slopes determine optimal polynomial integration samples on a symmetric interval.,"j=1,…,n are the distinct roots in (−1,1); Pn(1)=1; the integration interval is [−1,1].","For n=2, nodes are ±1/√3 and both weights equal 1.",Orthogonality; Symmetry and invariance,Gaussian quadrature exactness,ea-fnc-spectral-integration,2
romberg-quadrature,Romberg extrapolation table,"R_{k,0}=T(h_0/2^k),\qquad R_{k,j}=R_{k,j-1}+\frac{R_{k,j-1}-R_{k-1,j-1}}{4^j-1}",Numerical analysis,Quadrature,Advanced undergraduate,method,Repeatedly remove even-power errors from nested trapezoidal estimates.,0≤j≤k; T is composite trapezoidal quadrature. Smoothness sufficient for the required Euler–Maclaurin error expansion is needed for predicted orders.,"R1,1 is the first Richardson-improved estimate.",Recursion and iteration; Scaling and homogeneity,Richardson extrapolation; Composite trapezoidal quadrature,ea-fnc-adaptive,2
clenshaw-curtis-quadrature,Clenshaw–Curtis interpolatory quadrature,"Q_n(f)=\int_{-1}^1 I_nf(x)dx,\qquad x_j=\cos(j\pi/n)",Numerical analysis,Quadrature,Advanced undergraduate,method,Interpolate on an endpoint-clustered cosine grid and integrate the resulting polynomial.,"n≥1, j=0,…,n; In is the degree≤n polynomial interpolant. Exactness holds for all polynomials of degree≤n. Faster convergence needs regularity.","At n=2 the nodes are −1,0,1 and the rule is Simpson’s rule.",Change of coordinates; Decomposition,Lagrange interpolation,ea-fnc-spectral-integration,2
householder-qr-step,Householder elimination step for QR,"v=x+\operatorname{sign}(x_1)\|x\|_2e_1,\quad H=I-2\frac{vv^T}{v^Tv},\quad Hx=-\operatorname{sign}(x_1)\|x\|_2e_1",Numerical analysis,Numerical linear algebra,Advanced undergraduate,method,Reflect an entire column tail onto one coordinate axis in one norm-preserving operation.,Real nonzero x; use sign(0)=1. Embedded reflectors successively zero entries below the diagonal.,A sequence of reflectors produces QᵀA=R.,Orthogonality; Decomposition,QR factorization,ea-fnc-house,2
lu-elimination,Gaussian elimination and pivoted LU,"PA=LU,\qquad a_{ij}^{\rm new}=a_{ij}-\frac{a_{ik}}{a_{kk}}a_{kj}\quad(i,j>k)",Numerical analysis,Numerical linear algebra,Advanced undergraduate,method,Eliminate one column at a time while storing the multipliers for later solves.,"A is nonsingular square; row pivoting selects a nonzero pivot. L is unit lower triangular, U upper triangular, P records row swaps; the update uses the current pivoted matrix.",Solving Ax=b becomes Ly=Pb then Ux=y.,Decomposition; Recursion and iteration,Matrix multiplication; Inverse by the adjugate,ea-fnc-lu,3
power-iteration,Dominant-eigenvector power iteration,x_{k+1}=\frac{Ax_k}{\|Ax_k\|_2},Numerical analysis,Numerical linear algebra,Advanced undergraduate,method,Repeated multiplication suppresses directions whose eigenvalues have smaller magnitude.,A is diagonalizable with one simple eigenvalue λ1 satisfying |λ1|>|λj| for j>1; x0 has nonzero component along its eigenvector in the eigenbasis. Direction converges up to sign or complex phase.,"For diag(3,1), the second-to-first coordinate ratio shrinks by 1/3 per step.",Recursion and iteration; Decomposition,Eigenvalues and eigenvectors; Diagonalization,ea-fnc-power,2
inverse-iteration,Shifted inverse eigenvector iteration,"(A-\mu I)y_{k+1}=x_k,\qquad x_{k+1}=y_{k+1}/\|y_{k+1}\|_2",Numerical analysis,Numerical linear algebra,Advanced undergraduate,method,Invert a shifted operator to make an eigenvalue near the shift become dominant.,"μ is not an eigenvalue; for convergence assume diagonalizable A, a unique eigenvalue closest to μ, and a nonzero initial component in its eigendirection.",A shift near an interior eigenvalue targets it instead of the largest-magnitude one.,Change of coordinates; Recursion and iteration,Dominant-eigenvector power iteration,ea-fnc-power,2
hermite-rodrigues,Hermite polynomials in Gaussian weight,H_n(x)=(-1)^ne^{x^2}\frac{d^n}{dx^n}e^{-x^2},Special functions,Orthogonal polynomials,Advanced undergraduate,definition,Gaussian derivatives reproduce the same envelope multiplied by polynomials.,"n≥0 integer; this is the physicists’ normalization, with weight e^(−x²).","H0=1, H1=2x, H2=4x²−2.",Recursion and iteration; Exponentials and logarithms,Gaussian integral,ea-dlmf-185; ea-dlmf-183,3
hermite-orthogonality,Hermite orthogonality,"\int_{\mathbb R}e^{-x^2}H_m(x)H_n(x)\,dx=\sqrt\pi\,2^nn!\delta_{mn}",Special functions,Orthogonal polynomials,Advanced undergraduate,theorem,The Gaussian-weighted inner product separates polynomial degrees.,"m,n≥0 integers; Hn is the physicists’ Hermite polynomial.",∫e^(−x²)(2x)²dx=2√π.,Orthogonality; Quadratic structure,Hermite polynomials in Gaussian weight,ea-dlmf-185; ea-dlmf-183,3
hermite-generating-function,Hermite exponential generating function,e^{2xt-t^2}=\sum_{n=0}^\infty H_n(x)\frac{t^n}{n!},Special functions,Orthogonal polynomials,Advanced undergraduate,identity,A shifted Gaussian packages all Gaussian derivative polynomials.,"x,t complex; the series converges for every finite t. Physicists’ normalization is used.",The coefficient of t² is 2x²−1=H2(x)/2.,Generating functions; Composition,Hermite polynomials in Gaussian weight,ea-dlmf-1812,2
laguerre-rodrigues,Generalized Laguerre polynomials,L_n^{(\alpha)}(x)=\frac{x^{-\alpha}e^x}{n!}\frac{d^n}{dx^n}(e^{-x}x^{n+\alpha}),Special functions,Orthogonal polynomials,Advanced undergraduate,definition,Differentiation generates polynomials adapted to a power-weighted exponential on a half-line.,"n≥0 integer, α>−1, x>0; the expression extends as a polynomial to all x.",L1^(α)(x)=α+1−x.,Orthogonality; Recursion and iteration,Euler gamma integral,ea-dlmf-185; ea-dlmf-183,3
laguerre-orthogonality,Laguerre weighted orthogonality,\int_0^\infty x^\alpha e^{-x}L_m^{(\alpha)}(x)L_n^{(\alpha)}(x)dx=\frac{\Gamma(n+\alpha+1)}{n!}\delta_{mn},Special functions,Orthogonal polynomials,Advanced undergraduate,theorem,Gamma-weighted polynomial modes separate behavior on an unbounded positive interval.,"α>−1 and m,n are nonnegative integers.",With α=0 every Ln has squared norm 1.,Orthogonality; Accumulation,Generalized Laguerre polynomials,ea-dlmf-185; ea-dlmf-183,2
jacobi-rodrigues,Jacobi polynomial Rodrigues formula,"P_n^{(\alpha,\beta)}(x)=\frac{(-1)^n(1-x)^{-\alpha}(1+x)^{-\beta}}{2^n n!}\frac{d^n}{dx^n}[(1-x)^{n+\alpha}(1+x)^{n+\beta}]",Special functions,Orthogonal polynomials,Advanced undergraduate,definition,Independent endpoint exponents tailor a polynomial family to unequal endpoint behavior.,"n≥0 integer, α,β>−1 and −1<x<1; the result extends polynomially to all x.",α=β=0 recovers Legendre polynomials.,Boundary and interior; Orthogonality,Legendre polynomials by Rodrigues formula,ea-dlmf-185; ea-dlmf-183,2
chebyshev-polynomial,Chebyshev polynomials as multiple-angle cosines,T_n(\cos\theta)=\cos(n\theta),Special functions,Orthogonal polynomials,Undergraduate,definition,A cosine coordinate turns oscillation frequency into polynomial degree.,n≥0 integer and θ real; the identity uniquely determines a real polynomial.,T3(x)=4x³−3x.,Change of coordinates; Symmetry and invariance,Cosine addition formula,ea-dlmf-185,3
chebyshev-recurrence,Chebyshev three-term recurrence,"T_{n+1}(x)=2xT_n(x)-T_{n-1}(x),\quad T_0=1,\ T_1=x",Special functions,Orthogonal polynomials,Undergraduate,identity,Two neighboring polynomials generate the next without expanding large powers.,n≥1 integer; x real or complex.,T2=2x²−1.,Recursion and iteration; Algebraic structure,Chebyshev polynomials as multiple-angle cosines,ea-dlmf-189,2
chebyshev-orthogonality,Chebyshev weighted orthogonality,\int_{-1}^1\frac{T_m(x)T_n(x)}{\sqrt{1-x^2}}dx=\begin{cases}0&m\ne n\\\pi&m=n=0\\\pi/2&m=n>0\end{cases},Special functions,Orthogonal polynomials,Advanced undergraduate,theorem,The endpoint weight exactly compensates for stretching in the cosine coordinate.,"m,n≥0 integers; integrals are improper but convergent.",T0 and T1 are orthogonal because the weighted integrand is odd.,Orthogonality; Change of coordinates,Chebyshev polynomials as multiple-angle cosines,ea-dlmf-183,2
gegenbauer-generating-function,Gegenbauer generating function,(1-2xt+t^2)^{-\lambda}=\sum_{n=0}^\infty C_n^{(\lambda)}(x)t^n,Special functions,Orthogonal polynomials,Advanced undergraduate,definition,Changing one kernel exponent generates a family that includes Legendre polynomials.,"λ>0, real |x|≤1, complex |t|<1; the analytic branch equals 1 at t=0.",λ=1/2 gives Cn^(1/2)=Pn.,Generating functions; Scaling and homogeneity,Generating function for Legendre polynomials,ea-dlmf-1812,2
christoffel-darboux,Christoffel–Darboux kernel identity,\sum_{j=0}^n\frac{p_j(x)p_j(y)}{h_j}=\frac{k_n}{k_{n+1}h_n}\frac{p_{n+1}(x)p_n(y)-p_n(x)p_{n+1}(y)}{x-y},Special functions,Orthogonal polynomials,Advanced undergraduate,theorem,A long orthogonal-polynomial sum telescopes to its last two modes.,"pj are orthogonal real polynomials for a positive measure with finite moments, hj=∫pj²dμ>0, kj their leading coefficients; x≠y. The diagonal is the continuous limit.",The kernel reproduces polynomials of degree at most n.,Decomposition; Orthogonality,Inner product,ea-dlmf-182,3
hypergeometric-series,Gauss hypergeometric series,"{}_2F_1(a,b;c;z)=\sum_{n=0}^\infty\frac{(a)_n(b)_n}{(c)_n n!}z^n",Special functions,Hypergeometric functions,Advanced undergraduate,definition,A rational ratio between neighboring coefficients unifies many familiar special functions.,"|z|<1; a,b complex; c is not 0,−1,−2,…; (a)n=a(a+1)…(a+n−1), (a)0=1.","2F1(a,b;b;z)=(1−z)^(−a) on its analytic branch.",Generating functions; Recursion and iteration,Ratio test,ea-dlmf-152,5
hypergeometric-equation,Gauss hypergeometric differential equation,"z(1-z)y^{\prime\prime}+[c-(a+b+1)z]y^{\prime}-ab\,y=0",Special functions,Hypergeometric functions,Advanced undergraduate,identity,Three regular singular points organize a large family of second-order equations.,"a,b,c complex; c avoids nonpositive integers for the standard series solution near z=0.","Legendre’s equation follows from a=−n,b=n+1,c=1,z=(1−x)/2.",Change of coordinates; Local linearization,Gauss hypergeometric series,ea-dlmf-1510,2
hypergeometric-euler-integral,Euler integral for the hypergeometric function,"{}_2F_1(a,b;c;z)=\frac{\Gamma(c)}{\Gamma(b)\Gamma(c-b)}\int_0^1t^{b-1}(1-t)^{c-b-1}(1-zt)^{-a}dt",Special functions,Hypergeometric functions,Advanced undergraduate,identity,Hypergeometric evaluation becomes an average of a power function under a beta-shaped weight.,"Re c>Re b>0 and z lies off [1,∞); use the principal branch for (1−zt)^(−a).",At z=0 the beta normalization makes the result 1.,Averaging; Change of coordinates,Euler beta integral; Gauss hypergeometric series,ea-dlmf-156,2
gauss-hypergeometric-sum,Gauss hypergeometric summation at one,"{}_2F_1(a,b;c;1)=\frac{\Gamma(c)\Gamma(c-a-b)}{\Gamma(c-a)\Gamma(c-b)}",Special functions,Hypergeometric functions,Advanced undergraduate,theorem,"At the boundary argument one, the power kernel merges with a beta endpoint weight.",c avoids nonpositive integers and Re(c−a−b)>0; reciprocal gamma interprets zeros where denominator factors have poles.,"For a=b=1,c=3 the value is 2.",Boundary and interior; Accumulation,Euler integral for the hypergeometric function,ea-dlmf-154,2
kummer-function,Confluent hypergeometric Kummer function,"{}_1F_1(a;b;z)=\sum_{n=0}^\infty\frac{(a)_n}{(b)_n n!}z^n,\quad zy^{\prime\prime}+(b-z)y^{\prime}-ay=0",Special functions,Hypergeometric functions,Advanced undergraduate,definition,Coalescing singularities leaves an entire power-series solution of a simpler hypergeometric equation.,"a,b complex, b not a nonpositive integer; the series converges for all complex z.",1F1(a;a;z)=e^z when a avoids forbidden denominator values.,Generating functions; Limits and convergence,Gauss hypergeometric series,ea-dlmf-132,2
generalized-hypergeometric,Generalized hypergeometric pFq series,{}_pF_q(\mathbf a;\mathbf b;z)=\sum_{n=0}^\infty\frac{\prod_{j=1}^p(a_j)_n}{\prod_{j=1}^q(b_j)_n}\frac{z^n}{n!},Special functions,Hypergeometric functions,Graduate,definition,Products of rising factors encode many coefficient recurrences in one notation.,No bj is a nonpositive integer. For nonterminating series: entire if p≤q; radius 1 if p=q+1; radius 0 if p>q+1. Boundary cases need further conditions.,0F0(z)=e^z and 0F1 relates to Bessel functions.,Generating functions; Recursion and iteration,Gauss hypergeometric series,ea-dlmf-162,2
elliptic-integral-first,Complete elliptic integral of the first kind,K(k)=\int_0^{\pi/2}\frac{d\theta}{\sqrt{1-k^2\sin^2\theta}},Special functions,Elliptic functions,Advanced undergraduate,definition,A trigonometric integral gains a scale factor that becomes singular as the modulus approaches one.,"0≤k<1 real; k is the modulus, not the parameter m=k².",K(0)=π/2 and K(k)→∞ as k→1−.,Accumulation; Limits and convergence,Riemann integral,ea-dlmf-192,3
elliptic-integral-second,Complete elliptic integral of the second kind,"E(k)=\int_0^{\pi/2}\sqrt{1-k^2\sin^2\theta}\,d\theta",Special functions,Elliptic functions,Advanced undergraduate,definition,The elliptic second-kind integral adds weighted local lengths along an ellipse.,0≤k≤1 real; modulus convention k is used.,An ellipse with semiaxes a≥b>0 has perimeter 4aE(√(1−b²/a²)).,Geometry and distance; Accumulation,Arc length of a parametrized curve,ea-dlmf-192,2
agm-elliptic-evaluation,Arithmetic–geometric mean evaluation of K,"K(k)=\frac{\pi}{2\,\operatorname{AGM}(1,\sqrt{1-k^2})},\quad a_{n+1}=\frac{a_n+b_n}2,\quad b_{n+1}=\sqrt{a_nb_n}",Special functions,Elliptic functions,Advanced undergraduate,theorem,Alternating arithmetic and geometric averaging preserves an elliptic quantity while the two values merge rapidly.,"0≤k<1; a0=1,b0=√(1−k²)>0; AGM is their common limit.",For k=0 the iteration stays at 1 and K=π/2.,Averaging; Symmetry and invariance,Arithmetic mean; Geometric mean; Complete elliptic integral of the first kind,ea-dlmf-198,2
jacobi-elliptic-inverse,Jacobi elliptic sine through inversion,"u=\int_0^\phi\frac{d\theta}{\sqrt{1-k^2\sin^2\theta}},\quad\operatorname{sn}(u,k)=\sin\phi,\quad\operatorname{cn}(u,k)=\cos\phi",Special functions,Elliptic functions,Advanced undergraduate,definition,Invert elliptic arc accumulation to obtain nonlinear periodic analogues of sine and cosine.,"0≤k<1, real u; φ is the continuously chosen real amplitude. Set dn(u,k)=√(1−k²sn²(u,k)).","At k=0, sn(u,0)=sin u and cn(u,0)=cos u.",Composition; Change of coordinates,Inverse function; Complete elliptic integral of the first kind,ea-dlmf-2215; ea-dlmf-192,2
lambert-w,Lambert W inverse relation,"W(z)e^{W(z)}=z,\qquad W^{\prime}(z)=\frac{W(z)}{z(1+W(z))}",Special functions,Inverse special functions,Advanced undergraduate,definition,W undoes a variable multiplied by its own exponential.,"The derivative formula is on any analytic branch away from z=0 and W=−1; W0′(0)=1 by continuation. Real W0 exists for z≥−1/e; W−1 is real on [−1/e,0).",W0(e)=1.,Composition; Exponentials and logarithms,Implicit differentiation,ea-dlmf-413,2
riemann-zeta-series,Riemann zeta Dirichlet series,\zeta(s)=\sum_{n=1}^\infty n^{-s},Special functions,Zeta and theta,Advanced undergraduate,definition,Zeta gathers reciprocal powers of every positive integer into one complex function.,Re s>1 gives absolute convergence; analytic continuation elsewhere is a different representation and has a pole at s=1.,ζ(2)=π²/6.,Accumulation; Exponentials and logarithms,Comparison test for nonnegative series,ea-dlmf-252,6
zeta-functional-equation,Completed zeta reflection symmetry,"\Lambda(s)=\pi^{-s/2}\Gamma(s/2)\zeta(s),\qquad\Lambda(s)=\Lambda(1-s)",Special functions,Zeta and theta,Graduate,identity,Gamma and pi factors reveal a reflection symmetry hidden in the original integer sum.,The equality holds meromorphically; Λ has simple poles at s=0 and s=1. It is not a claim that the defining Dirichlet series converges everywhere.,Values on the right half-plane determine continued values on the left.,Symmetry and invariance; Exponentials and logarithms,Riemann zeta Dirichlet series; Euler gamma integral,ea-dlmf-254,3
zeta-even-values,Zeta values at positive even integers,\zeta(2n)=(-1)^{n+1}\frac{B_{2n}(2\pi)^{2n}}{2(2n)!},Special functions,Zeta and theta,Advanced undergraduate,identity,Even reciprocal-power sums are rational multiples of corresponding powers of pi.,n≥1 integer; Bernoulli numbers use t/(e^t−1)=∑Bm t^m/m! near zero.,ζ(2)=π²/6 and ζ(4)=π⁴/90.,Generating functions; Orthogonality,Riemann zeta Dirichlet series,ea-dlmf-256,3
hurwitz-zeta,Hurwitz shifted zeta function,"\zeta(s,a)=\sum_{n=0}^\infty(n+a)^{-s},\qquad \zeta(s,a+1)=\zeta(s,a)-a^{-s}",Special functions,Zeta and theta,Advanced undergraduate,definition,Shift the integer lattice before accumulating reciprocal powers.,a>0 real and Re s>1 for the series; the shift identity continues meromorphically in s.,"ζ(s,1)=ζ(s).",Recursion and iteration; Scaling and homogeneity,Riemann zeta Dirichlet series,ea-dlmf-2511,2
polylogarithm,Polylogarithm power series,"\operatorname{Li}_s(z)=\sum_{n=1}^\infty\frac{z^n}{n^s},\qquad z\frac d{dz}\operatorname{Li}_s(z)=\operatorname{Li}_{s-1}(z)",Special functions,Zeta and theta,Advanced undergraduate,definition,Polynomially damped geometric coefficients connect logarithms with zeta values.,"|z|<1 and s complex; the derivative holds there, including its continuous interpretation at zero. Other arguments need continuation and branches.",Li1(z)=−log(1−z).,Generating functions; Recursion and iteration,Logarithm power series,ea-dlmf-2512,3
jacobi-theta-series,Jacobi theta Gaussian lattice sum,"\vartheta(t)=\sum_{n\in\mathbb Z}e^{-\pi n^2t},\qquad t>0",Special functions,Zeta and theta,Advanced undergraduate,definition,A Gaussian sampled across an integer lattice packages discrete and continuous scales together.,"t is positive real; the sum converges absolutely and locally uniformly. It equals θ3(0,e^(−πt)).","As t→∞, ϑ(t)→1.",Accumulation; Quadratic structure,Gaussian integral,ea-dlmf-202,2
theta-inversion,Jacobi theta scale inversion,\vartheta(t)=t^{-1/2}\vartheta(1/t),Special functions,Zeta and theta,Graduate,identity,A narrow Gaussian sampled densely has the same information as its reciprocal-scale Fourier lattice.,t>0 real; ϑ(t)=∑n∈Z exp(−πn²t).,"At small t, ϑ(t)∼t^(−1/2).",Duality; Scaling and homogeneity,Jacobi theta Gaussian lattice sum; Fourier transform of a Gaussian,ea-dlmf-207,3
mellin-transform,Mellin transform,"\mathcal Mf(s)=\int_0^\infty x^{s-1}f(x)\,dx",Special functions,Integral transforms,Graduate,definition,Mellin analysis turns multiplicative scaling into an additive frequency coordinate.,"Use complex s in a strip where ∫₀∞x^(Re s−1)|f(x)|dx<∞. Outside it, continuation requires separate justification.",The Mellin transform of e^(−x) is Γ(s) for Re s>0.,Scaling and homogeneity; Change of coordinates,Improper integral on a half-line; Fourier transform,ea-dlmf-25,2
incomplete-beta,Regularized incomplete beta function,"I_x(a,b)=\frac1{B(a,b)}\int_0^x t^{a-1}(1-t)^{b-1}dt",Special functions,Gamma and beta,Advanced undergraduate,definition,Normalize a partial beta integral to measure a fraction of total endpoint-weighted mass.,"a,b>0 and 0≤x≤1 real.","Ix(1,1)=x.",Averaging; Accumulation,Euler beta integral,ea-dlmf-817,2
krylov-subspace,Krylov subspace for a matrix action,"\mathcal K_m(A,b)=\operatorname{span}\{b,Ab,\ldots,A^{m-1}b\}",Numerical analysis,Numerical linear algebra,Advanced undergraduate,definition,Repeated matrix action builds a small space containing progressively richer polynomial responses.,"A square real or complex, b nonzero, m≥1; the space may stop growing before dimension m.","If b is an eigenvector, every Krylov space has dimension one.",Recursion and iteration; Decomposition,Basis and unique coordinates; Matrix multiplication,ea-saad-iterative,3
arnoldi-iteration,Arnoldi orthogonal reduction,"AQ_m=Q_{m+1}\overline H_m,\qquad Q_{m+1}^*Q_{m+1}=I",Numerical analysis,Numerical linear algebra,Advanced undergraduate,method,Orthogonalize each new matrix action to represent the large operator by a small Hessenberg matrix.,Columns of Qm span a Krylov space; exact arithmetic and no breakdown through step m; Hbar is (m+1)×m upper Hessenberg. At a breakdown the already-built subspace is invariant and a shorter relation applies.,A zero new residual indicates an invariant Krylov subspace.,Orthogonality; Decomposition,Krylov subspace for a matrix action,ea-saad-iterative,4
lanczos-recurrence,Lanczos three-term recurrence,Aq_j=\beta_{j-1}q_{j-1}+\alpha_jq_j+\beta_jq_{j+1},Numerical analysis,Numerical linear algebra,Advanced undergraduate,method,Hermitian symmetry reduces orthogonal Krylov construction to three neighboring vectors.,"A Hermitian, normalized start, exact arithmetic, and no breakdown; αj real and βj≥0. Finite precision can destroy orthogonality.",The projected matrix Qm*AQm is tridiagonal.,Symmetry and invariance; Recursion and iteration,Arnoldi orthogonal reduction,ea-saad-iterative,2
gmres-residual-minimization,GMRES minimum-residual iterate,"x_m=\arg\min_{x\in x_0+\mathcal K_m(A,r_0)}\|b-Ax\|_2,\quad r_0=b-Ax_0",Numerical analysis,Numerical linear algebra,Advanced undergraduate,method,Choose the combination of explored directions that best satisfies the equations.,"A nonsingular square matrix, r0 nonzero until termination, and exact arithmetic; the minimizer is unique over the affine Krylov space. Restarting changes the global minimization property.",Unrestarted GMRES solves the system in at most n steps in exact arithmetic; an earlier Arnoldi breakdown is a successful termination for nonsingular A.,Optimization; Orthogonality,Krylov subspace for a matrix action,ea-saad-iterative,3
conjugate-gradient-linear-system,Conjugate-gradient recurrence for SPD systems,"\alpha_k=\frac{r_k^Tr_k}{p_k^TAp_k},\quad x_{k+1}=x_k+\alpha_kp_k,\quad r_{k+1}=r_k-\alpha_kAp_k,\quad p_{k+1}=r_{k+1}+\frac{r_{k+1}^Tr_{k+1}}{r_k^Tr_k}p_k",Numerical analysis,Numerical linear algebra,Advanced undergraduate,method,Use mutually A-orthogonal search directions so new corrections preserve earlier progress.,"A real symmetric positive definite; r0=b−Ax0,p0=r0; stop when residual is zero. Exact arithmetic gives termination in at most n steps.",For A=I the first correction solves the system.,Orthogonality; Quadratic structure,Quadratic form,ea-saad-iterative,2
linear-preconditioning,Preconditioned linear system,M^{-1}Ax=M^{-1}b,Numerical analysis,Numerical linear algebra,Advanced undergraduate,method,Change the shape of the equations using an easier approximate inverse.,M is nonsingular and its action can be solved efficiently; the equation has the same solution as Ax=b. Convergence depends on more than condition number for general nonsymmetric A.,A diagonal M rescales equations before iteration.,Change of coordinates; Geometry and distance,Inverse by the adjugate,ea-saad-iterative,2
bauer-fike-bound,Bauer–Fike eigenvalue perturbation bound,"\min_j|\mu-\lambda_j(A)|\le\kappa_2(V)\|E\|_2,\qquad A=V\Lambda V^{-1},\quad\mu\in\sigma(A+E)",Numerical analysis,Numerical linear algebra,Advanced undergraduate,theorem,A poorly conditioned eigenvector basis can amplify small matrix perturbations into large eigenvalue shifts.,"A complex diagonalizable square matrix, E arbitrary of the same size, μ any perturbed eigenvalue.","For normal A choose unitary V, giving a bound of ‖E‖2.",Change of coordinates; Geometry and distance,Diagonalization; Linear-system condition number,ea-fnc-evd,2
qr-eigenvalue-iteration,QR iteration for eigenvalues,"A_k-\mu_kI=Q_kR_k,\qquad A_{k+1}=R_kQ_k+\mu_kI=Q_k^*A_kQ_k",Numerical analysis,Numerical linear algebra,Advanced undergraduate,method,Repeated orthogonal similarities expose eigenvalues while preserving the underlying spectrum.,"Qk unitary, Rk upper triangular; shifts μk are specified. The similarity identity is exact; convergence needs suitable shifts and assumptions.","For symmetric matrices, practical shifted iterations approach diagonal form.",Symmetry and invariance; Recursion and iteration,QR factorization; Eigenvalues and eigenvectors,ea-saad-iterative,2
iterative-refinement,Iterative refinement of a linear solve,"r_k=b-Ax_k,\quad A d_k=r_k,\quad x_{k+1}=x_k+d_k",Numerical analysis,Numerical linear algebra,Advanced undergraduate,method,Recompute the remaining defect and solve for a correction using the existing factorization.,A nonsingular; approximate correction solves are used computationally. Improvement requires sufficiently accurate residuals and controlled solve error relative to conditioning.,In exact arithmetic one exact correction solve recovers the exact solution.,Recursion and iteration; Local linearization,Gaussian elimination and pivoted LU,ea-saad-iterative,2
jacobi-linear-iteration,Jacobi stationary linear iteration,"x^{(k+1)}=D^{-1}[b-(L+U)x^{(k)}],\qquad A=D+L+U",Numerical analysis,Numerical linear algebra,Advanced undergraduate,method,Update every coordinate from the old iterate using only its own diagonal solve.,D has nonzero diagonal; convergence for every start is equivalent to spectral radius ρ(−D⁻¹(L+U))<1. Strict row diagonal dominance is sufficient.,All coordinates can be updated in parallel.,Fixed points; Decomposition,Matrix multiplication,ea-saad-iterative,2
gauss-seidel-iteration,Gauss–Seidel linear iteration,"(D+L)x^{(k+1)}=b-Ux^{(k)},\qquad A=D+L+U",Numerical analysis,Numerical linear algebra,Advanced undergraduate,method,Use each freshly updated coordinate immediately in subsequent equations.,D+L nonsingular; convergence holds for symmetric positive definite A or strictly row diagonally dominant A. It is not guaranteed for every invertible A.,One sweep solves a lower-triangular system with the previous upper-triangular contribution.,Recursion and iteration; Decomposition,Jacobi stationary linear iteration,ea-saad-iterative,2
backward-euler-method,Backward Euler time step,"y_{n+1}=y_n+h f(t_{n+1},y_{n+1})",Numerical analysis,Numerical differential equations,Undergraduate,method,"Use the slope at the unknown endpoint, trading an implicit solve for stronger damping.","ODE y′=f(t,y), h>0. Under standard smoothness/Lipschitz conditions and well-solved implicit steps, the global order is one.","For y′=λy, amplification is 1/(1−hλ).",Fixed points; Accumulation,Explicit Euler method,ea-fnc-multistep,5
implicit-trapezoidal-ode,Implicit trapezoidal ODE step,"y_{n+1}=y_n+\frac h2[f(t_n,y_n)+f(t_{n+1},y_{n+1})]",Numerical analysis,Numerical differential equations,Advanced undergraduate,method,Average initial and final slopes to obtain a second-order implicit step.,Smooth Lipschitz f and sufficiently small h for the chosen implicit solve; global order two.,"For y′=λy, amplification is (1+hλ/2)/(1−hλ/2).",Averaging; Accumulation,Composite trapezoidal quadrature,ea-fnc-multistep,2
explicit-midpoint-ode,Explicit midpoint Runge–Kutta step,"k_1=f(t_n,y_n),\quad k_2=f(t_n+h/2,y_n+hk_1/2),\quad y_{n+1}=y_n+hk_2",Numerical analysis,Numerical differential equations,Undergraduate,method,"Predict the midpoint, then use its slope for the whole interval.",Smooth Lipschitz f; fixed step h; global order two under standard bounded-derivative hypotheses.,"For y′=λy, amplification is 1+hλ+(hλ)²/2.",Local linearization; Composition,Explicit Euler method,ea-fnc-adaptive-rk,2
adams-bashforth-two,Two-step Adams–Bashforth method,y_{n+1}=y_n+\frac h2(3f_n-f_{n-1}),Numerical analysis,Numerical differential equations,Advanced undergraduate,method,Extrapolate the recent slope history instead of evaluating new intermediate stages.,"Uniform h, fn=f(tn,yn); a second-order accurate starting value and smooth Lipschitz f give global order two.",The negative old-slope weight extrapolates a rising slope trend.,Recursion and iteration; Accumulation,Explicit Euler method,ea-fnc-multistep,2
bdf-two,Second-order backward differentiation formula,"3y_{n+1}-4y_n+y_{n-1}=2h f(t_{n+1},y_{n+1})",Numerical analysis,Numerical differential equations,Advanced undergraduate,method,Differentiate a quadratic through recent states at its newest endpoint.,"Uniform step h; sufficiently smooth Lipschitz problem, accurate start, and solvable implicit equations; global order two.",For a constant solution both sides vanish when f=0.,Recursion and iteration; Local linearization,Backward Euler time step,ea-fnc-multistep,2
runge-kutta-tableau,General Runge–Kutta stage formula,"k_i=f(t_n+c_i h,y_n+h\sum_{j=1}^s a_{ij}k_j),\qquad y_{n+1}=y_n+h\sum_{i=1}^s b_i k_i",Numerical analysis,Numerical differential equations,Advanced undergraduate,definition,A table of coefficients specifies how trial slopes inform one another and the final update.,"Finite s and specified real coefficients; ai,j=0 for j≥i makes the method explicit. Consistency and higher order require coefficient conditions.",Classical RK4 is one four-stage explicit tableau.,Composition; Accumulation,Classical fourth-order Runge–Kutta method,ea-fnc-adaptive-rk,2
embedded-rk-error,Embedded Runge–Kutta error estimate,"e_{n+1}=h\sum_i(b_i-\widehat b_i)k_i,\qquad h_{\rm new}=\eta h\left(\frac{\mathrm{tol}}{\|e_{n+1}\|}\right)^{1/(p+1)}",Numerical analysis,Numerical differential equations,Advanced undergraduate,method,Reuse the same stages in two accuracy formulas and let their disagreement suggest a step size.,"The pair’s difference is assumed O(h^(p+1)); η∈(0,1) is a safety factor; use scaled error norms and practical bounds. The estimate is not a universal rigorous error certificate.",A large estimated error reduces the proposed step.,Recursion and iteration; Scaling and homogeneity,General Runge–Kutta stage formula,ea-fnc-adaptive-rk,2
absolute-stability-region,Absolute stability region of a time integrator,"y_{n+1}=R(z)y_n,\quad z=h\lambda,\qquad\mathcal S=\{z\in\mathbb C:|R(z)|\le1\}",Numerical analysis,Numerical differential equations,Advanced undergraduate,definition,A numerical method must avoid amplifying modes that the differential equation damps.,Apply a one-step method to y′=λy; R is its amplification function where defined. This linear test does not settle all nonlinear stability.,Forward Euler has R(z)=1+z and stability disk |1+z|≤1.,Scaling and homogeneity; Exponentials and logarithms,Explicit Euler method,ea-fnc-absstab-diffusion,3
a-stability,A-stability of one-step methods,\{z:\operatorname{Re}z\le0\}\subseteq\mathcal S,Numerical analysis,Numerical differential equations,Advanced undergraduate,definition,All linearly decaying modes remain nonamplifying regardless of step size.,S is the absolute stability region; boundary points are interpreted where the amplification function is defined. A-stability does not guarantee accuracy for large steps.,Backward Euler and implicit trapezoidal are A-stable.,Conservation and balance; Limits and convergence,Absolute stability region of a time integrator,ea-fnc-stiffness,2
multistep-root-condition,Zero-stability root condition,"\rho(\zeta)=\sum_{j=0}^k\alpha_j\zeta^j,\qquad|\zeta|\le1,\quad |\zeta|=1\Rightarrow\zeta\text{ simple}",Numerical analysis,Numerical differential equations,Advanced undergraduate,theorem,Parasitic recurrence modes must not grow as the step size goes to zero.,"For a fixed-step linear multistep method ∑αjyn+j=h∑βjfn+j with αk≠0, zero-stability is equivalent to the displayed condition on every root of ρ.",A repeated root at ζ=1 causes polynomial growth in the homogeneous recurrence.,Recursion and iteration; Limits and convergence,Characteristic-root solution of a linear recurrence,ea-fnc-zerostability,2
dahlquist-equivalence,Consistency plus zero-stability gives convergence,\text{linear multistep convergence}\iff\text{consistency and zero-stability},Numerical analysis,Numerical differential equations,Advanced undergraduate,theorem,Small local defects accumulate safely only if the recurrence does not amplify them uncontrollably.,"Fixed-step linear multistep methods for sufficiently smooth well-posed Lipschitz ODE initial-value problems, with convergent starting values.",A locally accurate but zero-unstable scheme may diverge as h→0.,Limits and convergence; Recursion and iteration,Zero-stability root condition,ea-fnc-zerostability,2
ftcs-heat-scheme,Explicit centered heat-equation scheme,"U_j^{n+1}=(1-2r)U_j^n+rU_{j-1}^n+rU_{j+1}^n,\qquad r=\kappa\Delta t/(\Delta x)^2",Numerical analysis,Numerical PDEs,Advanced undergraduate,method,Diffusion updates each grid value by averaging it with its neighbors.,"Uniform one-dimensional grid, κ>0, standard periodic or homogeneous Dirichlet setting; r≤1/2 ensures the usual explicit stability and nonnegative weights.",At r=1/2 the next value is the mean of its two neighbors.,Averaging; Scaling and homogeneity,Heat or diffusion equation; Centered second-derivative stencil,ea-fnc-methodlines,2
crank-nicolson-heat,Crank–Nicolson diffusion discretization,(I-\tfrac{\Delta t}2L_h)U^{n+1}=(I+\tfrac{\Delta t}2L_h)U^n,Numerical analysis,Numerical PDEs,Advanced undergraduate,method,Average diffusion at the beginning and end of a step to gain second-order time accuracy.,Lh is the semidiscrete diffusion matrix with nonpositive real eigenvalues in a stable symmetric spatial discretization. The method is linearly unconditionally stable but may have sign oscillations for stiff modes.,A Fourier mode with eigenvalue λ≤0 is multiplied by (1+Δtλ/2)/(1−Δtλ/2).,Averaging; Decomposition,Implicit trapezoidal ODE step,ea-fnc-methodlines,3
upwind-advection,First-order upwind advection scheme,"U_j^{n+1}=(1-\nu)U_j^n+\nu U_{j-1}^n,\qquad\nu=c\Delta t/\Delta x",Numerical analysis,Numerical PDEs,Advanced undergraduate,method,A positive-speed signal is sampled from the side where information arrives.,c>0; uniform grid; 0≤ν≤1 for the convex-combination stability property. For negative speed reverse the spatial direction.,At ν=1 the data shift exactly one cell per step.,Averaging; Conservation and balance,Constant-velocity transport,ea-fnc-upwind,3
cfl-domain-condition,CFL numerical-domain condition,|c|\frac{\Delta t}{\Delta x}\le1,Numerical analysis,Numerical PDEs,Advanced undergraduate,theorem,A numerical stencil must reach every point that can influence the exact solution.,This bound is necessary for convergence of explicit nearest-neighbor schemes for constant-speed advection; wider or implicit stencils have different conditions. It is not sufficient for stability by itself.,A physical characteristic cannot cross more than one cell in one such explicit step.,Geometry and distance; Scaling and homogeneity,Constant-velocity transport,ea-fnc-upwind,2
method-of-lines,Method of lines semidiscretization,u_t=\kappa u_{xx}\quad\leadsto\quad U^{\prime}(t)=\kappa D_{xx}U(t),Numerical analysis,Numerical PDEs,Advanced undergraduate,method,Discretize space first and leave time to an ODE solver.,A spatial grid and boundary treatment define Dxx; consistency and stability of both discretizations are needed for convergence.,"The largest diffusion eigenvalues scale like −1/(Δx)², making fine grids stiff.",Decomposition; Local linearization,Heat or diffusion equation,ea-fnc-methodlines,2
galerkin-stiffness-matrix,Galerkin stiffness system for Poisson,"u_h=\sum_j c_j\phi_j,\quad Kc=f,\quad K_{ij}=\int_\Omega\nabla\phi_j\cdot\nabla\phi_i,\quad f_i=\int_\Omega f\phi_i",Numerical analysis,Numerical PDEs,Advanced undergraduate,method,Require the residual to vanish against a finite collection of test functions.,"Linearly independent basis functions φj in H0¹(Ω), bounded Lipschitz Ω, f∈L²; K is positive definite for the Dirichlet Poisson problem.",Piecewise-linear basis functions give sparse couplings between neighboring mesh vertices.,Orthogonality; Quadratic structure,Weak formulation of the Dirichlet Poisson problem,ea-fnc-galerkin; a-hunter-pde,4
cea-lemma,Céa quasi-optimal Galerkin error,\|u-u_h\|_V\le\frac M\alpha\inf_{v_h\in V_h}\|u-v_h\|_V,Numerical analysis,Numerical PDEs,Graduate,theorem,A stable Galerkin solution is nearly as accurate as the best approximation in its chosen space.,Real Hilbert V; bilinear a bounded by M and coercive with α>0; Vh a finite-dimensional subspace; exact and Galerkin solutions have the same continuous linear right-hand functional.,For the energy norm of a symmetric coercive form the factor can be 1.,Orthogonality; Geometry and distance,Lax–Milgram theorem,a-hunter-pde; ea-fnc-galerkin,3
shooting-boundary-method,Shooting method for a two-point boundary problem,"y(a;s)=\alpha,\quad y^{\prime}(a;s)=s,\qquad F(s)=y(b;s)-\beta=0",Numerical analysis,Numerical PDEs,Advanced undergraduate,method,"Guess a missing initial slope, integrate forward, and adjust until the far boundary is met.",A second-order ODE with a well-defined initial-value solution reaching b for candidate slopes; solutions and their sensitivities may be ill-conditioned.,A scalar root solve adjusts s to enforce y(b)=β.,Composition; Boundary and interior,Newton's root-finding method,ea-fnc-shooting,2
polynomial-differentiation-matrix,Differentiation matrix on interpolation nodes,"D_{ij}=\ell_j^{\prime}(x_i),\qquad (Dp)_i=p^{\prime}(x_i)\quad(\deg p\le n)",Numerical analysis,Differentiation,Advanced undergraduate,method,"Differentiate each cardinal basis function once, then reuse the resulting matrix on any data vector.","n+1 distinct nodes; pj=p(xj), and ℓj are their degree-n Lagrange basis polynomials. Exactness is polynomial, not arbitrary-data accuracy.",D times the constant vector is zero.,Linearity; Decomposition,Lagrange interpolation,ea-fnc-finitediffs,2
adaptive-simpson-estimate,Adaptive Simpson local error estimate,"E\approx\frac{S_{\rm fine}-S_{\rm coarse}}{15},\qquad I\approx S_{\rm fine}+\frac{S_{\rm fine}-S_{\rm coarse}}{15}",Numerical analysis,Quadrature,Advanced undergraduate,method,Compare one Simpson panel with two half-panels and spend more samples where they disagree.,Smooth integrand in an asymptotic error regime; Sfine uses two half-panels on the same interval. The estimate can miss narrow unsampled features and is not a universal certificate.,A small estimated local error lets a panel remain coarse.,Recursion and iteration; Scaling and homogeneity,Composite Simpson quadrature,ea-fnc-adaptive,2
gaussian-quadrature-error,Gaussian quadrature remainder,I(f)-Q_n(f)=\frac{f^{(2n)}(\xi)}{(2n)!}\int_a^b w(x)\pi_n(x)^2dx,Numerical analysis,Quadrature,Advanced undergraduate,theorem,The first missed derivative is multiplied by the squared nodal polynomial’s weighted size.,"f∈C^(2n)[a,b], positive integrable weight w with finite moments, πn monic orthogonal degree n, and Gaussian Qn; ξ∈(a,b).","For a function with f^(2n)≥0, Gaussian quadrature underestimates its weighted integral.",Quadratic structure; Local linearization,Gaussian quadrature exactness,ea-dlmf-35,2
clenshaw-recurrence,Clenshaw evaluation of a Chebyshev series,"b_{n+1}=b_{n+2}=0,\quad b_k=a_k+2xb_{k+1}-b_{k+2},\quad \sum_{k=0}^na_kT_k(x)=a_0+xb_1-b_2",Numerical analysis,Polynomial computation,Advanced undergraduate,method,Evaluate a whole polynomial expansion backward using its basis recurrence.,"The backward recurrence runs k=n,…,1; finite coefficients and real or complex x. Formula is exact before rounding.",This avoids expanding Chebyshev polynomials into monomials.,Recursion and iteration; Decomposition,Chebyshev three-term recurrence,ea-dlmf-311,2
givens-qr-rotation,Givens plane rotation for elimination,"\begin{pmatrix}c&s\\-s&c\end{pmatrix}\binom ab=\binom r0,\qquad r=\sqrt{a^2+b^2},\ c=a/r,\ s=b/r",Numerical analysis,Numerical linear algebra,Advanced undergraduate,method,Rotate two coordinates to remove one entry while preserving their length.,"a,b real and not both zero; use a scaled hypot evaluation numerically to avoid unnecessary overflow.","The pair (3,4) rotates to (5,0).",Orthogonality; Local linearization,QR factorization,ea-saad-iterative,2
differentiate-under-integral,Differentiation under an integral,"\frac d{dt}\int_X f(t,x)d\mu(x)=\int_X\partial_t f(t,x)d\mu(x)",Calculus,Parameter differentiation,Advanced undergraduate,theorem,Differentiate a continuously changing accumulation when one integrable bound controls its local rate.,"Near t0, f(t,x) is differentiable in t almost everywhere, |∂tf|≤g∈L¹, and f(t0,·)∈L¹. Then the identity holds at t0 if the pointwise derivatives exist there.",Differentiating a gamma integral introduces a factor log x.,Composition; Limits and convergence,Dominated convergence theorem,ea-hunter-13; a-lebl-real2,3
leibniz-moving-boundaries,Leibniz rule with moving integration limits,"\frac d{dt}\int_{a(t)}^{b(t)}f(t,x)dx=f(t,b(t))b^{\prime}(t)-f(t,a(t))a^{\prime}(t)+\int_{a(t)}^{b(t)}\partial_tf(t,x)dx",Calculus,Parameter differentiation,Undergraduate,theorem,Accumulation changes because the integrand changes and because its boundaries move.,"a,b are C¹ and f,∂tf continuous on a neighborhood of the region swept by the limits.","For ∫₀ᵗx²dx, the derivative is t².",Boundary and interior; Accumulation,Chain rule; Fundamental theorem of calculus,ea-hunter-13; a-lebl-real2,2
faa-di-bruno,Faà di Bruno higher chain rule,"\frac{d^n}{dx^n}f(g(x))=\sum_{\sum jm_j=n}\frac{n!}{\prod_{j=1}^n m_j!(j!)^{m_j}}\,f^{(\sum m_j)}(g(x))\prod_{j=1}^n[g^{(j)}(x)]^{m_j}",Calculus,Higher derivatives,Advanced undergraduate,identity,Higher derivatives distribute repeated differentiations among inner-function factors in every possible grouping.,n≥1 integer; f and g are C^n on appropriate neighborhoods; each mj is a nonnegative integer.,For n=2: (f∘g)″=f″(g)(g′)²+f′(g)g″.,Composition; Counting,Chain rule; Product rule,ea-hunter-13; a-lebl-real2,2
euler-homogeneous-theorem,Euler identity for homogeneous functions,f(tx)=t^kf(x)\quad\Longrightarrow\quad x\cdot\nabla f(x)=kf(x),Calculus,Homogeneity,Advanced undergraduate,theorem,A scaling law determines the directional derivative along rays.,f is C¹ on an open cone in Rⁿ; homogeneity holds for positive t; k is real.,"For a quadratic form, x·∇Q=2Q.",Scaling and homogeneity; Local linearization,Gradient,ea-hunter-13; a-lebl-real2,2
hessian-composition,Hessian chain rule for a scalar composite,\nabla^2(f\circ g)=J_g^T(\nabla^2f)(g)J_g+\sum_{a=1}^m(\partial_af)(g)\nabla^2g_a,Calculus,Higher derivatives,Advanced undergraduate,identity,Curvature comes both from the outer function and from bending of the inner coordinates.,g:Rⁿ→Rᵐ and f:Rᵐ→R are C² on compatible open domains; all terms are evaluated at x unless indicated.,For affine g the second sum vanishes.,Composition; Quadratic structure,Hessian matrix; Multivariable chain rule,ea-hunter-13; a-lebl-real2,2
segment-integral-derivative,Integral mean-value formula for vector maps,"F(y)-F(x)=\int_0^1DF(x+t(y-x))(y-x)\,dt",Calculus,Multivariable calculus,Advanced undergraduate,identity,The finite change of a map is the accumulated directional derivative along a straight segment.,"F:C¹(U,Rᵐ), U⊂Rⁿ open, and the entire segment [x,y] lies in U.",A uniform bound ‖DF‖≤L on the segment gives ‖F(y)−F(x)‖≤L‖y−x‖.,Accumulation; Local linearization,Total derivative,ea-hunter-13; a-lebl-real2,3
hadamard-lemma,Hadamard factorization near a vanishing point,"f(x)-f(0)=\sum_{j=1}^n x_jg_j(x),\qquad g_j(x)=\int_0^1\partial_jf(tx)\,dt",Calculus,Multivariable calculus,Advanced undergraduate,theorem,A smooth function vanishing at the origin contains one coordinate factor in every term.,f is C∞ on a star-shaped open neighborhood of 0 in Rⁿ; each gj is smooth there. C^k versions lose at most one derivative.,"In one variable, f(x)−f(0)=xg(x).",Decomposition; Accumulation,Gradient,ea-hunter-13; a-lebl-real2,2
bounded-variation,Total variation of a real function,"\operatorname{Var}_{[a,b]}f=\sup_{a=x_0<\cdots<x_n=b}\sum_{j=1}^n|f(x_j)-f(x_{j-1})|",Analysis,Variation and integration,Advanced undergraduate,definition,"Count all upward and downward movement, including changes that cancel in the net displacement.","f:[a,b]→R; bounded variation means the supremum over finite partitions is finite.","For monotone f, Var f=|f(b)−f(a)|.",Accumulation; Geometry and distance,Forward finite difference,a-axler-measure,4
jordan-bv-decomposition,Jordan decomposition of a BV function,"f(x)=g(x)-h(x),\qquad g,h\text{ increasing}",Analysis,Variation and integration,Advanced undergraduate,theorem,Separate total motion into accumulated upward and downward movement.,"A real function on [a,b] has bounded variation iff it is a difference of two bounded increasing functions. One choice uses V(x)=Var[a,x]f and g=(V+f)/2,h=(V−f)/2.",A smooth oscillating function splits according to the positive and negative parts of its derivative.,Decomposition; Accumulation,Total variation of a real function,a-axler-measure,2
absolute-continuity,Absolute continuity and integral recovery,"f(x)=f(a)+\int_a^x g(t)dt,\quad g\in L^1[a,b]\quad\Longleftrightarrow\quad f\in AC[a,b]",Analysis,Variation and integration,Advanced undergraduate,theorem,"Absolute continuity means every change is accounted for by an integrable rate, with no hidden singular movement.",Real f on a compact interval; in this representation f′=g almost everywhere. Equivalent interval definition requires small total interval length to force small total increments.,The Cantor function is continuous and BV but is not absolutely continuous.,Accumulation; Limits and convergence,Integral with respect to a measure,a-axler-measure,3
riemann-stieltjes-integral,Riemann–Stieltjes integral,"\int_a^b f\,d\alpha=\lim_{\|P\|\to0}\sum_jf(\xi_j)[\alpha(x_j)-\alpha(x_{j-1})]",Analysis,Variation and integration,Advanced undergraduate,definition,Accumulate f according to increments of another function rather than uniform coordinate increments.,"A sufficient setting is f continuous and α of bounded variation on [a,b], with arbitrary tagged partitions.","If α is C¹, ∫f dα=∫fα′dx.",Accumulation; Change of coordinates,Riemann integral; Total variation of a real function,a-axler-measure,2
stieltjes-integration-by-parts,Stieltjes integration by parts,"\int_a^b f\,dg+\int_a^b g\,df=f(b)g(b)-f(a)g(a)",Analysis,Variation and integration,Advanced undergraduate,identity,Exchange which factor supplies increments while keeping the boundary product.,"A sufficient setting is real continuous f,g of bounded variation on [a,b]. If both may jump, extra conventions or jump corrections are needed.",With g(x)=x the formula recovers ∫f dx+∫x df=[xf].,Duality; Boundary and interior,Riemann–Stieltjes integral,a-axler-measure,2
holder-continuity,Hölder continuity seminorm,"[f]_{C^{0,\alpha}}=\sup_{x\ne y}\frac{|f(x)-f(y)|}{|x-y|^\alpha}<\infty",Analysis,Regularity,Advanced undergraduate,definition,A power law bounds how quickly values can separate across short distances.,0<α≤1 on a metric subset of Euclidean space; α=1 is Lipschitz continuity.,"√x is Hölder-1/2 on [0,1] but not Lipschitz there.",Scaling and homogeneity; Geometry and distance,Norm axioms and induced norm,ea-hunter-2,3
rademacher-theorem,Almost-everywhere differentiability of Lipschitz maps,f:\mathbb R^n\to\mathbb R^m\text{ Lipschitz}\quad\Longrightarrow\quad Df(x)\text{ exists a.e.},Analysis,Regularity,Graduate,theorem,A global slope bound forces a genuine linear approximation at almost every point.,"Lebesgue almost everywhere; local Lipschitz continuity gives the local version. Differentiability means total Fréchet differentiability, not merely coordinate derivatives.",The function |x| fails to differentiate at 0 but differentiates elsewhere.,Local linearization; Geometry and distance,Total derivative; Hölder continuity seminorm,a-hunter-pde,2
egorov-theorem,Egorov almost-uniform convergence,"f_n\to f\ \text{a.e.}\quad\Longrightarrow\quad\forall\varepsilon>0\ \exists E:\ \mu(E)<\varepsilon,\ f_n\to f\text{ uniformly on }X\setminus E",Analysis,Measure convergence,Advanced undergraduate,theorem,Remove a small exceptional region and pointwise convergence becomes uniform.,Measurable finite-valued functions on a finite measure space; convergence almost everywhere. The removed set depends on ε.,"On [0,1], xn converges uniformly away from a small neighborhood of 1.",Limits and convergence; Decomposition,Uniform convergence; Integral with respect to a measure,a-axler-measure,3
lusin-theorem,Lusin approximation by continuous restrictions,"\forall\varepsilon>0\ \exists K\subset E\text{ compact}:\ |E\setminus K|<\varepsilon,\quad f|_K\text{ continuous}",Analysis,Measure regularity,Advanced undergraduate,theorem,A measurable function looks continuous after removing a set of arbitrarily small measure.,"E⊂Rⁿ measurable with finite Lebesgue measure; f:E→R measurable and finite almost everywhere, adjusted on a null set if needed.",Even a discontinuous measurable function has continuous restrictions on nearly all of a bounded interval.,Decomposition; Limits and convergence,Integral with respect to a measure,a-axler-measure,2
convergence-in-measure,Convergence in measure,f_n\xrightarrow{\mu}f\quad\Longleftrightarrow\quad\mu\{|f_n-f|>\varepsilon\}\to0\quad\forall\varepsilon>0,Analysis,Measure convergence,Advanced undergraduate,definition,"Large errors are allowed, but the region where they occur must shrink in measure.",Measurable functions on a fixed measure space; finite-measure assumptions are needed for some relations with almost-everywhere convergence.,"The spikes n·1[0,1/n] converge in measure to zero but not in L¹.",Limits and convergence; Geometry and distance,Integral with respect to a measure,a-axler-measure,2
uniform-integrability,Uniform integrability by tail control,"\lim_{M\to\infty}\sup_{f\in\mathcal F}\int_{\{|f|>M\}}|f|\,d\mu=0",Analysis,Measure convergence,Graduate,definition,No member of the family can hide a fixed amount of integral mass in arbitrarily tall spikes.,A family of integrable functions on a finite measure space; this tail condition also yields a uniform L¹ bound.,A common L¹ dominating function implies uniform integrability.,Accumulation; Limits and convergence,Integral with respect to a measure,ea-gravner-uniform-integrability,2
vitali-l1-convergence,Vitali convergence theorem,"f_n\to f\text{ in measure},\quad\{f_n\}\text{ uniformly integrable}\quad\Longrightarrow\quad\|f_n-f\|_1\to0",Analysis,Measure convergence,Graduate,theorem,Small bad sets cannot obstruct convergence if they also cannot carry substantial mass.,"Finite measure space; fn integrable, f finite almost everywhere and measurable. The hypotheses imply f∈L¹.","The spike family n·1[0,1/n] fails uniform integrability, explaining its missing L¹ limit.",Decomposition; Limits and convergence,Convergence in measure; Uniform integrability by tail control,ea-gravner-uniform-integrability,2
signed-measure-jordan,Jordan decomposition of a finite signed measure,"\nu=\nu^+-\nu^-,\qquad\nu^+\perp\nu^-,\quad|\nu|=\nu^++\nu^-",Analysis,Signed measures,Advanced undergraduate,theorem,Separate positive and negative mass on disjoint measurable supports.,ν is a finite signed measure; ν± are unique finite positive mutually singular measures.,"For density g, ν± have densities max(±g,0).",Decomposition; Accumulation,Integral with respect to a measure,a-axler-measure,3
measure-total-variation,Total variation measure and integral bound,"|\nu|(E)=\sup_{\{E_j\}}\sum_j|\nu(E_j)|,\qquad\left|\int f\,d\nu\right|\le\int|f|\,d|\nu|",Analysis,Signed measures,Advanced undergraduate,definition,Partition mass finely enough that opposite signs cannot cancel each other.,ν finite real or complex measure; supremum over finite measurable partitions of E; f integrable with respect to |ν|.,"For ν=gμ, |ν|=|g|μ.",Decomposition; Geometry and distance,Integral with respect to a measure,a-axler-measure,2
lebesgue-measure-decomposition,Lebesgue decomposition of measures,"\nu=f\mu+\nu_s,\qquad \nu_s\perp\mu",Analysis,Signed measures,Graduate,theorem,Separate a measure into a density visible to the reference measure and mass on a reference-null set.,"μ,ν are σ-finite positive measures; f≥0 measurable and νs positive are unique up to μ-null changes of f.",Lebesgue measure plus a point mass splits into continuous density 1 and a singular atom.,Decomposition; Change of coordinates,Radon–Nikodym density,a-axler-measure,2
caratheodory-measurability,Carathéodory measurable-set criterion,\mu^*(A)=\mu^*(A\cap E)+\mu^*(A\setminus E)\quad\text{for every }A,Analysis,Measure construction,Advanced undergraduate,theorem,A measurable set cuts every test set without creating or losing outer mass.,"μ* is an outer measure on all subsets of X. Sets E satisfying this criterion form a σ-algebra, and μ* restricted to it is a complete measure.",Intervals satisfy the criterion for Lebesgue outer measure.,Decomposition; Algebraic structure,Union of sets; Integral with respect to a measure,a-axler-measure,2
lp-completeness,Completeness of Lp spaces,"1\le p\le\infty,\quad \|f_n-f_m\|_p\to0\Longrightarrow\exists f\in L^p:\|f_n-f\|_p\to0",Analysis,Function spaces,Advanced undergraduate,theorem,Approximations that become mutually close have a limit inside the same normed function space.,"Any measure space; functions are identified almost everywhere; the Cauchy condition is as m,n→∞.",An absolutely summable series of Lp norms yields convergence of the function series in Lp.,Limits and convergence; Geometry and distance,Lp norm of a function; Cauchy criterion for convergence,a-axler-measure,2
lp-duality,Dual representation of Lp functionals,"(L^p(\mu))^*\cong L^q(\mu),\qquad \ell_g(f)=\int fg\,d\mu,\qquad \|\ell_g\|=\|g\|_q",Analysis,Function spaces,Graduate,theorem,Every continuous linear measurement of an Lp function is integration against a conjugate-exponent weight.,"Real Lp spaces on a σ-finite measure space, 1≤p<∞, 1/p+1/q=1. Complex conventions may insert conjugation. The statement excludes the full dual of L∞.",At p=2 this is Hilbert-space Riesz representation.,Duality; Accumulation,Hölder's inequality; Radon–Nikodym density,a-axler-measure,2
lp-interpolation-log-convexity,Interpolation inequality for Lp norms,"\|f\|_r\le\|f\|_p^\theta\|f\|_q^{1-\theta},\qquad\frac1r=\frac\theta p+\frac{1-\theta}q",Analysis,Function spaces,Advanced undergraduate,theorem,Control at two integrability exponents supplies control between them.,"1≤p≤q≤∞, 0≤θ≤1, f∈Lp∩Lq; 1/∞=0.",‖f‖2≤‖f‖1^(1/2)‖f‖∞^(1/2).,Convexity; Scaling and homogeneity,Hölder's inequality,a-axler-measure,2
baire-category,Baire category theorem,"X=\bigcup_{n=1}^\infty F_n,\quad F_n\text{ closed}\quad\Longrightarrow\quad\exists n:\operatorname{int}F_n\ne\varnothing",Analysis,Functional analysis foundations,Advanced undergraduate,theorem,A complete space cannot be assembled from countably many closed pieces that are all locally thin.,"X is a nonempty complete metric space; interiors are relative to X. Equivalently, countable intersections of dense open sets are dense.",R cannot be a countable union of closed sets with empty interior.,Decomposition; Limits and convergence,Cauchy criterion for convergence,ea-hunter-5,4
uniform-boundedness,Uniform boundedness principle,\forall x\in X:\sup_\alpha\|T_\alpha x\|<\infty\quad\Longrightarrow\quad\sup_\alpha\|T_\alpha\|<\infty,Analysis,Functional analysis foundations,Graduate,theorem,Pointwise bounded responses force a common operator bound when the input space is complete.,"X Banach, Y normed, and each Tα:X→Y bounded linear; arbitrary indexed families are allowed.",A weakly convergent sequence in a Banach space is norm bounded.,Linearity; Limits and convergence,Baire category theorem; Norm of a bounded linear operator,ea-hunter-5,2
open-mapping-theorem,Banach open mapping theorem,T:X\twoheadrightarrow Y\text{ bounded linear}\quad\Longrightarrow\quad T(U)\text{ open for every open }U,Analysis,Functional analysis foundations,Graduate,theorem,A surjective continuous linear map between complete spaces cannot flatten every neighborhood arbitrarily.,"X,Y Banach over R or C; surjectivity is essential.",A bijective bounded linear map between Banach spaces has continuous inverse.,Geometry and distance; Linearity,Norm of a bounded linear operator; Baire category theorem,ea-hunter-5,4
bounded-inverse-theorem,Bounded inverse theorem,T:X\to Y\text{ bounded linear bijection}\quad\Longrightarrow\quad\|T^{-1}\|<\infty,Analysis,Functional analysis foundations,Graduate,theorem,An algebraically reversible bounded map between Banach spaces has a stable continuous inverse.,X and Y are Banach spaces; both completeness assumptions matter.,A bijective bounded operator has ‖Tx‖≥c‖x‖ for some c>0.,Composition; Geometry and distance,Banach open mapping theorem,ea-hunter-5,2
closed-graph-theorem,Closed graph theorem,"x_n\to x,\ Tx_n\to y\Longrightarrow y=Tx\quad\Longleftrightarrow\quad T\text{ bounded}",Analysis,Functional analysis foundations,Graduate,theorem,A linear operator defined everywhere is continuous if its graph admits no missing limit points.,"T:X→Y linear, defined on all of Banach X, with Y Banach. Closed unbounded operators can exist on proper domains.","Differentiation is not bounded on C[0,1] with the sup norm and cannot be an everywhere-defined closed derivative there.",Limits and convergence; Linearity,Banach open mapping theorem,ea-hunter-5,2
weak-banach-convergence,Weak convergence in a Banach space,x_n\rightharpoonup x\quad\Longleftrightarrow\quad\ell(x_n)\to\ell(x)\ \ \forall\ell\in X^*,Analysis,Weak topologies,Graduate,definition,"Every fixed continuous linear measurement settles down, even if norm distance does not.",X is a Banach space; X* consists of bounded scalar-valued linear functionals.,An orthonormal sequence in an infinite-dimensional Hilbert space converges weakly to zero but has norm one.,Duality; Limits and convergence,Norm of a bounded linear operator,ea-hunter-5,2
weak-star-convergence,Weak-star convergence of dual functionals,\ell_n\xrightarrow{w^*}\ell\quad\Longleftrightarrow\quad\ell_n(x)\to\ell(x)\ \ \forall x\in X,Analysis,Weak topologies,Graduate,definition,Compare functionals only through their evaluations on original-space vectors.,"ℓn,ℓ∈X*, X normed; weak-star topology is σ(X*,X). It can differ from weak topology on X*.",Bounded linear functionals may converge on every input without converging in operator norm.,Duality; Limits and convergence,Weak convergence in a Banach space,ea-hunter-5,2
banach-alaoglu,Banach–Alaoglu compactness,"B_{X^*}=\{\ell:\|\ell\|\le1\}\text{ is compact in }\sigma(X^*,X)",Analysis,Weak topologies,Graduate,theorem,A bounded family of linear measurements is compact when observed one input at a time.,"X normed. Weak-star compactness does not automatically mean sequential compactness; if X is separable, the dual ball is weak-star metrizable and sequentially compact.",Bounded L∞ functions admit weak-star convergent subnets when viewed as the dual of L¹ in the standard σ-finite setting.,Duality; Limits and convergence,Weak-star convergence of dual functionals,ea-hunter-5,2
reflexive-banach-space,Canonical embedding and reflexivity,"J:X\to X^{**},\quad Jx(\ell)=\ell(x),\qquad X\text{ reflexive}\iff J(X)=X^{**}",Analysis,Weak topologies,Graduate,definition,A space is reflexive when measuring its measurements introduces no genuinely new vectors.,"X is Banach; J is an isometric embedding. For 1<p<∞, Lp is reflexive on standard measure spaces; infinite-dimensional L¹ and L∞ need not be.",Every Hilbert space is reflexive.,Duality; Geometry and distance,Weak-star convergence of dual functionals,ea-hunter-5,2
weak-norm-lower-semicontinuity,Norm is weakly lower semicontinuous,x_n\rightharpoonup x\quad\Longrightarrow\quad\|x\|\le\liminf_n\|x_n\|,Analysis,Weak topologies,Graduate,theorem,Weak limits can lose visible norm but cannot acquire more than the limiting lower bound.,X normed and weak convergence defined through its continuous dual; sequence formulation shown.,"An orthonormal sequence weakly tends to zero, so its norm can drop from one to zero.",Convexity; Limits and convergence,Weak convergence in a Banach space,ea-hunter-5,2
banach-adjoint,Adjoint operator between continuous duals,"T^*:Y^*\to X^*,\qquad T^*\ell=\ell\circ T,\qquad\|T^*\|=\|T\|",Analysis,Operator theory,Graduate,definition,Pull an output measurement backward to become a measurement on the input.,T:X→Y bounded linear between normed spaces; duals contain bounded linear functionals.,"For matrices, dual-coordinate representation is transpose, with complex conjugation under Hermitian identifications.",Duality; Composition,Dual space and pullback of linear functionals,ea-hunter-5,2
compact-operator,Compact linear operator,T(B_X)\text{ has compact closure in }Y,Analysis,Operator theory,Graduate,definition,A compact operator turns bounded input families into outputs with convergent subsequences.,"T:X→Y bounded linear, X,Y Banach; BX is the closed unit ball. In metric spaces this is equivalent to every bounded sequence having an image-convergent subsequence.","An integral operator with continuous kernel on a compact interval is compact on C[a,b].",Limits and convergence; Decomposition,Norm of a bounded linear operator,ea-hunter-5,2
compact-selfadjoint-spectral,Spectral expansion of a compact self-adjoint operator,"Tx=\sum_j\lambda_j\langle e_j,x\rangle e_j,\qquad \lambda_j\to0\text{ if infinitely many nonzero eigenvalues}",Analysis,Operator theory,Graduate,theorem,An infinite-dimensional symmetric compact operator decomposes into orthogonal modes whose strengths fade away.,"T compact self-adjoint on a Hilbert space; ej form an orthonormal basis of the closure of ran T for nonzero eigenvalues, counted with multiplicity; the sum converges in norm. The inner product is conjugate-linear in the first slot and linear in the second.",A compact symmetric integral kernel has such an eigenfunction expansion.,Orthogonality; Limits and convergence,Compact linear operator; Spectral theorem in finite dimensions,ea-hunter-8; ea-hunter-9,2
fredholm-alternative,Fredholm alternative for compact perturbations,"\operatorname{ran}(I-K)=\ker(I-K^*)^\perp,\qquad I-K\text{ injective}\iff I-K\text{ surjective}",Analysis,Operator theory,Graduate,theorem,A compact perturbation of identity fails to invert only through finite-dimensional compatibility obstructions.,"K compact on a Hilbert space; range is closed. If I−K is not invertible, its kernel is nonzero and finite-dimensional.",Solvability of (I−K)u=f requires f to be orthogonal to adjoint null vectors.,Duality; Decomposition,Compact linear operator,ea-hunter-9,2
operator-resolvent,Resolvent and spectrum of a bounded operator,"R(z;T)=(zI-T)^{-1},\quad\rho(T)=\{z:R(z;T)\text{ exists bounded}\},\quad\sigma(T)=\mathbb C\setminus\rho(T)",Analysis,Operator theory,Graduate,definition,Probe an operator by asking which shifts can be stably inverted.,"T bounded linear on a nonzero complex Banach space. In infinite dimensions, spectrum can contain values with no eigenvector.",The unilateral shift has spectral points that are not all eigenvalues.,Algebraic structure; Geometry and distance,Norm of a bounded linear operator,ea-hunter-9,2
resolvent-identity,Resolvent identity,R(z;T)-R(w;T)=(w-z)R(z;T)R(w;T),Analysis,Operator theory,Graduate,identity,Changing the spectral parameter factors into two inverse responses and one scalar difference.,"z,w in the resolvent set of the same bounded operator T.",Taking w→z gives R′(z;T)=−R(z;T)².,Algebraic structure; Local linearization,Resolvent and spectrum of a bounded operator,ea-hunter-9,2
spectral-radius-formula,Gelfand spectral radius formula,r(T)=\sup_{\lambda\in\sigma(T)}|\lambda|=\lim_{n\to\infty}\|T^n\|^{1/n},Analysis,Operator theory,Graduate,theorem,Long-run root growth of operator powers reveals the outer radius of the spectrum.,T bounded on a nonzero complex Banach space; any operator norm induced by the fixed Banach norm may be used.,A nilpotent operator has spectral radius zero even if its norm is large.,Limits and convergence; Recursion and iteration,Resolvent and spectrum of a bounded operator,ea-hunter-9,2
stone-weierstrass,Real Stone–Weierstrass theorem,"\overline{\mathcal A}^{\,\|\cdot\|_\infty}=C(K,\mathbb R)",Analysis,Approximation and compactness,Advanced undergraduate,theorem,An algebra of simple functions approximates every continuous function if it distinguishes points and includes constants.,"K compact Hausdorff; A a real subalgebra of C(K,R), containing constants and separating every pair of distinct points. Complex versions also require closure under conjugation.",Real polynomials are dense in continuous functions on a compact interval.,Algebraic structure; Limits and convergence,Weierstrass polynomial approximation,ea-hunter-2,2
dini-uniform-convergence,Dini monotone convergence theorem,"f_n\downarrow f,\quad f_n,f\in C(K)\quad\Longrightarrow\quad\|f_n-f\|_\infty\to0",Analysis,Approximation and compactness,Advanced undergraduate,theorem,"On a compact space, monotone continuous approximation to a continuous limit cannot hide a persistent moving error.","K compact; pointwise monotone convergence, either decreasing or increasing; all functions and the limit are real-valued continuous.","Continuous monotone approximations to a continuous target on [0,1] converge uniformly.",Limits and convergence; Decomposition,Uniform convergence,ea-hunter-2,2
hilbert-operator-norm-square,Hilbert operator norm-square identity,\|T^*T\|=\|T\|^2=\|TT^*\|,Analysis,Operator theory,Graduate,identity,The squared size of an operator is encoded by its positive self-adjoint energy operator.,T bounded between Hilbert spaces; adjoints use the Hilbert inner product and norms are operator norms.,"For a matrix, the largest eigenvalue of A*A is σmax(A)².",Quadratic structure; Duality,Adjoint of a linear map; Norm of a bounded linear operator,ea-hunter-8; ea-tao-harmonic3,2
dirac-distribution,Dirac point-evaluation distribution,"\langle\delta_a,\varphi\rangle=\varphi(a)",Analysis,Distributions,Advanced undergraduate,definition,A point mass is described by what it does to test functions instead of by a finite density.,a∈Rⁿ; φ∈Cc∞(Rⁿ). δa is both a positive measure and a distribution; it is not an ordinary integrable function.,Convolution with δ0 leaves a function unchanged.,Duality; Accumulation,Derivative of a distribution,ea-hunter-11,2
principal-value-distribution,Cauchy principal-value distribution 1/x,"\left\langle\operatorname{pv}\frac1x,\varphi\right\rangle=\lim_{\varepsilon\downarrow0}\int_{|x|>\varepsilon}\frac{\varphi(x)}x\,dx",Analysis,Distributions,Graduate,definition,Symmetric cancellation extracts a finite response from a nonintegrable singular kernel.,φ∈Cc∞(R); the limit is symmetric around zero. It is not an absolutely convergent Lebesgue integral near zero.,The odd singularity cancels against the constant term φ(0).,Symmetry and invariance; Limits and convergence,Derivative of a distribution,ea-hunter-11,2
heaviside-distribution-derivative,Derivative of a jump is a delta,"DH=\delta_0,\qquad H(x)=\mathbf1_{(0,\infty)}(x)",Analysis,Distributions,Advanced undergraduate,identity,A sudden unit jump contributes a point impulse to the generalized derivative.,Equality is in distributions on R; changing H(0) has no effect.,A piecewise smooth function with jump J at a gains Jδa in its distributional derivative.,Boundary and interior; Accumulation,Dirac point-evaluation distribution; Derivative of a distribution,ea-hunter-11,2
delta-simple-root-change,Delta under a smooth scalar map,\delta(g(x))=\sum_{g(a)=0}\frac{\delta(x-a)}{|g^{\prime}(a)|},Analysis,Distributions,Graduate,identity,Each simple zero contributes point mass weighted by the reciprocal local stretching.,g:R→R smooth; zeros are simple and locally finite on the test-function support. The pullback distribution is defined under this transversality condition.,δ(x²−1)=[δ(x−1)+δ(x+1)]/2.,Change of coordinates; Local linearization,Dirac point-evaluation distribution,ea-hunter-11,2
distribution-convolution,Convolution of a distribution with a test function,"(T*\varphi)(x)=\langle T_y,\varphi(x-y)\rangle,\qquad D^\alpha(T*\varphi)=T*(D^\alpha\varphi)",Analysis,Distributions,Graduate,definition,Slide a smooth probe across a generalized function to obtain an ordinary smooth response.,"T∈D′(Rⁿ), φ∈Cc∞(Rⁿ); the result is C∞. More general distribution pairs require support or growth conditions.",δa*φ=φ(·−a).,Composition; Linearity,Convolution; Derivative of a distribution,ea-hunter-11,2
schwartz-space,Schwartz rapidly decreasing functions,"\mathcal S(\mathbb R^n)=\{f\in C^\infty:\sup_x|x^\alpha D^\beta f(x)|<\infty\ \forall\alpha,\beta\}",Analysis,Distributions and Fourier analysis,Graduate,definition,A Schwartz function and every derivative decay faster than any inverse polynomial.,"α,β range over all nonnegative multi-indices. The displayed seminorms define the Schwartz topology.",The Gaussian e^(−|x|²) is Schwartz.,Scaling and homogeneity; Limits and convergence,Fourier transform,ea-hunter-11,2
tempered-distribution,Tempered distributions,\mathcal S^\prime(\mathbb R^n)=\{\text{continuous linear functionals on }\mathcal S(\mathbb R^n)\},Analysis,Distributions and Fourier analysis,Graduate,definition,Polynomial-growth generalized functions act on rapidly decaying probes.,Continuity is with respect to the Schwartz seminorm topology. Every polynomially bounded locally integrable function defines one; arbitrary distributions need not be tempered.,Dirac masses and polynomials are tempered distributions.,Duality; Scaling and homogeneity,Schwartz rapidly decreasing functions,ea-hunter-11,2
fourier-schwartz-automorphism,Fourier transform on Schwartz space and its dual,"\widehat f(\xi)=\int_{\mathbb R^n}f(x)e^{-ix\cdot\xi}dx,\quad\mathcal F:\mathcal S\to\mathcal S,\quad\langle\widehat T,\varphi\rangle=\langle T,\widehat\varphi\rangle",Analysis,Distributions and Fourier analysis,Graduate,theorem,"Rapid decay and smoothness exchange roles under Fourier transformation, and duality extends the transform beyond functions.",The displayed unnormalized negative-phase transform is a continuous automorphism of S; inverse has factor (2π)^(−n). The dual definition uses the bilinear distribution pairing.,"With this convention, the Fourier transform of δ0 is the constant distribution 1.",Duality; Change of coordinates,Fourier transform; Tempered distributions,ea-hunter-11,2
poisson-summation,Poisson summation formula,\sum_{k\in\mathbb Z^n}f(k)=\sum_{m\in\mathbb Z^n}\widehat f(2\pi m),Analysis,Distributions and Fourier analysis,Graduate,theorem,Sampling in space becomes periodic frequency sampling on the reciprocal lattice.,f∈S(Rⁿ); Fourier convention is fhat(ξ)=∫f(x)e^(−ix·ξ)dx. Both sums converge absolutely.,Applying the identity to exp(−πt|x|²) gives theta scale inversion.,Duality; Symmetry and invariance,Fourier transform; Schwartz rapidly decreasing functions,ea-dlmf-18,2
sobolev-embedding,Sobolev inequality on Euclidean space,"\|u\|_{p^*}\le C_{n,p}\|\nabla u\|_p,\qquad p^*=\frac{np}{n-p}",Analysis,Sobolev regularity,Graduate,theorem,An integrable gradient forces stronger integrability of the function.,"n≥2, 1≤p<n, initially u∈Cc∞(Rⁿ); extension holds in the corresponding homogeneous completion or W0¹,p setting.","In dimension 3, an L² gradient controls the L6 norm.",Scaling and homogeneity; Geometry and distance,Sobolev norm,a-hunter-pde,2
morrey-inequality,Morrey Hölder estimate,"|u(x)-u(y)|\le C_{n,p}\|\nabla u\|_{L^p(\mathbb R^n)}|x-y|^{1-n/p}",Analysis,Sobolev regularity,Graduate,theorem,A sufficiently integrable gradient prevents sharp small-scale jumps and creates a continuous representative.,"p>n, initially u∈Cc∞(Rⁿ); W¹,p functions have a Hölder representative with exponent 1−n/p.",In one dimension p=2 gives a 1/2-Hölder bound.,Scaling and homogeneity; Local linearization,Sobolev norm; Hölder continuity seminorm,a-hunter-pde,2
rellich-kondrachov,Compact Sobolev embedding,"W_0^{1,p}(\Omega)\hookrightarrow\hookrightarrow L^q(\Omega),\qquad 1\le q<p^*",Analysis,Sobolev regularity,Graduate,theorem,Derivative control prevents bounded function sequences from shifting or oscillating too freely inside a bounded region.,"Ω bounded open in Rⁿ, 1≤p<n, p*=np/(n−p). The strict inequality q<p* is essential in general; zero-boundary space is used.",A bounded H0¹ sequence in a bounded three-dimensional domain has an L²-convergent subsequence.,Limits and convergence; Scaling and homogeneity,Sobolev inequality on Euclidean space,a-hunter-pde,2
sobolev-trace,Boundary trace of a Sobolev function,"\|\operatorname{Tr}u\|_{L^p(\partial\Omega)}\le C\|u\|_{W^{1,p}(\Omega)}",Analysis,Sobolev regularity,Graduate,theorem,A function without pointwise values everywhere can still have a well-defined boundary restriction.,"Ω bounded with C¹ boundary, 1≤p<∞; trace is the bounded extension of ordinary restriction for smooth functions, with surface measure on ∂Ω.",H0¹ functions have zero trace.,Boundary and interior; Limits and convergence,Sobolev norm,a-hunter-pde,2
hardy-inequality,Hardy inverse-distance inequality,\left\|\frac{u}{|x|}\right\|_p\le\frac p{n-p}\|\nabla u\|_p,Analysis,Sobolev regularity,Graduate,theorem,Gradient control limits how much mass a function can place near an inverse-distance singularity.,1<p<n and u∈Cc∞(Rⁿ); the singular point is the origin.,"In dimension 3 with p=2, ∫|u|²/|x|²≤4∫|∇u|².",Scaling and homogeneity; Geometry and distance,Hölder's inequality,a-hunter-pde,2
weak-sobolev-chain,Sobolev chain rule,D_i(F(u))=F^{\prime}(u)D_i u,Analysis,Sobolev regularity,Graduate,theorem,A smooth scalar change of a weakly differentiable function obeys the expected local derivative law.,"u∈W¹,p(Ω), 1≤p<∞; F∈C¹(R), F′ bounded and F(0)=0. Then F(u)∈W¹,p even when Ω has infinite measure.","F(s)=tanh s preserves W¹,p and has bounded derivative.",Composition; Limits and convergence,Weak derivative,a-hunter-pde,2
weak-sobolev-product,Sobolev product rule,D_i(uv)=uD_i v+vD_i u,Analysis,Sobolev regularity,Graduate,theorem,Multiplication remains compatible with weak derivatives when bounded factors keep all products integrable.,"u,v∈W¹,p(Ω)∩L∞(Ω), 1≤p<∞; then uv∈W¹,p(Ω). More general exponent versions need separate Hölder conditions.",Products of bounded H¹ functions remain H¹.,Linearity; Composition,Weak derivative,a-hunter-pde,2
hardy-littlewood-maximal,Hardy–Littlewood maximal weak bound,"Mf(x)=\sup_{r>0}\frac1{|B(x,r)|}\int_{B(x,r)}|f|,\qquad|\{Mf>\lambda\}|\le\frac{C_n}{\lambda}\|f\|_1",Analysis,Harmonic analysis,Graduate,theorem,Test every local averaging scale and control how much space can have a large average.,"f∈L¹(Rⁿ), λ>0; centered Euclidean balls and Lebesgue measure are used.","A narrow spike may raise nearby averages, but the large-average region has controlled measure.",Averaging; Geometry and distance,Average value of a function,ea-tao-harmonic2,3
marcinkiewicz-interpolation,Marcinkiewicz weak-to-strong interpolation,"T:L^{p_0}\to L^{p_0,\infty},\quad T:L^{p_1}\to L^{p_1,\infty}\quad\Longrightarrow\quad \|Tf\|_p\le C_p\|f\|_p",Analysis,Harmonic analysis,Graduate,theorem,Control of rare large outputs at two exponents yields full norm control between them.,"T sublinear with weak-type bounds on compatible measure spaces; 1≤p0<p<p1<∞. Lp,∞ denotes the weak norm supλ>0 λ μ(|g|>λ)^(1/p).",The result is a central step in upgrading maximal-operator bounds.,Decomposition; Convexity,Riesz–Thorin interpolation,ea-tao-harmonic1,2
hilbert-transform,Hilbert transform and its Fourier multiplier,"Hf(x)=\frac1\pi\operatorname{pv}\int_{\mathbb R}\frac{f(y)}{x-y}\,dy,\qquad\widehat{Hf}(\xi)=-i\,\operatorname{sgn}(\xi)\widehat f(\xi)",Analysis,Harmonic analysis,Graduate,definition,An odd singular kernel rotates the phases of positive and negative frequencies in opposite directions.,"Initially f Schwartz; Fourier convention exp(−ixξ); the transform extends boundedly on Lp(R) for 1<p<∞, not strongly on L¹ or L∞.","On nonzero Fourier modes, applying H twice gives minus the original mode.",Duality; Symmetry and invariance,Cauchy principal-value distribution 1/x; Fourier transform,ea-tao-harmonic4,2
morera-theorem,Morera integral criterion,"f\in C(\Omega),\quad\oint_{\partial T}f(z)\,dz=0\ \forall T\Subset\Omega\quad\Longrightarrow\quad f\text{ holomorphic}",Complex analysis,Holomorphic structure,Advanced undergraduate,theorem,Vanishing circulation around every small triangle forces complex differentiability.,Ω open in C; T denotes every filled triangle contained in Ω with positive boundary orientation.,Uniform limits of holomorphic functions on compact sets satisfy the integral criterion.,Boundary and interior; Linearity,Cauchy's integral theorem,a-lebl-complex,2
removable-singularity,Riemann removable-singularity theorem,"f\text{ holomorphic on }0<|z-a|<r,\quad |f|\le M\quad\Longrightarrow\quad f\text{ extends holomorphically to }a",Complex analysis,Singularities,Advanced undergraduate,theorem,A bounded isolated hole contains no genuine analytic obstruction.,Boundedness is needed in some punctured neighborhood of a; the extension is unique.,sin z/z extends at 0 with value 1.,Limits and convergence; Local linearization,Laurent expansion on an annulus,a-lebl-complex,3
holomorphic-zero-order,Local factorization at a holomorphic zero,"f(z)=(z-a)^m g(z),\qquad g(a)\ne0",Complex analysis,Local analytic geometry,Advanced undergraduate,theorem,"Near a zero, a holomorphic function is a pure integer power times a nonvanishing factor.",f holomorphic near a and not identically zero there; m≥0 is the first derivative order with f^(m)(a)≠0.,z³e^z has a zero of order three at zero.,Decomposition; Local linearization,Taylor series of an analytic function,a-lebl-complex,2
pole-order,Pole order and reciprocal zeros,"f(z)=(z-a)^{-m}g(z),\quad g(a)\ne0\quad\Longleftrightarrow\quad 1/f\text{ has a zero of order }m",Complex analysis,Singularities,Advanced undergraduate,definition,A pole is a finite-order zero viewed through reciprocation.,"m≥1 integer; f holomorphic on a punctured neighborhood, g holomorphic and nonzero at a.",1/z² has a pole of order two.,Duality; Decomposition,Local factorization at a holomorphic zero,a-lebl-complex,2
casorati-weierstrass,Casorati–Weierstrass density near an essential singularity,\overline{f(\{0<|z-a|<r\})}=\mathbb C,Complex analysis,Singularities,Advanced undergraduate,theorem,"Near an essential singularity, the values come arbitrarily close to every complex target.",f holomorphic on a punctured neighborhood and a an essential singularity; every sufficiently small r>0 is allowed.,e^(1/z) has dense image in every punctured disk around zero.,Limits and convergence; Geometry and distance,Laurent expansion on an annulus,a-lebl-complex,3
little-picard,Little Picard theorem,f:\mathbb C\to\mathbb C\text{ entire nonconstant}\quad\Longrightarrow\quad|\mathbb C\setminus f(\mathbb C)|\le1,Complex analysis,Value distribution,Graduate,theorem,A nonconstant entire map cannot avoid two complex values.,No growth assumption is required; the conclusion is about omitted finite values.,e^z omits zero and shows that one exception is possible.,Geometry and distance; Symmetry and invariance,Liouville's theorem for entire functions,ea-mcmullen-complex,2
great-picard,Great Picard theorem at an isolated essential singularity,"f\text{ essential at }a\Longrightarrow f\text{ assumes every value, with at most one exception, infinitely often near }a",Complex analysis,Value distribution,Graduate,theorem,An essential singularity produces repeated coverage of almost the entire complex plane at every small scale.,f holomorphic on a punctured disk about a; every smaller punctured disk has the stated property. The meromorphic version has a different omitted-value count on the sphere.,e^(1/z) repeatedly takes every nonzero value near zero.,Limits and convergence; Geometry and distance,Casorati–Weierstrass density near an essential singularity,ea-mcmullen-complex,2
holomorphic-open-mapping,Open mapping theorem for holomorphic functions,f:\Omega\to\mathbb C\text{ holomorphic nonconstant}\quad\Longrightarrow\quad f(U)\text{ open for every open }U\subseteq\Omega,Complex analysis,Local analytic geometry,Advanced undergraduate,theorem,A nonconstant analytic map sends local regions to regions rather than collapsing them into curves.,Ω is a connected open subset of C; nonconstancy is essential.,"z↦z² maps a small disk around zero to another disk, despite derivative zero at the center.",Geometry and distance; Local linearization,Local factorization at a holomorphic zero,a-lebl-complex,2
holomorphic-inverse,Holomorphic local inverse theorem,f^{\prime}(a)\ne0\Longrightarrow (f^{-1})^{\prime}(f(a))=\frac1{f^{\prime}(a)},Complex analysis,Local analytic geometry,Advanced undergraduate,theorem,A nonzero complex derivative gives a locally reversible rotation and scaling.,"f holomorphic near a; inverse exists between sufficiently small neighborhoods and is holomorphic. The statement is local, not global injectivity.",e^z has local logarithmic inverses but no global inverse on C.,Local linearization; Composition,Inverse function theorem,a-lebl-complex,2
holomorphic-logarithm,Analytic logarithm criterion,"f=e^g\text{ on }\Omega\quad\Longleftrightarrow\quad\oint_\gamma\frac{f^{\prime}}{f}\,dz=0\ \text{for every closed }\gamma\subset\Omega",Complex analysis,Branches and topology,Advanced undergraduate,theorem,A global logarithm exists exactly when multiplicative winding disappears around every loop.,"f is nonvanishing holomorphic on a domain Ω; loops are piecewise C1. The logarithm g is holomorphic; any two choices differ by 2πik for one integer k, and fixing its value at one point makes it unique.",Every nonvanishing holomorphic function on a simply connected domain has a holomorphic logarithm.,Boundary and interior; Exponentials and logarithms,Principal complex logarithm; Argument principle,a-lebl-complex,2
holomorphic-root,Holomorphic nth root on a simply connected domain,"h(z)=\exp\!\left(\frac{g(z)}n\right),\qquad e^{g(z)}=f(z),\qquad h(z)^n=f(z)",Complex analysis,Branches and topology,Advanced undergraduate,theorem,Divide a continuous logarithmic coordinate to construct a consistent root branch.,"n≥1 integer, Ω simply connected domain, f holomorphic and nowhere zero. Different choices multiply h by an nth root of unity.",A nowhere-zero analytic function on a disk admits an analytic square root.,Exponentials and logarithms; Composition,Analytic logarithm criterion,a-lebl-complex,2
holomorphic-primitive-criterion,Primitive criterion for a holomorphic function,"F^{\prime}=f\text{ on }\Omega\quad\Longleftrightarrow\quad\oint_\gamma f(z)\,dz=0\ \forall\text{ closed }\gamma\subset\Omega",Complex analysis,Branches and topology,Advanced undergraduate,theorem,A function can be integrated globally without path ambiguity precisely when all loop totals vanish.,f holomorphic on a domain Ω; loops piecewise C¹. A primitive is unique up to a constant.,1/z has no primitive on C\{0}.,Conservation and balance; Boundary and interior,Cauchy's integral theorem,a-lebl-complex,2
winding-number-integral,Contour winding number,"\operatorname{wind}(\gamma,a)=\frac1{2\pi i}\oint_\gamma\frac{dz}{z-a}\in\mathbb Z",Complex analysis,Branches and topology,Advanced undergraduate,definition,Count the net number of turns a closed path makes around a point.,"γ closed piecewise C¹, a not on its image; self-intersections are allowed and orientation affects the sign.",A counterclockwise circle around a has winding number 1.,Symmetry and invariance; Accumulation,Complex contour integral,a-lebl-complex,2
higher-pole-residue,Residue at a pole of arbitrary order,\operatorname{Res}_{z=a}f=\frac1{(m-1)!}\left[\frac{d^{m-1}}{dz^{m-1}}\big((z-a)^mf(z)\big)\right]_{z=a},Complex analysis,Residues,Advanced undergraduate,identity,Remove the singular power and extract the Taylor coefficient that becomes a simple-pole term.,f has a pole of order at most m≥1 at a; the bracketed product extends holomorphically.,Res₀(e^z/z³)=1/2.,Decomposition; Local linearization,Residue and the simple-pole formula; Laurent expansion on an annulus,a-lebl-complex,2
residue-at-infinity,Residue at infinity and global residue balance,"\operatorname{Res}_{\infty}f=-\operatorname{Res}_{w=0}\frac{f(1/w)}{w^2},\qquad\sum_{a\in\mathbb C}\operatorname{Res}_a f+\operatorname{Res}_\infty f=0",Complex analysis,Residues,Advanced undergraduate,identity,The point at infinity supplies the final residue needed to balance every finite singularity.,"For the sum, f is rational, equivalently meromorphic on the Riemann sphere. The definition applies when infinity is an isolated singularity.",For f(z)=1/z the finite residue is 1 and the infinity residue is −1.,Change of coordinates; Conservation and balance,Residue theorem,a-lebl-complex,2
jensen-zero-formula,Jensen formula for zeros in a disk,"\log|f(0)|+\sum_{|a_j|<R}\log\frac R{|a_j|}=\frac1{2\pi}\int_0^{2\pi}\log|f(Re^{it})|\,dt",Complex analysis,Value distribution,Graduate,theorem,Boundary-average logarithmic size records how many zeros lie inside and how close they are to the center.,"f holomorphic near the closed disk, f(0)≠0, and no zeros on its boundary; zeros aj are counted with multiplicity.","With no zeros inside, log|f| satisfies the harmonic mean-value equality.",Averaging; Boundary and interior,Mean-value property of harmonic functions,ea-mcmullen-complex,2
hurwitz-zero-theorem,Hurwitz preservation of zero counts,"f_n\to f\text{ locally uniformly},\ f\not\equiv0\quad\Longrightarrow\quad N_D(f_n)=N_D(f)\text{ eventually}",Complex analysis,Normal families,Advanced undergraduate,theorem,Stable analytic approximation preserves zeros inside a boundary where the limit does not vanish.,"Holomorphic fn on a common open Ω, converging locally uniformly to f; the closure of the Jordan domain D is compactly contained in Ω, with piecewise smooth boundary and no boundary zeros of f. Counts include multiplicity.",A locally uniform limit of nowhere-zero holomorphic functions is zero-free or identically zero.,Limits and convergence; Symmetry and invariance,Rouché's theorem,a-lebl-complex,2
montel-local-boundedness,Montel normal-family theorem,\sup_{f\in\mathcal F}\sup_K|f|<\infty\ \forall K\Subset\Omega\quad\Longrightarrow\quad\mathcal F\text{ is normal},Complex analysis,Normal families,Graduate,theorem,Local value bounds give enough derivative control to extract convergent analytic subsequences.,F a family of holomorphic functions on a domain Ω; normal here means every sequence has a subsequence converging uniformly on compact subsets to a holomorphic function.,Holomorphic self-maps of the unit disk form a normal family.,Limits and convergence; Local linearization,Cauchy estimates; Arzelà–Ascoli compactness,a-lebl-complex,2
holomorphic-locally-uniform-limit,Locally uniform limit theorem for holomorphic functions,"f_n\to f\text{ uniformly on compacta}\quad\Longrightarrow\quad f\text{ holomorphic},\quad f_n^{(k)}\to f^{(k)}\text{ locally uniformly}",Complex analysis,Normal families,Advanced undergraduate,theorem,Uniform control on every compact region preserves analyticity and all its derivatives.,fn holomorphic on a common open set; k≥0 fixed integer. Pointwise convergence alone is insufficient.,Taylor polynomials converge with all derivatives on smaller disks inside the convergence radius.,Limits and convergence; Boundary and interior,Uniform convergence,a-lebl-complex,2
riemann-mapping,Riemann mapping theorem,\Omega\subsetneq\mathbb C\text{ simply connected domain}\quad\Longrightarrow\quad\exists f:\Omega\overset{\sim}{\longrightarrow}\mathbb D\text{ biholomorphic},Complex analysis,Conformal maps,Graduate,theorem,Every proper simply connected planar domain has the same internal complex geometry as a disk.,"Ω nonempty, open, connected and simply connected; Ω≠C. Prescribing f(a)=0 and f′(a)>0 determines the map uniquely.",The upper half-plane is mapped to the disk by a Möbius transformation.,Change of coordinates; Symmetry and invariance,Möbius transformation,a-lebl-complex,3
schwarz-pick,Schwarz–Pick contraction,"\left|\frac{f(z)-f(w)}{1-\overline{f(w)}f(z)}\right|\le\left|\frac{z-w}{1-\bar wz}\right|,\qquad\frac{|f^{\prime}(z)|}{1-|f(z)|^2}\le\frac1{1-|z|^2}",Complex analysis,Conformal maps,Graduate,theorem,Holomorphic disk maps contract the disk’s natural non-Euclidean distance scale.,"f holomorphic from the open unit disk to itself; z,w in the disk. Equality at distinct points, or derivative equality at one point, forces a disk automorphism.",At w=0 and f(0)=0 the first inequality is Schwarz’s lemma.,Geometry and distance; Change of coordinates,Schwarz lemma; Möbius transformation,a-lebl-complex,2
disk-automorphisms,All conformal automorphisms of the disk,"f(z)=e^{i\theta}\frac{z-a}{1-\bar a z},\qquad |a|<1,\ \theta\in\mathbb R",Complex analysis,Conformal maps,Advanced undergraduate,theorem,Every reversible analytic disk map combines moving one point to the center with a rotation.,These and only these maps are biholomorphic self-maps of the open unit disk.,a=0 gives a pure rotation.,Symmetry and invariance; Composition,Möbius transformation,a-lebl-complex,2
harmonic-conjugate,Harmonic conjugate construction,"v_x=-u_y,\qquad v_y=u_x,\qquad f=u+iv\text{ holomorphic}",Complex analysis,Harmonic functions,Advanced undergraduate,theorem,Rotate the gradient of a harmonic function by a quarter turn to obtain the gradient of its conjugate.,u∈C² harmonic on a simply connected planar domain. The conjugate exists globally and is unique up to a real constant.,For u=x²−y² one conjugate is v=2xy.,Duality; Conservation and balance,Holomorphic functions have harmonic components; Cauchy–Riemann equations,a-lebl-complex,2
harnack-disk,Harnack inequality on a disk,"\frac{R-r}{R+r}u(0)\le u(z)\le\frac{R+r}{R-r}u(0),\qquad |z|=r<R",Complex analysis,Harmonic functions,Advanced undergraduate,theorem,Positivity prevents a harmonic function from spiking sharply in the interior relative to its central value.,u nonnegative harmonic in a neighborhood of the closed disk of radius R; interior versions follow by slightly smaller radii.,"On the half-radius circle, u lies between u(0)/3 and 3u(0).",Averaging; Geometry and distance,Poisson integral on the unit disk,a-lebl-complex,2
schwarz-integral-formula,Schwarz reconstruction from the real part,"f(z)=\frac1{2\pi}\int_0^{2\pi}\frac{e^{it}+z}{e^{it}-z}\,u(e^{it})\,dt+i\,\operatorname{Im}f(0)",Complex analysis,Harmonic functions,Advanced undergraduate,identity,Boundary values of one harmonic component determine its analytic partner up to an imaginary constant.,f holomorphic in a neighborhood of the closed unit disk; u=Re f and |z|<1.,Constant real boundary data produce a constant real part throughout the disk.,Boundary and interior; Duality,Poisson integral on the unit disk,a-lebl-complex,2
finite-blaschke-product,Finite Blaschke product,"B(z)=e^{i\theta}\prod_{j=1}^N\frac{z-a_j}{1-\overline{a_j}z},\qquad |a_j|<1",Complex analysis,Conformal maps,Advanced undergraduate,definition,Place prescribed zeros inside the disk while maintaining unit modulus on its boundary.,"N finite nonnegative integer, θ real; multiplicities come from repeated aj. For N>1 the map is generally not an automorphism.",B(z)=z^N has an N-fold zero and winds the boundary N times.,Decomposition; Symmetry and invariance,All conformal automorphisms of the disk,a-lebl-complex,2
runge-approximation,Runge polynomial approximation for a hole-free compact set,\forall\varepsilon>0\ \exists p\in\mathbb C[z]:\quad\sup_K|f-p|<\varepsilon,Complex analysis,Analytic approximation,Graduate,theorem,Analytic functions near a compact set can be built from polynomials when the complement has no holes.,"K compact in C, C\K connected, and f holomorphic on a neighborhood of K. With holes, rational functions with appropriate pole locations are generally needed.",Analytic functions near a closed disk admit uniform polynomial approximation.,Decomposition; Limits and convergence,Cauchy's integral formula,a-lebl-complex,3
mittag-leffler-theorem,Mittag–Leffler prescribed principal parts,\operatorname{PP}_{a_j}f=P_j\quad\text{for every }j,Complex analysis,Analytic construction,Graduate,theorem,Assemble specified local pole behavior into one global meromorphic function.,Ω a planar domain; {aj} discrete with no accumulation inside Ω; Pj finite principal parts in negative powers of z−aj. There exists a meromorphic f with exactly those principal parts and no other poles.,Prescribed residues at a discrete set can be realized by suitable simple-pole principal parts.,Decomposition; Limits and convergence,Laurent expansion on an annulus,a-lebl-complex,2
weierstrass-factorization,Weierstrass entire product factorization,"f(z)=z^m e^{g(z)}\prod_j E_{p_j}(z/a_j),\quad E_p(w)=(1-w)\exp\!\left(\sum_{k=1}^p\frac{w^k}{k}\right)",Complex analysis,Analytic construction,Graduate,theorem,"An entire function is its zeros multiplied by a nonvanishing exponential, with corrections ensuring convergence.","f entire and not identically zero; nonzero zeros aj counted with multiplicity have no finite accumulation; pj can be chosen for locally uniform product convergence; g entire, m the zero order at zero.",A polynomial is a finite product version with constant exponential factor.,Decomposition; Limits and convergence,Analytic logarithm criterion,a-lebl-complex,4
sine-infinite-product,Euler infinite product for sine,\sin(\pi z)=\pi z\prod_{n=1}^\infty\left(1-\frac{z^2}{n^2}\right),Complex analysis,Entire products,Advanced undergraduate,identity,Pair opposite integer zeros to reconstruct sine as a convergent infinite product.,z complex; convergence is locally uniform on C. Pairing ±n is part of this product convention.,Comparing the z³ coefficient gives ∑n≥1 1/n²=π²/6.,Decomposition; Symmetry and invariance,Sine and cosine power series,ea-mcmullen-complex,2
gamma-weierstrass-product,Entire product for reciprocal gamma,\frac1{\Gamma(z)}=z e^{\gamma z}\prod_{n=1}^\infty\left(1+\frac zn\right)e^{-z/n},Complex analysis,Entire products,Graduate,identity,Reciprocal gamma is rebuilt from its nonpositive-integer zeros with exponential convergence corrections.,z complex; γ is Euler’s constant; product converges locally uniformly on C. The reciprocal extends entirely through gamma poles.,At z=0 the reciprocal has a simple zero.,Decomposition; Limits and convergence,Euler gamma integral,ea-mcmullen-complex,2
hadamard-factorization,Hadamard factorization for finite-order entire functions,"f(z)=z^m e^{Q(z)}\prod_j E_p(z/a_j),\qquad p=\lfloor\rho\rfloor,\quad\deg Q\le\rho",Complex analysis,Entire products,Graduate,theorem,A finite growth rate restricts the unknown zero-free factor to the exponential of a polynomial.,"f entire, nonzero, of finite order ρ=limsup log log M(r)/log r, M(r)=max|z|=r|f(z)|; standard constant/polynomial cases use order zero. Zeros counted with multiplicity; p=floorρ is an admissible canonical-product genus.",Order-one functions such as sine have only a linear exponential factor.,Scaling and homogeneity; Decomposition,Weierstrass entire product factorization,ea-mcmullen-complex,2
contour-ml-bound,Contour length-times-maximum bound,"\left|\int_\gamma f(z)\,dz\right|\le L(\gamma)\max_{z\in\gamma}|f(z)|",Complex analysis,Contour estimates,Undergraduate,theorem,Total contour accumulation is bounded by path length times the largest local contribution.,γ rectifiable piecewise C¹ and f continuous on its image; a supremum version works with an appropriate bounded integrand.,A unit-circle integral is bounded by 2π times the maximum modulus on the circle.,Accumulation; Geometry and distance,Complex contour integral,a-lebl-complex,2
wirtinger-derivatives,Wirtinger derivatives,"\partial_z=\tfrac12(\partial_x-i\partial_y),\quad\partial_{\bar z}=\tfrac12(\partial_x+i\partial_y),\quad\Delta=4\partial_z\partial_{\bar z}",Complex analysis,Complex differential operators,Advanced undergraduate,definition,Combine two real derivatives into operators that distinguish analytic from anti-analytic dependence.,f is C¹ for first derivatives and C² for the Laplacian identity; z=x+iy.,∂barz z=0 but ∂barz zbar=1.,Decomposition; Linearity,Cauchy–Riemann equations,a-lebl-complex,2
cauchy-pompeiu,Cauchy–Pompeiu formula,"f(z)=\frac1{2\pi i}\oint_{\partial\Omega}\frac{f(\zeta)}{\zeta-z}\,d\zeta-\frac1\pi\int_\Omega\frac{\partial_{\bar\zeta}f(\zeta)}{\zeta-z}\,dA(\zeta)",Complex analysis,Complex differential operators,Graduate,theorem,Failure of boundary data alone to reproduce a function is measured by its anti-holomorphic derivative inside.,"Ω bounded planar domain with positively oriented piecewise C¹ boundary, f∈C¹ on a neighborhood of its closure, z∈Ω. The area singularity is locally integrable.","If f is holomorphic, the area term vanishes and Cauchy’s formula returns.",Boundary and interior; Decomposition,Wirtinger derivatives,a-lebl-complex,2
schwarzian-derivative,Schwarzian derivative,Sf=\frac{f^{\prime\prime\prime}}{f^{\prime}}-\frac32\left(\frac{f^{\prime\prime}}{f^{\prime}}\right)^2,Complex analysis,Conformal differential invariants,Graduate,definition,The Schwarzian measures local deviation from fractional linear behavior.,"f locally univalent holomorphic, so f′≠0; a local identity Sf=0 characterizes Möbius transformations.",Every Möbius transformation has zero Schwarzian.,Symmetry and invariance; Local linearization,Möbius transformation,ea-mcmullen-complex,2
schwarzian-chain-rule,Schwarzian composition law,S(f\circ g)=((Sf)\circ g)(g^{\prime})^2+Sg,Complex analysis,Conformal differential invariants,Graduate,identity,Projective distortion adds under composition after the outer distortion is rescaled quadratically.,f and g locally univalent holomorphic on compatible domains.,Postcomposition by a Möbius map leaves the Schwarzian unchanged.,Composition; Symmetry and invariance,Schwarzian derivative,ea-mcmullen-complex,2
schwarz-christoffel,Schwarz–Christoffel polygon map,"f(z)=A+C\int^z\prod_{j=1}^{n-1}(\zeta-x_j)^{\alpha_j-1}\,d\zeta",Complex analysis,Conformal maps,Graduate,theorem,Power factors turn a straight boundary through prescribed polygon angles.,"A conformal map from the upper half-plane onto a simple n-gon, with one prevertex at infinity; xj are ordered real prevertices, interior angles are παj, and branches are analytic in the upper half-plane. Prevertices and constants must be chosen to match side lengths.",A right-angle vertex contributes exponent −1/2.,Boundary and interior; Composition,Primitive criterion for a holomorphic function,ea-mcmullen-complex,2
picard-lindelof-theorem,Picard–Lindelöf local well-posedness,"y^{\prime}=f(t,y),\ y(t_0)=y_0\quad\Longrightarrow\quad\exists!\,y\text{ locally}",Differential equations,Existence and uniqueness,Advanced undergraduate,theorem,A uniform local bound on slope sensitivity prevents two trajectories from splitting at the same initial point.,"f is continuous near (t0,y0) and locally Lipschitz in y, uniformly on a small time interval. Existence and uniqueness are local, not necessarily global.","For y′=y² and y(0)=1, the unique solution exists only until t=1.",Fixed points; Local linearization,Picard iteration for an initial value problem,ea-hunter-ode,3
peano-existence,Peano local existence theorem,"f\in C\quad\Longrightarrow\quad\exists\,y:\ y^{\prime}=f(t,y),\quad y(t_0)=y_0",Differential equations,Existence and uniqueness,Advanced undergraduate,theorem,"Continuity is enough to assemble at least one local solution, even when branching cannot be ruled out.","f maps an open neighborhood of (t0,y0) in R×Rn continuously to Rn. The theorem guarantees a solution on some time interval, with no uniqueness claim.","For y′=2√|y| and y(0)=0, the zero solution and delayed departures coexist.",Limits and convergence; Accumulation,Arzelà–Ascoli compactness,ea-hunter-ode,2
ode-continuation-alternative,Finite-time ODE continuation criterion,T_+<\infty\quad\Longrightarrow\quad\lim_{t\uparrow T_+}\|y(t)\|=\infty,Differential equations,Existence and uniqueness,Advanced undergraduate,theorem,A solution of a globally defined locally Lipschitz vector field can stop in finite time only by escaping every bounded set.,"Autonomous y′=f(y), f:Rn→Rn locally Lipschitz; (T−,T+) is the maximal existence interval. For a proper open domain, approaching its boundary is another obstruction.","y′=y², y(0)=1 gives y(t)=1/(1−t), which diverges at the finite endpoint.",Limits and convergence; Local linearization,Picard–Lindelöf local well-posedness,ea-hunter-ode,2
bernoulli-ode-substitution,Bernoulli equation linearizing substitution,"y^{\prime}+p(x)y=q(x)y^n,\quad v=y^{1-n}\quad\Longrightarrow\quad v^{\prime}+(1-n)pv=(1-n)q",Differential equations,First-order techniques,Undergraduate,method,A power substitution converts a particular nonlinear equation into a linear one.,"n≠1 is constant; p,q continuous. Work on an interval where the required powers are differentiable and y≠0; any excluded zero solutions must be checked separately.","For y′+y=y², setting v=1/y gives v′−v=−1.",Change of coordinates; Linearity,Chain rule; Integrating factor for a linear ODE,a-lebl-diffyqs,2
riccati-linearization,Scalar Riccati to second-order linear equation,"y^{\prime}=a+by+cy^2,\quad y=-\frac{u^{\prime}}{cu}\quad\Longrightarrow\quad u^{\prime\prime}-\left(b+\frac{c^{\prime}}{c}\right)u^{\prime}+ac\,u=0",Differential equations,First-order techniques,Advanced undergraduate,method,A logarithmic derivative converts a quadratic first-order law into a linear second-order law.,"a,b continuous, c continuously differentiable and nowhere zero; u is a nonzero local solution on the interval considered. Zeros of u can produce poles of y.","For y′=y² use c=1 and u′′=0, giving y=−u′/u.",Change of coordinates; Quadratic structure,Logarithmic derivative; Quotient rule,a-lebl-diffyqs,2
exact-first-order-ode,Exact differential equation criterion,"M(x,y)\,dx+N(x,y)\,dy=0,\quad M_y=N_x\quad\Longrightarrow\quad F(x,y)=C,\quad dF=M\,dx+N\,dy",Differential equations,First-order techniques,Undergraduate,method,An exact equation follows the level curves of a potential function.,"M,N are C1 on an open simply connected planar domain. Equality of cross-partials gives a global potential there; local potentials need only a small disk.","y dx+x dy=d(xy), so solutions lie on xy=C.",Conservation and balance; Boundary and interior,Equality of mixed partial derivatives; Fundamental theorem for line integrals,a-lebl-diffyqs,2
cauchy-euler-equation,Cauchy–Euler indicial polynomial,"x^2y^{\prime\prime}+axy^{\prime}+by=0,\quad y=x^r\quad\Longrightarrow\quad r(r-1)+ar+b=0",Differential equations,Second-order techniques,Undergraduate,method,Power functions play the role that exponentials play for constant coefficients.,"x>0, a,b real constants; repeated or complex roots require the usual logarithmic factors or real trigonometric combinations in log x.",x²y′′−2y=0 has solutions x² and x^(−1).,Scaling and homogeneity; Change of coordinates,Power rule; Constant-coefficient second-order linear equation,a-lebl-diffyqs,2
reduction-of-order,Reduction of order from one known solution,"y_2(x)=y_1(x)\int^x\frac{e^{-\int^s p(t)dt}}{y_1(s)^2}\,ds",Differential equations,Second-order techniques,Advanced undergraduate,method,One solution supplies the shape; a varying multiplier generates an independent companion.,"y1 is a nonzero solution of y″+p(x)y′+q(x)y=0 on an interval where y1 never vanishes; p,q continuous.","For y″=0 and y1=1, the formula gives y2=x.",Decomposition; Accumulation,Abel–Liouville identity for the Wronskian,a-lebl-diffyqs,2
frobenius-indicial-equation,Frobenius series at a regular singular point,"y=x^r\sum_{n=0}^\infty a_nx^n,\quad a_0\ne0,\qquad r(r-1)+p_0r+q_0=0",Differential equations,Series solutions,Advanced undergraduate,method,A power factor captures a singular scale while an ordinary series supplies corrections.,"For x²y″+xp(x)y′+q(x)y=0, p,q are analytic near 0, p0=p(0),q0=q(0). At least one Frobenius solution exists locally on x>0; resonant roots may require logarithms for the other solution.",The Bessel indicial roots are r=±ν.,Scaling and homogeneity; Recursion and iteration,Taylor series of an analytic function; Cauchy–Euler indicial polynomial,a-lebl-diffyqs,2
interval-dirichlet-green,Green kernel for the interval Dirichlet problem,"G(x,s)=\frac{\min(x,s)[L-\max(x,s)]}{L},\qquad u(x)=\int_0^LG(x,s)f(s)ds",Differential equations,Green functions,Advanced undergraduate,identity,The inverse of a differential operator is assembled from responses to point loads.,"L>0, 0≤x,s≤L; u solves −u″=f with u(0)=u(L)=0, for example for continuous f. The derivative of G jumps by −1 across x=s.","For f=1, u=x(L−x)/2.",Linearity; Boundary and interior,Weak formulation of the Dirichlet Poisson problem,ea-hunter-10,2
sturm-oscillation-count,Sturm–Liouville nodal count,"\lambda_1<\lambda_2<\cdots,\qquad \#\{x\in(a,b):y_n(x)=0\}=n-1",Differential equations,Spectral differential equations,Advanced undergraduate,theorem,Higher eigenmodes have more internal sign changes.,"Regular scalar self-adjoint equation −(py′)′+qy=λwy on [a,b], p∈C1 positive, q,w continuous with w>0, and Dirichlet endpoints; yn is a nonzero nth eigenfunction.","For −y″=λy on (0,π), yn=sin(nx) has n−1 interior zeros.",Orthogonality; Recursion and iteration,Regular Dirichlet Sturm–Liouville problem,ea-hunter-10,3
laplace-fundamental-solution,Fundamental solution of minus the Laplacian,"\Phi(x)=\begin{cases}\dfrac{|x|^{2-n}}{(n-2)|S^{n-1}|},&n\ge3,\\-\dfrac1{2\pi}\log|x|,&n=2,\end{cases}\qquad-\Delta\Phi=\delta_0",Differential equations,Elliptic equations,Advanced undergraduate,identity,A radial point-source response is harmonic away from its source and carries one unit of total flux.,Distributional identity on Rn for n≥2; |S^(n−1)| is the area of the unit sphere. The sign convention is −Δ.,In three dimensions Φ(x)=1/(4π|x|).,Symmetry and invariance; Boundary and interior,Laplacian; Divergence theorem,a-hunter-pde,2
dirichlet-green-representation,Dirichlet Green representation for Poisson,"u(x)=\int_\Omega G(x,y)f(y)dy-\int_{\partial\Omega}g(y)\partial_{\nu_y}G(x,y)dS_y",Differential equations,Elliptic equations,Advanced undergraduate,identity,Separate the influence of interior forcing from boundary values using a kernel adapted to the boundary.,"Smooth bounded Ω, sufficiently regular solution −Δu=f with boundary u=g; G vanishes on the boundary and satisfies −ΔyG(x,y)=δx. The normal is outward.","If f=0, only the boundary integral remains.",Decomposition; Boundary and interior,Green's second identity; Fundamental solution of minus the Laplacian,a-hunter-pde,2
harmonic-maximum-principle,Weak and strong harmonic maximum principles,"\max_{\overline\Omega}u=\max_{\partial\Omega}u,\qquad u(x_0)=\max_\Omega u\Longrightarrow u\text{ constant}",Differential equations,Elliptic equations,Advanced undergraduate,theorem,"A harmonic function averages its neighbors, so a strict isolated interior peak is impossible.","Ω bounded and connected, u∈C2(Ω)∩C(closure Ω), Δu=0; x0 is interior for the strong statement. The minimum version follows by changing sign.",Boundary temperatures between 0 and 1 force an equilibrium temperature in the same range.,Averaging; Boundary and interior,Mean-value property of harmonic functions,a-hunter-pde,4
hopf-boundary-lemma,Hopf boundary point lemma for harmonic functions,"u(x_0)>u(x)\ (x\in\Omega),\quad\Delta u=0\quad\Longrightarrow\quad\partial_\nu u(x_0)>0",Differential equations,Elliptic equations,Graduate,theorem,A nonconstant harmonic function reaching a boundary maximum must approach it with a nonzero outward slope.,"Ω has an interior tangent ball at x0; u harmonic in Ω and C1 up to x0, with a strict boundary maximum over the interior. ν is the outward unit normal at a smooth boundary point.","For u=x1 on a ball, the rightmost boundary point has positive outward derivative.",Boundary and interior; Local linearization,Weak and strong harmonic maximum principles,a-hunter-pde,2
weyl-harmonic-lemma,Weyl lemma for distributional harmonic functions,"u\in L^1_{\mathrm{loc}}(\Omega),\quad\Delta u=0\text{ in }\mathcal D^{\prime}\quad\Longrightarrow\quad u=\widetilde u\ \text{a.e.},\ \widetilde u\in C^\infty(\Omega)",Differential equations,Elliptic regularity,Graduate,theorem,A very weak harmonic equation automatically repairs the function into a smooth harmonic representative.,Ω open in Rn; distributional Δu=0 means ∫uΔφ=0 for every compactly supported smooth φ. Equality is almost everywhere because L1 functions ignore null sets.,A locally integrable candidate with zero distributional Laplacian is an ordinary smooth harmonic function after changing a null set.,Limits and convergence; Symmetry and invariance,Derivative of a distribution,a-hunter-pde,2
caccioppoli-harmonic-estimate,Caccioppoli interior energy estimate,"\int_{B_r}|\nabla u|^2\,dx\le\frac{C_n}{(R-r)^2}\int_{B_R}|u|^2\,dx",Differential equations,Elliptic regularity,Graduate,theorem,Interior derivative energy is bounded by function size in a slightly larger region.,"0<r<R, concentric balls with closure BR contained in Ω, and u weakly harmonic on BR. Cn depends only on dimension.",A buffer of thickness R−r pays for differentiating a cutoff.,Local linearization; Boundary and interior,Weak formulation of the Dirichlet Poisson problem,a-hunter-pde,2
elliptic-interior-h2,Interior H2 estimate for Poisson,"\|u\|_{H^2(\Omega^{\prime})}\le C\bigl(\|f\|_{L^2(\Omega)}+\|u\|_{L^2(\Omega)}\bigr),\quad-\Delta u=f",Differential equations,Elliptic regularity,Graduate,theorem,Two weak derivatives become square integrable when the Laplacian has square-integrable forcing.,"Ω′ has compact closure in a bounded open Ω, f∈L2(Ω), and u∈H1(Ω) is a weak solution. C depends on the domains; this is an interior estimate and asserts no boundary smoothness.",Rough boundaries can obstruct global H2 regularity while this interior conclusion still holds.,Local linearization; Boundary and interior,Sobolev norm; Weak formulation of the Dirichlet Poisson problem,a-hunter-pde,2
half-space-image-green,Method of images for a Dirichlet half-space,"G(x,y)=\Phi(x-y)-\Phi(x-y^*),\qquad y^*=(y_1,\ldots,y_{n-1},-y_n)",Differential equations,Green functions,Advanced undergraduate,method,An opposite reflected source cancels the potential on a flat boundary.,"n≥2, x,y in the upper half-space xn>0, and Φ is the fundamental solution of −Δ. This kernel vanishes on xn=0.",Equal distances to y and y* on the boundary make the two terms cancel.,Symmetry and invariance; Linearity,Fundamental solution of minus the Laplacian,a-hunter-pde,2
neumann-poisson-compatibility,Compatibility and uniqueness for Neumann Poisson data,"-\Delta u=f,\quad\partial_\nu u=g\quad\Longrightarrow\quad\int_\Omega f\,dx+\int_{\partial\Omega}g\,dS=0",Differential equations,Elliptic boundary conditions,Advanced undergraduate,theorem,Net interior forcing must balance outward boundary flux; an additive constant remains invisible.,Smooth bounded connected Ω and sufficiently regular data/solution. With appropriate regularity the compatibility condition gives a solution unique up to an additive constant; a zero-mean constraint fixes it.,"For zero normal flux, the source f must have mean zero.",Conservation and balance; Symmetry and invariance,Divergence theorem,a-hunter-pde,2
heat-semigroup-contraction,Heat semigroup Lp contraction,"\|e^{t\Delta}f\|_{L^p(\mathbb R^n)}\le\|f\|_{L^p(\mathbb R^n)},\qquad e^{t\Delta}f=K_t*f",Differential equations,Heat flow,Advanced undergraduate,theorem,A normalized positive smoothing kernel cannot increase the global Lp size.,"t>0, 1≤p≤∞, f∈Lp(Rn), and Kt(x)=(4πt)^(−n/2)exp(−|x|²/(4t)).",The sup norm cannot increase because every new value is a weighted average of old values.,Averaging; Composition,Gaussian heat kernel,a-stanford-heat,3
heat-derivative-smoothing,Heat-kernel derivative smoothing bound,"\|D^\alpha e^{t\Delta}f\|_{L^q}\le C\,t^{-|\alpha|/2-\frac n2(1/p-1/q)}\|f\|_{L^p}",Differential equations,Heat flow,Graduate,theorem,Diffusion pays inverse powers of time to turn rough data into smooth functions.,"t>0, integer multi-index α, 1≤p≤q≤∞, f∈Lp(Rn); C depends on n,p,q,α. The equation uses diffusivity one.","With p=q, each spatial derivative costs a factor proportional to t^(−1/2).",Scaling and homogeneity; Limits and convergence,Gaussian heat kernel; Young's convolution inequality,a-stanford-heat,2
parabolic-maximum-principle,Parabolic maximum principle,"\sup_{\overline\Omega\times[0,T]}u\le\max\!\left\{\sup_\Omega u(\cdot,0),\sup_{\partial\Omega\times[0,T]}u\right\}",Differential equations,Heat flow,Advanced undergraduate,theorem,A heat subsolution cannot create a new temperature peak after the initial time without boundary input.,"Ω bounded, T>0, u continuous on the closed cylinder and C2 in space/C1 in time inside, with ut−κΔu≤0 and κ>0. Boundary values are understood on the parabolic boundary.",Zero initial and boundary data force a heat solution to remain zero by applying the principle to ±u.,Boundary and interior; Averaging,Heat or diffusion equation,a-stanford-heat,2
dirichlet-heat-eigenexpansion,Heat flow in Dirichlet eigenmodes,"u(t)=\sum_{j=1}^\infty e^{-\kappa\lambda_jt}\langle\phi_j,f\rangle\phi_j,\qquad-\Delta\phi_j=\lambda_j\phi_j",Differential equations,Heat flow,Advanced undergraduate,identity,"Each spatial eigenmode fades independently, with finer modes typically fading faster.","Smooth bounded Ω, zero Dirichlet boundary, κ>0, f∈L2(Ω); eigenfunctions form an orthonormal L2 basis. The expansion converges in L2 and attains f in L2 as t↓0. The inner product is conjugate-linear in the first slot.","On (0,π), sine mode sin(jx) is multiplied by exp(−κj²t).",Decomposition; Exponentials and logarithms,Heat or diffusion equation; Regular Dirichlet Sturm–Liouville problem,a-stanford-heat,2
wave-finite-propagation,Finite speed of wave propagation,"\operatorname{supp}f\cup\operatorname{supp}g\subset B_R(0)\quad\Longrightarrow\quad\operatorname{supp}u(t,\cdot)\subset B_{R+ct}(0)",Differential equations,Wave propagation,Advanced undergraduate,theorem,A disturbance can influence only points reached by a cone of finite slope.,"Classical solution utt=c²Δu on Rn, c>0, t≥0, with initial displacement f and velocity g compactly supported. The same support result extends to energy solutions.","Data vanishing on Bct(x) cannot influence (t,x).",Geometry and distance; Conservation and balance,Wave equation; Conservation of wave energy,a-stanford-wave,2
kirchhoff-wave-formula,Kirchhoff formula for three-dimensional waves,"u(x,t)=\partial_t\!\left[\frac{t}{4\pi}\int_{S^2}f(x+ct\omega)dS_\omega\right]+\frac{t}{4\pi}\int_{S^2}g(x+ct\omega)dS_\omega",Differential equations,Wave propagation,Advanced undergraduate,identity,A three-dimensional wave samples expanding spherical shells of its initial data.,"t>0,c>0, smooth initial f=u(·,0),g=ut(·,0) on R3, for example compactly supported. The measure is area on the unit sphere, whose total is 4π.",Constant f and zero g give the same constant solution.,Averaging; Geometry and distance,Wave equation; Flux through a parametrized surface,a-stanford-wave,2
bromwich-inversion,Bromwich inversion of the Laplace transform,"f(t)=\frac1{2\pi i}\lim_{R\to\infty}\int_{\gamma-iR}^{\gamma+iR}e^{st}F(s)\,ds",Differential equations,Integral transforms,Advanced undergraduate,theorem,Recover a time function by superposing complex exponentials along a vertical frequency line.,"For example f is piecewise C1 and of exponential order a on [0,∞), γ>a, and t>0 is a continuity point; symmetric truncation is used. At a jump, suitable one-sided regularity gives the midpoint value.",F(s)=1/(s+a) inverts to exp(−at).,Duality; Exponentials and logarithms,Unilateral Laplace transform,ea-dlmf-24,2
laplace-asymptotic-method,Laplace method at a nondegenerate interior minimum,"\int_a^b e^{-\lambda\phi(x)}g(x)\,dx\sim e^{-\lambda\phi(x_0)}g(x_0)\sqrt{\frac{2\pi}{\lambda\phi^{\prime\prime}(x_0)}}",Analysis,Asymptotic analysis,Advanced undergraduate,theorem,Strong exponential weighting concentrates almost all contribution near the smallest phase value.,"λ→+∞, finite [a,b], φ∈C2 has a unique minimum at interior x0 with φ″(x0)>0; g continuous and g(x0)≠0. These sufficient assumptions give the leading ratio asymptotic.","For φ=x²/2, x0=0, the leading scale is √(2π/λ).",Local linearization; Scaling and homogeneity,Second-order multivariable Taylor expansion; Gaussian integral,ea-dlmf-23,2
stationary-phase-one-dimensional,One-dimensional stationary phase,\int_{\mathbb R}e^{i\lambda\phi(x)}a(x)dx=e^{i\lambda\phi(x_0)+i\pi\operatorname{sgn}(\phi^{\prime\prime}(x_0))/4}a(x_0)\sqrt{\frac{2\pi}{\lambda|\phi^{\prime\prime}(x_0)|}}+O(\lambda^{-3/2}),Analysis,Asymptotic analysis,Graduate,theorem,Rapid oscillations cancel except near a point where phase temporarily stops changing.,"λ→+∞; a∈C∞c(R), φ smooth and real near its support, with exactly one stationary point x0 there and φ″(x0)≠0.",A positive quadratic phase contributes the phase factor exp(iπ/4).,Local linearization; Limits and convergence,Integration by parts; Euler's formula,ea-dlmf-23,2
watson-lemma,Watson lemma for endpoint Laplace asymptotics,f(t)\sim\sum_{k=0}^\infty a_kt^{k+\alpha-1}\quad\Longrightarrow\quad\int_0^\infty e^{-st}f(t)dt\sim\sum_{k=0}^\infty\frac{a_k\Gamma(k+\alpha)}{s^{k+\alpha}},Analysis,Asymptotic analysis,Graduate,theorem,A large Laplace parameter magnifies only the local endpoint expansion.,"s→+∞ real, α>0, f has the stated asymptotic expansion as t↓0 and is locally integrable with at most exponential growth at infinity. The resulting series is asymptotic, not necessarily convergent.","For f(t)=1/(1+t), the expansion yields 1/s−1/s²+2!/s³−⋯.",Local linearization; Exponentials and logarithms,Unilateral Laplace transform; Euler gamma integral,ea-dlmf-23,2
lebesgue-differentiation,Lebesgue differentiation theorem,"\lim_{r\downarrow0}\frac1{|B_r(x)|}\int_{B_r(x)}|f(y)-f(x)|\,dy=0\quad\text{for a.e. }x",Analysis,Differentiation of integrals,Advanced undergraduate,theorem,"Zoomed local averages recover an integrable function at almost every point, even when it is discontinuous.",f∈L1loc(Rn); balls are Euclidean and the conclusion is with respect to Lebesgue measure. Values on a null set can be chosen arbitrarily.,The density of a measurable set is 0 or 1 at almost every point by applying the theorem to its indicator.,Averaging; Limits and convergence,Integral with respect to a measure,ea-tao-harmonic2,2
cumulative-distribution-function,Cumulative distribution function,"F_X(x)=\Pr(X\le x),\qquad \Pr(a<X\le b)=F_X(b)-F_X(a)",Probability,Distribution functions,Undergraduate,definition,A distribution can be stored as the running total of probability to the left of a moving threshold.,"X is real valued; a<b. Every CDF is nondecreasing, right-continuous, with limits 0 and 1 at the two infinities.",A fair die has F(3)=1/2.,Accumulation; Randomness and distribution,Probability axioms,eb-durrett,2
quantile-function,Generalized quantile function,"Q(u)=\inf\{x:F(x)\ge u\},\qquad Q(U)\sim F,\quad U\sim\operatorname{Unif}(0,1)",Probability,Distribution functions,Undergraduate,definition,Read the cumulative plot sideways: a probability level asks which threshold first reaches it.,F is any real CDF and 0<u<1; this generalized inverse also handles jumps and flat intervals.,"For an exponential law, Q(u)=-log(1-u)/λ.",Change of coordinates; Randomness and distribution,Cumulative distribution function; Continuous uniform distribution,eb-durrett,3
probability-integral-transform,Probability integral transform,"U=F_X(X)\sim\operatorname{Unif}(0,1)",Probability,Distribution functions,Undergraduate,theorem,A continuous observation's own percentile has no preferred location on the probability scale.,X has a continuous CDF; atoms require randomized ranks and invalidate this unmodified statement.,Correctly calibrated continuous predictive percentiles should be uniform.,Change of coordinates; Symmetry and invariance,Cumulative distribution function,eb-durrett,2
survival-hazard,Survival and hazard relation,"S(t)=\Pr(T>t),\quad h(t)=\frac{f(t)}{S(t)},\quad S(t)=\exp\!\left(-\int_0^t h(s)\,ds\right)",Probability,Distribution functions,Undergraduate,identity,Hazard measures the instantaneous failure rate among those still present; accumulated hazard determines remaining survival.,"T≥0 is absolutely continuous, S(0)=1, and S(t)>0 on the interval considered; f is its density.",Constant hazard λ gives exponential survival exp(-λt).,Accumulation; Exponentials and logarithms,Cumulative distribution function; Exponential waiting time,eb-durrett,2
order-statistic-density,Density of an order statistic,f_{X_{(k)}}(x)=\frac{n!}{(k-1)!(n-k)!}F(x)^{k-1}[1-F(x)]^{n-k}f(x),Probability,Distribution functions,Advanced undergraduate,theorem,The kth ranked value needs k−1 observations below it and the rest above it.,"X1,…,Xn are iid with absolutely continuous CDF F and density f; 1≤k≤n.","The maximum of n independent uniform(0,1) draws has density n x^(n−1).",Counting; Randomness and distribution,Cumulative distribution function; Binomial coefficient,eb-durrett,2
multinomial-distribution,Multinomial distribution,"\Pr(N_1=n_1,\ldots,N_k=n_k)=\frac{n!}{\prod_j n_j!}\prod_jp_j^{n_j}",Probability,Important distribution families,Undergraduate,model,One total count is divided among several mutually exclusive outcomes.,"n independent categorical trials; pj≥0, sum pj=1; nj are nonnegative integers summing to n; use 0^0=1.",Counts of six faces in repeated die rolls follow a multinomial law.,Counting; Conservation and balance,Binomial distribution; Multinomial coefficient,eb-dirichlet,2
dirichlet-distribution,Dirichlet distribution,"f(p)=\frac{\Gamma(\alpha_0)}{\prod_j\Gamma(\alpha_j)}\prod_jp_j^{\alpha_j-1},\qquad \alpha_0=\sum_j\alpha_j",Probability,Important distribution families,Advanced undergraduate,model,Random proportions share a fixed total; concentration parameters describe both their preferred balance and variability.,"αj>0; pj>0, sum pj=1; density uses the first k−1 simplex coordinates.",With all αj=1 the distribution is uniform on the probability simplex.,Conservation and balance; Averaging,Beta distribution; Multinomial distribution,eb-dirichlet,2
lognormal-distribution,Lognormal distribution,"\log X\sim N(\mu,\sigma^2),\qquad f_X(x)=\frac{e^{-(\log x-\mu)^2/(2\sigma^2)}}{x\sigma\sqrt{2\pi}},\ x>0",Probability,Important distribution families,Undergraduate,model,Additive Gaussian variation on a log scale becomes multiplicative variation on a positive scale.,"σ>0 and μ real; logarithms are natural. The mean is exp(μ+σ²/2), not exp(μ).",A geometric Brownian motion at a fixed positive time is lognormal.,Exponentials and logarithms; Change of coordinates,Normal distribution; Density under a change of variables,b-distributions,2
chi-squared-distribution,Chi-squared distribution,"X=\sum_{i=1}^{\nu}Z_i^2\sim\chi_\nu^2,\quad f(x)=\frac{x^{\nu/2-1}e^{-x/2}}{2^{\nu/2}\Gamma(\nu/2)},\ x>0",Probability,Important distribution families,Undergraduate,model,Squared independent standard Gaussian coordinates turn random displacement into random energy.,"Zi iid N(0,1) and integer ν≥1 for the sum representation; the density defines the law for any real ν>0.",The squared length of a two-dimensional standard Gaussian vector is χ² with two degrees of freedom.,Quadratic structure; Accumulation,Normal distribution; Gamma distribution,b-distributions,4
student-t-distribution,Student t distribution,"T=\frac{Z}{\sqrt{V/\nu}},\quad f_T(t)=\frac{\Gamma((\nu+1)/2)}{\sqrt{\nu\pi}\Gamma(\nu/2)}(1+t^2/\nu)^{-(\nu+1)/2}",Probability,Important distribution families,Undergraduate,model,Dividing a Gaussian quantity by an uncertain estimate of scale adds heavier tails.,"Z∼N(0,1), V∼χ²ν are independent and ν>0; mean needs ν>1 and variance needs ν>2.",At ν=1 this is the standard Cauchy distribution.,Randomness and distribution; Scaling and homogeneity,Normal distribution; Chi-squared distribution,b-distributions,3
f-distribution,F distribution,"F=\frac{U/d_1}{V/d_2},\qquad U\sim\chi^2_{d_1},\ V\sim\chi^2_{d_2},\ U\perp V",Probability,Important distribution families,Undergraduate,model,A ratio of independent estimates of variance measures how unusually large one source of variation is relative to another.,"d1,d2>0; U,V independent. Both degrees-of-freedom divisors are essential.","The square of a tν variable follows F(1,ν).",Scaling and homogeneity; Quadratic structure,Chi-squared distribution,b-distributions,2
weibull-distribution,Weibull distribution,"S(t)=e^{-(t/\lambda)^k},\qquad h(t)=\frac{k}{\lambda}(t/\lambda)^{k-1},\quad t\ge0",Probability,Important distribution families,Undergraduate,model,"A power-law change of the clock lets failure risk rise, fall or remain constant with age.",Shape k>0 and scale λ>0; density is h(t)S(t) for t>0.,k=1 is exponential; k>1 gives increasing hazard.,Scaling and homogeneity; Exponentials and logarithms,Survival and hazard relation,b-distributions,2
pareto-distribution,Pareto distribution,"\Pr(X>x)=\left(\frac{x_m}{x}\right)^\alpha,\quad x\ge x_m;\qquad \mathbb E[X^r]=\frac{\alpha x_m^r}{\alpha-r}\ (r<\alpha)",Probability,Important distribution families,Undergraduate,model,A fixed proportional increase in the threshold always removes the same fraction of the remaining tail.,"xm>0, α>0; displayed moment formula for real r<α. Moments of order r≥α diverge.",Doubling the threshold multiplies the survival probability by 2^(−α).,Scaling and homogeneity; Limits and convergence,Tail integral formula,b-distributions,2
cauchy-distribution,Cauchy distribution,"f(x)=\frac{1}{\pi\gamma[1+((x-x_0)/\gamma)^2]},\qquad \varphi(t)=e^{ix_0t-\gamma|t|}",Probability,Important distribution families,Undergraduate,model,Rare huge observations remain strong enough that averaging does not squeeze the distribution toward a center.,"Location x0 real, scale γ>0; the ordinary expectation and variance do not exist. Characteristic function uses E exp(itX).",The mean of iid standard Cauchy observations is itself standard Cauchy.,Scaling and homogeneity; Generating functions,Characteristic function,b-distributions,2
laplace-distribution,Laplace distribution,"f(x)=\frac{1}{2b}e^{-|x-\mu|/b},\qquad b>0",Probability,Important distribution families,Undergraduate,model,"Two exponential tails meet at a sharp center, making absolute deviations the natural measure of mismatch.","μ real, b>0; mean μ and variance 2b². This is a probability distribution, distinct from the Laplace transform.","With fixed b, fitting μ by likelihood minimizes the sum of absolute deviations.",Exponentials and logarithms; Symmetry and invariance,Exponential waiting time,b-distributions,2
wishart-distribution,Wishart Gaussian scatter distribution,"W=\sum_{i=1}^{n}Z_iZ_i^\top\sim W_p(\Sigma,n),\qquad \mathbb E W=n\Sigma",Probability,Important distribution families,Advanced undergraduate,model,"A scalar sum of squares becomes a matrix of accumulated cross-products, recording energy in every direction.","Zi iid Np(0,Σ), Σ positive definite, integer n≥1. W is singular almost surely when n<p; no nonsingular density is asserted then.","A centered normal sample's scatter matrix has Wp(Σ,n−1) distribution.",Quadratic structure; Accumulation,Multivariate normal density; Covariance under a linear map,eb-wishart,2
gaussian-conditioning,Conditional multivariate Gaussian,"X\mid Y=y\sim N\!\left(\mu_X+\Sigma_{XY}\Sigma_{YY}^{-1}(y-\mu_Y),\ \Sigma_{XX}-\Sigma_{XY}\Sigma_{YY}^{-1}\Sigma_{YX}\right)",Probability,Gaussian structure,Advanced undergraduate,theorem,Observing correlated coordinates shifts the best prediction linearly and removes the uncertainty explained by them.,"(X,Y) jointly Gaussian; ΣYY positive definite. The remaining covariance may be singular; it does not depend on y.","For standard correlated scalars, X|Y=y has mean ρy and variance 1−ρ².",Orthogonality; Quadratic structure,Multivariate normal density; Schur complement,eb-durrett,5
gaussian-integration-by-parts,Gaussian integration by parts,"\mathbb E[Zf(Z)]=\mathbb E[f'(Z)],\qquad Z\sim N(0,1)",Probability,Gaussian structure,Advanced undergraduate,identity,Multiplication by a Gaussian coordinate can be exchanged for a derivative inside an expectation.,"f is absolutely continuous, E|f'(Z)| and E|Zf(Z)| finite, with vanishing boundary term f(x)e^(−x²/2) at both infinities.",Taking f(z)=z³ gives E Z⁴=3 E Z²=3.,Duality; Exponentials and logarithms,Integration by parts; Normal distribution,eb-durrett,4
wick-formula,Wick–Isserlis Gaussian moment formula,"\mathbb E\!\left[\prod_{i=1}^{2m}X_i\right]=\sum_{\pi\in\mathcal P_2(2m)}\prod_{\{i,j\}\in\pi}\mathbb E[X_iX_j]",Probability,Gaussian structure,Graduate,theorem,Every centered Gaussian even moment is assembled by pairing coordinates; no extra higher-order interactions are needed.,"Xi are jointly centered real Gaussian variables, possibly repeated or degenerate. P2 is the set of pair partitions; odd moments vanish.","E[X²Y²]=Var(X)Var(Y)+2Cov(X,Y)².",Decomposition; Counting,Multivariate normal density; Gaussian integration by parts,eb-durrett,3
borel-cantelli-first,First Borel–Cantelli lemma,\sum_{n=1}^{\infty}\Pr(A_n)<\infty\quad\Longrightarrow\quad \Pr(A_n\ \text{infinitely often})=0,Probability,Convergence and limit laws,Advanced undergraduate,theorem,"If the total probability budget of later failures is finite, failures eventually stop almost surely.",An are events in one probability space. Independence is unnecessary; the conclusion concerns infinitely many occurrences.,Failure probabilities bounded by 1/n² imply only finitely many failures almost surely.,Accumulation; Limits and convergence,Union bound,eb-durrett,2
borel-cantelli-second,Second Borel–Cantelli lemma,"\sum_n\Pr(A_n)=\infty,\quad A_n\ \text{independent}\quad\Longrightarrow\quad\Pr(A_n\ \text{infinitely often})=1",Probability,Convergence and limit laws,Advanced undergraduate,theorem,Independent fresh chances with an infinite total probability budget cannot all dry up after a finite time.,An are mutually independent events; divergence alone is insufficient for arbitrarily dependent events.,Independent trials with success probability 1/n succeed infinitely often almost surely.,Randomness and distribution; Limits and convergence,Independence of random variables; First Borel–Cantelli lemma,eb-durrett,2
kolmogorov-zero-one,Kolmogorov zero–one law,"A\in\bigcap_{n\ge1}\sigma(X_n,X_{n+1},\ldots)\quad\Longrightarrow\quad\Pr(A)\in\{0,1\}",Probability,Convergence and limit laws,Graduate,theorem,An event unaffected by every finite initial segment of an independent sequence cannot retain an intermediate probability.,Xn are mutually independent. The displayed intersection is the tail sigma-algebra; no identical-distribution assumption is needed.,Convergence of an independent random series is a tail event and has probability zero or one.,Symmetry and invariance; Information and uncertainty,Independence of random variables; Probability axioms,eb-durrett,2
convergence-in-probability,Convergence in probability,"X_n\xrightarrow{p}X\quad\Longleftrightarrow\quad\forall\varepsilon>0,\ \Pr(|X_n-X|>\varepsilon)\to0",Probability,Convergence and limit laws,Undergraduate,definition,"For any fixed error tolerance, the chance of exceeding it eventually becomes negligible.",Xn and X are real random variables on one probability space; this need not give convergence along every sample path.,A Bernoulli sample proportion converges in probability to its success probability.,Limits and convergence; Randomness and distribution,Probability axioms,eb-durrett,3
convergence-in-distribution,Convergence in distribution,X_n\Rightarrow X\quad\Longleftrightarrow\quad F_{X_n}(x)\to F_X(x)\ \text{at every continuity point of }F_X,Probability,Convergence and limit laws,Undergraduate,definition,The distributions approach one another even when individual random outcomes cannot meaningfully be paired.,Real random variables may live on different probability spaces. CDF convergence is required only at continuity points of the limit.,Standardized binomial sums approach a normal distribution.,Limits and convergence; Information and uncertainty,Cumulative distribution function,eb-durrett,2
lp-random-convergence,Lp convergence of random variables,"X_n\xrightarrow{L^p}X\quad\Longleftrightarrow\quad\mathbb E|X_n-X|^p\to0,\qquad p\ge1",Probability,Convergence and limit laws,Advanced undergraduate,definition,"Lp convergence makes the average powered error disappear, so rare errors must also be small enough in magnitude.","Xn,X belong to Lp on a common probability space; p is finite. Larger p penalizes extremes more strongly.",Independent sample means with finite variance converge in L² to their common mean.,Averaging; Limits and convergence,Lp norm of a function; Expectation,eb-durrett,2
continuous-mapping-theorem,Continuous mapping theorem,"X_n\Rightarrow X,\quad \Pr(X\in D_g)=0\quad\Longrightarrow\quad g(X_n)\Rightarrow g(X)",Probability,Convergence and limit laws,Advanced undergraduate,theorem,A transformation preserves a distributional limit when its discontinuities do not matter to the limiting law.,"Xn,X are random vectors in Euclidean spaces, g is measurable, and Dg is its discontinuity set.",Squaring an asymptotically standard normal statistic produces an asymptotic χ²1 statistic.,Composition; Limits and convergence,Convergence in distribution,eb-durrett,2
slutsky-theorem,Slutsky's theorem,"X_n\Rightarrow X,\ Y_n\xrightarrow{p}c\quad\Longrightarrow\quad X_nY_n\Rightarrow cX,\quad X_n+Y_n\Rightarrow X+c",Probability,Convergence and limit laws,Advanced undergraduate,theorem,A factor whose uncertainty vanishes can be replaced by its constant limit in a distributional calculation.,Real random variables; c deterministic. Division also holds when c≠0. Independence of Xn and Yn is unnecessary.,A consistent standard-error estimate can replace the unknown scale in a CLT pivot.,Local linearization; Limits and convergence,Convergence in distribution; Convergence in probability,eb-durrett,2
levy-continuity-theorem,Lévy continuity theorem,"\varphi_n(t)\to\varphi(t)\ \forall t,\quad \varphi\text{ continuous at }0\quad\Longrightarrow\quad X_n\Rightarrow X,\ \varphi=\varphi_X",Probability,Convergence and limit laws,Graduate,theorem,"Convergence of all oscillatory probes identifies a limiting probability law, provided no mass escapes.",φn are characteristic functions on R^d. Their pointwise limit must be continuous at zero; necessarily φ(0)=1.,Multiplying characteristic functions and taking a quadratic limit proves many central limit theorems.,Generating functions; Limits and convergence,Characteristic function; Convergence in distribution,eb-durrett,2
berry-esseen,Berry–Esseen bound,"\sup_x\left|\Pr\!\left(\frac{\sum_{i=1}^n(X_i-\mu)}{\sigma\sqrt n}\le x\right)-\Phi(x)\right|\le \frac{C\,\mathbb E|X_1-\mu|^3}{\sigma^3\sqrt n}",Probability,Convergence and limit laws,Advanced undergraduate,theorem,The central limit approximation has a measurable error budget; heavy third moments make convergence slower.,"Xi iid, E Xi=μ, Var Xi=σ²>0, finite third absolute centered moment. C is a universal finite constant.","For bounded Bernoulli variables away from p=0 or 1, CDF error is O(n^−1/2).",Scaling and homogeneity; Limits and convergence,Central limit theorem,eb-limits,2
lindeberg-clt,Lindeberg triangular-array CLT,"\frac{1}{s_n^2}\sum_k\mathbb E[X_{nk}^2\mathbf1_{\{|X_{nk}|>\varepsilon s_n\}}]\to0\ (\forall\varepsilon>0)\ \Longrightarrow\ \frac{\sum_kX_{nk}}{s_n}\Rightarrow N(0,1)",Probability,Convergence and limit laws,Graduate,theorem,Many unequal small contributions still make Gaussian noise when no large contribution carries a lasting fraction of the variance.,Each row contains independent centered variables with finite variances; sn²=sumk Var(Xnk)>0. The displayed Lindeberg condition holds for every ε>0.,Bounded centered triangular arrays satisfy the condition when their maximal magnitude is o(sn).,Decomposition; Scaling and homogeneity,Central limit theorem; Variance of a sum,eb-durrett,2
subgaussian-variable,Sub-Gaussian moment bound,\mathbb E e^{t(X-\mathbb EX)}\le e^{\sigma^2t^2/2}\quad(t\in\mathbb R),Probability,Concentration and dependence,Advanced undergraduate,definition,A variable need not be Gaussian to have fluctuations whose exponential moments are bounded by a Gaussian envelope.,"X integrable; σ²≥0 is a variance proxy, not necessarily the actual variance. The bound must hold for every real t.","A variable in [a,b] is sub-Gaussian with proxy (b−a)²/4.",Exponentials and logarithms; Quadratic structure,Moment generating function,eb-concentration,2
bernstein-inequality,Bernstein inequality for bounded sums,"\Pr\!\left(\sum_iX_i\ge t\right)\le\exp\!\left(-\frac{t^2}{2(v+Mt/3)}\right),\qquad v=\sum_i\mathbb E X_i^2",Probability,Concentration and dependence,Advanced undergraduate,theorem,"Small deviations depend on actual variance, while very large deviations also feel the maximum size of one summand.","Xi independent, centered, |Xi|≤M almost surely, M>0, t≥0; 0<v<∞. If v=0, the sum is identically zero and its tails can be handled directly.",Rare Bernoulli successes can concentrate more sharply than a range-only Hoeffding estimate suggests.,Quadratic structure; Scaling and homogeneity,Exponential Chernoff bound; Variance of a sum,eb-bernstein; eb-bennett,3
bennett-inequality,Bennett inequality,"\Pr\!\left(\sum_iX_i\ge t\right)\le\exp\!\left[-\frac{v}{M^2}h\!\left(\frac{Mt}{v}\right)\right],\quad h(u)=(1+u)\log(1+u)-u",Probability,Concentration and dependence,Advanced undergraduate,theorem,A sharper exponential calculation preserves the transition from Gaussian-size fluctuations to rare large upward deviations.,"Independent centered Xi≤M almost surely, M>0; v=sum E Xi² is finite and positive; t≥0.",Expanding h(u) near zero recovers the variance-controlled Gaussian exponent.,Convexity; Exponentials and logarithms,Exponential Chernoff bound,eb-bennett,2
cantelli-inequality,Cantelli one-sided variance bound,"\Pr(X-\mu\ge t)\le\frac{\sigma^2}{\sigma^2+t^2},\qquad t>0",Probability,Concentration and dependence,Undergraduate,theorem,Knowing which side matters gives a sharper variance-only bound than treating both tails together.,E X=μ and Var X=σ²<∞. No independence or density assumptions are needed.,"At two standard deviations above the mean, the bound is 1/5.",Optimization; Quadratic structure,Markov's inequality; Variance,eb-durrett,2
paley-zygmund,Paley–Zygmund lower bound,"\Pr(X>\theta\mathbb EX)\ge(1-\theta)^2\frac{(\mathbb EX)^2}{\mathbb E[X^2]},\qquad 0<\theta<1",Probability,Concentration and dependence,Advanced undergraduate,theorem,A nonnegative quantity with a substantial mean and controlled second moment cannot be tiny almost all the time.,"X≥0 almost surely and 0<E X²<∞, with E X>0.",A second-moment argument can prove a random combinatorial count is positive with nonzero probability.,Quadratic structure; Randomness and distribution,Cauchy–Schwarz inequality; Expectation,eb-concentration,2
efron-stein,Efron–Stein variance inequality,\operatorname{Var}f(X)\le\frac12\sum_{i=1}^n\mathbb E\!\left[(f(X)-f(X^{(i)}))^2\right],Probability,Concentration and dependence,Advanced undergraduate,theorem,A function cannot fluctuate much if independently replacing any one input usually changes it only a little.,"Xi independent, f(X) square-integrable; X^(i) replaces Xi by an independent copy with its same distribution.","For f=sum Xi, the inequality is an equality and recovers the variance sum.",Decomposition; Quadratic structure,Variance of a sum,eb-concentration,2
mcdiarmid-inequality,McDiarmid bounded-difference inequality,\Pr(f(X)-\mathbb Ef(X)\ge t)\le\exp\!\left(-\frac{2t^2}{\sum_i c_i^2}\right),Probability,Concentration and dependence,Advanced undergraduate,theorem,"Many individually harmless inputs cannot easily combine into a large surprise, even when the output is nonlinear.",Xi independent; changing only coordinate i changes f by at most ci everywhere on the support; t≥0.,"An empirical average of [0,1] values has ci=1/n and exponent −2nt².",Decomposition; Scaling and homogeneity,Hoeffding's inequality,eb-concentration,3
azuma-hoeffding,Azuma–Hoeffding martingale bound,\Pr(M_n-M_0\ge t)\le \exp\!\left(-\frac{t^2}{2\sum_{i=1}^n c_i^2}\right),Probability,Concentration and dependence,Advanced undergraduate,theorem,"A fair evolving estimate still concentrates when each surprise is bounded, even though the surprises need not be independent.",Mi is a real martingale and |Mi−M(i−1)|≤ci almost surely for deterministic ci; t≥0.,An adapted game with bounded fair increments has exponentially unlikely large gains.,Randomness and distribution; Accumulation,Martingale property,eb-durrett,2
kolmogorov-maximal,Kolmogorov maximal inequality,"\Pr\!\left(\max_{1\le k\le n}|S_k|\ge t\right)\le\frac{\operatorname{Var}(S_n)}{t^2},\quad S_k=\sum_{i=1}^kX_i",Probability,Concentration and dependence,Advanced undergraduate,theorem,The final variance budget also controls the chance that any earlier partial sum crossed a fixed boundary.,"Xi independent, centered and square-integrable; t>0. The maximum is over the entire finite sequence of partial sums.",The inequality controls maximal fluctuations in proofs of strong laws.,Accumulation; Boundary and interior,Variance of a sum; Chebyshev's inequality,eb-durrett,2
cramer-large-deviations,Cramér large-deviation principle,"I(x)=\sup_t\{tx-\log\mathbb E e^{tX_1}\},\quad -\inf_{A^\circ}I\le\liminf_n\frac1n\log\Pr(\bar X_n\in A)\le\limsup_n\frac1n\log\Pr(\bar X_n\in A)\le-\inf_{\overline A}I",Probability,Concentration and dependence,Graduate,theorem,Rare sample means have an exponential cost determined by the cheapest tilt that makes them typical.,Xi iid real; their MGF is finite on a neighborhood of zero. A is Borel; infimum of the empty set is infinity.,"For N(μ,σ²) observations the rate is (x−μ)²/(2σ²).",Duality; Limits and convergence,Cumulant generating function; Legendre-Fenchel conjugate,eb-durrett,2
poisson-approximation,Le Cam Poisson approximation,"d_{\mathrm{TV}}\!\left(\mathcal L\!\left(\sum_iB_i\right),\operatorname{Poisson}(\lambda)\right)\le\sum_i p_i^2,\qquad\lambda=\sum_i p_i",Probability,Concentration and dependence,Advanced undergraduate,theorem,Many rare independent opportunities behave almost like a Poisson count; the squared probabilities measure collisions with the rare-event approximation.,"Bi independent Bernoulli(pi); dTV is supremum over events, equivalently half the L1 probability difference.","Binomial(n,λ/n) has approximation error at most λ²/n.",Limits and convergence; Accumulation,Poisson distribution; Bernoulli distribution,eb-durrett,2
wald-identity,Wald's random-sum identity,"\mathbb E\!\left[\sum_{i=1}^{N}X_i\right]=\mathbb E[N]\,\mathbb E[X_1]",Probability,Concentration and dependence,Advanced undergraduate,theorem,A fair stopping rule changes how many increments are collected without changing the expected reward per included increment.,Xi iid integrable; N is a nonnegative integer stopping time for their natural filtration and E N<∞. These ensure absolute integrability of the stopped sum.,Expected total reward up to a stopping time equals expected count times mean reward.,Averaging; Accumulation,Linearity of expectation; Martingale property,eb-durrett,2
random-sum-variance,Variance of an independent random sum,\operatorname{Var}\!\left(\sum_{i=1}^NX_i\right)=\mathbb E[N]\operatorname{Var}(X_1)+\operatorname{Var}(N)(\mathbb EX_1)^2,Probability,Concentration and dependence,Advanced undergraduate,identity,Total uncertainty splits into noisy items and uncertainty about how many items there are.,"Xi iid with finite second moment; N independent of the entire sequence, nonnegative integer valued, with finite second moment. An empty sum is zero.","For Poisson N with mean λ, variance of the compound sum is λ E X1².",Decomposition; Quadratic structure,Law of total variance; Variance of a sum,eb-durrett,2
sklar-copula,Sklar's copula representation,"F(x_1,\ldots,x_d)=C(F_1(x_1),\ldots,F_d(x_d))",Probability,Dependence and copulas,Advanced undergraduate,theorem,Separate the shape of each variable from the way their percentiles move together.,"F is a joint CDF with marginal CDFs Fj. C is a CDF on [0,1]^d with uniform marginals; it is unique when all Fj are continuous.",Independence corresponds to C(u)=the product of the coordinates.,Decomposition; Change of coordinates,Cumulative distribution function; Probability integral transform,eb-copula,2
frechet-hoeffding-bounds,Fréchet–Hoeffding copula bounds,"\max\!\left(0,\sum_{j=1}^d u_j-d+1\right)\le C(u_1,\ldots,u_d)\le\min_j u_j",Probability,Dependence and copulas,Advanced undergraduate,theorem,Marginal probabilities alone already restrict how large or small an intersection can be.,"C is a d-dimensional copula and u∈[0,1]^d. The upper bound is a copula in every dimension; the lower-bound function is a copula only for d=2.","For two uniforms, (U,U) attains the upper bound and (U,1−U) the lower bound.",Boundary and interior; Conservation and balance,Sklar's copula representation; Union bound,eb-copula,2
statistical-risk,Statistical risk,"R(\theta,\delta)=\mathbb E_\theta[L(\theta,\delta(X))]",Statistics,Decision theory and information,Advanced undergraduate,definition,Judge a data-dependent decision by averaging its loss over repeated datasets from a specified truth.,"A statistical model Pθ, measurable decision rule δ, and nonnegative measurable loss L; risk may be infinite.","With squared error, risk is the estimator's mean squared error.",Averaging; Optimization,Expectation,eb-decision,2
bayes-action,Bayes action by posterior expected loss,"\delta_\pi(x)\in\arg\min_a\mathbb E[L(\theta,a)\mid X=x]",Statistics,Decision theory and information,Advanced undergraduate,method,"After observing data, weight each possible consequence by the posterior and choose the smallest expected loss.","A proper prior and well-defined posterior are given; a measurable minimizing action exists. Integrated losses must be defined, possibly nonnegative extended values.",Squared-error loss selects the posterior mean; zero–one loss for a finite parameter set selects a posterior mode.,Averaging; Optimization,Bayes' rule; Statistical risk,eb-decision,2
bayes-classifier,Bayes classifier and irreducible error,"h^*(x)\in\arg\max_k\Pr(Y=k\mid X=x),\quad R^*=\mathbb E[1-\max_k\Pr(Y=k\mid X)]",Statistics,Decision theory and information,Undergraduate,theorem,"At each input, choose the most likely label; the remaining conditional probability is unavoidable classification error.","A finite label set, measurable conditional class probabilities, and zero–one loss. Ties can be broken measurably.","If class probabilities are (0.7,0.2,0.1), minimum conditional error is 0.3.",Optimization; Information and uncertainty,Conditional probability; Bayes action by posterior expected loss,eb-decision,2
quantile-loss-minimizer,Quantiles minimize pinball loss,"\rho_\tau(u)=u(\tau-\mathbf1_{\{u<0\}}),\qquad \arg\min_a\mathbb E\rho_\tau(X-a)=\{a:F(a-)\le\tau\le F(a)\}",Statistics,Decision theory and information,Advanced undergraduate,theorem,Charging underestimates and overestimates differently moves the best prediction from the center to a chosen percentile.,X integrable and 0<τ<1. Atoms can give nonunique minimizers; the displayed interval condition handles them.,"At τ=1/2 this is half absolute error, so every median minimizes it.",Optimization; Convexity,Generalized quantile function; Convex subgradient,eb-decision,2
minimax-statistical-risk,Minimax statistical risk,"R_n^*=\inf_\delta\sup_{\theta\in\Theta}\mathbb E_\theta L(\theta,\delta(X_1,\ldots,X_n))",Statistics,Decision theory and information,Graduate,definition,Choose a procedure whose worst supported truth hurts as little as possible.,"A specified model class Θ, sample experiment and nonnegative loss; the infimum may not be attained. This is a statistical decision criterion.","For one observation Y∼Nd(θ,σ²I) and squared error, the usual estimator has constant risk dσ².",Optimization; Duality,Statistical risk,eb-decision,2
james-stein-estimator,James–Stein shrinkage estimator,"\widehat\theta_{\mathrm{JS}}(Y)=\left(1-\frac{(d-2)\sigma^2}{\|Y\|^2}\right)Y,\qquad R(\theta,\widehat\theta_{\mathrm{JS}})<d\sigma^2",Statistics,Decision theory and information,Graduate,theorem,"Several noisy coordinates can borrow strength from a common center, lowering total squared error even when the true means are unrelated.","Y∼Nd(θ,σ²I), d≥3, known σ²>0; squared Euclidean loss. Define the estimator arbitrarily at Y=0, a probability-zero event.","With d=5 and ||Y||²=12σ², all coordinates are multiplied by 3/4.",Averaging; Optimization,Multivariate normal density; Statistical risk,eb-shrinkage; eb-decision,2
stein-unbiased-risk-estimate,Stein's unbiased risk estimate,"\operatorname{SURE}(Y)=\|\delta(Y)-Y\|^2+2\sigma^2\operatorname{div}\delta(Y)-d\sigma^2,\quad \mathbb E\,\operatorname{SURE}=R(\theta,\delta)",Statistics,Decision theory and information,Graduate,theorem,Training residuals underestimate prediction error; the estimator's sensitivity supplies an exact average correction for Gaussian noise.,"Y∼Nd(θ,σ²I), known σ²; δ weakly differentiable with integrable derivative terms and squared error, and boundary conditions permitting Gaussian integration by parts.","For δ(Y)=aY, the divergence is ad, giving a directly computable shrinkage-risk estimate.",Local linearization; Averaging,Gaussian integration by parts; Statistical risk,eb-sure,2
minimal-sufficiency,Minimal sufficient statistic criterion,\frac{p_\theta(x)}{p_\theta(y)}\text{ is independent of }\theta\quad\Longleftrightarrow\quad T(x)=T(y),Statistics,Decision theory and information,Graduate,theorem,Two datasets can be compressed together exactly when their relative likelihood carries no parameter information.,A dominated model with positive densities on a common support; T measurable. The criterion characterizes minimal sufficiency up to model-null sets.,"For iid Poisson data, equal sample sums give parameter-independent likelihood ratios.",Information and uncertainty; Decomposition,Neyman-Fisher factorization,eb-minimal-sufficiency,2
complete-statistic,Completeness of a statistic,\bigl[\mathbb E_\theta g(T)=0\ \forall\theta\bigr]\quad\Longrightarrow\quad g(T)=0\quad P_\theta\text{-a.s. for every }\theta,Statistics,Decision theory and information,Graduate,definition,A complete statistic has no nontrivial function that averages to zero for every possible truth.,The implication is required for all measurable g with Eθ|g(T)|<∞ for every θ. Completeness is a property of a family of distributions.,A Poisson count with parameter ranging over all positive values is complete.,Information and uncertainty; Linearity,Expectation; Neyman-Fisher factorization,eb-completeness,2
lehmann-scheffe,Lehmann–Scheffé theorem,"T\text{ complete sufficient},\quad \mathbb E_\theta g(T)=\tau(\theta)\quad\Longrightarrow\quad g(T)\text{ is the unique UMVU estimator of }\tau",Statistics,Decision theory and information,Graduate,theorem,"Once all information is compressed into a complete statistic, an unbiased estimate built from it cannot be improved in variance.",T complete and sufficient; g(T) square-integrable for every θ. Uniqueness is up to almost sure equality for every model distribution.,The sample mean is the unique UMVU estimator of a Poisson mean.,Optimization; Information and uncertainty,Completeness of a statistic; Rao-Blackwell improvement,eb-umvu,2
basu-theorem,Basu's theorem,"T\text{ complete sufficient},\quad A\text{ ancillary}\quad\Longrightarrow\quad T\perp A",Statistics,Decision theory and information,Graduate,theorem,A complete summary of parameter information is independent of statistics whose entire distribution is parameter-free.,"A is ancillary, meaning its law is the same for every θ; T is complete and sufficient for the same model.","In a normal location family with known variance, the sample mean is independent of centered residual statistics.",Decomposition; Information and uncertainty,Completeness of a statistic; Neyman-Fisher factorization,eb-completeness,2
fisher-information-reparameterization,Fisher information under reparameterization,"I_\eta(\eta)=J(\eta)^\top I_\theta(\theta(\eta))J(\eta),\qquad J=\frac{\partial\theta}{\partial\eta}",Statistics,Decision theory and information,Advanced undergraduate,identity,"Information about a coordinate changes with its units and directions, exactly like a quadratic measurement of small displacements.",Differentiable parameter map θ(η) in a model with square-integrable scores; J has compatible dimensions. Invertibility is needed only for a true coordinate change.,"For η=log σ, information rescales by (dσ/dη)²=σ² in the scalar case.",Change of coordinates; Quadratic structure,Fisher information; Multivariable chain rule,b-statistics,2
mle-asymptotic-normality,Asymptotic normality of a regular MLE,"\sqrt n(\widehat\theta_n-\theta_0)\Rightarrow N(0,I(\theta_0)^{-1})",Statistics,Asymptotic inference,Graduate,theorem,"Near the true parameter, a smooth likelihood is approximately quadratic and its random slope is approximately Gaussian.","Iid data; consistent interior MLE; differentiable score with a CLT, mean zero and positive definite covariance I; normalized Hessian converges locally uniformly to −I.",The exponential rate MLE 1/mean has asymptotic variance λ²/n.,Local linearization; Quadratic structure,Maximum likelihood estimation; Central limit theorem; Fisher information,eb-asymptotic-mle,2
estimating-equation-sandwich,Sandwich covariance for estimating equations,"\sum_i\psi(X_i,\widehat\theta)=0,\quad \sqrt n(\widehat\theta-\theta_0)\Rightarrow N(0,A^{-1}BA^{-\top}),\ A=\mathbb E\partial_\theta\psi,\ B=\mathbb E[\psi\psi^\top]",Statistics,Asymptotic inference,Graduate,theorem,Noise in an estimating equation is filtered through its sensitivity on both sides of the covariance.,"Iid data; E ψ(X,θ0)=0, finite second moments; consistent root; A nonsingular; a locally uniform derivative LLN justifies linearization.",Heteroskedastic regression uses residual score variability between inverse design-sensitivity factors.,Local linearization; Quadratic structure,Central limit theorem; Covariance under a linear map,eb-asymptotic-mle,2
wald-test,Wald test for smooth restrictions,"W_n=n\,g(\widehat\theta)^\top[G\widehat V G^\top]^{-1}g(\widehat\theta)\Rightarrow\chi_r^2",Statistics,Asymptotic inference,Advanced undergraduate,method,Measure the estimated violation of a hypothesis in units of its own uncertainty.,"Under g(θ0)=0, sqrt(n)(θhat−θ0)⇒N(0,V); Vhat consistent; g differentiable with derivative G of row rank r and GVGᵀ positive definite.","For one scalar restriction, this is the square of its asymptotic z statistic.",Geometry and distance; Local linearization,Delta method; Chi-squared distribution,eb-tests,2
score-test,Rao score test,S_n=U_n(\theta_0)^\top I_n(\theta_0)^{-1}U_n(\theta_0)\Rightarrow\chi_d^2,Statistics,Asymptotic inference,Advanced undergraduate,method,Test whether the likelihood still has an unusually strong slope at the proposed parameter.,Simple null θ=θ0 in a d-dimensional iid regular model; score CLT and nonsingular information In=nI. Formula has no nuisance parameters.,A Bernoulli success-rate score test compares the observed proportion with the null proportion.,Local linearization; Quadratic structure,Likelihood score; Fisher information,eb-tests,2
confidence-test-duality,Confidence sets by test inversion,"C_\alpha(x)=\{\theta:\phi_\theta(x)=0\},\qquad \Pr_\theta(\theta\in C_\alpha(X))\ge1-\alpha",Statistics,Asymptotic inference,Advanced undergraduate,theorem,Keep every parameter value that its own level-α test would not reject.,"For each θ, the rejection indicator φθ has Eθ φθ≤α; the inverted set is measurable. Randomized tests require their auxiliary randomization in the sample.",Inverting two-sided normal mean tests yields the usual confidence interval.,Duality; Geometry and distance,Tail-area p-value,eb-asymptotic-mle,4
bonferroni-correction,Bonferroni familywise correction,"\text{Reject }H_i\text{ if }p_i\le\alpha/m,\qquad \Pr(V\ge1)\le\alpha",Statistics,Multiple and nonparametric tests,Undergraduate,method,Divide one overall false-alarm allowance among all the questions being asked.,m≥1 tests; every true-null p-value is super-uniform. Dependence among tests is unrestricted; V counts false rejections.,"With 20 tests and familywise α=0.05, each threshold is 0.0025.",Accumulation; Conservation and balance,Tail-area p-value; Union bound,eb-multiple-tests,3
benjamini-hochberg,Benjamini–Hochberg false-discovery control,"k=\max\{i:p_{(i)}\le i\alpha/m\},\quad \text{reject }p_i\le p_{(k)},\qquad \mathbb E\frac{V}{R\vee1}\le\alpha",Statistics,Multiple and nonparametric tests,Advanced undergraduate,method,Allow more discoveries when many p-values are convincing while controlling the expected fraction of false discoveries.,Independent p-values with super-uniform true-null p-values; m tests. If the defining set is empty reject none. R is total rejections.,"The rule controls an expected fraction, not the chance that every reported finding is true.",Averaging; Counting,Tail-area p-value,eb-multiple-tests,2
permutation-test,Permutation randomization test,p_{\mathrm{perm}}(x)=\frac{1}{|G|}\sum_{g\in G}\mathbf1_{\{T(gx)\ge T(x)\}},Statistics,Multiple and nonparametric tests,Advanced undergraduate,method,Compare the observed statistic with values obtained by relabeling data in ways the null model treats as interchangeable.,"A finite transformation group G leaves the null distribution invariant; the full orbit, including identity, is used. The nonrandomized p-value is conservative with ties.","Under equal iid group distributions, permuting group labels tests a difference in means.",Symmetry and invariance; Counting,Tail-area p-value; Group action,eb-tests,2
fisher-exact-test,Fisher exact test distribution,"\Pr(A=a\mid r_1,c_1,n)=\frac{\binom{c_1}{a}\binom{n-c_1}{r_1-a}}{\binom n{r_1}}",Statistics,Multiple and nonparametric tests,Undergraduate,method,"After fixing row and column totals, count which table allocations remain possible under independence.",A is the upper-left cell of a 2×2 table under the null odds ratio 1; margins fixed or conditioned upon. Only feasible integer a are included.,Summing the displayed probabilities over a chosen tail gives an exact one-sided test.,Counting; Conservation and balance,Hypergeometric distribution; Conditional probability,b-statistics,2
kolmogorov-smirnov-test,Kolmogorov–Smirnov one-sample statistic,"D_n=\sup_x|F_n(x)-F_0(x)|,\qquad \Pr(\sqrt nD_n\le z)\to1-2\sum_{k=1}^\infty(-1)^{k-1}e^{-2k^2z^2}",Statistics,Multiple and nonparametric tests,Advanced undergraduate,method,Find the largest discrepancy between an observed cumulative curve and a proposed distribution.,Iid observations under a fully specified continuous null CDF F0; z>0. Fitting null parameters from the same data changes the reference law.,Testing a fully specified uniform law gives the same null distribution as testing a fully specified normal law.,Geometry and distance; Symmetry and invariance,Empirical distribution function; Probability integral transform,eb-empirical,2
dkw-inequality,Dvoretzky–Kiefer–Wolfowitz inequality,\Pr\!\left(\sup_x|F_n(x)-F(x)|>\varepsilon\right)\le2e^{-2n\varepsilon^2},Statistics,Multiple and nonparametric tests,Advanced undergraduate,theorem,"One exponential bound covers the entire empirical cumulative curve, despite infinitely many possible thresholds.",Xi iid real with any CDF F; n≥1 and ε>0. No continuity assumption on F is needed.,A confidence band half-width is sqrt(log(2/α)/(2n)).,Limits and convergence; Information and uncertainty,Empirical distribution function,eb-empirical,3
glivenko-cantelli,Glivenko–Cantelli theorem,\sup_x|F_n(x)-F(x)|\xrightarrow{\mathrm{a.s.}}0,Statistics,Multiple and nonparametric tests,Advanced undergraduate,theorem,Repeated sampling eventually learns every threshold probability at once.,"Xi iid real with CDF F; Fn is their empirical CDF. This is a uniform almost sure statement, stronger than pointwise laws of large numbers.",An empirical CDF converges uniformly even when the true distribution has atoms.,Limits and convergence; Averaging,Empirical distribution function; First Borel–Cantelli lemma,eb-empirical,2
sample-quantile-asymptotics,Asymptotic distribution of a sample quantile,"\sqrt n(\widehat q_\tau-q_\tau)\Rightarrow N\!\left(0,\frac{\tau(1-\tau)}{f(q_\tau)^2}\right)",Statistics,Multiple and nonparametric tests,Advanced undergraduate,theorem,An empirical percentile is unstable when the cumulative curve is flat near the target.,Xi iid; 0<τ<1; qτ is unique; F differentiable near qτ with continuous density f(qτ)>0. qhat is the empirical generalized quantile.,"For a standard normal sample median, asymptotic variance is π/(2n).",Local linearization; Scaling and homogeneity,Generalized quantile function; Central limit theorem,eb-stat-functionals,2
u-statistic,Unbiased U-statistic,"U_n=\binom nm^{-1}\sum_{1\le i_1<\cdots<i_m\le n}h(X_{i_1},\ldots,X_{i_m}),\qquad \mathbb E U_n=\mathbb E h(X_1,\ldots,X_m)",Statistics,Resampling and model assessment,Advanced undergraduate,method,"Average the same symmetric calculation over every subset of the required size, spreading information evenly across observations.",Xi iid; h symmetric and integrable; integers 1≤m≤n. Terms share data and are generally dependent.,"With m=2 and h(x,y)=(x−y)²/2, the U-statistic is the unbiased sample variance.",Averaging; Symmetry and invariance,Binomial coefficient; Linearity of expectation,eb-u-statistics,3
jackknife-variance,Jackknife variance estimate,\widehat{\operatorname{Var}}_{\mathrm{jack}}(\widehat\theta)=\frac{n-1}{n}\sum_{i=1}^n(\widehat\theta_{(-i)}-\overline\theta_{(-)})^2,Statistics,Resampling and model assessment,Advanced undergraduate,method,Remove each observation in turn and measure how much the estimate reacts to losing one data point.,n>1; θhat(−i) fits the same procedure to n−1 observations. Consistency needs smooth asymptotically linear behavior and can fail for nonsmooth statistics such as raw quantiles.,For the sample mean the jackknife variance equals s²/n.,Local linearization; Quadratic structure,Unbiased sample variance; Bootstrap estimate of standard error,eb-sure,2
kfold-cross-validation,K-fold cross-validation,"\widehat R_{\mathrm{CV}}=\frac1n\sum_{k=1}^K\sum_{i\in I_k}L(y_i,\widehat f^{(-k)}(x_i))",Statistics,Resampling and model assessment,Undergraduate,method,Let each observation take a turn as an unseen exam question for a model trained on the other folds.,"Disjoint folds partition the data; each fit excludes its validation fold, including preprocessing and tuning internal to that fit. Iid prediction requires an appropriate sampling split.",Five-fold validation evaluates models trained on roughly 80% of the data.,Decomposition; Averaging,Statistical risk; Arithmetic mean,eb-sure,3
loocv-linear-smoother,Leave-one-out shortcut for linear smoothers,\operatorname{CV}=\frac1n\sum_{i=1}^n\left(\frac{y_i-\widehat y_i}{1-H_{ii}}\right)^2,Statistics,Resampling and model assessment,Advanced undergraduate,identity,A point that strongly pulls its own fitted value needs a larger correction when pretending it was held out.,Squared loss; ordinary least squares or ridge with fixed penalty and linear hat matrix H; Hii≠1 and each deleted fit exists. Arbitrary data-adaptive smoothers need not obey the shortcut.,High-leverage observations get residual inflation by 1/(1−Hii).,Local linearization; Decomposition,Least squares; Sherman–Morrison rank-one update,eb-sure,2
akaike-information-criterion,Akaike information criterion,\operatorname{AIC}=-2\ell(\widehat\theta)+2k,Statistics,Resampling and model assessment,Advanced undergraduate,method,Reward fit while charging for the optimism gained by estimating parameters on the same data.,Compare likelihoods for the same observations and base measure; k is the number of freely estimated parameters. The 2k optimism justification is asymptotic for regular correctly specified fixed-dimensional models.,Adding one parameter must improve maximized log likelihood by more than one to reduce AIC.,Decomposition; Information and uncertainty,Maximum likelihood estimation; Cross entropy,eb-model-selection,3
bayesian-information-criterion,Bayesian information criterion,\operatorname{BIC}=-2\ell(\widehat\theta)+k\log n,Statistics,Resampling and model assessment,Advanced undergraduate,method,"A flexible model spreads prior support over more parameter volume, creating a sample-size-dependent evidence penalty.",Same observations and likelihood measure across models; regular fixed-dimensional iid models with locally positive smooth priors and interior nonsingular likelihood peaks for the evidence approximation.,"At n=100, one extra parameter costs log(100)≈4.61 BIC units.",Scaling and homogeneity; Information and uncertainty,Maximum likelihood estimation; Gaussian integral,eb-model-selection,2
bayes-factor,Bayes factor,"B_{10}=\frac{\int p(x\mid\theta_1,M_1)\pi_1(d\theta_1)}{\int p(x\mid\theta_0,M_0)\pi_0(d\theta_0)},\qquad \frac{\Pr(M_1\mid x)}{\Pr(M_0\mid x)}=B_{10}\frac{\Pr(M_1)}{\Pr(M_0)}",Statistics,Resampling and model assessment,Advanced undergraduate,definition,Evidence compares each model after averaging over the parameter values it predicted before seeing the data.,Proper within-model priors; finite marginal likelihoods with positive denominator; common data measure. Arbitrarily normalized improper priors do not define a Bayes factor.,A Bayes factor of 4 multiplies prior model odds by 4.,Averaging; Information and uncertainty,Bayes' rule,eb-bayes,2
jeffreys-prior,Jeffreys prior measure,\pi_J(\theta)\propto\sqrt{\det I(\theta)},Statistics,Resampling and model assessment,Graduate,definition,Allocate prior mass by distinguishability of nearby distributions instead of equal numerical parameter increments.,Regular identifiable model with positive definite Fisher information. The measure may be improper; posterior propriety and any model-evidence use must be checked separately.,"For a Bernoulli probability, the prior is Beta(1/2,1/2).",Change of coordinates; Geometry and distance,Fisher information under reparameterization; Determinant,eb-bayes,2
dirichlet-multinomial-update,Dirichlet–multinomial posterior update,"p\sim\operatorname{Dir}(\alpha),\quad N\mid p\sim\operatorname{Mult}(n,p)\quad\Longrightarrow\quad p\mid N\sim\operatorname{Dir}(\alpha+N)",Statistics,Resampling and model assessment,Advanced undergraduate,identity,Observed category counts add to prior pseudo-counts while preserving the same probability-simplex geometry.,"αj>0, fixed finite categories, categorical sampling conditionally iid given p, and counts sum to n.",The next-label predictive probability is (αj+Nj)/(α0+n).,Accumulation; Averaging,Dirichlet distribution; Multinomial distribution,eb-dirichlet,2
gamma-poisson-update,Gamma–Poisson posterior update,"\lambda\sim\operatorname{Gamma}(\alpha,\beta),\quad X_i\mid\lambda\sim\operatorname{Poisson}(t_i\lambda)\quad\Longrightarrow\quad\lambda\mid X\sim\operatorname{Gamma}\!\left(\alpha+\sum_iX_i,\beta+\sum_it_i\right)",Statistics,Resampling and model assessment,Advanced undergraduate,identity,"Counts add to the evidence numerator, while observation exposure adds to the rate denominator.",Gamma uses shape α>0 and rate β>0; exposures ti≥0 known; counts conditionally independent. At ti=0 the count must be zero.,The posterior mean is (α+total count)/(β+total exposure).,Accumulation; Exponentials and logarithms,Gamma distribution; Poisson distribution,b-bayes-learning,2
kaplan-meier,Kaplan–Meier survival estimator,\widehat S(t)=\prod_{t_j\le t}\left(1-\frac{d_j}{n_j}\right),Statistics,Survival analysis,Advanced undergraduate,method,"Multiply the observed survival fractions at successive event times, updating who is still eligible to fail.","Independent subjects with noninformative right censoring; tj distinct event times, dj failures, nj at risk just before tj>0. Follow-up supports estimation only over observed risk sets.","If one of ten and then two of eight at-risk subjects fail, estimated survival is (9/10)(6/8).",Accumulation; Conservation and balance,Survival and hazard relation; Conditional probability,eb-survival,2
nelson-aalen,Nelson–Aalen cumulative hazard estimator,\widehat H(t)=\sum_{t_j\le t}\frac{d_j}{n_j},Statistics,Survival analysis,Advanced undergraduate,method,Add estimated local failure exposure instead of multiplying local survival fractions.,"Independent subjects and noninformative right censoring; tj event times, dj failures and nj>0 at risk immediately before tj.","When every dj/nj is small, exp(−Hhat(t)) is close to Kaplan–Meier survival.",Accumulation; Exponentials and logarithms,Survival and hazard relation,eb-survival,2
cox-partial-likelihood,Cox proportional-hazards partial likelihood,"h(t\mid x)=h_0(t)e^{x^\top\beta},\qquad L_p(\beta)=\prod_{i:\delta_i=1}\frac{e^{x_i^\top\beta}}{\sum_{j\in R(t_i)}e^{x_j^\top\beta}}",Statistics,Survival analysis,Advanced undergraduate,model,"At each failure, compare the subject with everyone still at risk; the common baseline hazard cancels from that competition.","Independent subjects, proportional hazards, conditionally noninformative right censoring, and no tied event times for this formula. R(ti) is the risk set just before ti.","A unit covariate increase multiplies hazard by exp(β), assuming other covariates fixed.",Symmetry and invariance; Optimization,Survival and hazard relation; Maximum likelihood estimation,eb-cox,2
kernel-density-estimator,Kernel density estimator,\widehat f_h(x)=\frac1{nh}\sum_{i=1}^nK\!\left(\frac{x-X_i}{h}\right),Statistics,Smoothing and robust regression,Undergraduate,method,"Replace each observed point mass by a small normalized bump, then average the bumps.","Real observations, h>0, and nonnegative kernel K with integral one. Iid sampling is assumed for standard statistical properties.",A Gaussian kernel creates a mixture of equal-width Gaussian bumps centered at the data.,Averaging; Scaling and homogeneity,Empirical distribution function,eb-kde,2
kde-mise,Kernel density bias–variance bandwidth law,\operatorname{MISE}(\widehat f_h)=\frac{R(K)}{nh}+\frac{h^4\mu_2(K)^2}{4}R(f'')+o((nh)^{-1}+h^4),Statistics,Smoothing and robust regression,Graduate,theorem,Narrow bumps reduce smoothing bias but leave noisy spikes; wide bumps trade detail for stability.,Iid real data; h→0 and nh→∞; symmetric bounded compactly supported probability kernel; f has bounded continuous second derivative with f''∈L². R(g)=∫g² and μ2(K)=∫u²K(u)du.,Balancing leading terms gives bandwidth of order n^−1/5.,Decomposition; Scaling and homogeneity,Kernel density estimator,eb-kde,2
nadaraya-watson,Nadaraya–Watson regression,\widehat m_h(x)=\frac{\sum_iK((x-X_i)/h)Y_i}{\sum_iK((x-X_i)/h)},Statistics,Smoothing and robust regression,Advanced undergraduate,method,Predict locally by letting nearby observations vote more strongly than distant ones.,"h>0, nonnegative kernel K, positive denominator; paired observations. To target E[Y|X=x], use iid sampling with integrable responses and appropriate smoothing conditions.",A box kernel averages responses whose inputs lie in a neighborhood of x.,Averaging; Geometry and distance,Weighted arithmetic mean; Conditional expectation,eb-kde,2
quantile-regression,Quantile regression,\widehat\beta_\tau\in\arg\min_\beta\sum_i\rho_\tau(y_i-x_i^\top\beta),Statistics,Smoothing and robust regression,Advanced undergraduate,method,Fit a conditional percentile surface by charging residuals differently on its two sides.,0<τ<1; finite design and responses; rho is the pinball loss. Minimizers may be nonunique. A linear conditional quantile is a modeling assumption.,At τ=0.5 this is least absolute deviations regression.,Optimization; Geometry and distance,Quantiles minimize pinball loss,eb-kde,2
huber-loss,Huber loss,"\rho_\delta(r)=\begin{cases}\tfrac12r^2,&|r|\le\delta,\\ \delta|r|-\tfrac12\delta^2,&|r|>\delta,\end{cases}\qquad \rho_\delta'(r)=\operatorname{clip}(r,-\delta,\delta)",Statistics,Smoothing and robust regression,Advanced undergraduate,definition,Treat small discrepancies like Gaussian noise but stop letting one extreme residual exert an arbitrarily large force.,δ>0; real residual r. The loss is convex and continuously differentiable but not twice differentiable at ±δ.,A residual ten times the threshold has the same derivative magnitude as a residual twice the threshold.,Local linearization; Convexity,Least squares; Convex subgradient,b-proximal,3
m-estimation,M-estimation objective and equation,"\widehat\theta\in\arg\min_\theta\sum_i\rho(X_i,\theta),\qquad \sum_i\partial_\theta\rho(X_i,\widehat\theta)=0",Statistics,Smoothing and robust regression,Advanced undergraduate,method,"Define an estimator by the total discrepancy it minimizes, then balance the resulting forces when differentiability permits.","The minimizer exists; the displayed first-order equation additionally assumes an interior differentiable optimum. It is necessary, not generally sufficient, without convexity.","Negative log likelihood, squared error and Huber loss give different M-estimators.",Optimization; Accumulation,Maximum likelihood estimation; Gradient,eb-asymptotic-mle,2
elastic-net,Elastic net regression,\widehat\beta\in\arg\min_\beta\left\{\frac1{2n}\|y-X\beta\|^2+\lambda_1\|\beta\|_1+\frac{\lambda_2}{2}\|\beta\|^2\right\},Statistics,Smoothing and robust regression,Advanced undergraduate,method,Combine a preference for sparse coefficients with a preference for sharing weight across correlated directions.,"Finite real design; λ1,λ2≥0. If λ2>0 the coefficient objective is strongly convex and the minimizer is unique. Intercepts, if exempted, are handled separately.",λ2=0 gives lasso; λ1=0 gives ridge with the corresponding normalization.,Decomposition; Convexity,Lasso regression; Ridge regression,eb-highdim-regression,2
regression-hat-matrix,Regression hat matrix and leverage,"\widehat y=Hy,\quad H=X(X^\top X)^{-1}X^\top,\quad H^\top=H,\ H^2=H,\ \sum_iH_{ii}=p",Statistics,Regression structure,Undergraduate,identity,Regression projects the response vector onto the span of available predictor patterns.,"X is n×p with full column rank. Hii is leverage; it depends on the design, not on y.","With only an intercept, every fitted response is the sample mean and each leverage is 1/n.",Orthogonality; Decomposition,Least-squares normal equations; Orthogonal projection,b-statistics,2
frisch-waugh-lovell,Frisch–Waugh–Lovell residualization,"\widehat\beta_2=(X_2^\top M_1X_2)^{-1}X_2^\top M_1y,\qquad M_1=I-X_1(X_1^\top X_1)^{-1}X_1^\top",Statistics,Regression structure,Advanced undergraduate,theorem,"To measure a predictor block's added contribution, first remove everything the other block can already explain.",[X1 X2] has full column rank. Residualize both the response and X2 against X1; residualizing only the response is insufficient.,An adjusted slope is obtained by regressing residualized outcomes on residualized predictor values.,Orthogonality; Decomposition,Least-squares normal equations; Regression hat matrix and leverage,b-statistics,2
generalized-linear-model,Generalized linear model mean–variance structure,"f(y;\theta,\phi)=\exp\!\left(\frac{y\theta-b(\theta)}{a(\phi)}+c(y,\phi)\right),\quad g(\mu)=x^\top\beta,\quad \mu=b'(\theta),\ \operatorname{Var}Y=a(\phi)b''(\theta)",Statistics,Regression structure,Advanced undergraduate,model,"Keep a linear predictor while allowing response means, distributions and variances appropriate to counts, categories or positive outcomes.",One-parameter exponential-dispersion family with regular differentiation of its normalizer; a chosen invertible link g on the mean domain. Observations usually conditionally independent.,Poisson regression uses log μ=xᵀβ and variance μ.,Exponentials and logarithms; Change of coordinates,Exponential family and log partition function,b-statistics,2
linear-discriminant-analysis,Gaussian linear discriminant analysis,"\delta_k(x)=x^\top\Sigma^{-1}\mu_k-\tfrac12\mu_k^\top\Sigma^{-1}\mu_k+\log\pi_k,\qquad \widehat y=\arg\max_k\delta_k(x)",Statistics,Regression structure,Advanced undergraduate,model,"When classes share the same Gaussian shape, common quadratic terms cancel and only linear comparisons remain.","Class-conditional X|Y=k∼N(μk,Σ), shared positive definite Σ, priors πk>0; zero–one classification loss.","For two classes, the decision boundary is a hyperplane normal to Σ^−1(μ1−μ0).",Quadratic structure; Optimization,Multivariate normal density; Bayes classifier and irreducible error,b-statistics,2
partial-correlation,Partial correlation from precision,"\rho_{ij\cdot -ij}=-\frac{\Omega_{ij}}{\sqrt{\Omega_{ii}\Omega_{jj}}},\qquad\Omega=\Sigma^{-1}",Statistics,Regression structure,Advanced undergraduate,identity,Remove the linear effects of all other variables before measuring how two residuals move together.,A random vector has finite second moments and positive definite covariance Σ. The formula gives linear partial correlation; zero implies conditional independence only for jointly Gaussian variables.,A zero off-diagonal precision entry marks a missing conditional-dependence edge in a Gaussian graphical model.,Decomposition; Orthogonality,Pearson correlation; Inverse by the adjugate,b-statistics,2
f-test-linear-model,F test for nested Gaussian linear models,"F=\frac{(\operatorname{RSS}_0-\operatorname{RSS}_1)/q}{\operatorname{RSS}_1/(n-p_1)}\sim F_{q,n-p_1}\quad(H_0)",Statistics,Regression structure,Advanced undergraduate,method,Compare improvement from extra fitted directions with the unexplained variation per remaining direction.,"Fixed nested full-rank design spaces of dimensions p0<p1<n; q=p1−p0; independent N(0,σ²) errors; the smaller mean model is true under H0.",Testing one additional coefficient gives the square of its t test statistic.,Orthogonality; Quadratic structure,F distribution; ANOVA sum-of-squares decomposition,b-statistics,2
regression-prediction-interval,Gaussian regression prediction interval,"x_0^\top\widehat\beta\ \pm\ t_{n-p,\,1-\alpha/2}\,s\sqrt{1+x_0^\top(X^\top X)^{-1}x_0}",Statistics,Regression structure,Advanced undergraduate,method,A new outcome is uncertain both because the fitted mean is uncertain and because the new observation brings fresh noise.,"Full-rank fixed X, n>p; Gaussian iid errors of variance σ²; independent new response at fixed x0 with the same variance; s²=RSS/(n−p).","The leading 1 is omitted for a confidence interval for the conditional mean, not for a new response.",Decomposition; Quadratic structure,Student t pivot; Least-squares normal equations,b-statistics,2
causal-g-formula,Covariate adjustment for average treatment effect,"\mathbb E[Y(1)-Y(0)]=\mathbb E_X\!\left[\mathbb E(Y\mid A=1,X)-\mathbb E(Y\mid A=0,X)\right]",Statistics,Causal identification,Graduate,theorem,"Compare treatment groups at the same observed background, then average those comparable contrasts over the target population.","Binary treatment; consistency Y=Y(A); conditional exchangeability (Y(0),Y(1)) independent of A given X; positivity 0<P(A=1|X)<1 almost surely; integrable outcomes.",Randomization makes exchangeability hold without adjustment when treatment assignment is independent of potential outcomes.,Averaging; Information and uncertainty,Conditional expectation; Tower property,eb-causal,2
inverse-propensity-weighting,Inverse propensity weighting identity,"\mathbb E[Y(1)-Y(0)]=\mathbb E\!\left[\frac{AY}{e(X)}-\frac{(1-A)Y}{1-e(X)}\right],\qquad e(X)=\Pr(A=1\mid X)",Statistics,Causal identification,Graduate,theorem,Give underrepresented treatment-background combinations more weight so each group represents the same target population.,"Consistency, conditional exchangeability and positivity as in covariate adjustment; integrable potential outcomes. Finite variance requires stronger overlap and moment conditions.","With treatment probability 1/4, each treated outcome receives weight 4 in its treatment mean.",Averaging; Change of coordinates,Covariate adjustment for average treatment effect,eb-causal,2
doubly-robust-ate,Doubly robust treatment-effect score,\psi=m_1(X)-m_0(X)+\frac{A(Y-m_1(X))}{e(X)}-\frac{(1-A)(Y-m_0(X))}{1-e(X)},Statistics,Causal identification,Graduate,identity,"Start from an outcome prediction, then correct it using weighted residuals from the outcomes actually observed.","Under causal identification assumptions, Eψ equals the average treatment effect if either e is the true propensity or both ma are true outcome means; weights and terms must be integrable. Estimated nuisances need additional inference conditions.","If both outcome regressions are correct, each weighted residual has conditional mean zero even with a misspecified positive propensity.",Decomposition; Orthogonality,Covariate adjustment for average treatment effect; Inverse propensity weighting identity,eb-causal,2
transition-kernel,Markov transition kernel,"(Kf)(x)=\int f(y)K(x,dy),\qquad(\mu K)(A)=\int K(x,A)\mu(dx)",Stochastic processes,Markov structure and mixing,Advanced undergraduate,definition,One object moves observables backward by conditional averaging and moves probability distributions forward.,"K(x,·) is a probability measure for each x and K(·,A) measurable for each measurable A; f bounded measurable, μ a probability measure.","A finite transition matrix is the case K(i,{j})=Pij.",Duality; Averaging,Markov chain transition law; Conditional expectation,eb-durrett,2
markov-chain-ergodic-theorem,Finite Markov chain time-average theorem,\frac1n\sum_{t=0}^{n-1}f(X_t)\xrightarrow{\mathrm{a.s.}}\sum_x\pi(x)f(x),Stochastic processes,Markov structure and mixing,Advanced undergraduate,theorem,One long dependent trajectory samples each state in its stationary proportion.,Finite irreducible Markov chain with stationary distribution π; any real f and any initial state. Aperiodicity is not needed for this time-average conclusion.,A deterministic two-state alternation spends half its time in each state despite having no pointwise distributional limit.,Averaging; Limits and convergence,Stationary distribution,eb-mixing,3
markov-chain-convergence,Finite Markov chain convergence theorem,"P^t(i,j)\longrightarrow\pi(j)",Stochastic processes,Markov structure and mixing,Advanced undergraduate,theorem,"After enough transitions, the distribution forgets the starting state.",P is a finite irreducible aperiodic transition matrix; π is its unique stationary distribution. Periodicity can prevent this limit.,Adding a positive chance of staying in each state removes periodic oscillations from an irreducible finite chain.,Limits and convergence; Fixed points,Markov chain transition law; Stationary distribution,eb-mixing,2
total-variation-distance,Total variation distance between laws,"d_{\mathrm{TV}}(P,Q)=\sup_A|P(A)-Q(A)|=\frac12\int|p-q|\,d\mu",Stochastic processes,Markov structure and mixing,Advanced undergraduate,definition,Measure the largest probability discrepancy that any yes-or-no event can expose.,"P,Q probability measures on one measurable space; p,q densities with respect to a common dominating μ, such as P+Q.","For Bernoulli(p) and Bernoulli(q), total variation is |p−q|.",Geometry and distance; Information and uncertainty,Probability axioms,eb-distances,3
coupling-inequality,Coupling characterization of total variation,"d_{\mathrm{TV}}(P,Q)\le\Pr(X\ne Y),\qquad d_{\mathrm{TV}}(P,Q)=\inf_{\text{couplings}}\Pr(X\ne Y)",Stochastic processes,Markov structure and mixing,Advanced undergraduate,theorem,Try to realize two laws together so their outcomes agree as often as possible.,X∼P and Y∼Q on a common standard Borel state space; the infimum is over all joint laws with those marginals and is attained by a maximal coupling.,Coupling two Bernoulli variables with one uniform draw makes disagreement probability |p−q|.,Optimization; Geometry and distance,Total variation distance between laws,eb-mixing,2
dobrushin-contraction,Dobrushin contraction coefficient,"\alpha(P)=\frac12\max_{i,j}\sum_k|P_{ik}-P_{jk}|,\qquad d_{\mathrm{TV}}(\mu P,\nu P)\le\alpha(P)d_{\mathrm{TV}}(\mu,\nu)",Stochastic processes,Markov structure and mixing,Graduate,theorem,"If every pair of states produces similar next-step distributions, one transition must erase part of the difference between starting laws.","P is a finite row-stochastic matrix; μ,ν probability row vectors. α(P)≤1; a strict one-step contraction needs α(P)<1.",Identical transition rows give α=0 and erase all initial information in one step.,Limits and convergence; Averaging,Total variation distance between laws; Markov transition kernel,eb-mixing,2
markov-mixing-time,Total variation mixing time,"t_{\mathrm{mix}}(\varepsilon)=\min\{t\ge0:\max_x d_{\mathrm{TV}}(P^t(x,\cdot),\pi)\le\varepsilon\}",Stochastic processes,Markov structure and mixing,Advanced undergraduate,definition,Ask how many steps suffice to make every starting state look stationary to any event-level test.,"Finite irreducible aperiodic chain; 0<ε<1; t is an integer. Mixing concerns the distribution, not independence of consecutive samples.",An independent sampler with every row equal to π mixes in at most one step.,Limits and convergence; Information and uncertainty,Finite Markov chain convergence theorem; Total variation distance between laws,eb-mixing,2
kac-return-time,Kac mean return-time identity,"\mathbb E_i[\tau_i^+]=\frac1{\pi(i)},\qquad\tau_i^+=\inf\{t\ge1:X_t=i\}",Stochastic processes,Markov structure and mixing,Advanced undergraduate,theorem,A state visited during a fraction π(i) of steps has average spacing 1/π(i) between visits.,Finite irreducible Markov chain; start at i; return is strictly after time zero. Periodicity is allowed.,A state with stationary probability 0.1 has mean return time ten steps.,Recursion and iteration; Averaging,Stationary distribution,eb-mixing,3
reversible-dirichlet-form,Dirichlet form of a reversible chain,"\mathcal E(f,f)=\langle f,(I-P)f\rangle_\pi=\frac12\sum_{i,j}\pi_iP_{ij}(f_i-f_j)^2",Stochastic processes,Markov structure and mixing,Graduate,identity,A Markov step dissipates variation most strongly when connected states carry very different observable values.,Finite chain reversible with stationary π; weighted inner product is sum πi fi gi; f real.,Constant observables have zero energy because all edge differences vanish.,Quadratic structure; Symmetry and invariance,Detailed balance; Inner product,eb-mixing,3
spectral-gap-mixing,Spectral bound on reversible mixing,"d_{\mathrm{TV}}(P^t(i,\cdot),\pi)\le\frac12\sqrt{\frac1{\pi_i}-1}\,\lambda_*^t,\qquad\lambda_*=\max_{j\ge2}|\lambda_j(P)|",Stochastic processes,Markov structure and mixing,Graduate,theorem,Every nonconstant eigenmode fades at its own rate; the slowest absolute eigenvalue controls the remaining memory.,Finite irreducible aperiodic reversible chain with at least two states; eigenvalues ordered with λ1=1; t≥0 integer.,"An eigenvalue close to −1 causes slowly damped alternation, which explains the absolute value.",Decomposition; Limits and convergence,Spectral theorem in finite dimensions; Dirichlet form of a reversible chain,eb-mixing,3
metropolis-hastings,Metropolis–Hastings acceptance rule,"a(x,y)=\min\!\left(1,\frac{\pi(y)q(x\mid y)}{\pi(x)q(y\mid x)}\right)",Stochastic processes,Monte Carlo methods,Advanced undergraduate,method,Correct an easy proposal's directional bias so accepted traffic balances under the desired target law.,A proper target π known up to a constant; proposal density or mass q with a common reference measure. At π(x)q(y|x)>0 use the formula; zero-target proposals reject. Invariance alone does not ensure mixing.,Symmetric random-walk proposals reduce the ratio to π(y)/π(x).,Symmetry and invariance; Optimization,Detailed balance,eb-metropolis,3
gibbs-sampling,Gibbs conditional resampling,"X_j^{\mathrm{new}}\sim\pi(dx_j\mid X_{-j}),\qquad X_{-j}^{\mathrm{new}}=X_{-j}",Stochastic processes,Monte Carlo methods,Advanced undergraduate,method,"Replace one coordinate by a fresh draw consistent with the others, preserving the whole joint target distribution.",A proper joint target with available regular conditional laws. Coordinate updates preserve π; convergence additionally needs irreducibility and appropriate recurrence or mixing conditions.,A bivariate Gaussian sampler alternates draws from its two conditional normal laws.,Composition; Randomness and distribution,Conditional probability,eb-metropolis,3
integrated-autocorrelation-time,Integrated autocorrelation and effective sample size,"\tau_{\mathrm{int}}=1+2\sum_{k=1}^\infty\rho_k,\quad n\,\operatorname{Var}(\bar Y_n)\to\sigma_Y^2\tau_{\mathrm{int}},\quad n_{\mathrm{eff}}\approx n/\tau_{\mathrm{int}}",Stochastic processes,Monte Carlo methods,Advanced undergraduate,identity,Repeated similar samples provide less averaging precision than fresh independent samples; negative correlations can instead improve precision.,"Stationary real sequence with 0<σY²<∞ and absolutely summable autocorrelations. Effective-size expression assumes τint>0 and is an asymptotic variance comparison, not a count of independent draws.","For an AR(1)-type correlation ρk=r^k, |r|<1, τint=(1+r)/(1−r).",Accumulation; Averaging,Autocorrelation of a stationary process; Variance of a sum,b-random-signals,2
acceptance-rejection,Acceptance–rejection sampling,"Y\sim q,\ U\sim\operatorname{Unif}(0,1),\quad \text{accept if }U\le\frac{p(Y)}{M q(Y)};\qquad Y\mid\text{accepted}\sim p",Stochastic processes,Monte Carlo methods,Undergraduate,method,Generate points under an easy envelope and retain exactly the fraction needed to carve out the target density.,"p,q normalized densities, p≤Mq almost everywhere with finite M≥1; U independent of Y. Accepted fraction is 1/M.",A uniform envelope can sample a bounded density on a compact interval.,Geometry and distance; Randomness and distribution,Continuous uniform distribution; Conditional probability,eb-mc-variance,2
importance-sampling,Importance sampling identity and estimator,"\mathbb E_p f(X)=\mathbb E_q\!\left[f(X)\frac{p(X)}{q(X)}\right],\qquad\widehat\mu=\frac1n\sum_i f(X_i)\frac{p(X_i)}{q(X_i)}",Stochastic processes,Monte Carlo methods,Advanced undergraduate,method,"Visit useful regions more often, then discount each visit by how much it was oversampled.","p absolutely continuous with respect to q, E_p|f|<∞; Xi iid q. The estimator is unbiased; finite variance additionally requires ∫f²p²/q<∞.",Shift a Gaussian proposal toward a rare tail and compensate with the density ratio.,Change of coordinates; Averaging,Expectation; Radon–Nikodym density,eb-measure-change,3
self-normalized-importance,Self-normalized importance sampling,"\widehat\mu_{\mathrm{SN}}=\frac{\sum_iw_i f(X_i)}{\sum_iw_i},\qquad w_i=\frac{\widetilde p(X_i)}{q(X_i)}",Stochastic processes,Monte Carlo methods,Advanced undergraduate,method,"When the target's total mass is unknown, estimate both the weighted quantity and its normalization from the same draws.","Xi iid q, target p proportional to nonnegative ptilde supported where q>0; 0<Eq w<∞ and Eq(w|f|)<∞. A positive denominator is required; the estimator is consistent but generally biased at finite n.",Posterior expectations can be estimated without evaluating the evidence normalizer.,Averaging; Limits and convergence,Importance sampling identity and estimator,eb-mc-variance,2
control-variate,Optimal linear control variate,"Z=X-c(Y-\mathbb EY),\quad c^*=\frac{\operatorname{Cov}(X,Y)}{\operatorname{Var}Y},\quad \operatorname{Var}Z^*=\operatorname{Var}X(1-\rho_{XY}^2)",Stochastic processes,Monte Carlo methods,Advanced undergraduate,method,Subtract the predictable part of simulation noise using another quantity whose mean is already known.,"X,Y square-integrable with positive variances; E Y known and c fixed independently of the draws used for the displayed unbiasedness. Data-estimated coefficients require separate bias analysis.",A simulation output strongly correlated with a known analytic approximation can be estimated much more precisely.,Orthogonality; Optimization,Covariance; Least squares,eb-mc-variance,3
antithetic-variance,Antithetic sampling variance,"Z=\frac{f(U)+f(1-U)}2,\quad \operatorname{Var}Z=\frac12\operatorname{Var}f(U)+\frac12\operatorname{Cov}(f(U),f(1-U))",Stochastic processes,Monte Carlo methods,Advanced undergraduate,method,Pair a random draw with its reflected counterpart so opposite errors can cancel.,"U uniform(0,1), f(U) square-integrable. Variance improves over two independent draws when the covariance is negative; monotone f is a sufficient condition.","For f(u)=u, the paired estimator is identically 1/2.",Symmetry and invariance; Averaging,Variance of a sum; Continuous uniform distribution,eb-mc-variance,2
stratified-monte-carlo,Stratified Monte Carlo and allocation,"\widehat\mu=\sum_h p_h\bar f_h,\quad\operatorname{Var}\widehat\mu=\sum_h\frac{p_h^2\sigma_h^2}{n_h},\qquad n_h\propto p_h\sigma_h",Stochastic processes,Monte Carlo methods,Advanced undergraduate,method,"Guarantee representation of each region, then spend extra draws where probability mass and within-region variability are largest.","Known finite partition probabilities ph; independent iid samples within each stratum, nh>0; σh² finite. The displayed interior allocation formula assumes phσh>0 for every stratum and minimizes variance for a fixed total under continuous allocation and equal sampling cost.",Proportional allocation removes randomness in how many samples land in each region.,Decomposition; Optimization,Law of total probability; Variance of a sum,eb-mc-variance,2
sequential-importance-resampling,Sequential importance weights for particle filtering,"w_t^{(i)}\propto w_{t-1}^{(i)}\frac{p(y_t\mid x_t^{(i)})p(x_t^{(i)}\mid x_{t-1}^{(i)})}{q(x_t^{(i)}\mid x_{t-1}^{(i)},y_t)},\quad \widehat\pi_t=\sum_i\bar w_t^{(i)}\delta_{x_t^{(i)}}",Stochastic processes,Monte Carlo methods,Graduate,method,"Carry many possible hidden states forward, reward those that explain the next observation, and replicate promising particles when weights become uneven.",State-space model with Markov transitions and conditionally independent observations; proposal covers target support. Formula is before resampling; resampling resets ancestor weights as appropriate. Finite particles give an approximation.,Using the transition itself as proposal leaves the new likelihood as the incremental weight.,Recursion and iteration; Averaging,Importance sampling identity and estimator; Bayes' rule,eb-particle-filter,2
ctmc-generator,Continuous-time Markov generator matrix,"q_{ij}=\lim_{h\downarrow0}\frac{\Pr(X_{t+h}=j\mid X_t=i)-\mathbf1_{\{i=j\}}}{h},\quad q_{ii}=-\sum_{j\ne i}q_{ij}",Stochastic processes,Continuous-time chains and renewal,Advanced undergraduate,definition,Replace per-step transition probabilities with instantaneous traffic rates between states.,"Finite time-homogeneous continuous-time Markov chain; off-diagonal qij≥0 and finite, row sums zero. Holding time in i is exponential with rate −qii when positive.","A two-state chain has Q=[[-a,a],[b,−b]].",Local linearization; Conservation and balance,Markov chain transition law; Exponential waiting time,eb-ctmc,2
ctmc-forward,Kolmogorov equations for a finite chain,"P'(t)=QP(t)=P(t)Q,\qquad P(t)=e^{tQ},\qquad p'(t)=p(t)Q",Stochastic processes,Continuous-time chains and renewal,Advanced undergraduate,theorem,Local transition rates assemble into a linear differential equation for the full probability distribution.,Finite generator Q; P(0)=I and probability row vector p(0). The two matrix equations are backward and forward forms; Q commutes with its own exponential.,A two-state law relaxes exponentially at rate a+b.,Linearity; Composition,Continuous-time Markov generator matrix,eb-ctmc,3
ctmc-uniformization,Uniformization of a finite Markov chain,"e^{tQ}=e^{-\nu t}\sum_{k=0}^{\infty}\frac{(\nu t)^k}{k!}P^k,\qquad P=I+Q/\nu",Stochastic processes,Continuous-time chains and renewal,Advanced undergraduate,identity,"Run a discrete Markov chain at a common Poisson clock, allowing harmless self-transitions when a state needs fewer real jumps.","Finite generator Q and ν>0 with ν≥maxi(−qii), so P is stochastic. The series converges absolutely for every t≥0.",A chain with escape rates at most 5 can be driven by a Poisson clock of rate 5.,Decomposition; Exponentials and logarithms,Continuous-time Markov generator matrix; Poisson process increments,eb-ctmc,3
birth-death-stationary,Stationary law of a birth–death process,"\pi_n=\pi_0\prod_{k=0}^{n-1}\frac{\lambda_k}{\mu_{k+1}},\qquad \pi_0^{-1}=1+\sum_{n\ge1}\prod_{k=0}^{n-1}\frac{\lambda_k}{\mu_{k+1}}",Stochastic processes,Continuous-time chains and renewal,Advanced undergraduate,theorem,"Each neighboring pair balances upward and downward traffic, so probabilities are built by successive rate ratios.","Irreducible nonexplosive process on nonnegative integers; births λn>0, deaths μn>0 for n≥1 and μ0=0; displayed normalizing sum finite.",Constant birth λ and death μ give a geometric stationary law when λ<μ.,Recursion and iteration; Conservation and balance,Continuous-time Markov generator matrix; Detailed balance,eb-ctmc,2
mm1-queue,Stationary M/M/1 queue,"\rho=\lambda/\mu<1,\quad\pi_n=(1-\rho)\rho^n,\quad L=\frac{\rho}{1-\rho},\quad W=\frac1{\mu-\lambda}",Stochastic processes,Continuous-time chains and renewal,Advanced undergraduate,model,One server can balance arrivals only when average service capacity exceeds incoming work; delay rises sharply near that boundary.,"Poisson arrivals rate λ>0, iid exponential service rate μ>λ, independent arrival/service processes, one FIFO server and unlimited waiting room. L counts jobs in the system; W includes service time.","At λ=1 and μ=2, mean population and mean sojourn time are both 1 in their respective units.",Fixed points; Scaling and homogeneity,Stationary law of a birth–death process,eb-ctmc,2
little-law,Little's queueing law,L=\lambda W,Stochastic processes,Continuous-time chains and renewal,Advanced undergraduate,theorem,Average occupancy equals entry rate times average time spent inside.,A stationary stable system with finite admitted-arrival rate λ and finite arrival-average sojourn time W; L is mean number present. Use consistent system boundaries and count the same population in all three quantities.,An arrival rate of 3 jobs/minute and average stay of 4 minutes imply 12 jobs present on average.,Conservation and balance; Averaging,Expectation,eb-renewal,2
renewal-equation,Renewal equation,"m(t)=F(t)+\int_0^t m(t-s)\,dF(s),\qquad m(t)=\mathbb E N(t)",Stochastic processes,Continuous-time chains and renewal,Advanced undergraduate,identity,"After the first renewal, the process restarts and the remaining time contains a fresh copy of the same counting problem.",Iid strictly positive interarrival times with CDF F; N(t) counts completed arrivals after time zero. The integral is Lebesgue–Stieltjes.,Exponential interarrivals solve the equation with m(t)=λt.,Recursion and iteration; Composition,Conditional expectation,eb-renewal,2
renewal-reward-theorem,Renewal reward theorem,\frac{\sum_{i=1}^{N(t)}R_i}{t}\xrightarrow{\mathrm{a.s.}}\frac{\mathbb E R_1}{\mathbb E T_1},Stochastic processes,Continuous-time chains and renewal,Advanced undergraduate,theorem,Long-run reward per unit time is average reward per cycle divided by average cycle duration.,"Iid pairs (Ti,Ri), Ti>0, 0<E Ti<∞, E|Ri|<∞; N(t) counts completed cycles. Reward and duration may be dependent within a cycle.",Expected working time divided by expected work-plus-repair cycle length gives long-run availability.,Averaging; Recursion and iteration,Strong law of large numbers; Renewal equation,eb-renewal,3
inspection-paradox,Equilibrium residual lifetime,"\Pr(R>x)=\frac1{\mathbb ET}\int_x^\infty\Pr(T>u)\,du,\qquad \mathbb ER=\frac{\mathbb E T^2}{2\mathbb ET}",Stochastic processes,Continuous-time chains and renewal,Advanced undergraduate,theorem,An observer arriving at a random time is more likely to land inside a long interval than a short one.,Stationary renewal process with positive interarrival T and 0<E T<∞; R is forward time to the next event. The mean formula is extended-valued if E T²=∞.,"Equal-probability intervals of lengths 1 and 9 give mean forward wait 4.1, exceeding half the ordinary mean interval 2.5.",Averaging; Accumulation,Renewal reward theorem; Tail integral formula,eb-renewal,2
branching-extinction,Galton–Watson extinction probability,"q=f(q),\qquad q=\min\{s\in[0,1]:f(s)=s\},\quad f(s)=\mathbb E[s^K]",Stochastic processes,Continuous-time chains and renewal,Advanced undergraduate,theorem,The population dies out exactly when every child's independent descendant population dies out.,"Start from one ancestor; each individual has iid nonnegative integer offspring K, finite almost surely. q is the eventual extinction probability.","For K=0 or 2 with equal probabilities, q=1; for K identically 1, q=0 despite mean offspring 1.",Fixed points; Generating functions,Probability generating function,eb-durrett,2
branching-mean-martingale,Galton–Watson mean and normalized martingale,"\mathbb E Z_n=m^n,\qquad M_n=\frac{Z_n}{m^n},\quad\mathbb E[M_{n+1}\mid\mathcal F_n]=M_n",Stochastic processes,Continuous-time chains and renewal,Advanced undergraduate,theorem,Divide out expected population growth and the remaining population size becomes a conditionally fair process.,Z0=1; iid offspring K with 0<m=E K<∞; Fn records the first n generations. Convergence need not preserve mean without additional integrability.,"Even with m>1, extinction can occur and the normalized limit can be zero.",Scaling and homogeneity; Recursion and iteration,Martingale property; Linearity of expectation,eb-durrett,2
doob-maximal-inequality,Doob Lp maximal inequality,"\mathbb E\!\left[\max_{0\le k\le n}|M_k|^p\right]\le\left(\frac p{p-1}\right)^p\mathbb E|M_n|^p,\qquad p>1",Stochastic processes,Martingales and stochastic calculus,Graduate,theorem,Control the largest excursion of an entire fair process using only a moment of its final value.,"Mk is a real discrete-time martingale on 0,…,n with E|Mn|^p<∞. The displayed constant requires p>1.","For p=2, the expected squared maximum is at most four times the final second moment.",Boundary and interior; Limits and convergence,Martingale property,eb-ito-advanced,2
doob-decomposition,Discrete Doob decomposition,"X_n=M_n+A_n,\qquad A_n=\sum_{k=1}^n\mathbb E[X_k-X_{k-1}\mid\mathcal F_{k-1}],\quad A_0=0",Stochastic processes,Martingales and stochastic calculus,Graduate,theorem,Separate each observed change into what was predictable just before it and its mean-zero surprise.,"Xn is an integrable adapted discrete-time process. M is a martingale with M0=X0; A is predictable. If X is a submartingale, A is nondecreasing.",A random walk with drift decomposes into its linear drift plus a centered martingale.,Decomposition; Information and uncertainty,Conditional expectation; Martingale property,eb-ito-advanced,2
martingale-convergence,L1-bounded martingale convergence,"\sup_n\mathbb E|M_n|<\infty\quad\Longrightarrow\quad M_n\to M_\infty\ \text{a.s.},\qquad M_\infty\in L^1",Stochastic processes,Martingales and stochastic calculus,Graduate,theorem,A fair process with bounded expected magnitude cannot oscillate forever across fixed intervals.,Real discrete-time martingale. This alone gives almost sure convergence; L1 convergence and preservation of E M0 require uniform integrability.,Nonnegative martingales converge almost surely but may lose expectation in the limit.,Limits and convergence; Conservation and balance,Martingale property,eb-martingale-convergence,2
quadratic-variation-brownian,Brownian quadratic variation,"\sum_{k}(W_{t_{k+1}}-W_{t_k})^2\xrightarrow{L^2}t,\qquad [W]_t=t",Stochastic processes,Martingales and stochastic calculus,Graduate,theorem,"Brownian increments shrink, yet their squared contributions accumulate into a nonzero clock.","Standard Brownian motion on [0,t]; deterministic partitions with mesh tending to zero. Almost sure convergence holds along dyadic partitions; arbitrary mesh convergence here is in L².","The sum's variance is 2 sumk(Δtk)², which tends to zero.",Accumulation; Scaling and homogeneity,Brownian motion covariance and increments; Variance of a sum,eb-quadratic-variation,2
ito-product-rule,Itô product rule,"d(X_tY_t)=X_t\,dY_t+Y_t\,dX_t+d[X,Y]_t",Stochastic processes,Martingales and stochastic calculus,Graduate,identity,Two rough processes share an extra product change from their simultaneous fluctuations.,"X,Y continuous semimartingales; [X,Y] is their quadratic covariation. For Itô diffusions driven by the same scalar Brownian motion, d[X,Y]=σXσY dt.","With X=Y=W, d(W²)=2W dW+dt.",Quadratic structure; Decomposition,Ito's formula,eb-ito-advanced,2
exponential-martingale,Brownian exponential martingale,"Z_t=\exp\!\left(\int_0^tH_s\,dW_s-\frac12\int_0^tH_s^2\,ds\right),\qquad \mathbb E Z_t=1",Stochastic processes,Martingales and stochastic calculus,Graduate,theorem,Subtract half the accumulated noise energy to keep an exponentiated stochastic integral fair.,"On a fixed finite horizon T, H progressively measurable and satisfies Novikov's condition E exp(1/2∫0^T Hs²ds)<∞. Then Z is a true martingale for t≤T.","For constant H=θ, exp(θWt−θ²t/2) has mean one.",Exponentials and logarithms; Conservation and balance,Ito's formula; Ito isometry,eb-ito-advanced,2
girsanov-theorem,Girsanov Brownian drift change,"\frac{dQ}{dP}\bigg|_{\mathcal F_T}=\exp\!\left(-\int_0^T\theta_s\,dW_s-\frac12\int_0^T\theta_s^2ds\right),\qquad W_t^Q=W_t+\int_0^t\theta_sds",Stochastic processes,Martingales and stochastic calculus,Graduate,theorem,Reweight whole paths so what looked like systematic drift under one probability law becomes fair Brownian motion under another.,"W Brownian under P; finite T; θ progressively measurable with E_P exp(1/2∫0^T θs²ds)<∞. Then WQ is Brownian under Q on [0,T].",A constant tilt θ changes Brownian path drift by −θ under the new measure.,Change of coordinates; Exponentials and logarithms,Brownian exponential martingale; Radon–Nikodym density,eb-girsanov,2
stratonovich-conversion,Itô–Stratonovich drift conversion,dX_t=a(X_t)dt+b(X_t)\circ dW_t\quad\Longleftrightarrow\quad dX_t=\left(a(X_t)+\tfrac12b(X_t)b'(X_t)\right)dt+b(X_t)dW_t,Stochastic processes,Martingales and stochastic calculus,Graduate,identity,Changing how noise increments are sampled changes the deterministic drift needed to describe the same process.,"Scalar continuous diffusion with sufficiently regular coefficients, b continuously differentiable, and stochastic integrals well defined; displayed coefficients have no explicit time dependence.",dX=X∘dW corresponds to dX=(X/2)dt+X dW and solution X0 exp(Wt).,Change of coordinates; Local linearization,Ito's formula,eb-ito-advanced,2
sde-strong-existence,Strong existence and uniqueness for Lipschitz SDEs,"X_t=X_0+\int_0^tb(s,X_s)\,ds+\int_0^t\sigma(s,X_s)\,dW_s",Stochastic processes,Martingales and stochastic calculus,Graduate,theorem,A drift and noise rule that do not amplify nearby states too quickly determine a unique path from the given initial state and noise.,"b,σ measurable in time, globally Lipschitz in state uniformly on each finite horizon and of linear growth; X0 is square-integrable and F0-measurable. There is a unique continuous adapted strong solution.",The Ornstein–Uhlenbeck coefficients b(x)=−θx and constant σ satisfy the assumptions.,Fixed points; Limits and convergence,Ito isometry; Picard iteration for an initial value problem,eb-sde,2
infinitesimal-generator,Diffusion infinitesimal generator,"\mathcal Lf=b\cdot\nabla f+\frac12\operatorname{tr}(\sigma\sigma^\top\nabla^2f),\qquad \mathcal Lf(x)=\lim_{h\downarrow0}\frac{\mathbb E_x f(X_h)-f(x)}h",Stochastic processes,Martingales and stochastic calculus,Graduate,identity,A diffusion acts on observables through local drift plus the curvature-sensitive spreading caused by noise.,"Time-homogeneous nonexplosive Itô diffusion dX=b(X)dt+σ(X)dW; f is C² and in the generator domain, for example compactly supported with appropriate continuous coefficients.",Standard d-dimensional Brownian motion has generator one-half the Laplacian.,Local linearization; Quadratic structure,Ito's formula,eb-ito-advanced,2
kolmogorov-backward-diffusion,Kolmogorov backward equation for a diffusion,"u(t,x)=\mathbb E_x[f(X_t)],\qquad \partial_tu=\mathcal Lu,\quad u(0,x)=f(x)",Stochastic processes,Martingales and stochastic calculus,Graduate,theorem,Predict a future observable by evolving a function of the present starting state.,Time-homogeneous nonexplosive diffusion; f in the generator domain and u sufficiently C1 in time and C2 in space for the classical equation. Without this smoothness use the semigroup formulation.,"For Brownian motion, expected future observables solve the heat equation with diffusivity 1/2.",Duality; Composition,Diffusion infinitesimal generator; Markov transition kernel,eb-sde,2
feynman-kac,Feynman–Kac representation,"u(t,x)=\mathbb E_x\!\left[e^{-\int_0^tV(X_s)\,ds}g(X_t)\right],\qquad \partial_tu=\mathcal Lu-Vu,\quad u(0,x)=g(x)",Stochastic processes,Martingales and stochastic calculus,Graduate,theorem,A linear evolution with local killing can be computed by averaging terminal values over random paths with survival weights.,"Nonexplosive diffusion with generator L; bounded continuous V,g. Any bounded C1,2 solution whose Itô integral is a true martingale has this representation; the expectation is not automatically a classical solution without regularity.","With V=0 and Brownian X, this is Gaussian averaging for the heat equation.",Averaging; Accumulation,Kolmogorov backward equation for a diffusion,eb-sde,3
brownian-reflection,Brownian reflection principle,"\Pr\!\left(\max_{0\le s\le t}W_s\ge a\right)=2\Pr(W_t\ge a),\qquad a>0",Stochastic processes,Martingales and stochastic calculus,Advanced undergraduate,theorem,Reflect the part of a path after its first boundary hit to pair paths ending below the boundary with paths ending above it.,"Standard Brownian motion starting at zero, t>0 and a>0. This exact formula is for zero drift.",The running maximum at time t has the same distribution as |Wt|.,Symmetry and invariance; Boundary and interior,Brownian motion covariance and increments,eb-reflection,2
brownian-first-passage,Brownian first-passage density,"\tau_a=\inf\{t\ge0:W_t=a\},\qquad f_{\tau_a}(t)=\frac{a}{\sqrt{2\pi t^3}}e^{-a^2/(2t)},\quad t>0",Stochastic processes,Martingales and stochastic calculus,Advanced undergraduate,theorem,"Reaching a fixed level is almost certain, but occasional extremely long waits make the average waiting time infinite.",Standard Brownian motion starting at zero and a>0. τa is finite almost surely yet E τa=∞.,Doubling the target level multiplies the hitting-time scale by four.,Boundary and interior; Scaling and homogeneity,Brownian reflection principle,eb-reflection,2
brownian-bridge,Brownian bridge,"B_t=W_t-\frac tT W_T,\qquad \operatorname{Cov}(B_s,B_t)=\min(s,t)-\frac{st}{T}",Stochastic processes,Martingales and stochastic calculus,Advanced undergraduate,model,A Brownian path is pinned to a prescribed endpoint by removing the part linearly explained by that endpoint.,"Standard Brownian W, fixed T>0, 0≤s,t≤T. B is centered Gaussian with B0=BT=0; it is not adapted to W's original past filtration in this construction.",Its variance t(1−t/T) is largest halfway through the interval.,Orthogonality; Boundary and interior,Brownian motion covariance and increments; Conditional multivariate Gaussian,eb-durrett,2
tanaka-formula,Tanaka's local-time formula,"|W_t-a|=|W_0-a|+\int_0^t\operatorname{sgn}(W_s-a)\,dW_s+L_t^a",Stochastic processes,Martingales and stochastic calculus,Graduate,theorem,A corner in the absolute-value function accumulates a correction whenever Brownian motion revisits that corner.,One-dimensional Brownian W; a real. Local time is normalized by ∫0^t g(Ws)ds=∫g(a)Lt^a da; sign(0) may be set to zero.,"At a=0, absolute Brownian motion is a martingale term plus its increasing local time at zero.",Boundary and interior; Limits and convergence,Ito's formula,eb-ito-advanced,2
levy-brownian-characterization,Lévy characterization of Brownian motion,"M_0=0,\quad M\text{ continuous local martingale},\quad[M]_t=t\quad\Longrightarrow\quad M\text{ is standard Brownian motion}",Stochastic processes,Martingales and stochastic calculus,Graduate,theorem,"Continuity, conditional fairness and the correct accumulated noise clock already determine Brownian behavior.",Real process adapted to a filtration satisfying the usual conditions; M is a continuous local martingale with quadratic variation exactly t almost surely.,The stochastic integral of a predictable ±1 process against Brownian motion is Brownian relative to the same filtration.,Symmetry and invariance; Information and uncertainty,Martingale property; Brownian quadratic variation,eb-levy-characterization,2
compensated-poisson-integral,Compensated Poisson martingale integral,"M_t=N_t-\lambda t,\qquad \mathbb E\!\left[\left(\int_0^tH_s\,dM_s\right)^2\right]=\lambda\mathbb E\int_0^tH_s^2\,ds",Stochastic processes,Martingales and stochastic calculus,Graduate,theorem,Subtract predictable arrivals from the counting process; the remaining jump surprises integrate like orthogonal noise.,Poisson process of rate λ>0 in a filtration where its future increments remain independent; H predictable with E∫0^t Hs²ds<∞.,"For H=1, Var(Nt−λt)=λt.",Decomposition; Orthogonality,Poisson process increments; Martingale property,eb-poisson-integral,2
poisson-campbell,Campbell moments for a Poisson point process,"\mathbb E\sum_{x\in\Pi}f(x)=\int f\,d\Lambda,\qquad\operatorname{Var}\!\left(\sum_{x\in\Pi}f(x)\right)=\int f^2\,d\Lambda",Stochastic processes,Martingales and stochastic calculus,Graduate,theorem,"Random point contributions average according to spatial intensity, and independent Poisson placement gives a particularly simple variance.",Poisson point process or random measure with intensity Λ; real measurable f with ∫|f|dΛ and ∫f²dΛ finite. Multiplicities are counted.,"For an indicator of a finite-intensity region, both mean and variance equal that region's intensity.",Accumulation; Randomness and distribution,Poisson process increments; Linearity of expectation,eb-poisson-points,2
convex-set,Convex set,"x,y\in C,\quad0\le t\le1\quad\Longrightarrow\quad tx+(1-t)y\in C",Optimization,Convex geometry,Undergraduate,definition,Every straight journey between two allowed points stays allowed.,"Subset C of a real vector space; the empty set is conventionally convex. The condition concerns all pairs and all t in [0,1].",A Euclidean ball and an affine half-space are convex; a circle's boundary is not.,Convexity; Geometry and distance,Convex barycentric combination,b-convex,2
epigraph,Epigraph characterization of convexity,"\operatorname{epi}f=\{(x,t):f(x)\le t\},\qquad f\text{ convex}\iff\operatorname{epi}f\text{ convex}",Optimization,Convex geometry,Advanced undergraduate,theorem,A function is convex exactly when all the space above its graph forms a convex solid.,"Extended-real function f:R^d→(−∞,+∞]; its effective domain is included through the inequality f(x)≤t.","Minimizing a convex function can be written as minimizing t subject to (x,t) lying in its epigraph.",Convexity; Geometry and distance,Convex set; Convex function inequality,b-convex,2
perspective-transform,Perspective of a convex function,"g(x,t)=t\,f(x/t),\quad t>0;\qquad f\text{ convex}\Longrightarrow g\text{ convex}",Optimization,Convex geometry,Advanced undergraduate,theorem,Separate the amount of a resource from its per-unit value while preserving convex tradeoffs.,Convex f on a convex domain; g is defined where t>0 and x/t lies in that domain. Boundary t=0 requires a separately specified closed extension.,"The perspective of ||x||² is ||x||²/t, a convex quadratic-over-linear function for t>0.",Scaling and homogeneity; Convexity,Convex function inequality,b-convex,2
support-function,Support function of a set,"\sigma_C(y)=\sup_{x\in C}\langle y,x\rangle",Optimization,Convex geometry,Advanced undergraduate,definition,Ask how far the set reaches when viewed in each linear direction.,Nonempty C⊆R^d; the value may be +∞ for unbounded sets. The support function is convex and positively homogeneous even when C is not convex.,"For the Euclidean ball of radius r centered at zero, σC(y)=r||y||₂.",Duality; Geometry and distance,Inner product; Legendre-Fenchel conjugate,b-convex,2
convex-indicator-function,Extended-real indicator of a constraint,"\delta_C(x)=\begin{cases}0&x\in C,\\+\infty&x\notin C,\end{cases}\qquad \min_{x\in C}f(x)=\min_x\{f(x)+\delta_C(x)\}",Optimization,Convex geometry,Advanced undergraduate,definition,Encode a hard constraint as an infinite penalty so that one optimization language handles both.,C⊆R^d and the objective is interpreted in extended-real arithmetic. This 0/+∞ indicator differs from a probability event's 0/1 indicator.,"The proximal map of δC is Euclidean projection when C is nonempty, closed and convex.",Optimization; Boundary and interior,Convex set; Proximal operator,b-convex,2
separating-hyperplane,Strong separation of disjoint convex sets,"\exists a\ne0,\alpha<\beta:\quad \langle a,x\rangle\le\alpha<\beta\le\langle a,y\rangle\quad(x\in C,\ y\in D)",Optimization,Convex geometry,Advanced undergraduate,theorem,Two suitably closed convex regions that do not touch can be distinguished by a linear measurement with a positive gap.,"Nonempty disjoint convex subsets C,D⊆R^d; C compact and D closed suffice. Mere disjointness of arbitrary convex sets need not give a positive gap.",A point outside a closed convex set can be separated using the direction from its closest point in the set.,Duality; Convexity,Convex set; Orthogonal projection,b-convex,2
farkas-lemma,Farkas alternative for linear feasibility,"\text{Exactly one: }\quad \exists x\ge0:Ax=b\quad\text{or}\quad\exists y:A^\top y\ge0,\ b^\top y<0",Optimization,Convex geometry,Advanced undergraduate,theorem,"Either nonnegative ingredients build the target, or one linear test proves that no such recipe can work.","Real matrix A∈R^{m×n}, b∈R^m; vector inequalities are componentwise. This alternative needs no strict feasibility assumption.","If every column of A has nonnegative first coordinate but b has negative first coordinate, y=e₁ is an infeasibility certificate.",Duality; Linearity,Linear map; Strong separation of disjoint convex sets,b-convex,3
fenchel-moreau,Fenchel–Moreau biconjugation,"f^{**}(x)=\sup_y\{\langle x,y\rangle-f^*(y)\}=f(x)",Optimization,Convex duality and proximal geometry,Graduate,theorem,A closed convex function can be reconstructed from every affine lower support it admits.,"Proper lower-semicontinuous convex f:R^d→(−∞,+∞]. For more general functions, the biconjugate may instead describe a closed convex relaxation.",The absolute-value function is recovered by maximizing xy over slopes |y|≤1.,Duality; Convexity,Legendre-Fenchel conjugate; Fenchel-Young inequality,b-proximal,3
infimal-convolution,Infimal convolution,(f\square g)(x)=\inf_y\{f(y)+g(x-y)\},Optimization,Convex duality and proximal geometry,Graduate,definition,Split a target into two components and choose the cheapest division of labor.,"Extended-real functions on R^d for which the displayed sum is defined; convex f,g give a convex result. Finiteness, closedness and attainment require additional conditions.","With f=δC and g=δD, the result is the extended-real indicator of the Minkowski sum C+D.",Decomposition; Optimization,Convex function inequality,b-proximal,2
conjugate-infimal-convolution,Conjugate of an infimal convolution,(f\square g)^*(u)=f^*(u)+g^*(u),Optimization,Convex duality and proximal geometry,Graduate,identity,A common price makes the two components of a split optimization separate.,"Proper functions f,g on R^d with their infimal convolution proper; extended-real conjugates are allowed. No claim of primal attainment is needed.",Combining quadratic costs by optimal splitting turns into adding reciprocal-curvature quadratic conjugates.,Duality; Decomposition,Infimal convolution; Legendre-Fenchel conjugate,b-proximal,2
moreau-envelope,Moreau envelope and its gradient,"e_\lambda f(x)=\min_y\left\{f(y)+\frac{\|x-y\|^2}{2\lambda}\right\},\quad \nabla e_\lambda f(x)=\frac{x-\operatorname{prox}_{\lambda f}(x)}{\lambda}",Optimization,Convex duality and proximal geometry,Graduate,theorem,"Allow a point to move a little while charging for distance, producing a smooth version of a possibly sharp objective.","Proper lower-semicontinuous convex f on R^d and λ>0. The minimizer is unique, the envelope finite and continuously differentiable, and its gradient is 1/λ-Lipschitz.",The envelope of absolute value is a scaled Huber loss.,Optimization; Quadratic structure,Proximal operator,b-proximal,2
moreau-decomposition,Moreau primal-dual decomposition,x=\operatorname{prox}_{\lambda f}(x)+\lambda\operatorname{prox}_{f^*/\lambda}(x/\lambda),Optimization,Convex duality and proximal geometry,Graduate,identity,A proximal point and a scaled dual proximal residual divide the same vector into complementary roles.,Proper lower-semicontinuous convex f on R^d and λ>0; prox_h minimizes h plus half squared distance.,"For f=||·||₁, soft thresholding plus clipping to the dual ℓ∞ ball reconstructs x.",Duality; Decomposition,Proximal operator; Legendre-Fenchel conjugate,b-proximal,2
proximal-firm-nonexpansive,Firm nonexpansiveness of a proximal map,"\|P(x)-P(y)\|^2\le\langle P(x)-P(y),x-y\rangle,\qquad P=\operatorname{prox}_{\lambda f}",Optimization,Convex duality and proximal geometry,Graduate,theorem,"A convex proximal step cannot amplify differences, and its displacement obeys a stronger angle constraint.",Proper lower-semicontinuous convex f on R^d; λ>0. In particular ||P(x)−P(y)||≤||x−y||.,Projection onto a closed convex set is firmly nonexpansive by taking f to be its extended-real indicator.,Geometry and distance; Fixed points,Proximal operator; Convex subgradient,b-proximal,2
monotone-operator,Monotone set-valued operator,"\langle u-v,x-y\rangle\ge0\quad\text{for all }u\in A(x),\ v\in A(y)",Optimization,Convex duality and proximal geometry,Graduate,definition,The output never changes in a direction that opposes the change in input.,A:R^d⇉R^d may be set-valued. Maximal monotonicity additionally means its graph cannot be enlarged while preserving this inequality.,The subdifferential of a proper closed convex function is maximal monotone.,Geometry and distance; Convexity,Convex subgradient; Inner product,eb-monotone,2
monotone-resolvent,Resolvent of a maximal monotone operator,"J_{\lambda A}=(I+\lambda A)^{-1},\qquad A=\partial f\Longrightarrow J_{\lambda A}=\operatorname{prox}_{\lambda f}",Optimization,Convex duality and proximal geometry,Graduate,theorem,Solve one implicit balance equation to convert a possibly multivalued relation into a stable single-valued update.,Maximal monotone A on finite-dimensional Euclidean space and λ>0. Its resolvent is everywhere defined and firmly nonexpansive.,"For A(x)=Mx with symmetric M≥0, the resolvent is (I+λM)⁻¹x.",Fixed points; Duality,Monotone set-valued operator; Proximal operator,eb-monotone,2
cocoercivity,Baillon–Haddad gradient inequality,"\langle\nabla f(x)-\nabla f(y),x-y\rangle\ge\frac1L\|\nabla f(x)-\nabla f(y)\|^2",Optimization,Convex duality and proximal geometry,Graduate,theorem,"For a smooth convex landscape, the gradient's change must align with the displacement strongly enough to control its size.",Convex differentiable f:R^d→R with L-Lipschitz gradient and L>0. Lipschitz continuity without convexity is insufficient.,"For f(x)=L||x||²/2, equality holds.",Convexity; Geometry and distance,Descent lemma; First-order characterization of convexity,eb-monotone,2
polyak-lojasiewicz,Polyak–Łojasiewicz gradient domination,"\frac12\|\nabla f(x)\|^2\ge\mu(f(x)-f_*),\qquad f(x_k)-f_*\le(1-\mu/L)^k(f(x_0)-f_*)",Optimization,First-order and splitting algorithms,Graduate,theorem,"A large objective error must leave a detectable slope, so a small gradient certifies near-optimal value.","Differentiable f bounded below by attained minimum f*, globally L-Lipschitz gradient and the displayed PL inequality with 0<μ≤L. Rate for xk+1=xk−∇f(xk)/L; convexity is not required.",Rank-deficient least squares can satisfy PL despite lacking strong convexity in every parameter direction.,Optimization; Limits and convergence,Descent lemma; Gradient descent,eb-pl,2
projected-gradient-mapping,Projected gradient mapping,"G_\alpha(x)=\frac{x-\Pi_C(x-\alpha\nabla f(x))}{\alpha},\qquad G_\alpha(x)=0\iff\langle\nabla f(x),y-x\rangle\ge0\ \forall y\in C",Optimization,First-order and splitting algorithms,Advanced undergraduate,theorem,Measure the part of the gradient step that survives the feasibility constraint.,"Nonempty closed convex C⊆R^d, x∈C, differentiable f and α>0. The zero condition is first-order stationarity; it implies global optimality if f is convex.","At the minimizer of f(x)=x on [0,∞), the ordinary gradient is 1 but the projected gradient mapping is zero.",Optimization; Boundary and interior,Projected gradient method,eb-bubeck,2
gradient-stationarity-rate,Nonconvex gradient-descent stationarity bound,"\min_{0\le k<K}\|\nabla f(x_k)\|^2\le\frac{2L(f(x_0)-\inf f)}{K},\qquad x_{k+1}=x_k-\frac1L\nabla f(x_k)",Optimization,First-order and splitting algorithms,Advanced undergraduate,theorem,"Repeated decreases cannot consume more objective value than is available, so some iterate must have a small slope.","Differentiable f:R^d→R with L-Lipschitz gradient, L>0 and finite infimum. This bounds a gradient norm, not distance to a global minimum.","To find an iterate with gradient norm at most ε, the bound requires K≥2L(f(x0)−inf f)/ε².",Accumulation; Limits and convergence,Descent lemma; Gradient descent,eb-bubeck,2
accelerated-gradient,Nesterov accelerated gradient scheme,"\begin{aligned}x_{k+1}&=y_k-L^{-1}\nabla f(y_k),\\t_{k+1}&=\frac{1+\sqrt{1+4t_k^2}}2,\\y_{k+1}&=x_{k+1}+\frac{t_k-1}{t_{k+1}}(x_{k+1}-x_k)\end{aligned}",Optimization,First-order and splitting algorithms,Graduate,method,Use carefully scheduled extrapolation to make past progress help the next gradient evaluation.,"Convex differentiable f with L-Lipschitz gradient, L>0 and a minimizer x*. Initialize y0=x0,t0=1. This scheme gives f(xk)−f*≤2L||x0−x*||²/(k+1)² for k≥1.",The worst-case convex objective rate improves from order 1/k for ordinary gradient descent to order 1/k².,Recursion and iteration; Limits and convergence,Gradient descent; Descent lemma,eb-bubeck,2
fista,FISTA for composite convex objectives,"\begin{aligned}x_{k+1}&=\operatorname{prox}_{g/L}\!\left(y_k-L^{-1}\nabla f(y_k)\right),\\t_{k+1}&=(1+\sqrt{1+4t_k^2})/2,\\y_{k+1}&=x_{k+1}+\frac{t_k-1}{t_{k+1}}(x_{k+1}-x_k)\end{aligned}",Optimization,First-order and splitting algorithms,Graduate,method,"Combine a smooth gradient, a nonsmooth proximal correction, and an acceleration schedule.","F=f+g; f convex differentiable with L-Lipschitz gradient, g proper closed convex, L>0, and a minimizer exists. Start x0∈dom g,y0=x0,t0=1; objective gap is O(1/k²), but individual values need not decrease.","For least squares plus an ℓ₁ penalty, each accelerated step ends with soft thresholding.",Decomposition; Recursion and iteration,Proximal gradient method; Nesterov accelerated gradient scheme,b-proximal,2
frank-wolfe,Frank–Wolfe conditional gradient,"s_k\in\arg\min_{s\in C}\langle\nabla f(x_k),s\rangle,\qquad x_{k+1}=(1-\gamma_k)x_k+\gamma_k s_k",Optimization,First-order and splitting algorithms,Advanced undergraduate,method,"Find the best feasible point for a linearized objective, then blend toward it.","Nonempty compact convex C, differentiable f on a neighborhood of C, x0∈C and 0≤γk≤1. The formula defines a feasible method; convergence rates additionally need smoothness and suitable step choices.","On a simplex, the linear oracle selects a coordinate vertex, so iterates are sparse mixtures of selected vertices.",Local linearization; Averaging,First-order characterization of convexity; Convex barycentric combination,eb-bubeck,2
frank-wolfe-gap,Frank–Wolfe optimality gap,"g_{\rm FW}(x)=\max_{s\in C}\langle\nabla f(x),x-s\rangle,\qquad0\le f(x)-f_*\le g_{\rm FW}(x)",Optimization,First-order and splitting algorithms,Advanced undergraduate,theorem,The largest feasible linearized improvement is a computable upper bound on how much objective value remains to gain.,Convex differentiable f on a neighborhood of nonempty compact convex C; x∈C and f*=min_C f.,The same linear oracle that produces a Frank–Wolfe direction also produces its stopping certificate.,Duality; Optimization,Frank–Wolfe conditional gradient; First-order characterization of convexity,eb-bubeck,2
dual-ascent,Projected dual ascent,"x_k\in\arg\min_x L(x,\lambda_k),\qquad \lambda_{k+1}=[\lambda_k+\alpha_k g(x_k)]_+",Optimization,First-order and splitting algorithms,Advanced undergraduate,method,Raise the price of violated inequalities and lower prices when constraints are comfortably satisfied.,"L(x,λ)=f(x)+λᵀg(x), constraints g≤0, λk≥0, αk>0 and an attained finite Lagrangian minimum at each step. Convergence needs additional step-size and regularity assumptions.","If a resource constraint exceeds its budget, its multiplier increases at the next update.",Duality; Recursion and iteration,Lagrangian dual function; Projected gradient method,b-convex,2
augmented-lagrangian,Augmented Lagrangian for equality constraints,"L_\rho(x,\lambda)=f(x)+\lambda^\top(Ax-b)+\frac{\rho}{2}\|Ax-b\|^2,\qquad\lambda_{k+1}=\lambda_k+\rho(Ax_{k+1}-b)",Optimization,First-order and splitting algorithms,Advanced undergraduate,method,"Combine constraint prices with a quadratic charge for disagreement, then revise prices using the remaining residual.","Equality-constrained problem Ax=b, ρ>0. In the method of multipliers, xk+1 minimizes Lρ(·,λk); convergence is not guaranteed for arbitrary nonconvex problems.",The extra quadratic term penalizes infeasibility while vanishing at every feasible point.,Duality; Quadratic structure,Lagrangian dual function; Quadratic form,eb-admm,2
admm,Alternating direction method of multipliers,"\begin{aligned}x^{k+1}&\in\arg\min_x f(x)+\tfrac\rho2\|Ax+Bz^k-c+u^k\|^2,\\z^{k+1}&\in\arg\min_z g(z)+\tfrac\rho2\|Ax^{k+1}+Bz-c+u^k\|^2,\\u^{k+1}&=u^k+Ax^{k+1}+Bz^{k+1}-c\end{aligned}",Optimization,First-order and splitting algorithms,Graduate,method,Let two objective blocks solve separate subproblems and use a shared residual to coordinate their agreement.,"Problem min f(x)+g(z) subject to Ax+Bz=c; fixed ρ>0. Standard two-block convergence assumes proper closed convex objectives, a saddle point and attained subproblem minima; more than two naive blocks need not inherit it.",Splitting lasso with x=z separates a quadratic solve from soft thresholding.,Decomposition; Duality,Augmented Lagrangian for equality constraints; Proximal operator,eb-admm,2
douglas-rachford,Douglas–Rachford splitting,"p_k=\operatorname{prox}_{\gamma f}(z_k),\quad z_{k+1}=z_k+\operatorname{prox}_{\gamma g}(2p_k-z_k)-p_k",Optimization,First-order and splitting algorithms,Graduate,method,"Reflect through one proximal solution, correct using the other, then average the effect.","Proper closed convex f,g on R^d, γ>0, and a solution of 0∈∂f(x)+∂g(x). The shadow pk converges to a minimizer; z itself is an auxiliary variable.","For two closed convex sets with nonempty intersection, the two proximal maps are projections.",Fixed points; Decomposition,Proximal operator; Resolvent of a maximal monotone operator,eb-monotone,2
chambolle-pock,Chambolle–Pock primal-dual splitting,"\begin{aligned}y^{k+1}&=\operatorname{prox}_{\sigma g^*}(y^k+\sigma K\bar x^k),\\x^{k+1}&=\operatorname{prox}_{\tau f}(x^k-\tau K^\top y^{k+1}),\\\bar x^{k+1}&=2x^{k+1}-x^k\end{aligned}",Optimization,First-order and splitting algorithms,Graduate,method,Alternate primal and dual proximal corrections while a linear operator passes disagreement between their spaces.,"Minimize f(x)+g(Kx) with proper closed convex f,g on finite-dimensional Euclidean spaces and an existing saddle point. Set x̄0=x0 and τ,σ>0 with τσ||K||²<1.",Image denoising can place pixel fidelity in f and a gradient penalty in g(Kx).,Duality; Decomposition,Proximal operator; Legendre-Fenchel conjugate,eb-primal-dual,2
bfgs-update,BFGS Hessian approximation update,"B_{k+1}=B_k-\frac{B_ks_ks_k^\top B_k}{s_k^\top B_ks_k}+\frac{y_ky_k^\top}{y_k^\top s_k},\quad s_k=x_{k+1}-x_k,\ y_k=\nabla f(x_{k+1})-\nabla f(x_k)",Optimization,Curvature and adaptive algorithms,Advanced undergraduate,method,Use the observed change in gradient to repair a curvature model along the latest step.,"B_k symmetric positive definite, s_k≠0 and y_kᵀs_k>0. The update remains positive definite and satisfies B_{k+1}s_k=y_k; convergence claims require further hypotheses.","For a one-dimensional quadratic, one nonzero secant step recovers its exact second derivative.",Local linearization; Quadratic structure,Newton step for optimization; Hessian matrix,eb-bfgs,3
trust-region-subproblem,Exact trust-region subproblem conditions,"\min_{\|p\|\le\Delta}g^\top p+\tfrac12p^\top Bp;\quad (B+\lambda I)p=-g,\ B+\lambda I\succeq0,\ \lambda\ge0,\ \lambda(\Delta-\|p\|)=0",Optimization,Curvature and adaptive algorithms,Graduate,theorem,"A local quadratic model is optimized only within a radius where it is trusted, including directions of negative curvature.",Real symmetric B and Δ>0. A feasible p is a global minimizer exactly when some λ satisfies the displayed conditions; B itself need not be positive semidefinite.,"At a saddle with zero gradient and negative curvature, the optimal step can lie on the boundary instead of staying at zero.",Quadratic structure; Boundary and interior,Convex quadratic program; Karush-Kuhn-Tucker conditions,eb-trust-region,2
armijo-condition,Armijo sufficient-decrease condition,"f(x+\alpha p)\le f(x)+c_1\alpha\,\nabla f(x)^\top p",Optimization,Curvature and adaptive algorithms,Advanced undergraduate,method,Accept a step when it earns a specified fraction of the improvement predicted by the local slope.,"f continuously differentiable, p a descent direction with ∇f(x)ᵀp<0, α>0 and 0<c1<1. Sufficiently small positive steps satisfy this condition; backtracking contracts α by a fixed factor in (0,1).","For gradient descent p=−∇f(x), the required decrease is c1α||∇f(x)||².",Local linearization; Optimization,Directional derivative; Gradient descent,eb-linesearch,2
wolfe-conditions,Wolfe line-search conditions,"\begin{aligned}f(x+\alpha p)&\le f(x)+c_1\alpha\nabla f(x)^\top p,\\\nabla f(x+\alpha p)^\top p&\ge c_2\nabla f(x)^\top p,\qquad0<c_1<c_2<1\end{aligned}",Optimization,Curvature and adaptive algorithms,Advanced undergraduate,method,Require both enough decrease and enough flattening along a downhill direction.,"Continuously differentiable f, descent direction p, α>0. If f is bounded below along the search ray, acceptable Wolfe steps exist. These are the weak Wolfe conditions.","With s=αp and y=∇f(x+αp)−∇f(x), the curvature condition guarantees yᵀs>0.",Local linearization; Optimization,Armijo sufficient-decrease condition,eb-bfgs,2
natural-gradient,Natural gradient direction,v_{\rm nat}=-I(\theta)^{-1}\nabla L(\theta)=\arg\min_v\left\{\nabla L(\theta)^\top v+\tfrac12v^\top I(\theta)v\right\},Optimization,Curvature and adaptive algorithms,Graduate,method,Measure the size of a parameter move by how much it changes the probability model.,Differentiable objective L and a regular statistical model with finite positive-definite Fisher information I(θ). The tangent direction is invariant under smooth invertible reparameterization; a finite coordinate Euler step need not be.,"For a normal location model with known variance σ², the natural gradient scales the ordinary gradient by σ².",Geometry and distance; Change of coordinates,Fisher information; Gradient,eb-natural-gradient,4
adagrad,Diagonal AdaGrad update,"G_{t,j}=\sum_{s=1}^t g_{s,j}^2,\qquad \theta_{t+1,j}=\theta_{t,j}-\eta\,\frac{g_{t,j}}{\sqrt{G_{t,j}}+\varepsilon}",Optimization,Curvature and adaptive algorithms,Advanced undergraduate,method,Coordinates with a long history of large gradients take smaller future steps.,"Gradient or subgradient vectors gt, η>0 and numerical safeguard ε>0; this is an unconstrained diagonal version. Regret and convergence guarantees require boundedness and assumptions on the objective sequence.",A rarely active feature keeps a larger effective learning rate than a frequently active coordinate.,Accumulation; Scaling and homogeneity,Stochastic gradient descent,eb-adagrad,2
adam,Adam moment-corrected update,"\begin{aligned}m_t&=\beta_1m_{t-1}+(1-\beta_1)g_t,\quad v_t=\beta_2v_{t-1}+(1-\beta_2)g_t^{\odot2},\\\widehat m_t&=m_t/(1-\beta_1^t),\quad\widehat v_t=v_t/(1-\beta_2^t),\\\theta_{t+1}&=\theta_t-\alpha\,\widehat m_t/(\sqrt{\widehat v_t}+\varepsilon)\end{aligned}",Optimization,Curvature and adaptive algorithms,Advanced undergraduate,method,"Smooth the gradient and its squared magnitude separately, then use their ratio to scale each update.","m0=v0=0, 0≤β1,β2<1, α,ε>0; squaring, square roots and division are coordinatewise. Bias correction removes zero-initialization bias for stationary moments; the formula alone gives no universal convergence guarantee.","At the first step, the bias-corrected estimates are g1 and g1 squared.",Averaging; Scaling and homogeneity,Stochastic gradient descent; Heavy-ball momentum,eb-adam,2
svrg,Variance-reduced finite-sum gradient,"v_i(x)=\nabla f_i(x)-\nabla f_i(\widetilde x)+\nabla f(\widetilde x),\quad f=\frac1n\sum_{j=1}^n f_j,\quad\mathbb E_i v_i(x)=\nabla f(x)",Optimization,Curvature and adaptive algorithms,Graduate,method,Correct a noisy component gradient by subtracting its remembered value and adding back the exact average at that snapshot.,"Differentiable finite-sum objective, i sampled uniformly from {1,…,n} independently conditional on x and snapshot x̃. This establishes unbiasedness; algorithmic rates require smoothness and step schedules.","When x=x̃, every sampled estimator equals the full gradient at the snapshot, so sampling variance is zero.",Decomposition; Randomness and distribution,Stochastic gradient descent; Linearity of expectation,eb-svrg,2
online-gradient-regret,Online projected-gradient regret bound,"\sum_{t=1}^T\!\left[f_t(x_t)-f_t(u)\right]\le\frac{D^2}{2\eta}+\frac{\eta G^2T}{2},\qquad \eta=\frac{D}{G\sqrt T}\Longrightarrow R_T\le DG\sqrt T",Optimization,Curvature and adaptive algorithms,Graduate,theorem,"Even without knowing future losses, projected gradient updates can approach the performance of the best fixed decision in hindsight.","Nonempty closed convex feasible set of diameter at most D>0; convex losses with chosen subgradients gt of norm ≤G>0. Update xt+1=ΠC(xt−ηgt), x1∈C; bound holds for every fixed u∈C.",Average regret is at most DG/√T under the displayed horizon-dependent step size.,Accumulation; Optimization,Projected gradient method; Convex subgradient,eb-bubeck,3
logarithmic-barrier,Logarithmic barrier and central-path gap,"x_t\in\arg\min_x\left\{t f(x)-\sum_{i=1}^m\log(-g_i(x))\right\},\quad \lambda_i=-\frac1{t g_i(x_t)},\quad f(x_t)-f_*\le\frac mt",Optimization,Curvature and adaptive algorithms,Graduate,method,"Stay inside the feasible region while increasing pressure toward the true objective, with reciprocal slacks acting as prices.","Differentiable convex f,gi, constraints gi(x)≤0, strictly feasible domain and an attained stationary barrier minimum for t>0; unconstrained except for these inequalities. The resulting dual certificate yields the gap.",Increasing t tenfold reduces the certified barrier suboptimality m/t tenfold.,Boundary and interior; Duality,Karush-Kuhn-Tucker conditions; Logarithm laws,b-convex,2
semidefinite-program,Semidefinite programming form,"\min_{X\in\mathbb S^n}\langle C,X\rangle\quad\text{subject to }\langle A_i,X\rangle=b_i,\quad X\succeq0,\qquad\langle A,X\rangle=\operatorname{tr}(A^\top X)",Optimization,Curvature and adaptive algorithms,Advanced undergraduate,model,Optimize linearly over matrices that represent nonnegative quadratic energies.,"Real symmetric data C,Ai; X≽0 means vᵀXv≥0 for all v. This is a convex optimization model; strong duality requires an appropriate qualification such as strict feasibility.",Restricting X to diagonal matrices recovers nonnegative variables in linear programming.,Convexity; Quadratic structure,Quadratic form; Trace,b-convex,4
second-order-cone-program,Second-order cone programming form,"\min_x c^\top x\quad\text{subject to }\|A_i x+b_i\|_2\le d_i^\top x+e_i,\quad Fx=g",Optimization,Curvature and adaptive algorithms,Advanced undergraduate,model,Keep Euclidean magnitudes below affine budgets while optimizing a linear cost.,"Real compatible matrices and vectors. Each constraint is the preimage of a Lorentz cone, so its right side is necessarily nonnegative at feasible points.",Least-squares norm minimization becomes an SOCP by minimizing t subject to ||Ax−b||₂≤t.,Geometry and distance; Convexity,Norm axioms and induced norm; Convex set,b-convex,2
empirical-risk-minimization,Empirical risk minimization,"R(h)=\mathbb E\,\ell(h(X),Y),\quad\widehat R_S(h)=\frac1n\sum_{i=1}^n\ell(h(X_i),Y_i),\quad\widehat h\in\arg\min_{h\in\mathcal H}\widehat R_S(h)",Machine learning,Learning principles and generalization,Undergraduate,method,"Choose a rule by minimizing its average observed loss, hoping that this average represents future cases.",Measurable loss and predictors with well-defined expectations; the training sample is usually iid from the target distribution. An exact minimizer must exist for the displayed argmin; empirical success alone does not imply generalization.,Squared-loss empirical risk over linear predictors gives ordinary least squares.,Averaging; Optimization,Expectation; Arithmetic mean,eb-learning-book,3
regularized-risk,Regularized empirical risk,\widehat h_\lambda\in\arg\min_{h\in\mathcal H}\left\{\widehat R_S(h)+\lambda\Omega(h)\right\},Machine learning,Learning principles and generalization,Undergraduate,method,Balance fitting observed examples against a cost for the complexity or size of the fitted rule.,"λ≥0, specified loss, hypothesis class and penalty; existence and uniqueness depend on them. The numerical meaning of λ changes if the loss is a sum rather than an average.",An ℓ₂ penalty on regression coefficients gives ridge; an ℓ₁ penalty gives lasso.,Optimization; Decomposition,Empirical risk minimization,eb-learning-book,2
finite-class-generalization,Finite-class uniform generalization bound,\Pr\!\left(\sup_{h\in\mathcal H}|R(h)-\widehat R_S(h)|>\varepsilon\right)\le2|\mathcal H|e^{-2n\varepsilon^2},Machine learning,Learning principles and generalization,Advanced undergraduate,theorem,Testing many candidate rules costs only a logarithm of their number in the sample-size requirement.,"A fixed finite nonempty class H, iid sample of size n and measurable losses in [0,1]; ε>0. The class cannot be freely chosen after looking at the same sample.",It suffices that n≥log(2|H|/δ)/(2ε²) to make every empirical risk ε-accurate with probability at least 1−δ.,Counting; Randomness and distribution,Hoeffding's inequality; Union bound,eb-learning-book,2
vc-dimension,Vapnik–Chervonenkis dimension,"\operatorname{VCdim}(\mathcal H)=\sup\{|A|:\{(h(x))_{x\in A}:h\in\mathcal H\}=\{0,1\}^{A}\}",Machine learning,Learning principles and generalization,Advanced undergraduate,definition,Count how many sample locations can receive every possible binary labeling from the model class.,"Class H of binary-valued functions on a set X; A ranges over finite subsets of X. The value is an integer or infinity; shattering concerns existence of a suitable set, not all sets of that size.",Thresholds on the real line have VC dimension 1; intervals have VC dimension 2.,Counting; Information and uncertainty,Binomial theorem,eb-vc,2
sauer-shelah,Sauer–Shelah growth bound,"\Pi_{\mathcal H}(n)\le\sum_{j=0}^{d}\binom nj\le\left(\frac{en}{d}\right)^d,\qquad n\ge d\ge1",Machine learning,Learning principles and generalization,Advanced undergraduate,theorem,A class that cannot freely label d+1 points has only polynomially many patterns on larger samples.,Binary class H of VC dimension d; ΠH(n) is the largest number of labelings on n points. The first sum uses binomial coefficients zero above n; the final bound requires n≥d≥1.,"For line thresholds, the exact growth is n+1, matching the d=1 binomial sum.",Counting; Scaling and homogeneity,Vapnik–Chervonenkis dimension; Binomial coefficient,eb-vc,2
vc-generalization-bound,VC uniform-convergence bound,\Pr\!\left(\sup_{h\in\mathcal H}|R(h)-\widehat R_S(h)|>\varepsilon\right)\le8\Pi_{\mathcal H}(2n)e^{-n\varepsilon^2/32},Machine learning,Learning principles and generalization,Graduate,theorem,An infinite model class can behave like a finite collection once restricted to the observed and comparison samples.,"Binary classification with 0/1 loss, iid sample of size n, ε>0 and a class satisfying the standard measurability condition for the supremum; otherwise use outer probability. Constants here are a conservative classical version.",Combining with Sauer–Shelah gives an error scale of order sqrt((d log(n/d)+log(1/δ))/n) when n≥d.,Counting; Limits and convergence,Sauer–Shelah growth bound; Finite-class uniform generalization bound,eb-learning-book,2
rademacher-complexity,Empirical Rademacher complexity,"\widehat{\mathfrak R}_S(\mathcal F)=\mathbb E_\sigma\left[\sup_{f\in\mathcal F}\frac1n\sum_{i=1}^n\sigma_i f(Z_i)\right],\qquad\Pr(\sigma_i=\pm1)=\tfrac12",Machine learning,Learning principles and generalization,Graduate,definition,Measure how well the function class can align with random signs on this particular sample.,"Fixed sample S=(Z1,…,Zn), nonempty real function class and independent symmetric signs. Assume the supremum measurable and integrable; this convention uses no absolute value and a factor 1/n.",A single fixed function has empirical Rademacher complexity zero because its random signed average has mean zero.,Randomness and distribution; Optimization,Expectation; Bernoulli distribution,eb-learning-book,2
rademacher-generalization,Rademacher generalization bound,R(f)\le\widehat R_S(f)+2\widehat{\mathfrak R}_S(\mathcal F)+3\sqrt{\frac{\log(2/\delta)}{2n}}\quad\text{for all }f\in\mathcal F,Machine learning,Learning principles and generalization,Graduate,theorem,The capacity to fit random noise on the sample bounds how optimistic the sample average may be.,"Fixed measurable class F of [0,1]-valued loss functions; iid sample size n and 0<δ<1. The displayed simultaneous bound holds with probability at least 1−δ; R(f)=E f(Z).",Two classes of equal parameter count can receive different bounds because their sample-specific Rademacher complexities differ.,Randomness and distribution; Limits and convergence,Empirical Rademacher complexity; Empirical risk minimization,eb-learning-book,2
pac-bayes-bound,PAC-Bayes Bernoulli-KL bound,\operatorname{kl}(\widehat R_S(Q)\|R(Q))\le\frac{D_{\rm KL}(Q\|P)+\log(2\sqrt n/\delta)}{n},Machine learning,Learning principles and generalization,Graduate,theorem,A data-chosen distribution over predictors pays for how far it moves from a prior fixed before seeing the data.,"Finite hypothesis and observation spaces, losses in [0,1], iid sample n≥8, prior P independent of S, 0<δ<1. With probability ≥1−δ the bound holds for all Q≪P; risks average over h∼Q and kl is Bernoulli relative entropy in nats.",A concentrated posterior around a low-loss group can be certified if its KL cost relative to the prior is modest.,Information and uncertainty; Averaging,Kullback-Leibler divergence; Entropy variational formula for log-sum-exp,eb-pac-bayes,2
stability-generalization,Uniform stability implies expected generalization,"\sup_{S\sim S',z}|\ell(A(S),z)-\ell(A(S'),z)|\le\beta_n\quad\Longrightarrow\quad\left|\mathbb E_S[R(A(S))-\widehat R_S(A(S))]\right|\le\beta_n",Machine learning,Learning principles and generalization,Graduate,theorem,"If replacing one training example barely changes any prediction loss, reusing the training data creates little average optimism.","S and S′ have size n and differ in one observation; deterministic measurable learning rule A, iid data and integrable loss. The stated bound is on the expected signed gap, not a high-probability or expected-absolute-gap bound.",Strongly regularized convex learning algorithms often have replacement stability of order 1/n under Lipschitz loss assumptions.,Symmetry and invariance; Limits and convergence,Empirical risk minimization; Expectation,eb-stability,2
hard-margin-svm,Hard-margin support vector machine,"\min_{w,b}\frac12\|w\|^2\quad\text{subject to }y_i(w^\top x_i+b)\ge1",Machine learning,"Margins, kernels and Gaussian processes",Advanced undergraduate,method,Choose a separating hyperplane with the widest empty buffer between the two classes.,"Finite sample xi∈R^d, yi∈{−1,1}, both classes present and linearly separable. The canonical functional margin is fixed at 1; the distance between the two supporting planes is 2/||w||.",Only observations touching the optimal margin need nonzero dual multipliers.,Geometry and distance; Optimization,Convex quadratic program; Inner product,eb-svm,2
soft-margin-svm,Soft-margin SVM and hinge loss,"\min_{w,b}\left\{\frac12\|w\|^2+C\sum_i\max(0,1-y_i(w^\top x_i+b))\right\}",Machine learning,"Margins, kernels and Gaussian processes",Advanced undergraduate,method,Permit violations of the ideal margin but charge linearly for their size.,Finite binary-labeled sample and C>0; the intercept b is unpenalized. This equals the slack-variable program with ξi≥0 and yi(wᵀxi+b)≥1−ξi.,A correctly classified point can still incur hinge loss if it lies within the margin.,Convexity; Optimization,Hard-margin support vector machine; Regularized empirical risk,eb-svm,2
svm-dual,Kernel soft-margin SVM dual,"\max_{\alpha}\sum_i\alpha_i-\frac12\sum_{i,j}\alpha_i\alpha_jy_iy_jk(x_i,x_j),\quad0\le\alpha_i\le C,\quad\sum_i\alpha_i y_i=0",Machine learning,"Margins, kernels and Gaussian processes",Advanced undergraduate,method,Express the classifier through weighted training examples and pairwise similarities.,"Positive-semidefinite kernel k, finite labels ±1, C>0, unpenalized intercept and the soft-margin primal. Prediction uses sign(Σi αiyi k(xi,x)+b).","For a linear kernel, w=Σi αiyi xi.",Duality; Decomposition,Soft-margin SVM and hinge loss; Lagrangian dual function,eb-svm,2
kernel-function,Positive-semidefinite kernel,"k(x,x')=\langle\phi(x),\phi(x')\rangle_{\mathcal H},\qquad\sum_{i,j}c_ic_jk(x_i,x_j)\ge0",Machine learning,"Margins, kernels and Gaussian processes",Advanced undergraduate,definition,A similarity function is a valid kernel when it behaves like an inner product in some feature space.,Real symmetric k on X×X; the quadratic inequality must hold for every finite choice of points and real coefficients. This is equivalent to a Hilbert-space feature representation.,"k(x,x′)=(1+xᵀx′)² is the inner product of suitable constant, linear and quadratic features.",Geometry and distance; Quadratic structure,Inner product; Quadratic form,eb-kernels,6
representer-theorem,Representer theorem,"f_*\in\arg\min_{f\in\mathcal H}\left\{\Phi(f(x_1),\ldots,f(x_n))+\Omega(\|f\|_{\mathcal H})\right\}\quad\Longrightarrow\quad f_*=\sum_{i=1}^n\alpha_i k(x_i,\cdot)",Machine learning,"Margins, kernels and Gaussian processes",Graduate,theorem,"Although the hypothesis space may be infinite, an optimum needs only components visible at the training points.","Reproducing-kernel Hilbert space H; Φ depends only on the displayed evaluations and Ω is strictly increasing. The implication assumes a minimizer exists; nondecreasing Ω guarantees an in-span minimizer when one exists, not necessarily every minimizer.",Kernel ridge regression searches finitely many coefficients despite using an infinite-dimensional Gaussian kernel space.,Orthogonality; Decomposition,Positive-semidefinite kernel; Orthogonal decomposition and energy split,eb-kernel-methods,2
kernel-ridge,Kernel ridge regression,"\widehat f(x)=k_x^\top(K+n\lambda I)^{-1}y,\qquad K_{ij}=k(x_i,x_j),\quad (k_x)_i=k(x_i,x)",Machine learning,"Margins, kernels and Gaussian processes",Advanced undergraduate,method,"Fit a weighted collection of data-centered similarities, shrinking unstable directions of the Gram matrix.","Real positive-semidefinite kernel, λ>0; objective is n⁻¹Σi(yi−f(xi))²+λ||f||H² with no separate intercept. K+nλI is invertible even if K is singular.","With a linear kernel, this is ridge regression written in sample coordinates.",Duality; Quadratic structure,Representer theorem; Ridge regression,eb-kernel-methods,3
gaussian-process,Gaussian process,"f\sim\mathcal{GP}(m,k)\iff (f(x_1),\ldots,f(x_n))^\top\sim\mathcal N(m_X,K_X)\quad\text{for every finite }X",Machine learning,"Margins, kernels and Gaussian processes",Graduate,definition,Specify a random function by requiring every finite list of its values to form a Gaussian vector.,"Mean function m and positive-semidefinite covariance kernel k; finite-dimensional laws must be consistent, as this construction ensures. Sample-path continuity or differentiability requires additional kernel regularity.","Brownian motion is a zero-mean Gaussian process with k(s,t)=min(s,t) for s,t≥0.",Randomness and distribution; Quadratic structure,Multivariate normal density; Positive-semidefinite kernel,eb-gp-regression,2
gp-posterior,Gaussian-process regression posterior,"m_*=K_{*X}(K_{XX}+\sigma^2I)^{-1}y,\qquad \Sigma_*=K_{**}-K_{*X}(K_{XX}+\sigma^2I)^{-1}K_{X*}",Machine learning,"Margins, kernels and Gaussian processes",Graduate,theorem,"Observed values pull the predicted function through covariance, while subtracting the part of uncertainty those observations explain.","Zero-mean GP prior, yi=f(xi)+εi with independent N(0,σ²) noise independent of f, σ²>0. Formulas describe latent test values; predicting noisy observations adds σ²I.",The posterior mean equals kernel ridge prediction when nλ=σ² and the kernel is the same.,Averaging; Decomposition,Gaussian process; Conditional multivariate Gaussian,eb-gp-regression,4
gp-log-marginal-likelihood,Gaussian-process log marginal likelihood,"\log p(y)=-\frac12y^\top C^{-1}y-\frac12\log\det C-\frac n2\log(2\pi),\qquad C=K+\sigma^2I",Machine learning,"Margins, kernels and Gaussian processes",Graduate,identity,A covariance model is rewarded for explaining the data and charged for spreading probability over a large volume.,Zero-mean Gaussian-process observations with independent Gaussian noise and positive-definite C. Nonzero means replace y by y−m; kernel parameters affect both the fit and determinant terms.,A very flexible covariance can reduce the quadratic mismatch but pays through its log determinant.,Quadratic structure; Information and uncertainty,Gaussian process; Multivariate normal density,eb-gp-regression,3
rbf-kernel,Gaussian radial-basis kernel,"k(x,x')=\sigma_f^2\exp\!\left(-\frac{\|x-x'\|^2}{2\ell^2}\right)",Machine learning,"Margins, kernels and Gaussian processes",Advanced undergraduate,model,Two inputs are similar when their distance is small relative to a chosen length scale.,"x,x′∈R^d, ℓ>0 and σf²≥0. The squared-exponential kernel is positive semidefinite; it is a covariance/similarity function rather than a normalized probability density over x.",Doubling all input coordinates and doubling ℓ leaves every kernel value unchanged.,Geometry and distance; Scaling and homogeneity,Positive-semidefinite kernel; Derivative of an exponential,eb-kernels,3
neural-network-layer,Affine-activation neural layer,h^{(\ell+1)}=\sigma\!\left(W_\ell h^{(\ell)}+b_\ell\right),Machine learning,Neural networks and approximation,Undergraduate,model,"Mix input features linearly, shift their thresholds, then apply a nonlinear response.","Compatible real matrix/vector dimensions and a specified activation σ, usually applied coordinatewise. Stacking purely affine layers without nonlinearities is still an affine map.","Choosing σ(t)=max(0,t) produces a piecewise-affine layer.",Composition; Linearity,Matrix multiplication; Composition of functions,eb-neural-layers,2
backpropagation,Backpropagation through dense layers,"\delta^{(\ell)}=(W_\ell^\top\delta^{(\ell+1)})\odot\sigma'(a^{(\ell)}),\qquad \nabla_{W_\ell}L=\delta^{(\ell+1)}(h^{(\ell)})^\top",Machine learning,Neural networks and approximation,Advanced undergraduate,method,"Pass loss sensitivities backward through each operation, reusing intermediate values from the forward computation.","a^(ℓ+1)=Wℓh^(ℓ)+bℓ, h^(ℓ)=σ(a^(ℓ)), and δ^(ℓ)=∂L/∂a^(ℓ). Scalar differentiable loss and differentiable activations at the evaluated points; nonsmooth points require a convention and need not have an ordinary derivative.",A weight derivative is the downstream sensitivity times the upstream activation.,Composition; Duality,Multivariable chain rule; Affine-activation neural layer,eb-backprop,3
relu,Rectified linear unit,"\operatorname{ReLU}(z)=\max(0,z),\qquad \operatorname{ReLU}'(z)=\begin{cases}0&z<0,\\1&z>0.\end{cases}",Machine learning,Neural networks and approximation,Undergraduate,definition,A gate blocks negative input and passes positive input unchanged.,"Real z; the derivative at zero does not exist. The convex subdifferential at zero is [0,1], and implementations choose a convention for backpropagation.",ReLU(z)−ReLU(−z)=z exactly.,Decomposition; Local linearization,Derivative,eb-neural-layers,2
crossentropy-softmax-gradient,Softmax cross-entropy gradient,"p_j=\frac{e^{z_j}}{\sum_ke^{z_k}},\qquad L=-\sum_j y_j\log p_j,\qquad\frac{\partial L}{\partial z_j}=p_j-y_j",Machine learning,Neural networks and approximation,Advanced undergraduate,identity,The learning signal is predicted probability minus target probability.,"Finite real logits, target vector yj≥0 summing to1, and natural logarithms. The derivative is with respect to logits; one-hot labels are a special case.","For a one-hot correct class c, its gradient is pc−1 while other class gradients equal their predicted probabilities.",Exponentials and logarithms; Information and uncertainty,Softmax weights; Cross entropy,eb-backprop,2
dropout,Inverted dropout,"\widetilde h_j=\frac{M_j}{q}h_j,\qquad M_j\sim\operatorname{Bernoulli}(q),\qquad\mathbb E[\widetilde h_j\mid h]=h_j",Machine learning,Neural networks and approximation,Advanced undergraduate,method,Randomly omit features during training while rescaling the survivors to preserve their conditional mean.,"Keep probability 0<q≤1, masks independent of h and usually independent across coordinates; the formula uses inverted scaling during training. Nonlinear network outputs need not equal their expectation when masks are removed.","With q=1/2, each retained activation is doubled and each omitted activation is zero.",Randomness and distribution; Averaging,Bernoulli distribution; Conditional expectation,eb-dropout,2
batch-normalization,Mini-batch normalization,"\mu_B=\frac1m\sum_i x_i,\quad v_B=\frac1m\sum_i(x_i-\mu_B)^2,\quad y_i=\gamma\frac{x_i-\mu_B}{\sqrt{v_B+\varepsilon}}+\beta",Machine learning,Neural networks and approximation,Advanced undergraduate,method,"Put the current batch on a common scale, then learn a useful shift and rescaling.","Applied to one feature across a batch of m≥1 observations; ε>0 and learned γ,β. This uses divisor m, not the unbiased sample-variance divisor m−1. Inference commonly uses stored population-moment estimates.","For γ=1,β=0, the normalized batch has mean zero and variance vB/(vB+ε).",Averaging; Scaling and homogeneity,Arithmetic mean; Variance,eb-batchnorm,2
attention,Scaled dot-product attention,"\operatorname{Attention}(Q,K,V)=\operatorname{softmax}_{\rm row}\!\left(\frac{QK^\top}{\sqrt{d_k}}\right)V",Machine learning,Neural networks and approximation,Advanced undergraduate,model,Each query forms a data-dependent weighted average of value vectors using its similarity to keys.,"Q∈R^{nq×dk}, K∈R^{nk×dk}, V∈R^{nk×dv}, dk≥1; row-wise softmax has finite logits. Masked rows must retain at least one allowed key.",Identical logits in a row give the arithmetic mean of that row's available value vectors.,Averaging; Composition,Softmax weights; Matrix multiplication,eb-attention,3
universal-approximation,Sigmoidal universal approximation,"\forall f\in C([0,1]^d),\ \varepsilon>0,\quad \exists N,a_j,w_j,b_j:\quad \sup_x\left|f(x)-\sum_{j=1}^Na_j\sigma(w_j^\top x+b_j)\right|<\varepsilon",Machine learning,Neural networks and approximation,Graduate,theorem,Enough shifted and tilted copies of one nonlinear response can approximate any continuous shape on a bounded cube.,"Continuous sigmoidal σ with limits0 at −∞ and1 at +∞; finite-dimensional unit cube, real coefficients and an unrestricted finite width N. The theorem gives existence, not efficient training, sample complexity or an economical width.",The logistic activation satisfies these hypotheses; a single affine layer does not have this approximation property.,Decomposition; Limits and convergence,Affine-activation neural layer; Uniform convergence,eb-universal-approximation,2
k-means-objective,k-means distortion objective,"\min_{\mu_1,\ldots,\mu_k}\sum_{i=1}^n\min_{1\le j\le k}\|x_i-\mu_j\|^2",Machine learning,Clustering and classical prediction,Undergraduate,model,Represent each observation by its nearest prototype and minimize total squared replacement error.,Finite points xi∈R^d and integer1≤k≤n; the centroids are unconstrained real vectors. The objective is generally nonconvex in all centroids together.,"For k=1, the unique centroid is the arithmetic mean.",Averaging; Geometry and distance,Mean as the best constant,eb-kmeans,3
lloyd-update,Lloyd assignment-and-centroid iteration,"c_i\in\arg\min_j\|x_i-\mu_j\|^2,\qquad \mu_j\leftarrow\frac1{|C_j|}\sum_{i\in C_j}x_i,\quad C_j=\{i:c_i=j\}",Machine learning,Clustering and classical prediction,Undergraduate,method,Alternate sending each point to its nearest center and moving each center to its group's average.,"Finite Euclidean data, specified tie-breaking and nonempty updated clusters; empty clusters need a separate reinitialization or retention rule. Each exact block step cannot increase distortion, but global optimality is not guaranteed.","Starting from two centers, each pass alternately changes the partition and the two means.",Recursion and iteration; Averaging,k-means distortion objective; Arithmetic mean,eb-kmeans,2
gaussian-mixture,Finite Gaussian mixture model,"p(x)=\sum_{j=1}^k\pi_j\,\mathcal N(x;\mu_j,\Sigma_j),\qquad \pi_j\ge0,\quad\sum_j\pi_j=1",Machine learning,Clustering and classical prediction,Advanced undergraduate,model,"Choose a hidden group, then draw from that group's Gaussian cloud.","Finite k, xi∈R^d and positive-definite covariance matrices for ordinary densities. A mixture of Gaussians is generally not itself Gaussian.",Two separated one-dimensional Gaussian components can produce a bimodal density.,Averaging; Decomposition,Multivariate normal density; Law of total probability,b-em,2
gmm-em-update,EM updates for a Gaussian mixture,"\begin{aligned}r_{ij}&=\frac{\pi_j\mathcal N(x_i;\mu_j,\Sigma_j)}{\sum_\ell\pi_\ell\mathcal N(x_i;\mu_\ell,\Sigma_\ell)},\quad N_j=\sum_i r_{ij},\\\pi_j^+&=N_j/n,\quad\mu_j^+=N_j^{-1}\sum_i r_{ij}x_i,\\\Sigma_j^+&=N_j^{-1}\sum_i r_{ij}(x_i-\mu_j^+)(x_i-\mu_j^+)^\top\end{aligned}",Machine learning,Clustering and classical prediction,Advanced undergraduate,method,"Use fractional group memberships to compute weighted counts, means and covariance matrices.","Positive mixture weights and nonsingular component densities for the E-step; each Nj>0. The unconstrained covariance update may become singular and Gaussian-mixture likelihood can be unbounded, so regularization is often needed.",A point with responsibility0.8 contributes0.8 of an observation to that component's updated mean.,Averaging; Recursion and iteration,Finite Gaussian mixture model; Expectation-maximization algorithm,b-em,2
naive-bayes-classifier,Naive Bayes classifier,\widehat y(x)\in\arg\max_y\left\{\log p(y)+\sum_{j=1}^d\log p(x_j\mid y)\right\},Machine learning,Clustering and classical prediction,Undergraduate,method,Add separate pieces of class evidence after assuming the features are independent within each class.,Finite classes with positive prior mass and specified conditional feature probabilities/densities; conditional independence Xj⊥Xk given Y is a modeling assumption. Zero factors give log probability −∞ and ties require a rule.,"Under Bernoulli feature models, word-presence evidence contributes additive class log odds.",Decomposition; Exponentials and logarithms,Bayes' rule; Independence of random variables,eb-generative-classification,2
knn-regression,k-nearest-neighbor regression,\widehat m_k(x)=\frac1k\sum_{i\in N_k(x)}Y_i,Machine learning,Clustering and classical prediction,Undergraduate,method,Predict by averaging the outcomes of the k observations closest to the query.,"1≤k≤n, a specified distance on inputs and deterministic or randomized tie-breaking defining exactly k neighbors. Statistical consistency needs assumptions and a growing k with k/n→0; the formula alone is only an estimator.","For k=n, every query receives the global response mean.",Averaging; Geometry and distance,Arithmetic mean; Norm axioms and induced norm,eb-learning-book,2
decision-tree-impurity,Decision-tree impurity decrease,"\Delta I=I(p)-w_LI(p_L)-w_RI(p_R),\qquad I(p)=-\sum_c p_c\log p_c,\quad w_L+w_R=1",Machine learning,Clustering and classical prediction,Undergraduate,method,A useful split makes each child group more predictable than the unsplit parent.,"Empirical class proportions in a nonempty parent, two nonempty children and weights equal to child fractions. Here I is entropy in nats; other tree criteria use different impurity functions.","A perfectly separating split has zero child entropy, so its gain equals parent entropy.",Information and uncertainty; Decomposition,Shannon entropy; Weighted arithmetic mean,eb-learning-book,3
adaboost,AdaBoost exponential reweighting,"\varepsilon_t=\sum_iw_{t,i}{\bf1}_{h_t(x_i)\ne y_i},\quad\alpha_t=\tfrac12\log\frac{1-\varepsilon_t}{\varepsilon_t},\quad w_{t+1,i}\propto w_{t,i}e^{-\alpha_ty_ih_t(x_i)}",Machine learning,Clustering and classical prediction,Advanced undergraduate,method,Increase the influence of examples the current weak rule misses and combine the rules with confidence weights.,"Binary labels and predictions ±1, positive normalized observation weights, and0<εt<1/2 for the displayed positive finite αt. Final classifier uses sign(Σt αtht(x)); the separable εt=0 case needs stopping or a convention.",A mistaken example's weight is multiplied by e^α while a correctly classified example's weight is multiplied by e^−α before normalization.,Recursion and iteration; Exponentials and logarithms,Weighted arithmetic mean; Exponential family and log partition function,eb-learning-book,2
random-fourier-features,Random Fourier feature approximation,"z_j(x)=\sqrt{\frac2m}\cos(\omega_j^\top x+b_j),\qquad \mathbb E[z(x)^\top z(y)]=k(x-y)",Machine learning,Clustering and classical prediction,Graduate,method,Approximate a stationary similarity by averaging a finite collection of randomly chosen oscillations.,"Continuous real stationary positive-definite kernel k with k(0)=1 and spectral probability law ρ such that k(t)=Eρ cos(ωᵀt). Independent ωj∼ρ and bj∼Uniform[0,2π]; this formula uses angular frequencies.","For k(t)=exp(−||t||²/(2ℓ²)), sample ω∼N(0,ℓ⁻²I).",Averaging; Change of coordinates,Positive-semidefinite kernel; Characteristic function,eb-random-features,2
autoencoder-objective,Autoencoder reconstruction objective,"\min_{\theta,\phi}\frac1n\sum_{i=1}^n\left\|x_i-D_\phi(E_\theta(x_i))\right\|^2",Machine learning,Clustering and classical prediction,Advanced undergraduate,model,Compress each example into an internal representation and train a decoder to reconstruct what matters.,"Finite Euclidean data and specified encoder/decoder families. A bottleneck, regularization or corruption is needed to prevent an unrestricted identity solution; useful representations do not follow from reconstruction alone.",A linear rank-r encoder-decoder at a global squared-error optimum reconstructs the PCA subspace for centered data.,Composition; Decomposition,Affine-activation neural layer; Least squares,eb-autoencoders,2
bayesian-network-factorization,Bayesian-network factorization,"p(x_1,\ldots,x_d)=\prod_{i=1}^d p(x_i\mid x_{\operatorname{pa}(i)})",Machine learning,Graphical models and stochastic learning,Advanced undergraduate,model,Build a joint distribution from local conditional rules arranged without directed cycles.,"A finite directed acyclic graph and normalized conditional probability tables, or compatible conditional densities/kernels; parent sets follow a topological order. A causal interpretation requires additional assumptions beyond this factorization.",A first-order Markov chain factors as p(x0)∏t p(xt|xt−1).,Decomposition; Information and uncertainty,Conditional probability,eb-bayesian-networks,2
sum-product-message,Sum-product messages on a pairwise tree,"m_{i\to j}(x_j)=\sum_{x_i}\psi_i(x_i)\psi_{ij}(x_i,x_j)\!\!\prod_{\ell\in N(i)\setminus\{j\}}\!\!m_{\ell\to i}(x_i),\qquad p_i(x_i)\propto\psi_i(x_i)\prod_{\ell\in N(i)}m_{\ell\to i}(x_i)",Machine learning,Graphical models and stochastic learning,Graduate,method,Each branch sends the rest of the tree a compact summary of all possibilities it contains.,"Finite discrete variables on a tree with nonnegative unary/pairwise factors and positive finite partition sum. Messages are computed after receiving all other-neighbor messages; the formulas give exact marginals. On loopy graphs, naive iteration is not generally exact.","For a chain, the two message directions are forward and backward marginalization.",Recursion and iteration; Decomposition,Law of total probability; Bayesian-network factorization,eb-message-passing,2
log-linear-markov-random-field,Log-linear Markov random field,"p_\theta(x)=\frac1{Z(\theta)}\exp\!\left(\sum_{C}\theta_C^\top T_C(x_C)\right),\qquad Z(\theta)=\sum_x\exp\!\left(\sum_C\theta_C^\top T_C(x_C)\right)",Machine learning,Graphical models and stochastic learning,Advanced undergraduate,model,"Score compatible local configurations, add their scores, and normalize the resulting global weights.",Finite discrete state spaces and finite real parameters/features on cliques C of an undirected graph. Positivity ensures the equivalence between graph separation and the appropriate Markov factorization theorem; edges need not represent causal influence.,Unary terms favor labels while pairwise terms favor compatible neighboring labels.,Decomposition; Exponentials and logarithms,Exponential family and log partition function; Gibbs distribution,eb-markov-fields,3
variational-mean-field,Coordinate mean-field variational update,"q(z)=\prod_jq_j(z_j),\qquad \log q_j^*(z_j)=\mathbb E_{q_{-j}}[\log p(x,z)]+\text{constant}",Machine learning,Graphical models and stochastic learning,Graduate,method,"Replace a complicated joint posterior with independent factors, letting each factor feel the averaged effect of the others.",A normalizable posterior with finite relevant expectations; restrict q to a product family. Each coordinate update is valid when the exponentiated expectation is integrable and normalized. Coordinate optima need not give the global best product approximation.,"In conjugate models, averaging sufficient statistics often keeps each updated factor in a recognizable exponential family.",Averaging; Optimization,Evidence lower bound identity; Kullback-Leibler divergence,eb-variational,3
reparameterization-gradient,Pathwise reparameterization gradient,"Z=g_\theta(\varepsilon),\quad\varepsilon\sim p_0,\qquad\nabla_\theta\mathbb E[f_\theta(Z)]=\mathbb E\!\left[\nabla_\theta f_\theta(g_\theta(\varepsilon))\right]",Machine learning,Graphical models and stochastic learning,Graduate,theorem,Keep the underlying random draw fixed while differentiating how the generated sample moves with the parameters.,Base law p0 independent of θ; almost-sure differentiability in a parameter neighborhood and an integrable dominating bound on derivatives justify exchange of gradient and expectation. The derivative on the right includes all direct and pathwise parameter dependence.,"For Z=μ+σε with ε∼N(0,1), derivatives can pass through μ and σ while ε remains fixed.",Change of coordinates; Composition,Multivariable chain rule; Dominated convergence theorem,eb-stochastic-gradients; eb-vae,2
score-function-gradient,Likelihood-ratio gradient of an expectation,\nabla_\theta\mathbb E_{p_\theta}[f_\theta(Z)]=\mathbb E_{p_\theta}\!\left[\nabla_\theta f_\theta(Z)+f_\theta(Z)\nabla_\theta\log p_\theta(Z)\right],Machine learning,Graphical models and stochastic learning,Graduate,theorem,A parameter changes an average both by changing each outcome's value and by changing how often outcomes are sampled.,"Densities or masses with parameter-independent support, differentiable integrand/density and domination sufficient to differentiate under the integral; score terms integrable. Moving support may add boundary terms. No differentiability in Z is needed.",A constant baseline b can be subtracted from f in the score term because the expected score is zero under the same regularity.,Decomposition; Randomness and distribution,Likelihood score; Product rule,eb-stochastic-gradients,4
denoising-score-matching,Gaussian denoising score matching,"\widetilde X=X+\sigma\varepsilon,\quad \min_s\mathbb E\left\|s(\widetilde X)+\frac{\widetilde X-X}{\sigma^2}\right\|^2,\qquad s_*(u)=\nabla_u\log p_\sigma(u)",Machine learning,Graphical models and stochastic learning,Graduate,theorem,Learn a field pointing toward likely clean structure by predicting how noise displaced the observations.,"X∈R^d, independent ε∼N(0,I), σ>0; pσ is the Gaussian-smoothed data density. Minimize over measurable square-integrable fields, with differentiation of the Gaussian convolution justified. The target is the spatial score of pσ, not a parameter score or the unsmoothed density's score.",The optimal denoised mean is E[X|X̃=u]=u+σ²s*(u).,Averaging; Local linearization,Conditional expectation; Convolution,eb-score-models,2
hellinger-distance,Hellinger distance,"H^2(P,Q)=\frac12\int(\sqrt p-\sqrt q)^2\,d\mu=1-\int\sqrt{pq}\,d\mu",Information & signals,Divergences and information quantities,Advanced undergraduate,definition,Take square roots of probabilities and compare them with Euclidean geometry.,"Probability measures P,Q dominated by a common measure μ, with densities p,q. This normalized convention has0≤H≤1; some references omit the factor1/2. The result is independent of μ.",Distributions with disjoint supports have H=1.,Geometry and distance; Quadratic structure,Lp norm of a function,eb-f-divergences,2
renyi-divergence,Rényi divergence,"D_\alpha(P\|Q)=\frac1{\alpha-1}\log\sum_i p_i^\alpha q_i^{1-\alpha},\qquad \alpha>0,\ \alpha\ne1",Information & signals,Divergences and information quantities,Advanced undergraduate,definition,Change the order to tune how heavily rare or large likelihood ratios contribute to distributional mismatch.,"Finite alphabet, probability vectors and natural logs. For α>1, pi>0 with qi=0 gives +∞; zero-over-zero terms contribute0. For0<α<1, terms with either mass zero vanish; disjoint supports give +∞.","As α→1, the expression tends to KL divergence; at α=1/2 it is −2log Σ√piqi.",Exponentials and logarithms; Scaling and homogeneity,Kullback-Leibler divergence,eb-renyi,3
renyi-entropy,Rényi entropy,"H_\alpha(P)=\frac1{1-\alpha}\log\sum_i p_i^\alpha,\qquad H_1(P)=H(P)",Information & signals,Divergences and information quantities,Advanced undergraduate,definition,Measure effective diversity while changing how strongly common outcomes dominate the count.,"Finite probability vector, α>0 with α≠1 in the displayed sum, and natural logs. The value at1 is its continuous limit; zero masses contribute0.",H2(P)=−log Σpi² is negative log probability that two independent draws collide.,Counting; Scaling and homogeneity,Shannon entropy,eb-renyi,2
jensen-shannon-divergence,Jensen–Shannon divergence,"\operatorname{JS}(P,Q)=\tfrac12D_{\rm KL}(P\|M)+\tfrac12D_{\rm KL}(Q\|M),\qquad M=\tfrac12(P+Q)",Information & signals,Divergences and information quantities,Advanced undergraduate,definition,Compare two distributions through a common mixture so neither is asked to explain outcomes it assigns no mass to.,"Probability measures on the same measurable space, KL in nats. This equal-weight convention satisfies0≤JS≤log2 and remains finite for disjoint supports; √JS is a metric.","If a fair hidden coin chooses P or Q, JS is the mutual information between the coin and the observed draw.",Averaging; Information and uncertainty,Kullback-Leibler divergence; Weighted arithmetic mean,eb-f-divergences,2
f-divergence,Csiszár f-divergence,D_f(P\|Q)=\mathbb E_Q\!\left[f\!\left(\frac{dP}{dQ}\right)\right],Information & signals,Divergences and information quantities,Graduate,definition,Compare probability laws by applying a convex penalty to their local likelihood ratio.,"P≪Q, convex f:(0,∞)→R with f(1)=0 and f(0) defined by the right limit; expectation may be +∞. General nondominated laws need an added singular-mass term, which is outside this displayed version.",f(t)=tlog t gives KL; f(t)=|t−1|/2 gives total variation.,Convexity; Information and uncertainty,Radon–Nikodym density; Jensen's inequality,eb-f-divergences,2
pinsker-inequality,Pinsker inequality,\|P-Q\|_{\rm TV}\le\sqrt{\frac12D_{\rm KL}(P\|Q)},Information & signals,Divergences and information quantities,Advanced undergraduate,theorem,Small relative entropy guarantees that every event has nearly the same probability under the two laws.,"Probability measures on the same measurable space, TV=sup_A|P(A)−Q(A)| and natural-log KL; if KL is infinite the bound is vacuous. The factor changes with log base or unhalved variation conventions.",KL≤0.02 nats implies event probabilities differ by at most0.1.,Information and uncertainty; Geometry and distance,Kullback-Leibler divergence; Total variation distance between laws,eb-f-divergences,2
kl-chain-rule,Chain rule for relative entropy,D(P_{XY}\|Q_{XY})=D(P_X\|Q_X)+\mathbb E_{P_X}D(P_{Y|X}\|Q_{Y|X}),Information & signals,Divergences and information quantities,Advanced undergraduate,identity,Total mismatch splits into disagreement about the first variable and remaining disagreement after it is known.,"Finite or countable joint distributions with PXY≪QXY; conditional laws are evaluated only at x of positive PX. Extended nonnegative values are allowed, with the usual zero-mass conventions.","If the two models share the same conditional law of Y given X, all divergence lies in the X marginals.",Decomposition; Averaging,Kullback-Leibler divergence; Conditional probability,b-info-mutual,2
log-sum-inequality,Log-sum inequality,"\sum_i a_i\log\frac{a_i}{b_i}\ge A\log\frac AB,\qquad A=\sum_i a_i,\quad B=\sum_i b_i",Information & signals,Divergences and information quantities,Advanced undergraduate,theorem,"Combining categories can hide mismatch, but cannot create more of it.","Finite nonnegative ai,bi with A,B>0;0log(0/b)=0 and a log(a/0)=+∞ for a>0. Equality holds when ai/A=bi/B for every i.","With A=B=1, the inequality reduces to nonnegativity of KL divergence.",Convexity; Information and uncertainty,Jensen's inequality,b-info-mutual,2
information-density,Information density,"\imath_{X;Y}(x,y)=\log\frac{p(x,y)}{p_X(x)p_Y(y)},\qquad I(X;Y)=\mathbb E\,\imath_{X;Y}(X,Y)",Information & signals,Divergences and information quantities,Advanced undergraduate,definition,One outcome pair supplies evidence for dependence relative to an independence model.,"Finite/countable variables, or jointly dominated densities with the corresponding ratio; evaluate on the joint support and use natural logs. Individual information density may be negative although its expectation is nonnegative.",An outcome pair rarer jointly than under independent marginals has negative information density.,Information and uncertainty; Averaging,Mutual information; Self-information,b-info-mutual,2
conditional-entropy,Conditional Shannon entropy,"H(X\mid Y)=-\sum_{x,y}p(x,y)\log p(x\mid y)=\mathbb E_Y H(P_{X|Y})",Information & signals,Divergences and information quantities,Undergraduate,definition,Average the uncertainty remaining about X after learning which value Y took.,"Finite discrete variables; only positive-probability y need conditional laws and0log0=0. Natural logs give nats. This is an average number, not a random conditional entropy function.","If X is determined by Y, conditional entropy is zero; if they are independent, it is H(X).",Averaging; Information and uncertainty,Shannon entropy; Conditional probability,b-info-mutual,2
entropy-rate,Entropy rate of a stationary source,"\overline H=\lim_{n\to\infty}\frac1nH(X_1,\ldots,X_n)=\lim_{n\to\infty}H(X_n\mid X_1,\ldots,X_{n-1})",Information & signals,Divergences and information quantities,Advanced undergraduate,theorem,Count fresh uncertainty per symbol after the past has already been described.,"Stationary discrete-time process on a finite alphabet; both limits exist and agree. Independence is not required, and ergodicity is not needed for this equality.","For a stationary Markov chain, H̄=−Σi,j πiPijlogPij.",Information and uncertainty; Limits and convergence,Conditional Shannon entropy; Entropy chain rule,eb-aep; b-info-fano,2
asymptotic-equipartition,Shannon–McMillan asymptotic equipartition,"-\frac1n\log p(X_1,\ldots,X_n)\xrightarrow{\rm a.s.}\overline H",Information & signals,Divergences and information quantities,Graduate,theorem,"Long typical messages have almost the same exponential probability scale, even when symbols are dependent.","Stationary ergodic finite-alphabet process; natural logs and entropy rate H̄. Without ergodicity, the limit can depend on the ergodic component rather than equal one constant.","For an iid source, typical block probabilities are approximately e^(−nH), and roughly e^(nH) typical messages carry most mass.",Limits and convergence; Information and uncertainty,Entropy rate of a stationary source; Strong law of large numbers,eb-aep,2
binary-symmetric-capacity,Binary symmetric channel capacity,"C=\log2-h_2(p),\qquad h_2(p)=-p\log p-(1-p)\log(1-p)",Information & signals,Channels and lossy coding,Advanced undergraduate,theorem,"Each transmitted binary symbol offers one binary choice, reduced by the uncertainty of an independent flip.","Memoryless binary channel Y=X⊕N with independent Bernoulli(p) noise,0≤p≤1; capacity in nats per channel use. Divide by log2 for bits.",At p=1/2 the output is independent of the input and capacity is zero.,Information and uncertainty; Symmetry and invariance,Capacity of a discrete memoryless channel; Shannon entropy,b-info-capacity,3
binary-erasure-capacity,Binary erasure channel capacity,C=(1-\varepsilon)\log2,Information & signals,Channels and lossy coding,Advanced undergraduate,theorem,A received symbol reveals its entire binary choice or explicitly announces that the choice was erased.,"Memoryless binary channel that independently erases each input with probability ε∈[0,1] and otherwise returns it exactly; erasure is a distinct output symbol. Units are nats per use.",Erasing half of the symbols leaves capacity one-half bit per use.,Averaging; Information and uncertainty,Capacity of a discrete memoryless channel; Conditional Shannon entropy,b-info-capacity,2
gaussian-water-filling,Water-filling for parallel Gaussian channels,"P_j=(\nu-N_j)_+,\quad\sum_jP_j=P,\qquad C=\frac12\sum_j\log\left(1+\frac{P_j}{N_j}\right)",Information & signals,Channels and lossy coding,Graduate,theorem,Allocate power to quieter channels until all used channels have the same combined noise-plus-power level.,Parallel real memoryless additive Gaussian channels with independent noises of variances Nj>0 and total average input power P≥0. Independent Gaussian inputs attain capacity; ν is chosen to satisfy the budget. Units are nats per vector channel use.,A channel whose noise variance exceeds the water level receives no power.,Optimization; Duality,Real Gaussian channel capacity; Karush-Kuhn-Tucker conditions,b-info-channel,2
rate-distortion,Rate-distortion function,"R(D)=\inf_{P_{\widehat X|X}:\ \mathbb E\,d(X,\widehat X)\le D}I(X;\widehat X)",Information & signals,Channels and lossy coding,Graduate,definition,Find the least information a reconstruction must retain to meet an average accuracy requirement.,"Specified source law, reconstruction alphabet and nonnegative distortion d; infimum over conditional reconstruction laws. For finite-alphabet memoryless sources, its operational meaning is the asymptotic block-compression rate with vanishing excess tolerance.","At a distortion large enough for a constant reconstruction, the rate can be zero.",Information and uncertainty; Optimization,Mutual information; Expectation,eb-rate-distortion,2
gaussian-rate-distortion,Gaussian squared-error rate-distortion,"R(D)=\begin{cases}\tfrac12\log(\sigma^2/D)&0<D<\sigma^2,\\0&D\ge\sigma^2,\end{cases}\qquad R(0)=+\infty",Information & signals,Channels and lossy coding,Graduate,theorem,Precision is logarithmically expensive: every fixed factor of error reduction costs the same extra information.,"Memoryless real Gaussian source of variance σ²>0, real reconstructions and mean squared error distortion; nats per source symbol.",Reducing mean squared error by a factor4 costs one additional bit per symbol.,Exponentials and logarithms; Quadratic structure,Rate-distortion function; Gaussian maximum entropy at fixed variance,eb-rate-distortion-examples,2
bernoulli-hamming-rate-distortion,Bernoulli Hamming rate-distortion,"R(D)=\begin{cases}h_2(p)-h_2(D)&0\le D\le\min(p,1-p),\\0&D\ge\min(p,1-p).\end{cases}",Information & signals,Channels and lossy coding,Graduate,theorem,Retaining only approximate bits saves the entropy associated with the allowed error fraction.,"Memoryless Bernoulli(p) source, binary reconstruction, distortion1{x≠x̂},0≤p≤1 and natural-log binary entropy h2 with0log0=0.","For a fair source, R(D)=log2−h2(D) until D=1/2; guessing a constant reaches that zero-rate error.",Information and uncertainty; Optimization,Rate-distortion function; Bernoulli distribution,eb-rate-distortion-examples,2
slepian-wolf-region,Slepian–Wolf separate-compression region,"R_X\ge H(X|Y),\qquad R_Y\ge H(Y|X),\qquad R_X+R_Y\ge H(X,Y)",Information & signals,Channels and lossy coding,Graduate,theorem,"Two encoders can exploit correlation even when they cannot see each other's data, provided the decoder sees both messages.","Iid pairs from a fixed finite-alphabet joint distribution; separate block encoders, joint decoder and error probability tending to zero. The inequalities describe the closure of achievable rates in nats per pair.","If X=Y, the total rate need only equal H(X); one encoder can carry the entire description.",Decomposition; Information and uncertainty,Conditional Shannon entropy; Entropy bound for binary prefix coding,eb-slepian-wolf,2
information-bottleneck,Information bottleneck objective,"\min_{P_{T|X}}\{I(X;T)-\beta I(T;Y)\},\qquad T-X-Y",Information & signals,Channels and lossy coding,Graduate,model,Build a compact summary that forgets details of X while preserving information useful for predicting Y.,"Fixed finite-alphabet joint law PXY, specified finite representation alphabet T and β≥0. The Markov condition means T is generated from X; predictive relevance depends on the chosen Y.",A summary suitable for identifying a speaker need not be suitable for transcribing the words they speak.,Information and uncertainty; Optimization,Mutual information; Data-processing inequality,eb-information-bottleneck,2
sanov-theorem,Sanov large deviations for empirical laws,-\inf_{q\in A^\circ}D(q\|p)\le\liminf_n\frac1n\log\Pr(\widehat P_n\in A)\le\limsup_n\frac1n\log\Pr(\widehat P_n\in A)\le-\inf_{q\in\overline A}D(q\|p),Information & signals,Large deviations and Gaussian information,Graduate,theorem,An empirical distribution unlike the true one costs an exponential probability governed by relative entropy.,"Iid observations on a finite alphabet with strictly positive true probabilities p; A is any Borel subset of its probability simplex, using the usual topology. Infimum of the empty set is+∞; matching interior/closure infima yields a limit.","For a Bernoulli sample whose empirical success rate is near q≠p, the exponent is the Bernoulli KL divergence D(q||p).",Information and uncertainty; Limits and convergence,Empirical distribution function; Kullback-Leibler divergence,eb-sanov,2
stein-error-exponent,Chernoff–Stein testing exponent,"\beta_n^*(\alpha)=\inf_{A:\ P^{\otimes n}(A)\ge1-\alpha}Q^{\otimes n}(A),\qquad-\frac1n\log\beta_n^*(\alpha)\longrightarrow D(P\|Q)",Information & signals,Large deviations and Gaussian information,Graduate,theorem,"With one error probability held below a fixed tolerance, the other can shrink exponentially at a KL-determined rate.","Two distinct strictly positive distributions P,Q on a finite alphabet, iid samples and fixed0<α<1. A is the event of accepting P, so α controls rejection under P and β is erroneous acceptance under Q.",Doubling sample size approximately squares the optimal small type-II error on its leading exponential scale.,Information and uncertainty; Limits and convergence,Neyman-Pearson likelihood-ratio test; Kullback-Leibler divergence,eb-testing-exponents,2
chernoff-information,Chernoff information for symmetric testing,"C(P,Q)=-\min_{0\le s\le1}\log\sum_xp(x)^s q(x)^{1-s},\qquad-\frac1n\log P_e^*(n)\longrightarrow C(P,Q)",Information & signals,Large deviations and Gaussian information,Graduate,theorem,Balance both kinds of classification mistake and choose the exponential tilt at which the two models are hardest to distinguish.,"Distinct strictly positive finite-alphabet distributions, iid samples and fixed positive prior probabilities for the two hypotheses; Pe* is minimum average Bayesian error. Natural logs are used.","Unlike the directed KL exponent, Chernoff information is symmetric in P and Q.",Optimization; Information and uncertainty,Exponential Chernoff bound; Neyman-Pearson likelihood-ratio test,eb-testing-exponents,2
entropy-power-inequality,Entropy power inequality,"N(X+Y)\ge N(X)+N(Y),\qquad N(X)=\frac1{2\pi e}\exp\!\left(\frac{2h(X)}d\right)",Information & signals,Large deviations and Gaussian information,Graduate,theorem,The effective Gaussian variance associated with entropy grows at least additively when independent noises are added.,"Independent R^d-valued vectors with densities, finite second moments and finite differential entropies; natural-log h. Equality holds for nondegenerate Gaussian vectors with proportional covariance matrices.","For independent scalar Gaussians, entropy power equals variance and the inequality becomes variance additivity.",Accumulation; Scaling and homogeneity,Differential entropy; Variance of a sum,eb-entropy-power,2
de-bruijn-identity,de Bruijn entropy derivative,"\frac d{dt}h(X+\sqrt t\,Z)=\frac12J(X+\sqrt t\,Z),\qquad J(Y)=\mathbb E\|\nabla\log p_Y(Y)\|^2",Information & signals,Large deviations and Gaussian information,Graduate,theorem,The rate at which Gaussian smoothing creates entropy is measured by the roughness of the log density.,"X∈R^d with finite second moment, independent Z∼N(0,I), and t>0. J is total spatial Fisher information of the smoothed density; natural-log entropy. A statement at t=0 requires additional regularity.","For X∼N(0,σ²I), both sides equal d/[2(σ²+t)].",Local linearization; Information and uncertainty,Differential entropy; Heat or diffusion equation,eb-i-mmse,3
i-mmse,I-MMSE identity,"\frac d{d\gamma}I(X;\sqrt\gamma X+Z)=\frac12\,\mathbb E\!\left[(X-\mathbb E[X\mid\sqrt\gamma X+Z])^2\right]",Information & signals,Large deviations and Gaussian information,Graduate,theorem,The extra information gained from a slight increase in signal strength equals half the estimation error still left.,"Real X with finite second moment, independent standard normal Z and γ≥0, with the right derivative at zero. Mutual information is in nats; the input distribution is fixed while γ changes.","For X∼N(0,σ²), the MMSE is σ²/(1+γσ²), matching the derivative of (1/2)log(1+γσ²).",Information and uncertainty; Averaging,Mutual information; Conditional expectation,eb-i-mmse,2
gaussian-mutual-information,Mutual information of a Gaussian pair,"I(X;Y)=\frac12\log\frac{\det\Sigma_X\,\det\Sigma_Y}{\det\Sigma_{XY}}=-\frac12\log(1-\rho^2)\quad\text{in the scalar case}",Information & signals,Large deviations and Gaussian information,Advanced undergraduate,identity,"For jointly Gaussian variables, dependence is exactly the reduction in covariance volume from independent to joint uncertainty.","Jointly Gaussian vector (X,Y) with positive-definite full covariance ΣXY and marginal covariance blocks ΣX,ΣY. The scalar formula uses correlation |ρ|<1; logs are natural.",Uncorrelated jointly Gaussian variables have zero mutual information and are independent.,Information and uncertainty; Geometry and distance,Multivariate normal density; Mutual information,b-info-mutual,2
kl-gaussian,KL divergence between Gaussian laws,"D(\mathcal N(\mu_0,\Sigma_0)\|\mathcal N(\mu_1,\Sigma_1))=\frac12\left[\operatorname{tr}(\Sigma_1^{-1}\Sigma_0)+(\mu_1-\mu_0)^\top\Sigma_1^{-1}(\mu_1-\mu_0)-d+\log\frac{\det\Sigma_1}{\det\Sigma_0}\right]",Information & signals,Large deviations and Gaussian information,Advanced undergraduate,identity,"Separate distributional mismatch into covariance shape, mean displacement and normalization volume.",Two real d-dimensional Gaussian laws with positive-definite covariance matrices; natural-log KL. Singular Gaussian cases require support-aware formulas and may have infinite divergence.,"With equal covariance Σ, the divergence is half the squared Mahalanobis distance between means.",Decomposition; Quadratic structure,Multivariate normal density; Kullback-Leibler divergence,b-statistics; b-info-entropy,2
maximum-entropy-exponential,Maximum entropy on a half-line with fixed mean,"X\ge0,\quad\mathbb E X=\mu>0\quad\Longrightarrow\quad h(X)\le1+\log\mu",Information & signals,Large deviations and Gaussian information,Advanced undergraduate,theorem,"With only a nonnegative support and an average size specified, exponential decay spreads uncertainty most.","Absolutely continuous law on [0,∞) with mean μ and well-defined differential entropy; equality exactly for density μ⁻¹e^(−x/μ) almost everywhere. Natural logs.",A mean-one exponential variable has maximal entropy1 nat among nonnegative continuous variables of mean1.,Optimization; Exponentials and logarithms,Exponential waiting time; Gibbs' inequality,b-info-entropy,2
maximum-entropy-moment-dual,Dual of finite maximum-entropy moment matching,\max_{\substack{p\in\Delta_m\\\sum_i p_iT_i=\tau}}H(p)=\min_\theta\left\{\log\sum_{i=1}^m e^{\theta^\top T_i}-\theta^\top\tau\right\},Information & signals,Large deviations and Gaussian information,Graduate,theorem,Find the least-committed probability vector by adjusting prices until model moments match the required moments.,"Finite real feature vectors Ti, target τ in the relative interior of their convex hull, and natural logs. The minimizing parameter may be nonunique along redundant feature directions, but the maximizing probability vector is unique.","With only normalization and no feature constraints, the optimum is uniform and the value is log m.",Duality; Optimization,Entropy variational formula for log-sum-exp; Exponential family and log partition function,eb-exp-family,3
information-geometry-local-kl,Local quadratic expansion of KL,D(P_\theta\|P_{\theta+\delta})=\frac12\delta^\top I(\theta)\delta+o(\|\delta\|^2),Information & signals,Large deviations and Gaussian information,Graduate,theorem,Very close probability models have a quadratic information distance determined by Fisher information.,Finite observation alphabet with strictly positive probabilities that are twice continuously differentiable in a parameter neighborhood; θ interior. Natural logs; I may be singular if parameters are locally redundant.,"For a normal location family with known variance, the corresponding exact KL is δ²/(2σ²).",Local linearization; Geometry and distance,Fisher information; Second-order multivariable Taylor expansion,eb-info-local,3
wasserstein-distance,Wasserstein p-distance,"W_p(\mu,\nu)=\left(\inf_{\pi\in\Pi(\mu,\nu)}\int\|x-y\|^p\,d\pi(x,y)\right)^{1/p}",Information & signals,Probability geometry and transport,Graduate,definition,Match the mass of one distribution to the other and minimize the average cost of moving matched mass.,"Probability laws on R^d with finite pth moments,1≤p<∞; Π(μ,ν) is the set of joint couplings having the required marginals. The infimum is attained and defines a metric.","For two point masses δa and δb, Wp equals ||a−b|| for every p.",Geometry and distance; Optimization,Expectation; Norm axioms and induced norm,eb-optimal-transport,3
kantorovich-duality,Kantorovich–Rubinstein duality,"W_1(\mu,\nu)=\sup_{\operatorname{Lip}(\varphi)\le1}\left\{\int\varphi\,d\mu-\int\varphi\,d\nu\right\}",Information & signals,Probability geometry and transport,Graduate,theorem,The cheapest transport cost equals the largest difference detectable by a function that cannot change faster than distance allows.,"Probability measures on R^d with finite first moments; real1-Lipschitz functions. Constants cancel, so one may impose φ(0)=0 to make integrability explicit.","For point masses at a and b, a suitable distance-aligned linear function attains ||a−b||.",Duality; Geometry and distance,Wasserstein p-distance; Linear programming duality,eb-optimal-transport,3
sinkhorn-scaling,Sinkhorn scaling for entropic transport,"K_{ij}=e^{-C_{ij}/\varepsilon},\quad u^{k+1}=a/(Kv^k),\quad v^{k+1}=b/(K^\top u^{k+1}),\quad P^k=\operatorname{diag}(u^k)K\operatorname{diag}(v^k)",Information & signals,Probability geometry and transport,Graduate,method,Repeatedly fix row totals and column totals of a positive transport table until both marginal budgets agree.,"Strictly positive probability vectors a,b, finite real cost matrix C, ε>0 and positive initialization; division is componentwise. The transport table converges to the unique minimizer of ΣCijPij+εΣPij(logPij−1) with the stated marginals. At fixed ε this is regularized transport.","Uniform a,b make the scaled table have equal row and column sums.",Recursion and iteration; Information and uncertainty,Shannon entropy; Linear programming duality,eb-sinkhorn,3
entropy-continuity-bound,Finite-alphabet entropy continuity bound,"|H(P)-H(Q)|\le h_2(t)+t\log(m-1),\qquad t=\|P-Q\|_{\rm TV}",Information & signals,Probability geometry and transport,Advanced undergraduate,theorem,Changing only a small fraction of probability mass changes entropy by a controlled amount when the alphabet is fixed.,"Two distributions on the same finite alphabet of size m≥2, total variation t∈[0,1], natural logs and binary entropy h2. The bound is not uniform over arbitrarily large alphabets.",For binary laws the bound simplifies to |H(P)−H(Q)|≤h2(t).,Information and uncertainty; Limits and convergence,Shannon entropy; Total variation distance between laws,eb-info-continuity; b-info-fano,2
z-transform,Bilateral z-transform,X(z)=\sum_{n\in\mathbb Z}x[n]z^{-n},Information & signals,Discrete signal transforms,Advanced undergraduate,definition,Encode a whole sequence by weighting each time index with a power of one complex variable.,"Complex sequence on the integers; z≠0 at points of absolute convergence. The region of convergence is part of the transform and can be an annulus, possibly with boundary circles; a rational expression alone does not specify the sequence.","For x[n]=a^n for n≥0 and zero otherwise, X(z)=1/(1−az⁻¹) on |z|>|a|.",Generating functions; Exponentials and logarithms,Finite geometric sum; Euler's formula,eb-z-transform,2
z-shift,Bilateral z-transform shift rule,"\mathcal Z\{x[n-k]\}(z)=z^{-k}X(z),\qquad k\in\mathbb Z",Information & signals,Discrete signal transforms,Advanced undergraduate,identity,A delay of k samples attaches a factor representing k units of waiting.,Bilateral transform and finite integer k; equality holds at every nonzero finite z in the original absolute-convergence region. Behavior at zero or infinity can change. One-sided transforms need boundary terms.,A one-sample delay of the unit impulse has transform z⁻¹.,Symmetry and invariance; Change of coordinates,Bilateral z-transform,eb-z-properties,2
z-convolution,z-transform convolution rule,"(x*y)[n]=\sum_{k\in\mathbb Z}x[k]y[n-k],\qquad \mathcal Z\{x*y\}(z)=X(z)Y(z)",Information & signals,Discrete signal transforms,Advanced undergraduate,theorem,Combining all pairs of time contributions becomes ordinary multiplication of their generating expressions.,"At a nonzero z where both weighted series converge absolutely, the convolution converges absolutely and the identity holds. The resulting transform can have a larger region after cancellation. This is linear convolution on all integers.",Two causal sequences aⁿ and bⁿ have convolution transform [(1−az⁻¹)(1−bz⁻¹)]⁻¹ in their common outer region.,Composition; Generating functions,Bilateral z-transform; Convolution,eb-z-properties,2
discrete-time-fourier-transform,Discrete-time Fourier transform,"X(\omega)=\sum_{n\in\mathbb Z}x[n]e^{-i\omega n},\qquad x[n]=\frac1{2\pi}\int_{-\pi}^{\pi}X(\omega)e^{i\omega n}\,d\omega",Information & signals,Discrete signal transforms,Advanced undergraduate,identity,An aperiodic sequence has a continuous frequency description that repeats every full turn.,Absolute summability x∈ℓ¹(Z) gives a continuous2π-periodic transform and the stated inversion. There is also an ℓ²-to-L² extension. Here ω is angular frequency per sample; this is not a finite DFT.,"The sequence x[0]=x[1]=1, zero elsewhere, has X(ω)=1+e⁻ⁱω.",Duality; Orthogonality,Fourier series and Fourier coefficients; Euler's formula,eb-dtft,2
lti-frequency-response,Exponential eigenfunctions of LTI filters,"T_h(e^{2\pi i\xi t})=\widehat h(\xi)e^{2\pi i\xi t},\qquad (T_hf)(t)=\int_{\mathbb R}h(s)f(t-s)\,ds",Information & signals,Filtering and detection,Advanced undergraduate,identity,A time-invariant linear filter changes each pure frequency's size and phase while preserving its frequency.,"Impulse response h∈L¹(R) and real ξ. The bounded complex exponential makes the displayed integral well-defined; it is a generalized frequency mode, not a square-integrable eigenvector on the whole real line.",A moving average suppresses frequencies whose oscillations cancel within its averaging window.,Symmetry and invariance; Decomposition,Fourier transform; Convolution,eb-dtft,2
wiener-filter,Noncausal Wiener filter for additive noise,"Y=S+N,\qquad H(\omega)=\frac{S_S(\omega)}{S_S(\omega)+S_N(\omega)}",Information & signals,Filtering and detection,Advanced undergraduate,method,Keep frequencies in proportion to how much of their observed power is expected to be signal.,"Zero-mean jointly wide-sense stationary discrete-time signal S and noise N, uncorrelated at all lags, with integrable spectral densities. The formula gives the mean-square optimal noncausal linear estimator in the closed span of all observations. Set H=0 where both spectra vanish. It need not be causal or have an absolutely summable impulse response.","If signal and noise have equal power at a frequency, that frequency is multiplied by one half.",Orthogonality; Averaging,Wiener-Khinchin relation; Averaging as orthogonal projection,eb-wiener,2
matched-filter,Matched-filter signal-to-noise optimum,"\max_{w\ne0}\frac{|w^*s|^2}{\sigma^2\|w\|^2}=\frac{\|s\|^2}{\sigma^2},\qquad w=c\,s\quad(c\ne0)",Information & signals,Filtering and detection,Advanced undergraduate,theorem,"To detect a known shape in equally noisy coordinates, add the data with weights matching that shape.","Nonzero deterministic signal s∈Cⁿ and additive mean-zero noise with covariance E[NN*]=σ²I, σ>0. The criterion is output squared signal divided by noise variance; Gaussianity is unnecessary for this SNR optimum.","For a real pulse with samples(1,2,1), the statistic y1+2y2+y3 collects its energy; convolution implements this with a time-reversed template.",Orthogonality; Optimization,Cauchy–Schwarz inequality; Covariance under a linear map,eb-matched-filter,2
short-time-fourier-transform,Short-time Fourier transform,"V_gf(\tau,\xi)=\int_{\mathbb R}f(t)\overline{g(t-\tau)}e^{-2\pi i\xi t}\,dt",Information & signals,Time-frequency representations,Advanced undergraduate,definition,Slide a window across a signal and measure the frequencies visible within each window.,"f,g∈L²(R), g nonzero, and real τ,ξ. Cauchy–Schwarz makes each displayed integral absolutely convergent. ξ is cycles per unit time. Window choice sets the time-frequency resolution.",A rising chirp traces a rising frequency band in |Vgf|² even though its whole-signal Fourier transform does not record when each frequency occurred.,Decomposition; Geometry and distance,Fourier transform; Inner product,eb-time-frequency,2
continuous-wavelet-transform,Continuous wavelet transform,"W_\psi f(a,b)=\frac1{\sqrt{|a|}}\int_{\mathbb R}f(t)\overline{\psi\!\left(\frac{t-b}{a}\right)}\,dt,\qquad a\ne0",Information & signals,Time-frequency representations,Advanced undergraduate,definition,Compare a signal with shifted copies of one shape at many zoom levels.,"f,ψ∈L²(R), ψ nonzero; a∈R\{0}, b∈R. The normalization preserves the template's L² norm. The admissibility condition ∫|ψ̂(ξ)|²/|ξ|dξ<∞ is additionally needed for the usual reconstruction theorem.",A short oscillating feature produces a large coefficient when the template's location and scale fit it.,Scaling and homogeneity; Decomposition,Fourier scaling rule; Inner product,eb-time-frequency,2
hilbert-transform-analytic-signal,Hilbert transform and analytic signal,"\widehat{\mathcal Hf}(\xi)=-i\,\operatorname{sgn}(\xi)\widehat f(\xi),\qquad f_a=f+i\mathcal Hf,\qquad \widehat f_a(\xi)=2\mathbf1_{\{\xi>0\}}\widehat f(\xi)",Information & signals,Time-frequency representations,Advanced undergraduate,definition,Build a quadrature partner for a real signal so the combined complex signal retains only positive frequencies.,"Real f∈L²(R), with the Fourier transform defined using e⁻²πⁱξt and the Hilbert transform defined by its L² multiplier. The last equality is almost everywhere; a possible value at ξ=0 is irrelevant in L². A principal-value integral needs its own pointwise hypotheses.","In the periodic analogue, H(cos t)=sin t and cos t+i sin t=eⁱt.",Decomposition; Change of coordinates,Fourier transform; Euler's formula,eb-analytic-signal,2
cauchy-binet,Cauchy–Binet formula,"\det(AB)=\sum_{\substack{S\subseteq\{1,\ldots,n\}\\|S|=m}}\det(A_{:,S})\det(B_{S,:})",Linear algebra,Determinants and multilinear structure,Advanced undergraduate,identity,A determinant of a composite sums the volume contributions from every intermediate coordinate plane.,"A is m×n and B is n×m over a commutative field, with m≤n; index subsets use increasing order.","For B=Aᵀ, each summand is a squared maximal minor.",Decomposition; Counting,Determinant; Matrix multiplication,c-axler; ec-matrix,2
matrix-determinant-lemma,Matrix determinant lemma,\det(A+uv^*)=\det(A)\bigl(1+v^*A^{-1}u\bigr),Linear algebra,Determinants and multilinear structure,Undergraduate,identity,A rank-one change modifies volume by a single scalar factor.,"A is an invertible n×n real or complex matrix; u,v are n-vectors and * denotes conjugate transpose.",For A=I the new determinant is 1+v*u.,Decomposition; Geometry and distance,Determinant; Inverse by the adjugate,c-axler; ec-matrix,3
sylvester-determinant-identity,Sylvester determinant identity,\det(I_m+AB)=\det(I_n+BA),Linear algebra,Determinants and multilinear structure,Advanced undergraduate,identity,A coupled transformation has the same nontrivial determinant contribution whether tracked through its input or output space.,A is m×n and B is n×m over a commutative field. Neither matrix need be square or invertible.,A tall matrix can reduce a large determinant to one of smaller dimension.,Duality; Decomposition,Determinant; Schur complement,c-axler; ec-matrix,2
determinant-exponential,Determinant of a matrix exponential,\det(e^A)=e^{\operatorname{tr}A},Linear algebra,Determinants and multilinear structure,Advanced undergraduate,identity,Trace adds infinitesimal expansion rates; exponentiation turns their sum into total volume scaling.,"A is any finite square complex matrix, including real matrices; no diagonalizability is assumed.","For a trace-zero real matrix, eᵗᴬ preserves oriented volume for every real t.",Exponentials and logarithms; Conservation and balance,Matrix exponential; Trace,c-axler; ec-matrix,3
schur-triangularization,Complex Schur triangularization,"A=UTU^*,\qquad U^*U=I,\qquad T\ \text{upper triangular}",Linear algebra,Determinants and multilinear structure,Advanced undergraduate,theorem,"An orthonormal change of coordinates makes every complex linear map triangular, even when eigenvectors do not form a basis.","A is a finite complex square matrix; U is unitary and diagonal entries of T are the eigenvalues with multiplicity. This is an existence statement, not an algorithm.",A defective Jordan block is already triangular but cannot be diagonalized.,Change of coordinates; Decomposition,Eigenvalues and eigenvectors; Gram–Schmidt orthogonalization,c-axler; ec-matrix,2
simultaneous-diagonalization,Simultaneous diagonalization of commuting Hermitian matrices,"AB=BA\quad\Longleftrightarrow\quad A=U\Lambda U^*,\ B=U M U^*",Linear algebra,Determinants and multilinear structure,Advanced undergraduate,theorem,Commuting self-adjoint measurements can be resolved in one common set of orthogonal directions.,"A,B are Hermitian n×n matrices over C, or real symmetric matrices with orthogonal U; Λ and M are real diagonal.",Two diagonal matrices commute because each coordinate is processed independently.,Symmetry and invariance; Decomposition,Spectral theorem in finite dimensions,c-axler; ec-matrix,4
cauchy-eigenvalue-interlacing,Eigenvalue interlacing for a principal submatrix,"\lambda_i(A)\le\lambda_i(B)\le\lambda_{i+1}(A),\qquad1\le i<n",Linear algebra,Determinants and multilinear structure,Advanced undergraduate,theorem,"Removing one coordinate constrains allowable directions, trapping each new eigenvalue between two old ones.","A is n×n Hermitian, n≥2; B is a principal (n−1)×(n−1) submatrix; eigenvalues are sorted increasingly.",Deleting a graph vertex gives an adjacency principal submatrix with interlacing eigenvalues.,Optimization; Geometry and distance,Courant–Fischer min–max principle,c-axler; ec-matrix,2
weyl-eigenvalue-inequality,Weyl eigenvalue bounds for a Hermitian sum,\lambda_i(A)+\lambda_1(B)\le\lambda_i(A+B)\le\lambda_i(A)+\lambda_n(B),Linear algebra,Determinants and multilinear structure,Advanced undergraduate,theorem,Adding B shifts every ordered eigenvalue by an amount between B’s weakest and strongest quadratic effects.,"A,B are n×n Hermitian and eigenvalues are indexed increasingly, 1≤i≤n.","If −εI≼B≼εI, every eigenvalue shifts by at most ε.",Optimization; Quadratic structure,Courant–Fischer min–max principle; Rayleigh quotient,c-axler; ec-matrix,2
schur-product-theorem,Schur product theorem,"A\succeq0,\ B\succeq0\quad\Longrightarrow\quad A\circ B\succeq0,\qquad(A\circ B)_{ij}=A_{ij}B_{ij}",Linear algebra,Determinants and multilinear structure,Advanced undergraduate,theorem,Entrywise products preserve positive-semidefinite Gram structure by pairing the feature vectors through tensor products.,"A,B are Hermitian positive-semidefinite matrices of equal finite size over R or C.",Multiplying two valid covariance-kernel matrices entrywise gives another positive-semidefinite matrix.,Quadratic structure; Composition,Inner product; Tensor product universal property,c-axler; ec-matrix,3
hadamard-determinant-inequality,Hadamard determinant inequality,|\det A|\le\prod_{j=1}^{n}\|a_j\|_2,Linear algebra,Determinants and multilinear structure,Undergraduate,theorem,A parallelepiped has maximal volume when its edge directions are perpendicular.,"A is a real or complex square matrix with columns aⱼ. A zero column gives equality automatically; when every column is nonzero, equality holds iff the columns are pairwise orthogonal.",Unit-length columns give determinant magnitude at most one.,Orthogonality; Geometry and distance,Gram determinant and volume; Gram–Schmidt orthogonalization,c-axler; ec-matrix,2
pfaffian,Pfaffian and skew-symmetric determinant,"\operatorname{pf}(A)=\frac{1}{2^n n!}\sum_{\sigma\in S_{2n}}\operatorname{sgn}(\sigma)\prod_{j=1}^{n}a_{\sigma(2j-1),\sigma(2j)},\qquad\det A=\operatorname{pf}(A)^2",Linear algebra,Determinants and multilinear structure,Graduate,identity,A skew-symmetric determinant is the square of a signed sum over pairings. Pairing is the natural building block of an alternating bilinear form.,A is a 2n×2n skew-symmetric real or complex matrix; n≥0 and the empty Pfaffian is 1.,"For a 2×2 matrix with upper-right entry a, the Pfaffian is a and the determinant is a².",Counting; Algebraic structure,Determinant; Wedge product and graded commutativity,ec-pfaffian,4
minimal-polynomial-matrix,Minimal polynomial of a linear operator,"m_A(A)=0,\qquad p(A)=0\Longleftrightarrow m_A\mid p",Linear algebra,Determinants and multilinear structure,Advanced undergraduate,definition,The shortest monic polynomial relation among powers of A generates every polynomial relation satisfied by A.,A is an endomorphism of a nonzero finite-dimensional vector space over a field; mₐ is monic of least positive degree with mₐ(A)=0.,A nonidentity matrix with A²=I in characteristic not two has minimal polynomial dividing (t−1)(t+1).,Algebraic structure; Decomposition,Cayley–Hamilton theorem; Polynomial division algorithm,c-axler; ec-matrix,2
rational-canonical-form,Rational canonical form,"A\sim\operatorname{diag}(C(f_1),\ldots,C(f_r)),\qquad f_1\mid f_2\mid\cdots\mid f_r",Linear algebra,Determinants and multilinear structure,Advanced undergraduate,theorem,A linear map is assembled from cyclic blocks describing how repeated application acts on one starting vector.,"A is a nonempty square matrix over a field; fᵢ are monic nonconstant invariant factors, C(fᵢ) their companion matrices, and the ordered invariant factors are unique.",A real rotation can be represented by a quadratic companion block without introducing complex eigenvalues.,Recursion and iteration; Decomposition,Minimal polynomial of a linear operator; Change of basis and similarity,c-axler; ec-matrix,3
primary-decomposition-linear,Primary decomposition of a linear operator,m_A(t)=\prod_{j=1}^{r}p_j(t)^{a_j}\quad\Longrightarrow\quad V=\bigoplus_{j=1}^{r}\ker p_j(A)^{a_j},Linear algebra,Determinants and multilinear structure,Advanced undergraduate,theorem,Coprime polynomial factors separate a linear system into independent invariant parts.,V is finite-dimensional over a field; pⱼ are distinct monic irreducible factors of the minimal polynomial and aⱼ≥1.,Over C the pieces are generalized eigenspaces.,Decomposition; Algebraic structure,Minimal polynomial of a linear operator; Bézout’s identity,c-axler; ec-matrix,2
rank-product-inequality,Sylvester rank inequality,"\operatorname{rank}A+\operatorname{rank}B-n\le\operatorname{rank}(AB)\le\min(\operatorname{rank}A,\operatorname{rank}B)",Linear algebra,Determinants and multilinear structure,Undergraduate,theorem,Composition can lose only the directions sent by B into A’s kernel.,A is m×n and B is n×p over a field. A negative lower bound remains true but uninformative.,Two rank n operators on an n-dimensional space have a rank n product.,Decomposition; Counting,Rank–nullity theorem; Matrix multiplication,c-axler; ec-matrix,2
vectorization-identity,Vectorization of a matrix product,\operatorname{vec}(AXB)=(B^{\mathsf T}\otimes A)\operatorname{vec}(X),Linear algebra,Determinants and multilinear structure,Advanced undergraduate,identity,A two-sided matrix action becomes an ordinary linear map on one long column of entries.,"A,X,B are finite matrices over one field with compatible sizes; vec stacks columns, and T is ordinary transpose even over C.",A matrix-valued linear equation can be regarded as a vector-valued one.,Change of coordinates; Composition,Kronecker product; Matrix multiplication,c-axler; ec-matrix,2
kronecker-sum-spectrum,Spectrum of a Kronecker sum,"A\oplus B=A\otimes I_n+I_m\otimes B,\qquad\operatorname{spec}(A\oplus B)=\{\lambda_i(A)+\lambda_j(B)\}_{i,j}",Linear algebra,Determinants and multilinear structure,Advanced undergraduate,identity,Independent additive actions on two factors produce every pairwise sum of their spectral values.,"A is m×m and B is n×n over C; eigenvalues on the right include algebraic multiplicity. The symbol ⊕ here denotes Kronecker sum, not block direct sum.",A separable grid Laplacian has eigenvalues equal to sums of one-dimensional Laplacian eigenvalues.,Decomposition; Composition,Kronecker product; Eigenvalues and eigenvectors,c-axler; ec-matrix,2
kronecker-determinant,Determinant of a Kronecker product,\det(A\otimes B)=\det(A)^n\det(B)^m,Linear algebra,Determinants and multilinear structure,Advanced undergraduate,identity,"Each eigenvalue of one factor pairs with every eigenvalue of the other, multiplying the total volume factors repeatedly.",A is m×m and B is n×n over a commutative field.,"For A=2I₂ and B=3I₃, A⊗B=6I₆ and both sides equal 6⁶.",Scaling and homogeneity; Composition,Kronecker product; Determinant,c-axler; ec-matrix,2
exterior-power-dimension,Dimension and top action of an exterior power,"\dim\Lambda^k V=\binom nk,\qquad\Lambda^nT=(\det T)\operatorname{id}_{\Lambda^nV}",Linear algebra,Determinants and multilinear structure,Advanced undergraduate,identity,"Alternating tensors keep distinct directions without ordering them twice. In top degree, every linear map acts by one scalar: its determinant.","V has finite dimension n over a field, 0≤k≤n; T is an endomorphism. Wedges of increasing basis indices form a basis.",In three dimensions the space of oriented area elements Λ²V has dimension three.,Counting; Geometry and distance,Wedge product and graded commutativity; Determinant,c-axler; ec-matrix,3
symmetric-power-dimension,Dimension of a symmetric power,\dim\operatorname{Sym}^k V=\binom{n+k-1}{k},Linear algebra,Determinants and multilinear structure,Advanced undergraduate,identity,"Symmetric tensors remember how often each direction is selected, rather than the order of selection.","V is n-dimensional over a field, n≥1, k≥0; SymᵏV is the degree-k part of the symmetric algebra, defined as a quotient of the tensor algebra.",Homogeneous degree-three polynomials in two variables have four monomials.,Counting; Symmetry and invariance,Tensor product universal property; Stars and bars,c-axler; ec-matrix,3
matrix-completing-square,Completing the square for a quadratic polynomial,x^{\mathsf T}Ax+b^{\mathsf T}x+c=(x+\tfrac12A^{-1}b)^{\mathsf T}A(x+\tfrac12A^{-1}b)+c-\tfrac14b^{\mathsf T}A^{-1}b,Linear algebra,Determinants and multilinear structure,Undergraduate,identity,Translate a multivariable quadratic to remove its linear term and expose its center.,"A is a real symmetric invertible matrix; b,x are compatible real vectors and c is real. A positive-definite A gives a unique minimum; an indefinite A need not.","For A=I, the center is −b/2.",Quadratic structure; Optimization,Quadratic form; Completing the square,c-axler; ec-matrix,4
cayley-transform-matrix,Cayley transform of a skew-Hermitian matrix,"U=(I-A)(I+A)^{-1},\qquad A^*=-A\Longrightarrow U^*U=I",Linear algebra,Determinants and multilinear structure,Advanced undergraduate,theorem,A rational change of coordinates converts an infinitesimal rotation into an exact length-preserving map.,"A is a finite complex skew-Hermitian matrix, so I+A is invertible. The inverse A=(I−U)(I+U)⁻¹ is defined for unitary U without eigenvalue −1. Real skew-symmetric A gives orthogonal U.",A 2×2 real skew matrix produces a planar rotation by a rational formula.,Change of coordinates; Geometry and distance,Adjoint of a linear map; Inverse by the adjugate,c-axler; ec-matrix,3
frobenius-inner-product,Frobenius inner product on matrix space,"\langle A,B\rangle_F=\operatorname{tr}(A^*B)=\sum_{i,j}\overline{a_{ij}}b_{ij},\qquad\|A\|_F^2=\sum_j\sigma_j(A)^2",Linear algebra,Determinants and multilinear structure,Undergraduate,identity,Treat all matrix entries as one Euclidean vector while retaining a basis-independent trace expression.,"A,B have equal finite size over R or C; singular values include multiplicity. The Frobenius norm differs from the operator norm in general.",An identity n×n matrix has Frobenius norm √n but operator norm one.,Quadratic structure; Orthogonality,Inner product; Trace; Singular value decomposition,c-axler; ec-matrix,4
spectral-projectors-polynomial,Spectral projectors by polynomial interpolation,"P_j=\prod_{k\ne j}\frac{A-\lambda_kI}{\lambda_j-\lambda_k},\qquad A=\sum_j\lambda_jP_j,\qquad I=\sum_jP_j",Linear algebra,Determinants and multilinear structure,Advanced undergraduate,identity,Build a filter that is one on a chosen eigenspace and zero on every other eigenspace.,"A is diagonalizable over a field; λ₁,…,λᵣ are its distinct eigenvalues. The Pⱼ need not be orthogonal unless A is normal in an inner-product setting.","For eigenvalues 0 and 1, the projectors are I−A and A.",Decomposition; Algebraic structure,Diagonalization; Lagrange interpolation,c-axler; ec-matrix,2
group-second-isomorphism,Second isomorphism theorem for groups,H/(H\cap N)\cong HN/N,Abstract algebra,Groups and quotients,Advanced undergraduate,theorem,Taking a subgroup and then forgetting a normal subgroup removes exactly their overlap.,"H≤G and N is normal in G. Then HN is a subgroup, H∩N is normal in H, and h(H∩N) maps to hN.","For G=Z, H=2Z and N=3Z, both quotients have order three.",Decomposition; Algebraic structure,First isomorphism theorem,ec-milne-groups,2
group-third-isomorphism,Third isomorphism theorem for groups,(G/N)/(H/N)\cong G/H,Abstract algebra,Groups and quotients,Advanced undergraduate,theorem,Forgetting distinctions in two stages agrees with forgetting their total effect at once.,N and H are normal subgroups of G with N⊆H. The isomorphism sends (gN)(H/N) to gH.,Reducing integers first modulo 12 and then modulo the subgroup generated by 4 leaves Z/4Z.,Composition; Algebraic structure,Quotient group; First isomorphism theorem,ec-milne-groups,2
subgroup-correspondence,Subgroup correspondence for a quotient,"\{H\le G:N\subseteq H\}\longleftrightarrow\{K\le G/N\},\qquad H\mapsto H/N,\quad K\mapsto q^{-1}(K)",Abstract algebra,Groups and quotients,Advanced undergraduate,theorem,A quotient keeps precisely the subgroups that already contain everything being collapsed.,N is normal in G and q:G→G/N is the quotient map. The correspondence preserves inclusion and normality.,Subgroups of Z/12Z correspond to subgroups of Z containing 12Z.,Algebraic structure; Change of coordinates,Quotient group,ec-milne-groups,2
semidirect-product,Semidirect product,"(n,h)(n_1,h_1)=(n\,\phi(h)(n_1),\,hh_1),\qquad G=N\rtimes_\phi H",Abstract algebra,Groups and quotients,Advanced undergraduate,definition,Combine two groups while allowing one factor to change how the other is viewed during multiplication.,"N,H are groups and φ:H→Aut(N) is a homomorphism. The displayed law is on N×H.",The dihedral group combines cyclic rotations with a reflection that inverts them.,Composition; Symmetry and invariance,Direct product of groups; Group action,ec-milne-groups,2
commutator-subgroup,Commutator subgroup,"[G,G]=\langle ghg^{-1}h^{-1}:g,h\in G\rangle",Abstract algebra,Groups and quotients,Advanced undergraduate,definition,Collect every obstruction to swapping the order of two group operations.,G is a group; angle brackets mean the subgroup generated by all displayed commutators. This subgroup is normal.,For S₃ the commutator subgroup is A₃.,Algebraic structure; Symmetry and invariance,Group axioms; Quotient group,ec-milne-groups,2
abelianization,Abelianization and its universal property,"G_{\mathrm{ab}}=G/[G,G],\qquad\operatorname{Hom}(G_{\mathrm{ab}},A)\cong\operatorname{Hom}(G,A)",Abstract algebra,Groups and quotients,Advanced undergraduate,theorem,Erase exactly the noncommutative information that no abelian target can detect.,G is a group and A is an abelian group; the bijection is induced by composing with G→Gab.,The abelianization of a free group on r generators is Zʳ.,Algebraic structure; Information and uncertainty,Commutator subgroup; Quotient group,ec-milne-groups,2
derived-series-solvability,Derived series and solvable groups,"G^{(0)}=G,\qquad G^{(k+1)}=[G^{(k)},G^{(k)}],\qquad G\text{ solvable}\iff G^{(r)}=\{e\}\text{ for some }r",Abstract algebra,Groups and quotients,Advanced undergraduate,definition,Repeatedly remove the abelian part and inspect the remaining noncommutativity. Solvability means this process eventually ends.,G is any group and r is a finite nonnegative integer. Finite nonabelian groups need not be solvable.,"S₃ has derived series S₃, A₃, {e}.",Recursion and iteration; Decomposition,Commutator subgroup,ec-milne-groups,2
free-group-universal,Free group universal property,"\operatorname{Hom}_{\mathrm{Grp}}(F(S),G)\cong\operatorname{Map}(S,G)",Abstract algebra,Groups and quotients,Advanced undergraduate,definition,Choose images of generators freely; every word then has a uniquely forced image.,"S is a set, G a group, and F(S) the group of reduced finite words in symbols s and s⁻¹. The bijection restricts a homomorphism to generators.",The free group on one generator is Z; on two generators it is noncommutative.,Composition; Algebraic structure,Group axioms; Group homomorphism,ec-milne-groups,2
group-presentation,Presentation by generators and relations,\langle S\mid R\rangle=F(S)/\langle\!\langle R\rangle\!\rangle,Abstract algebra,Groups and quotients,Advanced undergraduate,definition,Start with all possible words and identify those forced equal by the declared relations.,R is a set of words in the free group F(S); double brackets denote its normal closure. Relations are imposed as words equal to the identity.,A cyclic group of order n has presentation ⟨a∣aⁿ=1⟩.,Algebraic structure; Decomposition,Free group universal property; Quotient group,ec-milne-groups,3
jordan-holder-groups,Jordan–Hölder theorem for finite groups,"G=G_0\triangleright G_1\triangleright\cdots\triangleright G_r=\{e\},\qquad\{G_i/G_{i+1}\}_{i=0}^{r-1}\text{ unique up to permutation and isomorphism}",Abstract algebra,Groups and quotients,Advanced undergraduate,theorem,Different ways of peeling a finite group into simple layers yield the same list of irreducible group factors.,Each successive subgroup is normal in the preceding one and each quotient is nontrivial simple; G is finite. The actual subgroups and their order need not be unique.,Any composition series of S₃ has factors C₂ and C₃.,Decomposition; Symmetry and invariance,Quotient group,ec-milne-groups,2
ring-chinese-remainder,Chinese remainder theorem for rings,"R/\bigcap_{i=1}^{r}I_i\cong\prod_{i=1}^{r}R/I_i,\qquad\bigcap_iI_i=\prod_iI_i",Abstract algebra,Rings and fields,Advanced undergraduate,theorem,Independent congruence conditions split one ring into separate coordinate rings.,"R is commutative with identity; I₁,…,Iᵣ is a nonempty finite family of pairwise comaximal ideals, meaning Iᵢ+Iⱼ=R for i≠j.",Distinct linear factors split k[x]/∏(x−aᵢ) into copies of k.,Decomposition; Algebraic structure,Quotient ring; Chinese remainder theorem,ec-stacks-algebra; c-extensions,2
prime-ideal-domain,Prime ideal quotient criterion,R/\mathfrak p\text{ is an integral domain}\iff\mathfrak p\text{ is prime},Abstract algebra,Rings and fields,Advanced undergraduate,theorem,A prime ideal removes elements without creating zero divisors among the surviving nonzero classes.,R is a commutative ring with identity and p is a proper ideal; prime means ab∈p implies a∈p or b∈p.,"(x) is prime in k[x,y], since the quotient is k[y].",Algebraic structure; Decomposition,Quotient ring,ec-stacks-algebra; c-extensions,3
gauss-polynomial-lemma,Gauss’s lemma for primitive polynomials,"c(fg)\sim c(f)c(g),\qquad f\text{ primitive}:\quad f\text{ irreducible in }R[x]\iff f\text{ irreducible in }K[x]",Abstract algebra,Rings and fields,Advanced undergraduate,theorem,"Common factors in coefficients behave multiplicatively, so factorization over fractions can be cleared back to integral coefficients.","R is a unique-factorization domain, K its fraction field, f,g are nonzero polynomials, and c is coefficient gcd up to units. The irreducibility statement assumes f is primitive and nonconstant.",A primitive integer polynomial factors over Q exactly when it factors nontrivially over Z.,Algebraic structure; Decomposition,Polynomial division algorithm; Fundamental theorem of arithmetic,ec-stacks-algebra; c-extensions,2
eisenstein-criterion,Eisenstein irreducibility criterion,"p\nmid a_n,\quad p\mid a_i\ (i<n),\quad p^2\nmid a_0\quad\Longrightarrow\quad a_nx^n+\cdots+a_0\text{ irreducible over }\mathbb Q",Abstract algebra,Rings and fields,Advanced undergraduate,theorem,Reduction modulo a prime forces every prospective factor to have a highly restricted shape; the constant term prevents both factors from existing.,"n≥1, all aᵢ are integers, aₙ≠0 and p is prime.",x⁵−2 is irreducible over Q using p=2.,Algebraic structure; Decomposition,Gauss’s lemma for primitive polynomials; Congruence modulo an integer,ec-stacks-algebra; c-extensions,2
minimal-polynomial-field,Minimal polynomial and a simple field extension,"F(\alpha)\cong F[x]/(m_\alpha),\qquad[F(\alpha):F]=\deg m_\alpha",Abstract algebra,Rings and fields,Advanced undergraduate,theorem,An algebraic number is described by one irreducible polynomial relation; every expression in it reduces to a bounded list of powers.,α is algebraic over a field F and mα is its monic minimal polynomial. The isomorphism evaluates x at α.,"Q(√2) has basis 1,√2 because the minimal polynomial is x²−2.",Algebraic structure; Decomposition,Polynomial remainder and factor theorem; Tower law for field extensions,ec-stacks-algebra; c-extensions,2
primitive-element-theorem,Primitive element theorem,L/F\text{ finite separable}\quad\Longrightarrow\quad L=F(\alpha)\text{ for some }\alpha\in L,Abstract algebra,Rings and fields,Advanced undergraduate,theorem,A finite separable extension with many algebraic generators can be encoded by a single well-chosen element.,L/F is a finite separable field extension. Separability is essential over imperfect fields.,"Q(√2,√3)=Q(√2+√3).",Decomposition; Algebraic structure,Minimal polynomial and a simple field extension; Fundamental theorem of Galois theory,ec-stacks-algebra; c-extensions,2
separable-polynomial-criterion,Repeated-root criterion by a formal derivative,"f\text{ has no repeated roots in }\overline F\iff\gcd(f,f^{\prime})=1",Abstract algebra,Rings and fields,Advanced undergraduate,theorem,A repeated zero is detected simultaneously by a polynomial and its rate-of-change polynomial.,"f is a nonconstant polynomial over a field F; f′ is its formal derivative, including in positive characteristic; gcd is monic.","Over characteristic p, xᵖ−a has zero derivative and is inseparable unless its degree has collapsed.",Local linearization; Algebraic structure,Polynomial remainder and factor theorem; Euclidean algorithm,ec-stacks-algebra; c-extensions,2
ring-localization,Localization of a commutative ring,"S^{-1}R=\{a/s:a\in R,\ s\in S\},\qquad a/s=b/t\iff\exists u\in S:\ u(at-bs)=0",Abstract algebra,Rings and fields,Advanced undergraduate,definition,Declare a selected set of elements invertible and allow exactly the fractions this requires.,"R is commutative with identity; S is multiplicatively closed, contains 1 and does not contain 0. Zero divisors may still make R→S⁻¹R noninjective.",Localizing Z at all nonzero integers gives Q; localizing away from a prime gives Z₍ₚ₎.,Change of coordinates; Algebraic structure,Ring structure and distributivity; Modular inverse criterion,ec-stacks-algebra; c-extensions,5
noetherian-ring,Noetherian ring condition,I_1\subseteq I_2\subseteq\cdots\ \Longrightarrow\ \exists N\ \forall n\ge N:\ I_n=I_N,Abstract algebra,Rings and fields,Advanced undergraduate,definition,An indefinitely growing list of algebraic constraints eventually adds nothing new.,R is a commutative ring with identity. The displayed ascending-chain condition on ideals is equivalent to every ideal being finitely generated.,Z and polynomial rings in finitely many variables over a field are Noetherian.,Limits and convergence; Algebraic structure,Quotient ring,ec-stacks-algebra; c-extensions,2
hilbert-basis-theorem,Hilbert basis theorem,"R\text{ Noetherian}\quad\Longrightarrow\quad R[x_1,\ldots,x_n]\text{ Noetherian}",Abstract algebra,Rings and fields,Advanced undergraduate,theorem,Adding finitely many polynomial variables preserves the ability to describe every ideal using finitely many equations.,R is a commutative Noetherian ring and n is a finite nonnegative integer.,Every ideal of real polynomials in three variables has a finite generating list.,Algebraic structure; Recursion and iteration,Noetherian ring condition; Polynomial division algorithm,ec-stacks-algebra; c-extensions,3
nakayama-lemma,Nakayama’s lemma,"IM=M,\quad I\subseteq\operatorname{Jac}(R)\quad\Longrightarrow\quad M=0",Abstract algebra,Rings and fields,Graduate,theorem,A finite module cannot be entirely generated by multiples from a universally noninvertible ideal unless it is already zero.,"R is commutative with identity, M a finitely generated R-module, and I an ideal inside the Jacobson radical, the intersection of maximal ideals.","For a local ring with maximal ideal m, elements spanning M/mM lift to generators of M.",Algebraic structure; Local linearization,Noetherian ring condition; Maximal ideals and fields,ec-stacks-algebra; c-extensions,2
pid-module-structure,Structure theorem for finitely generated modules over a PID,"M\cong R^r\oplus R/(d_1)\oplus\cdots\oplus R/(d_s),\qquad d_1\mid\cdots\mid d_s",Abstract algebra,Modules and homological algebra,Advanced undergraduate,theorem,Separate freely moving coordinates from coordinates constrained by divisibility relations.,"R is a principal ideal domain, M a finitely generated R-module, r≥0, and dᵢ are nonzero nonunits. Rank and invariant factors are unique, the latter up to units.","For R=Z this describes every finitely generated abelian group, including infinite free parts.",Decomposition; Algebraic structure,Structure theorem for finite abelian groups; Quotient ring,ec-stacks-algebra; ec-representations,2
smith-normal-form,Smith normal form,"PAQ=\operatorname{diag}(d_1,\ldots,d_r,0,\ldots,0),\qquad d_1\mid\cdots\mid d_r",Abstract algebra,Modules and homological algebra,Advanced undergraduate,theorem,Independent invertible row and column changes expose divisibility relations in a matrix over a principal ideal domain.,"A is an m×n matrix over a PID; P and Q are invertible over that same ring, r is the rank over its fraction field, and nonzero dᵢ are unique up to units. This is a structural theorem.",An integer matrix’s Smith factors describe the torsion of its cokernel.,Change of coordinates; Decomposition,Structure theorem for finitely generated modules over a PID; Change of basis and similarity,ec-stacks-algebra; ec-representations,2
split-short-exact-sequence,Splitting a short exact sequence,"0\to A\xrightarrow{i}B\xrightarrow{p}C\to0,\quad p\,s=\operatorname{id}_C\quad\Longrightarrow\quad B\cong A\oplus C",Abstract algebra,Modules and homological algebra,Advanced undergraduate,theorem,"If quotient data can be lifted consistently, the middle object separates into the kernel and a complementary copy of the quotient.","The sequence is exact in modules over a ring, or abelian groups; s:C→B must be a module homomorphism. The isomorphism sends (a,c) to i(a)+s(c).","Every short exact sequence of vector spaces splits, but 0→Z→Z→Z/2Z→0 with first map ×2 does not.",Decomposition; Duality,Exactness of consecutive maps; Direct product of groups,ec-stacks-algebra; ec-representations,3
snake-lemma,Snake lemma,0\to\ker a\to\ker b\to\ker c\xrightarrow{\delta}\operatorname{coker}a\to\operatorname{coker}b\to\operatorname{coker}c\to0,Abstract algebra,Modules and homological algebra,Graduate,theorem,A compatible pair of exact rows transfers a failed lift into a precise connecting obstruction.,"Start with a commutative diagram of short exact sequences 0→A→B→C→0 and 0→A′→B′→C′→0 with vertical module maps a,b,c. Then the displayed sequence is exact.","Connecting homomorphisms in homology are constructed by lifting, applying a map, and measuring the remaining class.",Decomposition; Boundary and interior,Exactness of consecutive maps; Homology as cycles modulo boundaries,ec-stacks-algebra; ec-representations,2
projective-module,Projective module lifting property,"p:E\twoheadrightarrow M,\quad f:P\to M\quad\Longrightarrow\quad\exists\widetilde f:P\to E:\ p\widetilde f=f",Abstract algebra,Modules and homological algebra,Graduate,definition,A projective module can lift its maps across every surjection without getting trapped by relations.,"P is a module over a unital ring; the property is required for every surjective module map p and every f. Equivalently, P is a direct summand of a free module.",Free modules are projective; a projective module need not itself be free.,Algebraic structure; Decomposition,Splitting a short exact sequence,ec-stacks-algebra; ec-representations,2
flat-module,Flat module and preservation of exactness,0\to A\to B\to C\to0\quad\Longrightarrow\quad0\to A\otimes_R M\to B\otimes_R M\to C\otimes_R M\to0,Abstract algebra,Modules and homological algebra,Graduate,definition,A flat module changes coefficients without introducing new failures of injectivity.,R is commutative with identity and M an R-module. Flatness means the displayed implication holds for every short exact sequence of R-modules.,Localizations S⁻¹R are flat R-modules.,Algebraic structure; Conservation and balance,Tensor product universal property; Exactness of consecutive maps,ec-stacks-algebra; ec-representations,2
tor-functor,Tor from a projective resolution,"\operatorname{Tor}_n^R(M,N)=H_n(P_\bullet\otimes_R N)",Abstract algebra,Modules and homological algebra,Graduate,definition,"Resolve a module into free-like pieces, then measure the exactness lost when tensoring.","R is commutative with identity, M,N are R-modules, n≥0, and P•→M is a projective resolution. The result is independent of the resolution up to canonical isomorphism.","Tor₁^Z(Z/mZ,Z/nZ) is Z/gcd(m,n)Z.",Decomposition; Algebraic structure,Projective module lifting property; Homology as cycles modulo boundaries; Flat module and preservation of exactness,ec-stacks-algebra; ec-representations,2
ext-functor,Ext from a projective resolution,"\operatorname{Ext}_R^n(M,N)=H^n(\operatorname{Hom}_R(P_\bullet,N))",Abstract algebra,Modules and homological algebra,Graduate,definition,Resolve the source before asking for maps into N; higher cohomology measures information ordinary homomorphisms miss.,"R is a unital ring, M,N are left modules, n≥0, and P•→M is a projective resolution. Hom_R(P•,N) is the induced cochain complex.","Ext₁^Z(Z/nZ,Z)≅Z/nZ; Ext¹ classifies module extensions up to the standard equivalence.",Duality; Algebraic structure,Projective module lifting property; Exactness of consecutive maps,ec-stacks-algebra; ec-representations,2
universal-enveloping-algebra,Universal enveloping algebra,"U(\mathfrak g)=T(\mathfrak g)/\langle x\otimes y-y\otimes x-[x,y]\rangle",Abstract algebra,Modules and homological algebra,Graduate,definition,"Replace Lie brackets by ordinary noncommutative multiplication, imposing exactly the commutator relations.",g is a Lie algebra over a field; T(g) is its tensor algebra and the quotient is by the two-sided ideal generated by the displayed elements.,"For an abelian Lie algebra, the enveloping algebra is its symmetric algebra.",Algebraic structure; Composition,Matrix commutator and Lie bracket; Tensor product universal property; Quotient ring,ec-stacks-algebra; ec-representations,2
poincare-birkhoff-witt,Poincaré–Birkhoff–Witt theorem,\operatorname{gr}U(\mathfrak g)\cong\operatorname{Sym}(\mathfrak g),Abstract algebra,Modules and homological algebra,Graduate,theorem,"At the level of highest degree, noncommutative Lie-algebra products behave like commuting polynomial variables.","g is a Lie algebra over a field and U(g) carries its filtration by tensor degree. For an ordered basis of g, ordered monomials form a basis of U(g).","For sl₂, ordered products fᵃhᵇeᶜ form a vector-space basis of its enveloping algebra.",Decomposition; Algebraic structure,Universal enveloping algebra; Dimension of a symmetric power,ec-stacks-algebra; ec-representations,2
group-representation,Linear representation of a group,"\rho:G\to\operatorname{GL}(V),\qquad\rho(gh)=\rho(g)\rho(h)",Representation theory,Representations and symmetry averages,Advanced undergraduate,definition,Turn an abstract symmetry into an invertible linear transformation so its effects can be studied with matrices.,G is a group and V a vector space over a specified field; the displayed map is a group homomorphism and sends the identity to I.,Permuting the coordinates of Rⁿ represents the symmetric group Sₙ.,Algebraic structure; Linearity,Group homomorphism; Linear map,ec-representations,2
intertwining-map,Intertwining map between representations,T\rho(g)=\sigma(g)T\qquad(g\in G),Representation theory,Representations and symmetry averages,Advanced undergraduate,definition,An intertwiner translates vector descriptions while preserving every symmetry operation.,"ρ:G→GL(V), σ:G→GL(W) are representations over the same field, and T:V→W is linear. Equivalence of representations requires an invertible intertwiner.",A change of basis intertwines a matrix representation with its conjugate representation.,Change of coordinates; Symmetry and invariance,Linear representation of a group,ec-representations,3
maschke-theorem,Maschke’s theorem,V=\bigoplus_i V_i\qquad(V_i\text{ irreducible }G\text{-representations}),Representation theory,Representations and symmetry averages,Advanced undergraduate,theorem,"When division by the group order is possible, averaging turns an arbitrary complement into a symmetry-respecting one.","G is finite, V is finite-dimensional over a field k, and char(k) does not divide |G|. Without this characteristic hypothesis, invariant complements may fail to exist.",A real representation of a finite rotation group decomposes into invariant irreducible subspaces.,Averaging; Decomposition,Linear representation of a group; Orthogonal projection,ec-representations,2
schur-lemma,Schur’s lemma for complex representations,"\operatorname{Hom}_G(V,W)=0\text{ or consists of scalar multiples of an isomorphism},\qquad\operatorname{End}_G(V)=\mathbb C I",Representation theory,Representations and symmetry averages,Advanced undergraduate,theorem,An irreducible symmetry system has no nontrivial internal linear adjustment compatible with every symmetry.,"V,W are nonzero finite-dimensional irreducible complex representations of a group. Hom is zero if they are inequivalent; the scalar endomorphism conclusion uses algebraic closure of C.",An operator commuting with every matrix of an irreducible complex representation is scalar.,Symmetry and invariance; Decomposition,Intertwining map between representations; Eigenvalues and eigenvectors,ec-representations,2
representation-character,Character of a finite-dimensional representation,"\chi_\rho(g)=\operatorname{tr}\rho(g),\qquad\chi_\rho(hgh^{-1})=\chi_\rho(g)",Representation theory,Representations and symmetry averages,Advanced undergraduate,definition,Take a basis-independent summary of each symmetry matrix. Conjugate group elements receive the same summary.,ρ is a finite-dimensional representation over a field; the class-function identity holds generally. Character classification by these values will later use finite groups over C.,The character of a permutation representation counts the coordinates fixed by the permutation.,Symmetry and invariance; Information and uncertainty,Linear representation of a group; Trace,ec-representations,3
character-orthogonality,Orthogonality of irreducible characters,"\langle\chi,\psi\rangle_G=\frac1{|G|}\sum_{g\in G}\overline{\chi(g)}\psi(g),\qquad\langle\chi_i,\chi_j\rangle_G=\delta_{ij}",Representation theory,Representations and symmetry averages,Advanced undergraduate,theorem,Irreducible symmetry patterns behave like perpendicular frequency modes under a uniform group average.,G is finite and χᵢ are characters of inequivalent irreducible finite-dimensional complex representations.,"For a cyclic group, the characters are roots-of-unity exponentials and this is discrete Fourier orthogonality.",Averaging; Orthogonality,Character of a finite-dimensional representation; Schur’s lemma for complex representations,ec-representations,4
irreducible-dimension-squares,Sum of squared irreducible dimensions,|G|=\sum_{\rho\in\widehat G}(\dim V_\rho)^2,Representation theory,Representations and symmetry averages,Advanced undergraduate,theorem,The regular action contains every irreducible representation as many times as its dimension. Their squared sizes fill the whole group algebra.,G is finite and Ĝ indexes inequivalent irreducible complex representations.,"S₃ has irreducible dimensions 1,1,2, whose squares sum to 6.",Counting; Decomposition,Maschke’s theorem; Orthogonality of irreducible characters,ec-representations,3
character-multiplicity,Multiplicity from a character inner product,"V\cong\bigoplus_{\rho\in\widehat G}m_\rho V_\rho,\qquad m_\rho=\frac1{|G|}\sum_{g\in G}\overline{\chi_\rho(g)}\chi_V(g)",Representation theory,Representations and symmetry averages,Advanced undergraduate,identity,Project a character onto an irreducible character to read off how many copies of that symmetry type occur.,G is finite and V a finite-dimensional complex representation. The resulting coefficients are nonnegative integers.,The three-coordinate permutation representation of S₃ is one trivial copy plus one two-dimensional standard copy.,Orthogonality; Counting,Orthogonality of irreducible characters; Maschke’s theorem,ec-representations,2
reynolds-projection,Averaging projection onto invariant vectors,"P_G=\frac1{|G|}\sum_{g\in G}\rho(g),\qquad P_G^2=P_G,\qquad\operatorname{im}P_G=V^G",Representation theory,Representations and symmetry averages,Advanced undergraduate,theorem,Average every symmetry-transformed version of a vector; all nonsymmetric components cancel.,"G is finite and ρ a representation over a field where |G| is invertible. Vᴳ consists of vectors fixed by every ρ(g). For a unitary complex representation, Pᴳ is an orthogonal projection.",Averaging all coordinate permutations sends a real vector to its arithmetic-mean constant vector.,Averaging; Fixed points; Symmetry and invariance,Linear representation of a group; Orthogonal projection,ec-representations,6
group-algebra-decomposition,Complex group algebra decomposition,\mathbb C[G]\cong\bigoplus_{\rho\in\widehat G}\operatorname{End}_{\mathbb C}(V_\rho),Representation theory,Representations and symmetry averages,Graduate,theorem,Fourier analysis of a finite group changes convolution into independent matrix multiplications.,G is finite; the algebra map sends ∑g a_g g to the family ∑g a_gρ(g). The direct sum is finite.,For a finite abelian group every block is 1×1; for S₃ there are two scalar blocks and one 2×2 block.,Decomposition; Change of coordinates,Maschke’s theorem; Sum of squared irreducible dimensions,ec-representations,2
induced-representation,Induced representation,"\operatorname{Ind}_H^G W=\mathbb C[G]\otimes_{\mathbb C[H]}W,\qquad\dim\operatorname{Ind}_H^G W=[G:H]\dim W",Representation theory,Representations and symmetry averages,Advanced undergraduate,definition,Replicate a subgroup representation over cosets and let the larger group move those copies coherently.,"G is finite, H≤G, and W a finite-dimensional complex H-representation. G acts by left multiplication on the first tensor factor.",Inducing the trivial H-representation gives the permutation representation on G/H.,Decomposition; Algebraic structure,Linear representation of a group; Tensor product universal property,ec-representations,4
frobenius-reciprocity,Frobenius reciprocity,"\operatorname{Hom}_G(\operatorname{Ind}_H^G W,V)\cong\operatorname{Hom}_H(W,\operatorname{Res}_H^G V)",Representation theory,Representations and symmetry averages,Graduate,theorem,Extending symmetry on the source and restricting symmetry on the target give the same compatible maps.,"H≤G are finite groups and W,V are finite-dimensional complex representations of H,G respectively; the isomorphism is natural.",The multiplicity of V in an induced representation can be calculated after restricting V to H.,Duality; Algebraic structure,Induced representation; Intertwining map between representations,ec-representations,3
induced-character-formula,Character of an induced representation,\chi_{\operatorname{Ind}_H^G W}(g)=\frac1{|H|}\sum_{\substack{x\in G\\x^{-1}gx\in H}}\chi_W(x^{-1}gx),Representation theory,Representations and symmetry averages,Graduate,identity,"Only cosets stabilized by g contribute to the trace, and each contributes the corresponding subgroup action.","G is finite, H≤G, W a finite-dimensional complex H-representation, and g∈G. An empty sum is zero.",Inducing the trivial subgroup representation counts fixed cosets of g.,Counting; Symmetry and invariance,Induced representation; Character of a finite-dimensional representation,ec-representations,2
tensor-product-character,Character of a tensor product,\chi_{V\otimes W}(g)=\chi_V(g)\chi_W(g),Representation theory,Representations and symmetry averages,Advanced undergraduate,identity,Combining two symmetry systems multiplies their character fingerprints point by point.,"V,W are finite-dimensional representations of the same group over C, with diagonal action ρV(g)⊗ρW(g).","For one-dimensional cyclic characters, tensoring adds their frequency indices modulo the group order.",Composition; Decomposition,Character of a finite-dimensional representation; Tensor product universal property,ec-representations,2
contragredient-representation,Dual or contragredient representation,"(\rho^\vee(g)\varphi)(v)=\varphi(\rho(g^{-1})v),\qquad[\rho^\vee(g)]=[\rho(g^{-1})]^{\mathsf T}",Representation theory,Representations and symmetry averages,Advanced undergraduate,definition,Let a symmetry act on measurements so evaluation of a transformed vector by a transformed measurement stays unchanged.,"V is a finite-dimensional representation over a field and V* its algebraic dual. The transpose here is not a conjugate transpose. For finite complex groups, the dual character is the complex conjugate character.",A rotation acts on linear coordinate measurements by the inverse transpose.,Duality; Conservation and balance,Dual space and pullback of linear functionals; Linear representation of a group,ec-representations,2
frobenius-schur-indicator,Frobenius–Schur indicator,"\nu(\chi)=\frac1{|G|}\sum_{g\in G}\chi(g^2)\in\{-1,0,1\}",Representation theory,Representations and symmetry averages,Graduate,theorem,"One average distinguishes whether an irreducible complex symmetry type has a symmetric, skew, or absent invariant bilinear pairing.","G is finite and χ is an irreducible complex character. Values +1, −1, 0 correspond respectively to invariant nondegenerate symmetric, alternating, or no nonzero bilinear form on that representation.",The quaternionic irreducible representation of the quaternion group has indicator −1.,Averaging; Duality,Dual or contragredient representation; Orthogonality of irreducible characters,ec-representations,2
regular-representation-character,Character of the regular representation,"\chi_{\mathrm{reg}}(g)=\begin{cases}|G|&g=e\\0&g\ne e,\end{cases}\qquad\mathbb C[G]\cong\bigoplus_{\rho\in\widehat G}(\dim V_\rho)V_\rho",Representation theory,Representations and symmetry averages,Advanced undergraduate,identity,"Translate the group’s own elements. A nonidentity translation fixes no basis position, so its trace vanishes.","G is finite; this is the left regular representation on the vector space with basis G, over C. The direct-sum statement is as a representation.",A cyclic shift of n coordinates has trace zero unless it is the identity shift.,Symmetry and invariance; Decomposition,Linear representation of a group; Multiplicity from a character inner product,ec-representations,2
irreducibles-conjugacy-classes,Irreducible characters form a class-function basis,"\#\widehat G=\#\{\text{conjugacy classes of }G\},\qquad\operatorname{Cl}(G;\mathbb C)=\bigoplus_{\rho\in\widehat G}\mathbb C\chi_\rho",Representation theory,Representations and symmetry averages,Advanced undergraduate,theorem,One independent irreducible character is needed for each independent conjugacy-class value.,G is finite and Cl(G;C) is the space of functions constant on conjugacy classes. The irreducible characters form an orthonormal basis in the group-average inner product.,S₃ has three conjugacy classes and three irreducible complex representations.,Counting; Orthogonality,Orthogonality of irreducible characters,ec-representations,2
unitarization-average,Invariant inner product by averaging,"\langle v,w\rangle_G=\frac1{|G|}\sum_{g\in G}\langle\rho(g)v,\rho(g)w\rangle_0",Representation theory,Representations and symmetry averages,Advanced undergraduate,theorem,Average the geometry itself until every group symmetry preserves it.,"G is finite, ρ a finite-dimensional real or complex representation, and ⟨,⟩₀ any positive-definite inner product. The averaged form is positive definite and G-invariant.",Every finite subgroup of GLₙ(R) becomes orthogonal after a suitable change of basis.,Averaging; Symmetry and invariance,Inner product; Linear representation of a group,ec-representations,3
schur-weyl-duality,Schur–Weyl decomposition,V^{\otimes d}\cong\bigoplus_{\substack{\lambda\vdash d\\\ell(\lambda)\le n}}S_\lambda V\otimes \mathrm{Sp}_\lambda,Representation theory,Tensor symmetries and Lie representations,Graduate,theorem,"Changing vector coordinates and permuting tensor positions commute, and their irreducible structures organize each other.","V is n-dimensional over C and d≥0. GL(V) acts diagonally, S_d permutes tensor factors, SλV is the irreducible polynomial GL(V)-representation and Spλ the Specht representation.","For d=2, tensor square separates into symmetric and alternating parts.",Duality; Decomposition,Tensor product universal property; Linear representation of a group,ec-representations,2
hook-length-formula,Hook-length formula for standard Young tableaux,f^\lambda=\frac{n!}{\prod_{u\in\lambda}h(u)},Representation theory,Tensor symmetries and Lie representations,Advanced undergraduate,theorem,A partition shape permits some orderings of labels and forbids others; local hook sizes combine into the exact global count.,"λ is a partition of n≥0; fλ counts fillings of its Young diagram by 1,…,n increasing along rows and columns. h(u) counts the cell u and cells to its right and below.","Shape (2,1) has hooks 3,1,1, hence two standard tableaux.",Counting; Decomposition,Permutations and falling factorials,ec-representations,2
sl2-lie-relations,The Lie algebra sl₂,"[h,e]=2e,\qquad[h,f]=-2f,\qquad[e,f]=h",Representation theory,Tensor symmetries and Lie representations,Advanced undergraduate,definition,Three basic traceless directions close under commutators: one separates weights while the other two move between them.,"Over C, take h=diag(1,−1), e with entry (1,2)=1, and f with entry (2,1)=1. Their span is sl₂(C), the traceless 2×2 matrices.",Direct multiplication of these three matrices verifies all three brackets.,Algebraic structure; Symmetry and invariance,Matrix commutator and Lie bracket; Trace,ec-representations,3
sl2-irreducible-classification,Finite-dimensional irreducible sl₂ representations,"V_m=\operatorname{Sym}^m(\mathbb C^2),\qquad\dim V_m=m+1,\qquad m=0,1,2,\ldots",Representation theory,Tensor symmetries and Lie representations,Graduate,theorem,All finite-dimensional complex irreducible sl₂ modules arise from homogeneous polynomials in two variables. The degree records their size.,"Every finite-dimensional irreducible sl₂(C)-module is isomorphic to exactly one V_m. On degree-m polynomials, e=x∂y, f=y∂x and h=x∂x−y∂y.","Degree two gives the three-dimensional representation on x²,xy,y².",Decomposition; Counting,The Lie algebra sl₂; Dimension of a symmetric power,ec-representations,2
schur-polynomial-alternant,Schur polynomial alternant formula,"s_\lambda(x_1,\ldots,x_n)=\frac{\det(x_i^{\lambda_j+n-j})_{i,j=1}^n}{\det(x_i^{n-j})_{i,j=1}^n}",Representation theory,Tensor symmetries and Lie representations,Graduate,identity,"Divide two alternating expressions and the signs cancel, leaving a symmetric character polynomial.","λ is a partition of length at most n, padded by zeros. The quotient formula is initially evaluated at distinct complex xᵢ and extends uniquely to a polynomial at coinciding values.","For λ=(1), the result is x₁+⋯+xₙ, the character of the defining representation.",Symmetry and invariance; Algebraic structure,Determinant; Schur–Weyl decomposition,ec-representations,2
category-axioms,Category axioms,"h\circ(g\circ f)=(h\circ g)\circ f,\qquad f\circ1_A=f=1_B\circ f",Category theory,Morphisms and universal constructions,Advanced undergraduate,definition,"Specify objects through the transformations between them, with a consistent rule for composing transformations.","f:A→B, g:B→C and h:C→D are composable morphisms. Every object has an identity; composition must be defined on each compatible pair. Hom-collections are sets when the category is locally small.","Groups with homomorphisms, or vector spaces with linear maps, form categories.",Composition; Algebraic structure,Composition of functions,ec-category,3
functor-laws,Functor laws,"F(g\circ f)=F(g)\circ F(f),\qquad F(1_A)=1_{F(A)}",Category theory,Morphisms and universal constructions,Advanced undergraduate,definition,Translate objects and transformations together so that every way of composing steps remains consistent.,"F assigns objects and morphisms from one category to another, with matching domains and codomains; both displayed laws hold for all compatible morphisms.",The fundamental-group construction sends based spaces to groups and based continuous maps to homomorphisms.,Composition; Algebraic structure,Category axioms,ec-category,2
natural-transformation,Natural transformation,\eta_B\circ F(f)=G(f)\circ\eta_A\qquad(f:A\to B),Category theory,Morphisms and universal constructions,Advanced undergraduate,definition,A systematic comparison between two translations is compatible with every allowed transformation.,"F,G:C→D are functors; η assigns a morphism ηA:F(A)→G(A) to every object and obeys the displayed naturality square for every f.",The canonical map V→V** is natural in a vector space V.,Symmetry and invariance; Composition,Functor laws,ec-category,2
opposite-category,Opposite category,"\operatorname{Hom}_{\mathcal C^{\mathrm{op}}}(A,B)=\operatorname{Hom}_{\mathcal C}(B,A),\qquad g\circ_{\mathrm{op}}f=f\circ g",Category theory,Morphisms and universal constructions,Advanced undergraduate,definition,Reverse every arrow while retaining the same objects. Every categorical law then has a corresponding reversed form.,C is a category; in the composition formula the right-hand composition is taken in C with the reversed arrow directions.,Linear duality is naturally a functor from vector spaces with arrows reversed.,Duality; Composition,Category axioms,ec-category,2
equivalence-of-categories,Equivalence of categories,"F:\mathcal C\rightleftarrows\mathcal D:G,\qquad GF\cong1_{\mathcal C},\quad FG\cong1_{\mathcal D}",Category theory,Morphisms and universal constructions,Advanced undergraduate,definition,Two mathematical languages describe the same objects and transformations up to consistent isomorphism.,"F and G are functors, and the displayed isomorphisms are natural isomorphisms. An equivalence need not give a bijection of the raw object collections.",Finite-dimensional vector spaces over k are equivalent to the category with natural-number objects and matrices as arrows.,Change of coordinates; Algebraic structure,Natural transformation; Inverse function,ec-category,2
yoneda-lemma,Yoneda lemma,"\operatorname{Nat}(\operatorname{Hom}_{\mathcal C}(A,-),F)\cong F(A),\qquad\eta\mapsto\eta_A(1_A)",Category theory,Morphisms and universal constructions,Graduate,theorem,A natural rule acting on every map out of A is completely determined by what it does to A’s identity map.,C is locally small and F:C→Set is a covariant functor; A is an object. The inverse sends x∈F(A) to f↦F(f)(x).,"For linear maps out of a vector space, a natural transformation can be recovered from its value on the identity operator.",Information and uncertainty; Composition,Natural transformation,ec-category,2
categorical-product,Categorical product universal property,"\operatorname{Hom}(X,A\times B)\cong\operatorname{Hom}(X,A)\times\operatorname{Hom}(X,B)",Category theory,Morphisms and universal constructions,Advanced undergraduate,definition,Giving one map into a product is exactly giving one map into each component.,A product has projections to A and B and a unique pairing map for every compatible pair of arrows from X; the displayed bijection is natural in X. Products are not assumed to exist in every category.,A linear map into V×W is uniquely a pair of linear maps into V and W.,Decomposition; Algebraic structure,Category axioms,ec-category,2
categorical-coproduct,Categorical coproduct universal property,"\operatorname{Hom}(A\amalg B,X)\cong\operatorname{Hom}(A,X)\times\operatorname{Hom}(B,X)",Category theory,Morphisms and universal constructions,Advanced undergraduate,definition,Giving a map out of an assembled sum means independently specifying its behavior on each included piece.,The coproduct includes A and B and has the displayed natural bijection for every X. It is the product construction in the opposite category.,Sets use disjoint union; groups use free product; vector spaces use direct sum.,Duality; Decomposition,Categorical product universal property; Opposite category,ec-category,2
categorical-pullback,Pullback or fiber product,"A\times_C B=\{(a,b)\in A\times B:f(a)=g(b)\}",Category theory,Morphisms and universal constructions,Advanced undergraduate,definition,Pair two descriptions only when they agree on their shared observation.,"The displayed formula is for functions f:A→C and g:B→C in sets. Categorically, a pullback represents pairs of arrows into A,B whose composites into C agree.",Pair two records exactly when their identifiers match.,Composition; Decomposition,Categorical product universal property,ec-category,3
categorical-pushout,Pushout universal property,"\operatorname{Hom}(A\amalg_C B,X)\cong\operatorname{Hom}(A,X)\times_{\operatorname{Hom}(C,X)}\operatorname{Hom}(B,X)",Category theory,Morphisms and universal constructions,Advanced undergraduate,definition,"Glue two objects along specified copies of a shared piece, requiring maps out to agree on that overlap.","The input diagram is A←C→B. The displayed bijection uses precomposition maps into Hom(C,X), is natural in X, and characterizes a pushout when it exists.","In groups, amalgamated free product is a pushout.",Duality; Composition,Pullback or fiber product; Categorical coproduct universal property,ec-category,2
categorical-equalizer,Equalizer universal property,"\operatorname{Hom}(X,E)\cong\{u:X\to A:f\circ u=g\circ u\}",Category theory,Morphisms and universal constructions,Advanced undergraduate,definition,Extract the largest part of a source on which two proposed transformations agree.,"f,g:A→B are parallel arrows. An equalizer e:E→A has the displayed universal factoring property, natural in X. In sets E={a:f(a)=g(a)}.","For linear maps, the equalizer is ker(f−g).",Algebraic structure; Fixed points,Category axioms,ec-category,2
categorical-coequalizer,Coequalizer universal property,"\operatorname{Hom}(Q,X)\cong\{v:B\to X:v\circ f=v\circ g\}",Category theory,Morphisms and universal constructions,Advanced undergraduate,definition,Make the smallest quotient in which two parallel descriptions become indistinguishable.,"f,g:A→B are parallel arrows and q:B→Q is universal among arrows identifying them. In sets, quotient B by the equivalence relation generated by f(a)∼g(a).","For module maps, the coequalizer is coker(f−g).",Duality; Information and uncertainty,Equalizer universal property; Opposite category,ec-category,2
categorical-limit,Limit as a universal compatible cone,"\operatorname{Hom}_{\mathcal C}(X,\lim D)\cong\operatorname{Nat}(\Delta X,D)",Category theory,Morphisms and universal constructions,Graduate,definition,Package every compatible choice across a diagram into one object with no extra choices left over.,D:J→C is a small diagram in a locally small category; ΔX is the constant diagram. A limit exists exactly when the cone functor is representable as displayed.,An inverse limit of residues modulo pⁿ stores a compatible residue at every precision.,Decomposition; Algebraic structure,Natural transformation; Categorical product universal property,ec-category,3
categorical-colimit,Colimit as a universal compatible cocone,"\operatorname{Hom}_{\mathcal C}(\operatorname{colim}D,X)\cong\operatorname{Nat}(D,\Delta X)",Category theory,Morphisms and universal constructions,Graduate,definition,"Assemble a diagram by identifying every overlap its arrows prescribe, and nothing beyond those required identifications.",D:J→C is small and C is locally small. The displayed property defines a colimit when it exists.,An increasing family of subsets has its union as the colimit in sets.,Duality; Composition,Limit as a universal compatible cone; Opposite category,ec-category,2
adjunction,Adjunction of functors,"\operatorname{Hom}_{\mathcal D}(F(C),D)\cong\operatorname{Hom}_{\mathcal C}(C,G(D)),\qquad F\dashv G",Category theory,Morphisms and universal constructions,Graduate,definition,Move a construction from the source side of a mapping problem to a corresponding construction on the target side.,F:C→D and G:D→C are functors between locally small categories; the bijections must be natural in both C and D.,Tensoring by a fixed module is left adjoint to taking module homomorphisms from that module.,Duality; Algebraic structure,Natural transformation,ec-category,2
adjunction-triangle-identities,"Unit, counit and triangle identities","G\varepsilon\circ\eta G=1_G,\qquad\varepsilon F\circ F\eta=1_F",Category theory,Morphisms and universal constructions,Graduate,theorem,A round trip through the two sides of an adjunction cancels in the precise directions where cancellation is allowed.,F⊣G has unit η:1C→GF and counit ε:FG→1D. The equations are identities of natural transformations; η and ε need not be isomorphisms.,"For free groups, introducing formal generators and then evaluating words returns the original free-group word.",Composition; Duality,Adjunction of functors,ec-category,2
adjoints-preserve-limits,Right adjoints preserve limits,G(\lim_{\mathcal D}D)\cong\lim_{\mathcal C}(G\circ D)\qquad(F\dashv G),Category theory,Morphisms and universal constructions,Graduate,theorem,A right adjoint transports compatible families without losing their universal description.,"D:J→D is a small diagram with a limit and F:C→D is left adjoint to G:D→C. The canonical comparison is an isomorphism; dually, left adjoints preserve colimits.","Hom_R(M,−) preserves products of modules.",Duality; Conservation and balance,Adjunction of functors; Limit as a universal compatible cone,ec-category,2
composition-of-adjunctions,Composition of adjunctions,"F\dashv G,\quad F^\prime\dashv G^\prime\quad\Longrightarrow\quad F^\prime F\dashv GG^\prime",Category theory,Morphisms and universal constructions,Graduate,theorem,"Two successive translations of a mapping problem compose, with the reverse translations appearing in reverse order.","F:C→D, G:D→C, F′:D→E and G′:E→D are the indicated adjoint pairs.",Two successive free constructions can be compared with forgetting their structures in reverse order.,Composition; Duality,Adjunction of functors,ec-category,2
tensor-hom-adjunction,Tensor–Hom adjunction for modules,"\operatorname{Hom}_R(M\otimes_R N,P)\cong\operatorname{Hom}_R(M,\operatorname{Hom}_R(N,P))",Category theory,Morphisms and universal constructions,Graduate,theorem,A bilinear interaction can be supplied all at once or one input at a time without changing its information.,"R is commutative with identity and M,N,P are R-modules; the bijection sends f to m↦(n↦f(m⊗n)) and is natural in all arguments.",Integer-bilinear maps out of M×N correspond to homomorphisms out of M⊗Z N.,Duality; Composition,Adjunction of functors; Tensor product universal property,ec-category,2
monad-laws,Monad unit and multiplication laws,"\mu\circ T\mu=\mu\circ\mu T,\qquad\mu\circ T\eta=1_T=\mu\circ\eta T",Category theory,Morphisms and universal constructions,Graduate,definition,A monad describes how to form structured expressions and how to flatten nested structure consistently.,"T:C→C is an endofunctor, η:1C→T and μ:T²→T are natural transformations obeying the displayed laws.",The list monad inserts an item as a singleton list and flattens a list of lists.,Composition; Algebraic structure,Natural transformation,ec-category,2
monad-algebra,Algebra for a monad,"a:T(A)\to A,\qquad a\circ\eta_A=1_A,\qquad a\circ T(a)=a\circ\mu_A",Category theory,Morphisms and universal constructions,Graduate,definition,An algebra evaluates formal structured expressions in a way that respects insertion and flattening.,"(T,η,μ) is a monad on C; A is an object and a a morphism satisfying both equations.","Algebras of the list monad are monoids: evaluate a list by multiplying its entries, with the empty list giving the unit.",Algebraic structure; Composition,Monad unit and multiplication laws,ec-category,2
pointwise-left-kan-extension,Pointwise left Kan extension,"(\operatorname{Lan}_K F)(d)\cong\operatorname{colim}_{(c,\ Kc\to d)\in(K\downarrow d)}F(c)",Category theory,Morphisms and universal constructions,Graduate,theorem,Extend a functor to a larger context by assembling every existing piece that can map into the requested new object.,"C is small, D locally small, E cocomplete, K:C→D and F:C→E. The comma category has objects arrows Kc→d and the compatible commuting morphisms.",Inducing group representations is an instance of extending along a subgroup inclusion.,Composition; Decomposition,Colimit as a universal compatible cocone; Functor laws,ec-category,2
exponential-object,Exponential object and currying,"\operatorname{Hom}(X\times A,B)\cong\operatorname{Hom}(X,B^A)",Category theory,Morphisms and universal constructions,Advanced undergraduate,definition,A function of two inputs can be viewed as a function returning a function of the second input.,"A category has the required products; an exponential Bᴬ represents the displayed natural correspondence. In sets, Bᴬ is the set of functions A→B. Not every category has all exponentials.",A two-argument table can be read as a list of one-argument lookup rules.,Composition; Duality,Categorical product universal property; Adjunction of functors,ec-category,2
galois-connection-posets,Galois connection between ordered sets,"L(p)\le q\iff p\le R(q),\qquad p\le RL(p),\quad LR(q)\le q",Category theory,Morphisms and universal constructions,Advanced undergraduate,definition,Translate a constraint in one ordered system into an equivalent constraint in another. Round trips give closure and interior operations.,"P,Q are posets and L:P→Q,R:Q→P are monotone. This is the monotone adjunction convention; antitone Galois connections reverse one order.","For a function f, direct image and inverse image satisfy f(S)⊆T iff S⊆f⁻¹(T).",Duality; Fixed points,Adjunction of functors,ec-category,3
hockey-stick-identity,Hockey-stick identity,\sum_{j=r}^{n}\binom jr=\binom{n+1}{r+1},Discrete mathematics,Enumerative combinatorics,Undergraduate,identity,Group subsets by their largest element: a diagonal sum becomes one larger choice.,Integers 0≤r≤n.,"1+3+6+10=20 for r=2,n=5.",Counting; Accumulation,Binomial coefficient; Pascal’s rule,ec-stanley; c-mcs,2
binomial-inversion,Binomial inversion,b_n=\sum_{k=0}^n\binom nk a_k\iff a_n=\sum_{k=0}^n(-1)^{n-k}\binom nk b_k,Discrete mathematics,Enumerative combinatorics,Advanced undergraduate,theorem,Alternating signs undo a transform that mixes all smaller subset sizes.,Sequences in a characteristic-zero field; n≥0.,"If b_n=2^n, inversion gives a_n=1.",Duality; Counting,Binomial theorem; Inclusion–exclusion principle,ec-stanley; c-mcs,2
stirling-first-kind,Unsigned Stirling numbers of the first kind,"{n\brack k}={n-1\brack k-1}+(n-1){n-1\brack k},\quad x^{\overline n}=\sum_k{n\brack k}x^k",Discrete mathematics,Enumerative combinatorics,Undergraduate,identity,A new element either starts a cycle or joins one of the existing cycle positions.,"n≥1; [0,0]=1; out-of-range values zero; rising factorial x(x+1)…(x+n−1).","[3,2]=3, the permutations of three objects with two cycles.",Recursion and iteration; Counting,Permutations and falling factorials; Ordinary generating function,ec-stanley; c-mcs,2
stirling-basis-inversion,Stirling change of polynomial basis,"x^n=\sum_k S(n,k)x^{\underline k},\quad x^{\underline n}=\sum_k s(n,k)x^k",Discrete mathematics,Enumerative combinatorics,Advanced undergraduate,identity,Powers and falling factorials are two coordinate systems for polynomials.,"n≥0; s(n,k)=(−1)^{n−k}[n,k]; sums from 0 to n.",x²=x(x−1)+x.,Change of coordinates; Duality,Unsigned Stirling numbers of the first kind; Stirling numbers of the second kind; Change of basis and similarity,ec-stanley; c-mcs,2
eulerian-recurrence,Eulerian number recurrence,"A(n,k)=(k+1)A(n-1,k)+(n-k)A(n-1,k-1)",Discrete mathematics,Enumerative combinatorics,Undergraduate,identity,Insert the largest label and track whether the number of descents grows.,"A(n,k) counts permutations of n with k descents; n≥2; A(1,0)=1; outside 0≤k<n values are zero.","A(3,0),A(3,1),A(3,2)=1,4,1.",Recursion and iteration; Counting,Permutations and falling factorials,ec-stanley; c-mcs,2
lagrange-inversion-formal,Formal Lagrange inversion,T=z\phi(T)\Longrightarrow[z^n]F(T)=\frac1n[u^{n-1}]F^{\prime}(u)\phi(u)^n,Discrete mathematics,Enumerative combinatorics,Advanced undergraduate,theorem,Implicit recursive objects can be counted without explicitly solving their generating function.,"Formal power series over a characteristic-zero field; φ(0)≠0, T(0)=0, n≥1; F any formal power series.","T=z(1+T)² gives [z^n]T=(1/n) binom(2n,n−1), the Catalan numbers.",Recursion and iteration; Generating functions,Ordinary generating function; Catalan numbers,ec-stanley; c-mcs,2
exponential-combinatorial-formula,Exponential formula for labeled components,"A(z)=\exp(C(z)),\qquad A(z)=\sum_{n\ge0}a_n\frac{z^n}{n!}",Discrete mathematics,Enumerative combinatorics,Advanced undergraduate,theorem,A labeled object made of an unordered set of connected pieces exponentiates its connected-piece series.,"A labeled combinatorial class is uniquely a finite set of nonempty components; C is its component EGF, C(0)=0.","For set partitions C(z)=e^z−1, so the Bell-number EGF is exp(e^z−1).",Decomposition; Exponentials and logarithms,Exponential generating function; Bell numbers,ec-stanley; c-mcs,2
polya-cycle-index,Pólya cycle-index substitution,"Z_G(s_1,\ldots,s_n)=\frac1{|G|}\sum_{g\in G}\prod_i s_i^{c_i(g)},\qquad N_q=Z_G(q,\ldots,q)",Discrete mathematics,Enumerative combinatorics,Advanced undergraduate,theorem,A coloring fixed by a permutation must be constant on each cycle.,Finite permutation group G acting on n positions; q colors; c_i(g) counts i-cycles. Counts colorings modulo G.,Rotating a triangle with two colors gives (2³+2·2)/3=4 orbits.,Averaging; Symmetry and invariance,Burnside’s orbit-counting lemma; Group action,ec-stanley; c-mcs,2
necklace-counting,Rotational necklace count,"N(n,q)=\frac1n\sum_{d\mid n}\varphi(d)q^{n/d}",Discrete mathematics,Enumerative combinatorics,Advanced undergraduate,theorem,Rotations with the same cycle lengths contribute the same fixed colorings.,"n≥1 positions, q≥1 colors; only rotations identify necklaces, not reflections.","N(4,2)=(16+4+4)/4=6.",Counting; Averaging,Burnside’s orbit-counting lemma; Euler’s totient function,ec-stanley; c-mcs,2
gaussian-binomial,Gaussian binomial coefficient,{n\brack k}_q=\prod_{i=0}^{k-1}\frac{q^{n-i}-1}{q^{k-i}-1},Discrete mathematics,Enumerative combinatorics,Advanced undergraduate,theorem,"Count ordered independent vectors, then divide out the different bases of each subspace.",q is a prime power; 0≤k≤n; counts k-dimensional subspaces of F_q^n. Empty product is 1.,"There are [3,1]_2=7 lines in F₂³.",Counting; Symmetry and invariance,Finite fields; Basis and unique coordinates,ec-stanley; c-mcs,3
finite-q-binomial-theorem,Finite q-binomial theorem,\prod_{j=0}^{n-1}(1+q^jt)=\sum_{k=0}^n q^{k(k-1)/2}{n\brack k}_q t^k,Discrete mathematics,Enumerative combinatorics,Advanced undergraduate,identity,Selecting terms from a product weights subsets by the sum of their positions.,"Formal polynomial identity in q,t; n≥0; Gaussian coefficients viewed as polynomials in q.",For n=2: (1+t)(1+qt)=1+(1+q)t+qt².,Generating functions; Counting,Gaussian binomial coefficient; Binomial theorem,ec-stanley; c-mcs,2
pentagonal-partition-identity,Euler pentagonal-number identity,\prod_{m\ge1}(1-q^m)=\sum_{k\in\mathbb Z}(-1)^kq^{k(3k-1)/2},Discrete mathematics,Enumerative combinatorics,Advanced undergraduate,identity,The reciprocal partition series collapses to a sparse alternating pattern.,"Formal power series, or complex |q|<1. Every coefficient depends on finitely many factors.",The product begins 1−q−q²+q⁵+q⁷−q¹²−q¹⁵.,Generating functions; Recursion and iteration,Integer partition generating function,ec-partitions,2
poset-mobius-inversion,Möbius inversion on finite posets,"g(x)=\sum_{y\le x}f(y)\iff f(x)=\sum_{y\le x}\mu(y,x)g(y)",Discrete mathematics,Enumerative combinatorics,Advanced undergraduate,theorem,Undo cumulative totals on any partially ordered collection.,"Finite poset, values in a commutative ring; μ(x,x)=1 and sum_{x≤z≤y} μ(x,z)=0 for x<y.","On subsets μ(A,B)=(−1)^{|B\A|}, recovering inclusion-exclusion.",Duality; Algebraic structure,Möbius inversion over divisors; Inclusion–exclusion principle,ec-stanley; c-mcs,2
incidence-algebra,Incidence-algebra convolution,"(f*g)(x,z)=\sum_{x\le y\le z}f(x,y)g(y,z),\qquad \zeta*\mu=\delta",Discrete mathematics,Enumerative combinatorics,Advanced undergraduate,definition,Compose interval-weighted relations by summing over intermediate stops.,"Finite poset, or locally finite poset with finite intervals; coefficients in a commutative ring; ζ(x,y)=1 for x≤y, δ is the identity kernel.","For a chain, convolution is upper-triangular matrix multiplication.",Composition; Algebraic structure,Möbius inversion on finite posets; Matrix multiplication,ec-stanley; c-mcs,3
lubell-inequality,Lubell–Yamamoto–Meshalkin inequality,\sum_{A\in\mathcal A}\binom n{|A|}^{-1}\le1,Discrete mathematics,Enumerative combinatorics,Advanced undergraduate,theorem,An antichain can meet each complete nested chain at most once.,A is an antichain of subsets of an n-element set: no distinct members contain one another.,All k-subsets attain equality because every complete chain contains exactly one.,Counting; Averaging,Binomial coefficient; Permutations and falling factorials,ec-stanley; c-mcs,2
sperner-theorem,Sperner theorem,|\mathcal A|\le\binom n{\lfloor n/2\rfloor},Discrete mathematics,Enumerative combinatorics,Advanced undergraduate,theorem,The widest layer of the subset lattice is its middle layer.,A is an antichain in the subsets of an n-element set.,"For n=4, the six two-element subsets form a largest antichain.",Counting; Optimization,Binomial coefficient,ec-stanley; c-mcs,3
dilworth-theorem,Dilworth chain-decomposition theorem,\min\{\text{number of chains partitioning }P\}=\max\{|A|:A\text{ an antichain}\},Discrete mathematics,Enumerative combinatorics,Advanced undergraduate,theorem,The largest mutually incomparable collection is exactly the number of ordered tracks needed.,Finite partially ordered set P; empty P has both values zero.,"A disjoint union of three nonempty chains has width at most three, with equality if no cross-chain comparisons exist.",Duality; Decomposition,Hall’s marriage theorem,ec-stanley; c-mcs,2
euler-trail-criterion,Euler trail criterion,"G\text{ has an Euler trail}\iff |\{v:\deg v\text{ odd}\}|\in\{0,2\}",Discrete mathematics,Graph structure,Undergraduate,theorem,"Every visit uses an entrance and an exit, except possibly the two endpoints.",Finite undirected graph with at least one edge; all vertices incident to edges lie in one connected component. Loops count twice in degree.,A path has two odd endpoints; a cycle has none and admits a closed Euler trail.,Conservation and balance; Counting,Handshake lemma,ec-graph-basics; ec-graph-matchings; ec-graph-connectivity,2
bipartite-odd-cycle,Bipartite graph criterion,G\text{ bipartite}\iff G\text{ has no odd cycle},Discrete mathematics,Graph structure,Undergraduate,theorem,Alternating two colors works precisely when no loop of steps forces a color reversal.,Finite undirected graph; a loop is an odd cycle of length one.,A square is bipartite; a triangle is not.,Symmetry and invariance; Algebraic structure,Adjacency powers count walks,ec-graph-basics; ec-graph-matchings; ec-graph-connectivity,2
konig-matching-cover,Kőnig matching–cover theorem,\nu(G)=\tau(G),Discrete mathematics,Graph structure,Advanced undergraduate,theorem,"In a bipartite graph, the largest set of disjoint pairs equals the smallest set of vertices touching all edges.",Finite bipartite graph; ν is maximum matching size and τ is minimum vertex-cover size.,"For a star with m≥1 leaves, both values are one.",Duality; Optimization,Hall’s marriage theorem; Max-flow min-cut theorem,ec-graph-basics; ec-graph-matchings; ec-graph-connectivity,2
tutte-perfect-matching,Tutte perfect-matching criterion,G\text{ has a perfect matching}\iff o(G-S)\le |S|\quad\forall S\subseteq V,Discrete mathematics,Graph structure,Advanced undergraduate,theorem,Deleting vertices cannot leave more odd islands than those deleted vertices can pair with.,Finite undirected graph; o counts connected components of odd order; G−S deletes S and incident edges.,Two isolated vertices fail at S=∅ because there are two odd components.,Counting; Duality,Hall’s marriage theorem,ec-graph-basics; ec-graph-matchings; ec-graph-connectivity,2
menger-theorem,Menger vertex-path theorem,"\max\{\text{internally vertex-disjoint }s\!-\!t\text{ paths}\}=\min\{|S|:S\text{ separates }s,t\}",Discrete mathematics,Graph structure,Advanced undergraduate,theorem,Independent routes equal the smallest number of internal junctions whose removal blocks travel.,"Finite undirected graph; distinct nonadjacent s,t; separators exclude s,t.",Two disjoint arcs around a cycle give two routes and require two internal vertex removals.,Duality; Decomposition,Max-flow min-cut theorem,ec-graph-basics; ec-graph-matchings; ec-graph-connectivity,2
turan-theorem,Turán extremal graph theorem,"\operatorname{ex}(n,K_{r+1})=e(T_r(n))",Discrete mathematics,Graph structure,Advanced undergraduate,theorem,Avoiding a large clique is most efficiently done by dividing vertices into balanced independent classes.,"Integers r≥1,n≥1; finite simple graphs; T_r(n) is the complete r-partite graph with class sizes differing by at most one.","For triangles, the maximum edge count is floor(n²/4).",Optimization; Decomposition,Handshake lemma,ec-graph-extremal,3
ramsey-recursion,Ramsey-number recursion,"R(s,t)\le R(s-1,t)+R(s,t-1)",Discrete mathematics,Graph structure,Advanced undergraduate,theorem,"From one vertex, enough neighbors or enough nonneighbors force a smaller unavoidable pattern.","s,t≥2; R(s,t) is least N forcing an s-clique or independent t-set in every N-vertex simple graph; R(1,t)=R(s,1)=1.","R(3,3)≤R(2,3)+R(3,2)=6.",Recursion and iteration; Counting,Pigeonhole principle,ec-graph-ramsey,2
erdos-stone-theorem,Erdős–Stone asymptotic extremal theorem,"\operatorname{ex}(n,H)=\left(1-\frac1{r-1}+o(1)\right)\frac{n^2}{2},\quad r=\chi(H)",Discrete mathematics,Graph structure,Graduate,theorem,"At leading quadratic scale, the chromatic number controls how many edges a forbidden pattern permits.","Fixed finite simple H with chromatic number r≥2; n→∞. For bipartite H this only states ex(n,H)=o(n²).","For H with chromatic number three, the leading density is n²/4.",Limits and convergence; Symmetry and invariance,Turán extremal graph theorem; Chromatic polynomial deletion–contraction,ec-graph-extremal,2
laplacian-component-nullity,Laplacian kernel and connected components,"\dim\ker L=c(G),\qquad \ker L=\operatorname{span}\{\mathbf1_{C_1},\ldots,\mathbf1_{C_c}\}",Discrete mathematics,Spectral graph theory,Advanced undergraduate,theorem,"Zero energy means every edge joins equal values, so each component carries one free constant.",Finite undirected weighted graph with strictly positive edge weights; isolated vertices count as components; L=D−A.,A graph with three components has three independent zero eigenvectors.,Conservation and balance; Decomposition,Graph Dirichlet energy; Rank–nullity theorem,c-spielman,3
normalized-graph-laplacian,Normalized graph Laplacian,"\mathcal L=I-D^{-1/2}AD^{-1/2},\qquad 0\le\lambda_i(\mathcal L)\le2",Discrete mathematics,Spectral graph theory,Advanced undergraduate,theorem,Degree normalization measures variation relative to the local amount of connectivity.,Finite undirected graph with positive edge weights and no isolated vertices; D contains weighted degrees.,"For a d-regular graph, normalized eigenvalues are ordinary Laplacian eigenvalues divided by d.",Change of coordinates; Quadratic structure,Graph Laplacian; Spectral theorem in finite dimensions,c-spielman,2
graph-cheeger-inequality,Graph Cheeger inequality,"\frac{\lambda_2}{2}\le h(G)\le\sqrt{2\lambda_2},\qquad h=\min_{0<\operatorname{vol}S\le\operatorname{vol}V/2}\frac{w(S,S^c)}{\operatorname{vol}S}",Discrete mathematics,Spectral graph theory,Graduate,theorem,"A low-frequency graph mode reveals a weakly connected cut, and every weak cut produces a low-energy mode.",Finite connected undirected positively weighted graph with at least two vertices; λ₂ of normalized Laplacian; vol is sum of degrees.,A long cycle has a small λ₂ and admits a cut with small boundary relative to its size.,Boundary and interior; Optimization,Normalized graph Laplacian; Rayleigh quotient,c-spielman,3
effective-resistance-graph,Effective resistance from the Laplacian,R_{uv}=(e_u-e_v)^{\mathsf T}L^+(e_u-e_v),Discrete mathematics,Spectral graph theory,Advanced undergraduate,theorem,Inject one unit at one vertex and remove it at another; the required potential difference is resistance.,Finite connected undirected graph; edge weights are positive conductances; L⁺ is Moore–Penrose pseudoinverse.,One edge of conductance c has resistance 1/c.,Duality; Quadratic structure,Graph Laplacian; Moore–Penrose pseudoinverse,c-spielman,4
foster-resistance-theorem,Foster resistance identity,"\sum_{\{u,v\}\in E}c_{uv}R_{uv}=|V|-1",Discrete mathematics,Spectral graph theory,Advanced undergraduate,theorem,Edge leverage scores add up to the dimension of nonconstant vertex signals.,Finite connected loopless undirected graph with positive conductances; effective resistance between edge endpoints in the full network.,"In a tree, every summand is one, and there are n−1 edges.",Counting; Decomposition,Effective resistance from the Laplacian; Trace,c-spielman,2
commute-time-resistance,Random-walk commute time and resistance,H_{uv}+H_{vu}=\operatorname{vol}(G)R_{uv},Discrete mathematics,Spectral graph theory,Advanced undergraduate,theorem,Electrical difficulty of travel determines expected there-and-back duration.,Finite connected loopless undirected graph with positive conductances; walk transition p_uv=c_uv/d_u; H_uv expected first hitting time; vol(G)=sum d_u.,"On one edge, the commute time is two steps and vol·R=2c/c=2.",Duality; Randomness and distribution,Markov chain transition law; Effective resistance from the Laplacian,c-spielman,2
spanning-tree-edge-probability,Weighted spanning-tree edge probability,\mathbb P(e\in T)=c_eR_e,Discrete mathematics,Spectral graph theory,Advanced undergraduate,theorem,An edge is used often precisely when it contributes strongly to connecting its endpoints.,Connected finite loopless undirected weighted graph; tree probability proportional to product of edge conductances.,Every edge of a tree has probability one; each edge of an unweighted triangle has probability 2/3.,Randomness and distribution; Decomposition,Matrix–tree theorem; Effective resistance from the Laplacian,c-spielman,2
matrix-forest-theorem,Rooted forest determinant,\det(tI+L)=\sum_F t^{k(F)}\prod_{e\in F}c_e,Discrete mathematics,Spectral graph theory,Advanced undergraduate,theorem,Adding one root choice per tree component turns the Laplacian determinant into a forest counter.,Finite undirected weighted graph; sum over spanning forests together with one marked root per component; k(F) components.,"For one edge of weight c, det(tI+L)=t²+2ct: two root choices for the connected tree.",Generating functions; Counting,Matrix–tree theorem; Determinant,c-spielman,2
matroid-independent-sets,Matroid independence axioms,"\varnothing\in\mathcal I,\quad J\subseteq I\in\mathcal I\Rightarrow J\in\mathcal I,\quad |I|<|J|\Rightarrow\exists e\in J\setminus I:I\cup\{e\}\in\mathcal I",Discrete mathematics,Matroids and graph polynomials,Advanced undergraduate,definition,Abstract independence keeps the key feature that smaller independent collections can be enlarged from larger ones.,"Finite ground set E; in the exchange clause I,J∈I.",Independent vector subsets form a matroid; acyclic edge sets form a graphic matroid.,Algebraic structure; Decomposition,Basis and unique coordinates; Edges in a finite tree,ec-matroids; ec-stanley,3
matroid-rank-submodularity,Matroid rank submodularity,r(A\cup B)+r(A\cap B)\le r(A)+r(B),Discrete mathematics,Matroids and graph polynomials,Advanced undergraduate,theorem,New independent information has diminishing returns when more elements are already available.,Finite matroid; r(S) is the maximum size of an independent subset of S.,"For vectors, rank is dimension of their span; overlapping spans explain the inequality.",Decomposition; Algebraic structure,Matroid independence axioms; Dimension of a sum of subspaces,ec-matroids; ec-stanley,3
matroid-dual-rank,Dual matroid rank,r^*(A)=|A|-r(E)+r(E\setminus A),Discrete mathematics,Matroids and graph polynomials,Advanced undergraduate,theorem,What one basis leaves unused becomes a basis of the dual system.,Finite matroid M on E; dual bases are complements of bases of M.,"For the uniform rank-r matroid on n elements, the dual has rank n−r.",Duality; Counting,Matroid independence axioms; Rank–nullity theorem,ec-matroids; ec-stanley,3
matroid-basis-exchange,Symmetric matroid basis exchange,"e\in B_1\setminus B_2\Rightarrow\exists f\in B_2\setminus B_1:\ B_1-e+f,\ B_2-f+e\text{ are bases}",Discrete mathematics,Matroids and graph polynomials,Advanced undergraduate,theorem,Two complete independent selections can trade a suitable pair without losing completeness.,"Finite matroid; B₁,B₂ bases. The simultaneous exchange is stronger than the basic augmentation axiom.","Two spanning trees can exchange an edge across the cut created by deleting a tree edge, with an appropriate partner.",Decomposition; Symmetry and invariance,Matroid independence axioms; Basis and unique coordinates,ec-matroids; ec-stanley,2
matroid-intersection-theorem,Matroid intersection min–max theorem,\max_{I\in\mathcal I_1\cap\mathcal I_2}|I|=\min_{S\subseteq E}\bigl(r_1(S)+r_2(E\setminus S)\bigr),Discrete mathematics,Matroids and graph polynomials,Graduate,theorem,The largest selection obeying two independence rules is limited exactly by the best split of their capacities.,Two finite matroids on the same ground set E.,"Bipartite matchings are common independent sets of two partition matroids, one for each endpoint class.",Duality; Optimization,Matroid independence axioms; Hall’s marriage theorem,ec-matroid-intersection,2
tutte-polynomial,Tutte polynomial by rank subsets,"T_M(x,y)=\sum_{A\subseteq E}(x-1)^{r(E)-r(A)}(y-1)^{|A|-r(A)}",Discrete mathematics,Matroids and graph polynomials,Advanced undergraduate,definition,A single polynomial tracks how far each edge set is from spanning and how much cyclic redundancy it contains.,"Finite matroid M; for a graph r(A)=|V|−c(V,A).",A bridge contributes x; a loop contributes y; a tree with m edges has polynomial x^m.,Generating functions; Decomposition,Matroid independence axioms; Cycle rank of a finite graph,ec-matroids; ec-stanley,2
tutte-duality,Tutte duality,"T_{M^*}(x,y)=T_M(y,x)",Discrete mathematics,Matroids and graph polynomials,Advanced undergraduate,theorem,Duality swaps missing connectivity with excess dependence.,"Finite matroid M and its dual; for a connected plane graph, the dual matroid is represented by the geometric dual graph.",The cycle of length three has x²+x+y; its three-parallel-edge dual has y²+y+x.,Duality; Symmetry and invariance,Tutte polynomial by rank subsets; Dual matroid rank,ec-matroids; ec-stanley,2
chromatic-tutte-specialization,Chromatic polynomial from Tutte polynomial,"P_G(q)=(-1)^{|V|-c(G)}q^{c(G)}T_G(1-q,0)",Discrete mathematics,Matroids and graph polynomials,Advanced undergraduate,theorem,Proper coloring is one specialization of the universal edge-subset counter.,Finite undirected graph; c(G) counts components including isolated vertices; loops make P_G identically zero.,"For a tree on n vertices, P_G(q)=q(q−1)^(n−1).",Generating functions; Decomposition,Tutte polynomial by rank subsets; Chromatic polynomial deletion–contraction,ec-matroids; ec-stanley,2
tutte-spanning-tree-specialization,Bases at the center of the Tutte polynomial,"T_M(1,1)=|\{\text{bases of }M\}|",Discrete mathematics,Matroids and graph polynomials,Advanced undergraduate,theorem,"At the central evaluation, only subsets with neither rank deficit nor redundancy survive.","Finite matroid; powers with exponent zero evaluate to one. For a connected graph, bases are spanning trees.","A triangle has T(1,1)=3 spanning trees.",Counting; Decomposition,Tutte polynomial by rank subsets; Matrix–tree theorem,ec-matroids; ec-stanley,2
tutte-matrix-matching,Tutte matrix perfect-matching test,G\text{ has a perfect matching}\iff\det A(\mathbf x)\not\equiv0,Discrete mathematics,Matroids and graph polynomials,Advanced undergraduate,theorem,Assign each edge its own variable so matching contributions cannot accidentally cancel identically.,"Finite simple graph; skew matrix A_ij=x_ij on edges for i<j, A_ji=−x_ij, zeros otherwise; polynomial over a field of characteristic not two.","For four vertices, the Pfaffian is x12x34−x13x24+x14x23, omitting nonexistent edges.",Algebraic structure; Counting,Pfaffian and skew-symmetric determinant; Determinant,ec-pfaffian,2
hensel-simple-root,Hensel lifting of a simple root,"f(a)\equiv0\pmod p,\quad f^{\prime}(a)\not\equiv0\pmod p\Longrightarrow \exists!\alpha\in\mathbb Z_p:\ f(\alpha)=0,\ \alpha\equiv a\pmod p",Number theory,Local and analytic arithmetic,Advanced undergraduate,theorem,A root with a nonzero local slope can be corrected one p-adic digit at a time.,Prime p; f∈Z_p[x]; a∈Z_p. Uniqueness is within the residue class of a modulo p.,"x²−2 has two roots in Z₇, lifting 3 and 4 modulo 7.",Local linearization; Limits and convergence,p-adic absolute value and ultrametric; Modular inverse criterion,ec-hensel; c-valuations,2
p-adic-digit-expansion,p-adic digit expansion,"x=\sum_{n=v}^{\infty}a_np^n,\qquad a_n\in\{0,\ldots,p-1\}",Number theory,Local and analytic arithmetic,Advanced undergraduate,theorem,Digits extend toward higher powers because those powers become smaller in the p-adic metric.,Prime p; each nonzero x∈Q_p has a unique such expansion with integer v and a_v≠0; x∈Z_p iff v≥0.,"In Q₅, −1=4+4·5+4·5²+⋯.",Decomposition; Limits and convergence,p-adic absolute value and ultrametric; Euclidean division of integers,ec-hensel; c-valuations,2
rational-product-formula,Product formula for rational absolute values,|x|_\infty\prod_{p\ \mathrm{prime}}|x|_p=1,Number theory,Local and analytic arithmetic,Advanced undergraduate,theorem,Ordinary size and prime-divisibility sizes exactly balance for a nonzero rational number.,"x∈Q×; |p|_p=p^(−1), ordinary real absolute value at infinity; only finitely many prime factors differ from one.","For x=12, the product is 12·2^(−2)·3^(−1)=1.",Conservation and balance; Decomposition,Fundamental theorem of arithmetic; p-adic absolute value and ultrametric,ec-product-formula,3
ostrowski-rational-valuations,Ostrowski classification on the rationals,|\cdot|\text{ nontrivial on }\mathbb Q\ \sim\ |\cdot|_\infty\ \text{or}\ |\cdot|_p,Number theory,Local and analytic arithmetic,Graduate,theorem,The rationals admit only the ordinary and prime-based kinds of metric size.,Absolute values are equivalent when they induce the same topology; p is prime; trivial absolute value excluded.,Completion gives R for the ordinary class and Q_p for the p-adic class.,Decomposition; Geometry and distance,p-adic absolute value and ultrametric,ec-absolute-values,2
euler-zeta-product,Euler prime product,\sum_{n\ge1}n^{-s}=\prod_p(1-p^{-s})^{-1}\qquad(\Re s>1),Number theory,Local and analytic arithmetic,Advanced undergraduate,theorem,A product that chooses an exponent for each prime enumerates every positive integer exactly once.,Complex s with real part greater than one; both series and product converge absolutely.,"At s=2, multiplying geometric prime-power series reconstructs the sum of reciprocal squares.",Decomposition; Generating functions,Fundamental theorem of arithmetic; Finite geometric sum,ec-prime-number,5
prime-number-theorem,Prime number theorem,\pi(x)\sim\frac{x}{\log x},Number theory,Local and analytic arithmetic,Advanced undergraduate,theorem,"Primes become sparser, with average density near x on the scale 1/log x.",x→∞ through positive real values; π(x) counts primes≤x; asymptotic means ratio tends to one.,"The estimate for π(10⁶) is about 72,382, compared with its exact value 78,498.",Limits and convergence; Scaling and homogeneity,Fundamental theorem of arithmetic; Logarithm laws,ec-prime-number,2
dirichlet-character,Dirichlet character modulo q,"\chi(ab)=\chi(a)\chi(b),\quad \chi(a+q)=\chi(a),\quad \chi(a)=0\iff \gcd(a,q)>1",Number theory,Local and analytic arithmetic,Advanced undergraduate,definition,A character replaces invertible residue classes by multiplicative complex phases.,"q≥1; χ restricted to (Z/qZ)× is a homomorphism to C×, extended by zero to nonunits.","Modulo four, χ(1)=1, χ(3)=−1 and even arguments have value zero.",Symmetry and invariance; Algebraic structure,Group homomorphism; Congruence modulo an integer,ec-dirichlet,2
dirichlet-l-euler-product,Dirichlet L-series Euler product,"L(s,\chi)=\sum_{n\ge1}\frac{\chi(n)}{n^s}=\prod_p(1-\chi(p)p^{-s})^{-1}",Number theory,Local and analytic arithmetic,Advanced undergraduate,theorem,Twisting each prime by a character sorts multiplicative arithmetic information into frequency channels.,"Dirichlet character χ; complex Re(s)>1, giving absolute convergence.","For the principal character modulo q, primes dividing q contribute factors equal to one.",Decomposition; Symmetry and invariance,Dirichlet character modulo q; Fundamental theorem of arithmetic,ec-dirichlet,2
residue-character-filter,Character filter for a residue class,\mathbf1_{n\equiv a\ (q)}=\frac1{\varphi(q)}\sum_{\chi\bmod q}\overline{\chi(a)}\chi(n),Number theory,Local and analytic arithmetic,Advanced undergraduate,theorem,Average all multiplicative frequencies with the correct phase to isolate one invertible residue class.,"q≥1; gcd(a,q)=1; n integer; sum over all characters modulo q, extended by zero on nonunits.","Modulo four, odd numbers are separated by the principal character and the sign character.",Averaging; Orthogonality,Dirichlet character modulo q; Euler’s totient function,ec-dirichlet,4
dirichlet-primes-progressions,Dirichlet theorem on arithmetic progressions,"\gcd(a,q)=1\Longrightarrow |\{p\text{ prime}:p\equiv a\pmod q\}|=\infty",Number theory,Local and analytic arithmetic,Advanced undergraduate,theorem,Every residue class that avoids an unavoidable common divisor continues to contain primes forever.,"Integers q≥1 and gcd(a,q)=1. This existence theorem alone does not assert an error term or rate.","There are infinitely many primes ending in each of 1,3,7,9.",Symmetry and invariance; Decomposition,Congruence modulo an integer; Dirichlet character modulo q,ec-dirichlet,2
jordan-totient,Jordan totient function,J_k(n)=n^k\prod_{p\mid n}(1-p^{-k}),Number theory,Elementary and combinatorial arithmetic,Advanced undergraduate,theorem,Exclude k-tuples whose coordinates all share a prime divisor with the modulus.,"Integers n,k≥1; counts tuples in {1,…,n}^k with gcd(a₁,…,a_k,n)=1.",J₂(6)=36(1−1/4)(1−1/9)=24.,Counting; Decomposition,Euler’s totient function; Inclusion–exclusion principle,c-stein; c-nist-functions; c-nist-multiplicative,2
ramanujan-sum,Ramanujan sum,"c_q(n)=\sum_{\substack{1\le a\le q\\(a,q)=1}}e^{2\pi i an/q}=\sum_{d\mid(q,n)}d\,\mu(q/d)",Number theory,Elementary and combinatorial arithmetic,Advanced undergraduate,identity,Adding only primitive cyclic frequencies unexpectedly produces an integer.,Positive integer q; integer n; μ is the arithmetic Möbius function.,"For prime p, c_p(n)=p−1 if p divides n and −1 otherwise.",Orthogonality; Counting,Möbius inversion over divisors; Euler's formula,ec-periodic-arithmetic,2
primitive-root-moduli,Moduli admitting primitive roots,"(\mathbb Z/n\mathbb Z)^\times\text{ cyclic}\iff n\in\{1,2,4,p^k,2p^k\}",Number theory,Elementary and combinatorial arithmetic,Advanced undergraduate,theorem,One generator produces every invertible residue only for a restricted family of moduli.,"p odd prime, k≥1; n positive; the unit group for n=1 is taken as the trivial group.","Modulo seven, powers of three generate all six units; modulo eight the unit group is not cyclic.",Algebraic structure; Decomposition,Order of a power in a cyclic subgroup; Chinese remainder theorem,c-stein; c-nist-functions; c-nist-multiplicative,2
cyclotomic-polynomial,Cyclotomic factorization,"x^n-1=\prod_{d\mid n}\Phi_d(x),\qquad \deg\Phi_n=\varphi(n)",Number theory,Elementary and combinatorial arithmetic,Advanced undergraduate,theorem,Roots of unity separate into families according to their exact period.,n≥1; Φ_n is the monic polynomial whose roots are primitive n-th roots of unity; Φ_n∈Z[x] and is irreducible over Q.,Φ₆(x)=x²−x+1.,Decomposition; Symmetry and invariance,Euler’s totient function; Polynomial remainder and factor theorem,c-stein; c-nist-functions; c-nist-multiplicative,2
lucas-binomial-congruence,Lucas binomial congruence,\binom nk\equiv\prod_{i\ge0}\binom{n_i}{k_i}\pmod p,Number theory,Elementary and combinatorial arithmetic,Advanced undergraduate,theorem,"Modulo a prime, binomial choices split digit by digit in base p.","p prime; n,k≥0 with base-p digits n_i,k_i; binom(a,b)=0 when b>a.","binom(5,2)≡binom(1,0)binom(0,1)binom(1,0)=0 modulo two.",Decomposition; Recursion and iteration,Binomial theorem; Frobenius homomorphism,ec-lucas,3
kummer-carry-theorem,Kummer carry theorem,v_p\binom nk=\#\{\text{carries when adding }k\text{ and }n-k\text{ in base }p\},Number theory,Elementary and combinatorial arithmetic,Advanced undergraduate,theorem,Prime factors in a binomial coefficient are recorded by elementary carrying operations.,p prime; integers 0≤k≤n; count every carry between adjacent digit positions.,"binom(5,2)=10 has one factor of two; binary 010+011=101 has one carry.",Decomposition; Counting,Prime exponent in a factorial; Binomial coefficient,ec-lucas,2
fermat-two-squares,Two-square criterion,n=a^2+b^2\iff v_p(n)\text{ is even for every prime }p\equiv3\pmod4,Number theory,Elementary and combinatorial arithmetic,Advanced undergraduate,theorem,Primes of one residue type must occur in pairs before an integer can be a sum of two squares.,"Positive integer n; a,b integers, allowing zero.",45=3²·5 is allowed and equals 6²+3²; 21 is not.,Decomposition; Quadratic structure,Fundamental theorem of arithmetic; Quadratic reciprocity,c-stein; c-nist-functions; c-nist-multiplicative,2
pell-equation-units,Pell equation and quadratic units,"x^2-Dy^2=1,\qquad x_n+y_n\sqrt D=(x_1+y_1\sqrt D)^n",Number theory,Elementary and combinatorial arithmetic,Advanced undergraduate,theorem,One smallest expanding unit generates all positive Pell solutions by multiplication.,"D positive nonsquare integer; (x₁,y₁) is the least solution with x₁>1,y₁>0; n≥1 enumerates all x,y>0 solutions.","For D=2, 3+2√2 generates 17+12√2,99+70√2,… .",Recursion and iteration; Conservation and balance,Continued-fraction convergent recurrence; Exponential addition law,c-stein; c-nist-functions; c-nist-multiplicative,2
dirichlet-rational-approximation,Dirichlet rational approximation,"\forall Q\ge1\ \exists p\in\mathbb Z,\ 1\le q\le Q:\quad \left|\alpha-\frac pq\right|\le\frac1{qQ}",Number theory,Elementary and combinatorial arithmetic,Undergraduate,theorem,"Two fractional parts among enough multiples must be close, producing a good rational approximation.","Real α; integer Q≥1. For irrational α, infinitely many reduced p/q satisfy |α−p/q|<1/q².",An irrational can always be approximated with denominator at most 100 and error at most 1/(100q).,Counting; Geometry and distance,Pigeonhole principle; Continued-fraction convergent recurrence,c-stein; c-nist-functions; c-nist-multiplicative,2
algebraic-integer,Algebraic integer criterion,"\alpha\text{ integral over }\mathbb Z\iff \alpha^m+a_{m-1}\alpha^{m-1}+\cdots+a_0=0,\quad a_i\in\mathbb Z",Number theory,Algebraic number theory,Advanced undergraduate,definition,The correct integers inside a number field are roots of monic integer equations.,α is an algebraic number; m≥1; monicity is essential.,√2 is integral; 1/2 is algebraic but not integral.,Algebraic structure; Decomposition,Minimal polynomial and a simple field extension,ec-norm-trace; ec-ideal-factorization; ec-units,2
field-norm-trace,Norm and trace of a field extension,"N_{L/K}(a)=\det(m_a),\qquad \operatorname{Tr}_{L/K}(a)=\operatorname{tr}(m_a)",Number theory,Algebraic number theory,Advanced undergraduate,definition,Multiplication by one field element is a linear map; its volume factor and diagonal sum become arithmetic invariants.,"Finite extension L/K; m_a:L→L is K-linear multiplication by a. For separable extensions, norm and trace equal product and sum over K-embeddings.","In Q(√d), the norm of u+v√d is u²−dv² and the trace is 2u.",Linearity; Symmetry and invariance,Tower law for field extensions; Determinant; Trace,ec-norm-trace; ec-ideal-factorization; ec-units,2
number-field-discriminant,Number-field discriminant,"\operatorname{disc}(\omega_1,\ldots,\omega_n)=\det\bigl(\operatorname{Tr}_{K/\mathbb Q}(\omega_i\omega_j)\bigr)",Number theory,Algebraic number theory,Graduate,definition,The trace pairing measures how an arithmetic basis sits inside all embeddings at once.,"Number field K of degree n; ω_i a Q-basis. For an integral basis of O_K this is the field discriminant, independent of basis.","For K=Q(√5), the integral basis 1,(1+√5)/2 has discriminant 5.",Quadratic structure; Change of coordinates,Norm and trace of a field extension; Gram determinant and volume,ec-discriminant,2
dedekind-ideal-factorization,Unique prime-ideal factorization,\mathfrak a=\prod_{\mathfrak p}\mathfrak p^{v_{\mathfrak p}(\mathfrak a)},Number theory,Algebraic number theory,Graduate,theorem,"When element factorization fails, ideals restore a unique list of prime building blocks.",Nonzero ideal in a Dedekind domain; finitely many nonnegative exponents are nonzero. For nonzero fractional ideals exponents may be integers.,"The ring of integers of every number field is Dedekind, so its nonzero ideals factor uniquely.",Decomposition; Algebraic structure,Fundamental theorem of arithmetic; Quotient ring,ec-norm-trace; ec-ideal-factorization; ec-units,2
ramification-degree-sum,Ramification and residue-degree identity,"p\mathcal O_K=\prod_{i=1}^g\mathfrak p_i^{e_i},\qquad \sum_{i=1}^g e_if_i=[K:\mathbb Q]",Number theory,Algebraic number theory,Graduate,theorem,A rational prime distributes its degree budget between repeated factors and larger residue fields.,Number field K; p rational prime; distinct prime ideals above p; f_i=[O_K/𝔭_i:F_p].,"In Q(i), (2) is ramified with e=2,f=1; primes congruent to three modulo four have e=1,f=2.",Conservation and balance; Decomposition,Unique prime-ideal factorization; Tower law for field extensions,ec-ramification,2
ideal-class-group,Ideal class group,"\operatorname{Cl}(K)=I_K/P_K,\qquad |\operatorname{Cl}(K)|<\infty",Number theory,Algebraic number theory,Graduate,theorem,The class group records the obstruction to describing every ideal with a single generator.,Number field K; I_K group of nonzero fractional ideals of O_K; P_K subgroup of nonzero principal fractional ideals.,For Q the class group is trivial; class number one means O_K is a principal ideal domain.,Duality; Algebraic structure,Quotient group; Unique prime-ideal factorization,ec-ideal-factorization; ec-geometry-numbers,2
dirichlet-unit-theorem,Dirichlet unit theorem,\mathcal O_K^\times\cong\mu(K)\times\mathbb Z^{r_1+r_2-1},Number theory,Algebraic number theory,Graduate,theorem,"Apart from finitely many roots of unity, all units are generated by finitely many independent multiplicative directions.",Number field with r₁ real embeddings and r₂ conjugate pairs of complex embeddings; μ(K) roots of unity.,A real quadratic field has one independent fundamental unit; an imaginary quadratic field has only finitely many units.,Decomposition; Exponentials and logarithms,Structure theorem for finite abelian groups; Norm and trace of a field extension,ec-norm-trace; ec-ideal-factorization; ec-units,2
minkowski-convex-body,Minkowski convex-body theorem,\operatorname{vol}(C)>2^n\det\Lambda\Longrightarrow (C\cap\Lambda)\setminus\{0\}\ne\varnothing,Number theory,Algebraic number theory,Advanced undergraduate,theorem,A centrally symmetric body larger than a lattice’s fundamental-volume threshold must capture a nonzero lattice point.,Full-rank lattice Λ in R^n; measurable convex C with C=−C. Strict inequality suffices; equality also suffices when C is compact.,"For Z², an origin-centered square of side greater than two necessarily contains a nonzero integer point.",Geometry and distance; Counting,Pigeonhole principle; Determinant,ec-geometry-numbers,3
minkowski-class-bound,Minkowski ideal-class bound,N(\mathfrak a)\le \left(\frac4\pi\right)^{r_2}\frac{n!}{n^n}\sqrt{|D_K|},Number theory,Algebraic number theory,Graduate,theorem,"Every ideal class has a representative below an explicit size, making a global classification finite.",Number field K of degree n with r₂ complex pairs and discriminant D_K; each ideal class contains a nonzero integral ideal 𝔞 satisfying the bound; N is ideal index.,"For Q(i), the bound is 2/π<1.28, forcing an ideal of norm one in every class, hence class number one.",Optimization; Geometry and distance,Ideal class group; Minkowski convex-body theorem,ec-geometry-numbers,2
quadratic-integer-ring,Integers of a quadratic field,"\mathcal O_{\mathbb Q(\sqrt d)}=\begin{cases}\mathbb Z[(1+\sqrt d)/2],&d\equiv1\pmod4,\\ \mathbb Z[\sqrt d],&d\equiv2,3\pmod4.\end{cases}",Number theory,Algebraic number theory,Advanced undergraduate,theorem,Half-integer coordinates are allowed precisely when they still give integral trace and norm.,"Squarefree integer d≠0,1; negative d allowed; congruences taken modulo four.","In Q(√5), the golden ratio is an algebraic integer even though its coefficients in 1,√5 are halves.",Algebraic structure; Quadratic structure,Algebraic integer criterion; Norm and trace of a field extension,ec-norm-trace; ec-ideal-factorization; ec-units,2
tangent-vector-derivation,Tangent vectors as derivations,"v(fg)=f(p)v(g)+g(p)v(f),\qquad T_pM=\operatorname{Der}_p(C^\infty(M),\mathbb R)",Geometry,Differential geometry,Advanced undergraduate,definition,A direction is a rule that differentiates every smooth observable at one point.,Smooth finite-dimensional manifold M; derivations are R-linear and satisfy the displayed Leibniz rule at p.,"In a coordinate chart, v=sum_i v^i ∂/∂x^i at p.",Local linearization; Duality,Derivative; Linear map,ec-riemannian,2
lie-derivative-tensor,Lie derivative via a flow,\mathcal L_XT=\left.\frac d{dt}\right|_{t=0}\varphi_t^*T,Geometry,Differential geometry,Graduate,definition,Compare a tensor with its transported version under the motion generated by a vector field.,Smooth vector field X with local flow φ_t; smooth tensor T; pullback for contravariant slots uses the inverse differential.,"For a function f, L_X f=X(f); for a vector field Y, L_XY=[X,Y].",Symmetry and invariance; Local linearization,Pullback of a differential form; Matrix commutator and Lie bracket,ec-riemannian,3
koszul-formula,Koszul formula,"2g(\nabla_XY,Z)=Xg(Y,Z)+Yg(Z,X)-Zg(X,Y)-g(X,[Y,Z])+g(Y,[Z,X])+g(Z,[X,Y])",Geometry,Differential geometry,Graduate,theorem,Metric compatibility and absence of torsion determine the connection completely.,"Smooth Riemannian metric; X,Y,Z smooth vector fields; ∇ is the Levi-Civita connection.","For commuting Euclidean coordinate vectors and constant metric coefficients, every connection coefficient vanishes.",Duality; Symmetry and invariance,Riemannian metric; Covariant derivative in coordinates,ec-riemannian,2
hodge-star,Hodge star operator,"\alpha\wedge *\beta=\langle\alpha,\beta\rangle\,dV,\qquad *^2|_{\Omega^k}=(-1)^{k(n-k)}",Geometry,Differential geometry,Graduate,definition,A metric and orientation turn a k-dimensional measurement into its complementary-dimensional measurement.,"Oriented n-dimensional Riemannian manifold; α,β smooth k-forms; real-valued forms and positive-definite metric.","In oriented Euclidean R³, *(dx)=dy∧dz.",Duality; Geometry and distance,Wedge product and graded commutativity; Riemannian volume element,ec-riemannian,2
codifferential,Codifferential and Hodge Laplacian,"\delta|_{\Omega^k}=(-1)^{n(k+1)+1}*d*,\qquad \Delta_H=d\delta+\delta d",Geometry,Differential geometry,Graduate,definition,"Reverse exterior differentiation using the metric adjoint, then combine both directions into an energy operator.",Oriented n-dimensional Riemannian manifold; δ is the formal L² adjoint of d on compactly supported forms. Δ_H is nonnegative under the L² pairing.,"On functions, Δ_H f=−Δ_g f with the atlas convention Δ_g=div grad.",Duality; Quadratic structure,Hodge star operator; Exterior derivative; Adjoint of a linear map,ec-riemannian,2
hodge-decomposition,Hodge decomposition theorem,"\Omega^k(M)=\mathcal H^k\oplus d\Omega^{k-1}(M)\oplus\delta\Omega^{k+1}(M),\qquad \mathcal H^k\cong H_{\mathrm{dR}}^k(M)",Geometry,Differential geometry,Graduate,theorem,Every differential form splits into a topological residue and two orthogonal derivative parts.,Compact oriented smooth Riemannian manifold without boundary; smooth forms; H^k=ker Δ_H. The direct sum is L²-orthogonal.,"On a circle, the nonzero harmonic one-form dθ represents the single circulation class.",Orthogonality; Decomposition,Codifferential and Hodge Laplacian; De Rham’s theorem,ec-riemannian,2
poincare-lemma,Poincaré lemma,"d\omega=0,\quad k>0\Longrightarrow\omega=d\eta",Geometry,Differential geometry,Advanced undergraduate,theorem,"Locally, the only obstruction to being a derivative is the compatibility condition dω=0.",Smooth k-form on a star-shaped open subset of R^n; k>0. More generally holds on sufficiently small coordinate neighborhoods.,A curl-free vector field on a ball has a scalar potential.,Algebraic structure; Boundary and interior,Exterior derivative,ec-riemannian,3
gauss-equation-submanifold,Gauss equation for a submanifold,"\langle R^M(X,Y)Z,W\rangle=\langle\bar R(X,Y)Z,W\rangle+\langle h(X,W),h(Y,Z)\rangle-\langle h(X,Z),h(Y,W)\rangle",Geometry,Differential geometry,Graduate,theorem,Intrinsic curvature combines ambient curvature with the way the submanifold bends.,"Isometric immersion M into a Riemannian manifold; h normal second fundamental form; R(X,Y)Z=∇X∇YZ−∇Y∇XZ−∇[X,Y]Z.","For a surface in R³, K equals the product of principal curvatures.",Decomposition; Quadratic structure,Riemann curvature tensor; Shape operator and second fundamental form,ec-riemannian,3
codazzi-equation,Codazzi equation in Euclidean space,"(\nabla_Xh)(Y,Z)=(\nabla_Yh)(X,Z)",Geometry,Differential geometry,Graduate,theorem,The bending tensor cannot vary arbitrarily; its derivatives must be mutually compatible.,Smooth isometric immersion into Euclidean space; derivative of h uses both the induced tangent and normal connections.,"For a plane, h=0 and the equation holds identically.",Symmetry and invariance; Local linearization,Covariant derivative in coordinates; Shape operator and second fundamental form,ec-riemannian,2
jacobi-field-equation,Jacobi equation for geodesic variation,"\frac{D^2J}{dt^2}+R(J,\dot\gamma)\dot\gamma=0",Geometry,Differential geometry,Graduate,theorem,Curvature controls how neighboring geodesics converge or spread apart.,"Smooth Riemannian manifold; γ a geodesic; J arises from a smooth variation through affinely parametrized geodesics, or is any solution of this linear equation.","On the unit sphere, a perpendicular Jacobi component satisfies j″+j=0.",Local linearization; Geometry and distance,Geodesic equation; Riemann curvature tensor,ec-riemannian,2
riemannian-exponential-map,Riemannian exponential map,"\exp_p(v)=\gamma_v(1),\qquad d(\exp_p)_0=\operatorname{id}_{T_pM}",Geometry,Differential geometry,Advanced undergraduate,definition,A tangent arrow becomes a point by following the geodesic it launches.,γ_v starts at p with velocity v; v lies where the geodesic exists to time one. Exp is a local diffeomorphism near zero.,"In Euclidean space, exp_p(v)=p+v.",Local linearization; Geometry and distance,Geodesic equation; Inverse function theorem,ec-riemannian,2
hopf-rinow,Hopf–Rinow theorem,"(M,d_g)\text{ complete}\iff M\text{ geodesically complete}\iff\text{closed bounded subsets are compact}",Geometry,Differential geometry,Graduate,theorem,"For a connected Riemannian manifold, metric completeness, endless geodesics, and compactness of bounded regions coincide.",Connected finite-dimensional Riemannian manifold without boundary. Under these conditions any two points are joined by a minimizing geodesic.,Euclidean space is complete; the open unit ball with its Euclidean metric is not.,Limits and convergence; Geometry and distance,Geodesic equation; Riemannian length and distance,ec-riemannian,2
bonnet-myers,Bonnet–Myers diameter bound,"\operatorname{Ric}\ge(n-1)k\,g,\ k>0\Longrightarrow\operatorname{diam}M\le\frac{\pi}{\sqrt k}",Geometry,Differential geometry,Graduate,theorem,"Uniformly positive Ricci curvature forces geodesics to reconverge, limiting the size of a complete space.","Connected complete n-dimensional Riemannian manifold, n≥2. It is compact and has finite fundamental group.",The round sphere of radius r attains diameter πr with k=1/r².,Geometry and distance; Scaling and homogeneity,Ricci and scalar curvature as traces; Hopf–Rinow theorem,ec-riemannian,2
cartan-hadamard,Cartan–Hadamard theorem,"K\le0,\ M\text{ complete and simply connected}\Longrightarrow\exp_p:T_pM\overset{\cong}{\longrightarrow}M",Geometry,Differential geometry,Graduate,theorem,"Without positive curvature or topological loops, geodesics never create global coordinate ambiguity.",Connected complete simply connected Riemannian n-manifold with nonpositive sectional curvature; exp is a diffeomorphism for every p.,Hyperbolic space is diffeomorphic to R^n despite its non-Euclidean distances.,Local linearization; Geometry and distance,Sectional curvature; Riemannian exponential map,ec-riemannian,2
bochner-function-formula,Bochner identity for functions,"\tfrac12\Delta_g|\nabla f|^2=|\operatorname{Hess}f|^2+\langle\nabla f,\nabla\Delta_gf\rangle+\operatorname{Ric}(\nabla f,\nabla f)",Geometry,Differential geometry,Graduate,identity,Differentiating gradient energy reveals both second-derivative energy and a curvature correction.,Smooth real function on a smooth Riemannian manifold; Δ_g=div grad; curvature convention as in the atlas.,"In Euclidean space for harmonic f, half the Laplacian of gradient energy is the squared Hessian norm.",Quadratic structure; Local linearization,Laplace–Beltrami operator; Hessian matrix,ec-riemannian,2
bishop-gromov,Bishop–Gromov volume comparison,"r\longmapsto\frac{\operatorname{Vol}B(p,r)}{V_k(r)}\text{ is nonincreasing}",Geometry,Differential geometry,Graduate,theorem,A lower Ricci bound prevents balls from gaining volume faster than the constant-curvature comparison space.,Complete n-dimensional Riemannian manifold with Ric≥(n−1)k g; V_k(r) is ball volume in the simply connected n-dimensional space form. For k>0 take 0<r<π/√k.,"With Ric≥0, Vol(B(p,r))/r^n is nonincreasing and Vol(B(p,r))≤ω_n r^n.",Scaling and homogeneity; Geometry and distance,Riemannian volume element; Ricci and scalar curvature as traces,ec-riemannian,2
killing-equation,Killing vector-field equation,\mathcal L_Xg=0\iff \nabla_iX_j+\nabla_jX_i=0,Geometry,Differential geometry,Graduate,theorem,Infinitesimal motions preserve lengths when their local derivative has no symmetric stretching part.,Smooth vector field on a Riemannian manifold; indices lowered with g; the local flow consists of local isometries.,Translations and rotations in Euclidean space are Killing fields.,Symmetry and invariance; Local linearization,Covariant derivative in coordinates; Riemannian metric,ec-riemannian,2
bianchi-identities,Bianchi identities,"\sum_{\mathrm{cyc}}R(X,Y)Z=0,\qquad \sum_{\mathrm{cyc}}(\nabla_XR)(Y,Z)=0",Geometry,Differential geometry,Graduate,identity,"Curvature is constrained by cyclic cancellation, both algebraically and after differentiation.","Levi-Civita connection; first sum cycles X,Y,Z; second is an identity of endomorphism-valued tensors cycling X,Y,Z.",Both identities are automatic for flat Euclidean space; they constrain nonzero curvature tensors as well.,Symmetry and invariance; Conservation and balance,Riemann curvature tensor; Covariant derivative in coordinates,ec-riemannian,2
biinvariant-lie-curvature,Curvature of a bi-invariant metric,"\nabla_XY=\tfrac12[X,Y],\qquad K(X,Y)=\frac{\|[X,Y]\|^2}{4(\|X\|^2\|Y\|^2-\langle X,Y\rangle^2)}",Geometry,Differential geometry,Graduate,theorem,"In a group whose metric respects left and right translation, noncommutativity is exactly the source of sectional curvature.","Lie group with bi-invariant positive-definite Riemannian metric; X,Y left-invariant and linearly independent. Not every Lie group admits such a metric.",An abelian Lie group with an invariant flat metric has zero brackets and zero curvature.,Symmetry and invariance; Algebraic structure,Matrix commutator and Lie bracket; Sectional curvature,ec-riemannian,2
symplectic-form,Symplectic form,"d\omega=0,\qquad v\mapsto\omega(v,\cdot)\text{ is an isomorphism }T_pM\to T_p^*M",Geometry,Symplectic geometry,Advanced undergraduate,definition,An alternating pairing matches directions with covectors while satisfying a differential compatibility law.,Smooth manifold; ω a smooth closed nondegenerate two-form. Dimension is necessarily even.,"On R^{2n}, ω=sum_i dq_i∧dp_i.",Duality; Algebraic structure,Wedge product and graded commutativity; Exterior derivative,ec-symplectic,3
darboux-theorem,Darboux theorem,\omega=\sum_{i=1}^n dq_i\wedge dp_i\quad\text{in suitable local coordinates},Geometry,Symplectic geometry,Graduate,theorem,"Every symplectic space has the same local form, regardless of global topology.",Smooth symplectic 2n-manifold; the coordinates exist near every point. They need not extend globally.,The sphere admits an area symplectic form but cannot have a single global Euclidean coordinate chart.,Change of coordinates; Symmetry and invariance,Symplectic form; Pullback of a differential form,ec-symplectic,2
lagrangian-submanifold,Lagrangian submanifold criterion,"\iota^*\omega=0,\qquad \dim L=\tfrac12\dim M",Geometry,Symplectic geometry,Graduate,definition,A Lagrangian submanifold occupies as many directions as possible while the symplectic pairing vanishes within it.,"Embedded or immersed submanifold L of symplectic M, with inclusion or immersion ι; both conditions are required.",The graph of df in T*Q is Lagrangian for the canonical symplectic form.,Duality; Orthogonality,Symplectic form; Pullback of a differential form,ec-symplectic,3
cup-product,Cohomology cup product,"\smile:H^p(X;R)\times H^q(X;R)\to H^{p+q}(X;R),\qquad a\smile b=(-1)^{pq}b\smile a",Topology & logic,Algebraic topology,Graduate,theorem,"Cohomology classes can multiply, detecting how topological features interact rather than merely how many exist.",Singular cohomology of a space with coefficients in a commutative ring R; graded commutativity holds at the cohomology-class level.,"On a torus, two independent degree-one classes have nonzero product in degree two.",Algebraic structure; Composition,Homology as cycles modulo boundaries; Wedge product and graded commutativity,c-hatcher,3
universal-coefficient-cohomology,Universal coefficient theorem for cohomology,"0\to\operatorname{Ext}^1_{\mathbb Z}(H_{n-1}(X;\mathbb Z),G)\to H^n(X;G)\to\operatorname{Hom}_{\mathbb Z}(H_n(X;\mathbb Z),G)\to0",Topology & logic,Algebraic topology,Graduate,theorem,Dualizing homology almost gives cohomology; a torsion correction explains the difference.,"Space X, abelian coefficient group G; singular homology and cohomology. The sequence splits as groups, generally not naturally.","If H_{n−1} is free, the Ext term vanishes and H^n is Hom(H_n,G).",Duality; Decomposition,Homology as cycles modulo boundaries; Exactness of consecutive maps; Ext from a projective resolution,c-hatcher,2
relative-homology-sequence,Long exact sequence of a pair,"\cdots\to H_n(A)\to H_n(X)\to H_n(X,A)\xrightarrow{\partial}H_{n-1}(A)\to\cdots",Topology & logic,Algebraic topology,Advanced undergraduate,theorem,"Relative cycles may have a boundary, provided the boundary lies in the designated subspace.",Topological pair A⊆X; singular homology with one fixed coefficient group.,"H_n(D^n,S^{n−1};Z)=Z, whose generator maps to the sphere boundary class.",Boundary and interior; Decomposition,Homology as cycles modulo boundaries; Exactness of consecutive maps,c-hatcher,2
homotopy-fibration-sequence,Long exact sequence of a fibration,\cdots\to\pi_n(F)\to\pi_n(E)\to\pi_n(B)\to\pi_{n-1}(F)\to\cdots,Topology & logic,Algebraic topology,Graduate,theorem,A sphere that contracts after projection may leave a nontrivial trace in the fiber.,"Pointed Serre fibration F→E→B with chosen compatible basepoints; homotopy-group exactness in positive degrees, with the usual pointed-set interpretation at degree zero.",The Hopf fibration S¹→S³→S² yields π₂(S²)≅π₁(S¹)≅Z.,Decomposition; Boundary and interior,Fundamental group; Exactness of consecutive maps,c-hatcher,2
hurewicz-theorem,Hurewicz theorem,X\text{ is }(n-1)\text{-connected}\Longrightarrow \pi_n(X)\cong H_n(X;\mathbb Z),Topology & logic,Algebraic topology,Graduate,theorem,"At the first possible nontrivial dimension, sphere-based topology and cycle-based topology agree.",n≥2; X a path-connected CW complex with π_i(X)=0 for 1≤i<n. The Hurewicz map sends a sphere map to its fundamental homology class.,"For S^n with n≥2, π_n(S^n)≅Z.",Duality; Decomposition,Fundamental group; Homology as cycles modulo boundaries,c-hatcher,2
whitehead-theorem,Whitehead theorem for CW complexes,f_*:\pi_n(X)\overset{\cong}{\to}\pi_n(Y)\ \forall n\ge1\Longrightarrow f\text{ is a homotopy equivalence},Topology & logic,Algebraic topology,Graduate,theorem,"For spaces built from cells, matching every sphere-based test is enough to recover the whole homotopy type.",Continuous map f between connected CW complexes; compatible basepoints. Without the CW hypothesis a weak homotopy equivalence need not be a homotopy equivalence.,A contractible CW complex is homotopy equivalent to a point.,Symmetry and invariance; Decomposition,Homotopy of maps; Fundamental group,c-hatcher,2
suspension-homology,Suspension isomorphism in reduced homology,\widetilde H_{n+1}(\Sigma X;G)\cong\widetilde H_n(X;G),Topology & logic,Algebraic topology,Advanced undergraduate,theorem,Collapsing the two ends of a cylinder shifts each reduced homology feature up one dimension.,Nonempty CW complex X; unreduced suspension ΣX; n≥0; any abelian coefficient group G.,Suspending S¹ gives S² and shifts its Z class from degree one to degree two.,Scaling and homogeneity; Decomposition,Mayer–Vietoris exact sequence; Homology as cycles modulo boundaries,c-hatcher,2
cellular-homology,Cellular homology chain complex,"C_n^{\mathrm{cell}}(X)=H_n(X^n,X^{n-1};\mathbb Z)\cong\bigoplus_{\text{n-cells}}\mathbb Z,\quad H_n(C_*^{\mathrm{cell}})\cong H_n(X;\mathbb Z)",Topology & logic,Algebraic topology,Advanced undergraduate,theorem,One generator per cell can replace the enormous singular chain complex.,CW complex X with skeleta X^n; boundary maps are induced by attaching maps and connecting homomorphisms.,"A sphere has one zero-cell and one n-cell, making its cellular homology immediate.",Decomposition; Counting,Homology as cycles modulo boundaries; Long exact sequence of a pair,c-hatcher,2
homology-excision,Excision in relative homology,"H_n(X\setminus Z,A\setminus Z;G)\cong H_n(X,A;G)",Topology & logic,Algebraic topology,Advanced undergraduate,theorem,Removing a region safely inside the ignored subspace does not change the relative topological information.,A⊆X and closure(Z)⊆interior(A); singular homology with abelian coefficients G; map induced by inclusion.,Removing an interior subdisk from the ignored annular region does not affect the corresponding relative group.,Boundary and interior; Local linearization,Homology as cycles modulo boundaries; Long exact sequence of a pair,c-hatcher,2
covering-space-classification,Classification of connected covering spaces,\{\text{connected covers of }X\}/\cong\ \longleftrightarrow\ \{\text{subgroups of }\pi_1(X)\}/\text{conjugacy},Topology & logic,Algebraic topology,Advanced undergraduate,theorem,A covering space is determined by which loops close after being lifted.,"X path-connected, locally path-connected and semilocally simply connected; covers unbased, hence subgroups taken up to conjugacy.",Subgroups nZ of π₁(S¹)=Z give the n-sheeted circle covers; {0} gives its universal cover R.,Duality; Symmetry and invariance,Number of sheets and subgroup index; Fundamental group,c-hatcher,2
borsuk-ulam,Borsuk–Ulam theorem,f:S^n\to\mathbb R^n\text{ continuous}\Longrightarrow\exists x:\ f(x)=f(-x),Topology & logic,Algebraic topology,Advanced undergraduate,theorem,A continuous assignment of n measurements to an n-sphere must agree at some opposite pair.,n≥1; antipodal points on the unit n-sphere; arbitrary continuous real-valued n-component map.,"For n=1, some opposite points on a circle have equal scalar measurement.",Symmetry and invariance; Fixed points,Continuity by inverse images; Degree of a map,c-hatcher,2
euler-class,Euler class and zero counts,"\langle e(TM),[M]\rangle=\chi(M)=\sum_{p:\,X(p)=0}\operatorname{ind}_p(X)",Topology & logic,Characteristic classes,Graduate,theorem,The topology of the tangent bundle accounts for the total index of unavoidable vector-field zeros.,Closed oriented smooth n-manifold; X a smooth tangent vector field with isolated zeros; e(TM)∈H^n(M;Z).,"A sphere S² has Euler characteristic two, so a tangent field cannot be everywhere nonzero.",Counting; Boundary and interior,Euler characteristic; Degree of a map,ec-bundles; c-hatcher,2
chern-whitney-sum,Chern classes and the Whitney sum law,"c(E\oplus F)=c(E)\smile c(F),\qquad c(E)=1+c_1(E)+\cdots+c_r(E)",Topology & logic,Characteristic classes,Graduate,theorem,Characteristic classes package the twisting of complex vector bundles into multiplicative cohomology data.,"Complex vector bundles of finite rank over a CW complex; c_i(E)∈H^{2i}(X;Z), zero above the rank.","For line bundles L,M, c₁(L⊕M)=c₁(L)+c₁(M) and c₂(L⊕M)=c₁(L)c₁(M).",Decomposition; Algebraic structure,Cohomology cup product; Direct product of groups,ec-bundles; c-hatcher,3
stiefel-whitney-sum,Stiefel–Whitney classes,"w(E\oplus F)=w(E)\smile w(F),\qquad w(E)=1+w_1(E)+\cdots+w_r(E)",Topology & logic,Characteristic classes,Graduate,theorem,Real bundles carry mod-two twisting indicators that survive without choosing an orientation.,"Real rank-r vector bundle over a CW complex; w_i(E)∈H^i(X;F₂), vanish above rank. w₁=0 iff E is orientable.",The Möbius line bundle over S¹ has nonzero w₁.,Symmetry and invariance; Decomposition,Cohomology cup product; Topology by open sets,ec-bundles; c-hatcher,2
thom-isomorphism,Thom isomorphism,"H^k(X;R)\xrightarrow[\cong]{\,a\mapsto\pi^*a\smile u\,}H^{k+r}(D(E),S(E);R)",Topology & logic,Characteristic classes,Graduate,theorem,An oriented r-dimensional fiber contributes one canonical relative class and shifts cohomological degree by r.,"R-oriented real rank-r vector bundle E over a CW complex; u its Thom class; D(E),S(E) disk and sphere bundles from a chosen metric; R commutative coefficient ring.","For a trivial bundle over a point, this is H⁰(point)≅H^r(D^r,S^{r−1}).",Duality; Decomposition,Poincaré duality; Long exact sequence of a pair,ec-bundles; c-hatcher,2
chern-character,Chern character,"\operatorname{ch}(E)=\sum_i e^{x_i},\quad \operatorname{ch}(E\oplus F)=\operatorname{ch}(E)+\operatorname{ch}(F),\quad \operatorname{ch}(E\otimes F)=\operatorname{ch}(E)\operatorname{ch}(F)",Topology & logic,Characteristic classes,Graduate,theorem,Exponentiating formal Chern roots turns bundle sum and tensor product into ordinary ring operations.,Complex vector bundles over a finite CW complex; x_i formal degree-two Chern roots under the splitting principle; values in even rational cohomology.,ch(E)=rank(E)+c₁+(c₁²−2c₂)/2+⋯.,Exponentials and logarithms; Algebraic structure,Chern classes and the Whitney sum law; Tensor product universal property,ec-bundles; c-hatcher,2
compact-hausdorff-bijection,Compact-to-Hausdorff bijection theorem,"f:X\to Y\text{ continuous bijective},\ X\text{ compact},\ Y\text{ Hausdorff}\Longrightarrow f\text{ homeomorphism}",Topology & logic,General topology,Undergraduate,theorem,Compactness prevents a continuous one-to-one relabeling from hiding a discontinuous inverse.,Topological spaces as stated; no metrizability needed.,A continuous bijection from a compact interval onto its image in Euclidean space has continuous inverse.,Duality; Limits and convergence,Homeomorphism; Continuity by inverse images,ec-stacks-topology,2
tychonoff-theorem,Tychonoff compactness theorem,"\bigl(\forall i,\ X_i\text{ compact}\bigr)\Longrightarrow\prod_{i\in I}X_i\text{ compact}",Topology & logic,General topology,Advanced undergraduate,theorem,Even infinitely many compact coordinate constraints remain compact in the topology that inspects finitely many coordinates at a time.,"Product topology; arbitrary family of compact spaces, in standard set theory with the axiom of choice. The box topology need not satisfy the conclusion.","The infinite binary cube {0,1}^N is compact in its product topology.",Composition; Limits and convergence,Cartesian product; Topology by open sets,ec-stacks-topology,2
boolean-ring,Boolean algebra as a Boolean ring,"A+B=A\triangle B,\quad AB=A\cap B,\quad A^2=A,\quad A+A=0",Topology & logic,Model theory and Boolean structure,Undergraduate,identity,Logical choices become arithmetic when addition means exclusive-or and multiplication means and.,Subsets of a fixed universe; symmetric difference as addition and intersection as multiplication. More generally every Boolean algebra yields a commutative Boolean ring.,"A={1,2}, B={2,3}: A+B={1,3}, AB={2}.",Algebraic structure; Duality,De Morgan’s laws; Ring structure and distributivity,ec-model-theory; c-logic,3
downward-lowenheim-skolem,Downward Löwenheim–Skolem theorem,"A\subseteq M\Longrightarrow\exists N\preccurlyeq M:\ A\subseteq N,\ |N|\le\max(|A|,|L|,\aleph_0)",Topology & logic,Model theory and Boolean structure,Graduate,theorem,A structure may have a much smaller part that preserves every first-order statement about its own elements.,First-order L-structure M; subset A; N is an elementary substructure. Uses the usual choice principles to select witnesses.,An infinite structure in a countable language has a countable elementary substructure containing any chosen countable set.,Decomposition; Recursion and iteration,Compactness theorem for first-order logic,ec-model-theory; c-logic,2
tarski-vaught-test,Tarski–Vaught test,"N\preccurlyeq M\iff\bigl(M\models\exists x\,\varphi(x,\bar a)\Rightarrow\exists b\in N:\ M\models\varphi(b,\bar a)\bigr)",Topology & logic,Model theory and Boolean structure,Graduate,theorem,A substructure is elementary exactly when it never needs to leave home to find an existential witness.,N⊆M an L-substructure; the condition holds for every first-order formula φ and all parameter tuples a from N.,A subfield of an algebraically closed field must contain every needed root to satisfy even the polynomial-witness part of this test.,Recursion and iteration; Decomposition,Negating quantifiers,ec-model-theory; c-logic,2
los-ultraproduct,Łoś theorem for ultraproducts,\prod_i M_i/U\models\varphi([\bar a_i])\iff\{i:M_i\models\varphi(\bar a_i)\}\in U,Topology & logic,Model theory and Boolean structure,Graduate,theorem,A first-order statement holds in the quotient product exactly when it holds on a set of indices deemed large by the ultrafilter.,Structures M_i in one first-order language with nonempty domains; U an ultrafilter on the index set; tuples represented coordinatewise; usual choice principles.,An ultraproduct of fields is a field because every field axiom transfers.,Composition; Symmetry and invariance,Cartesian product; Equivalence relation,ec-model-theory; c-logic,2
real-closed-quantifier-elimination,Quantifier elimination for real closed fields,"\forall\varphi(\bar x)\ \exists\psi(\bar x)\text{ quantifier-free}:\quad \mathrm{RCF}\models\forall\bar x\,(\varphi\leftrightarrow\psi)",Topology & logic,Model theory and Boolean structure,Graduate,theorem,Existence conditions involving polynomial inequalities can be rewritten as polynomial inequalities without hidden variables.,"First-order language of ordered rings; φ may contain parameters, retained in ψ; all real closed fields satisfy the equivalence.","Over R, ∃y(y²=x) is equivalent to x≥0.",Decomposition; Algebraic structure,Negating quantifiers; Polynomial division algorithm,ec-model-theory; c-logic,2
compact-type-space,Compactness of the space of types,"[\varphi]=\{p:\varphi\in p\},\qquad S_n(T)\text{ is compact Hausdorff and totally disconnected}",Topology & logic,Model theory and Boolean structure,Graduate,theorem,A complete type is a fully specified collection of compatible answers about a tuple; finite questions define its neighborhoods.,Consistent first-order theory T; S_n(T) complete n-types over T; basic sets [φ] are both open and closed.,"For dense linear orders, one-variable types over a parameter set describe consistent positions relative to those parameters.",Limits and convergence; Duality,Compactness theorem for first-order logic; Topology by open sets,ec-model-theory; c-logic,2
affine-algebraic-zero-set,Affine algebraic zero set,V(I)=\{a\in k^n:f(a)=0\ \forall f\in I\},Algebraic geometry,Affine and projective geometry,Advanced undergraduate,definition,A geometric shape is the set of simultaneous solutions of a polynomial system.,"Field k; ideal I⊆k[x₁,…,x_n]. Over non-algebraically-closed fields, distinct radical ideals may have the same k-points.",V(y−x²) is the parabola over R.,Algebraic structure; Geometry and distance,Quotient ring; Polynomial remainder and factor theorem,ec-milne-ag; ec-stacks-algebra,4
coordinate-ring,Coordinate ring of an affine algebraic set,"k[X]=k[x_1,\ldots,x_n]/I(X)",Algebraic geometry,Affine and projective geometry,Advanced undergraduate,definition,Two polynomials represent the same observable on a shape when they agree at every point of it.,X⊆k^n an affine algebraic set; I(X) the ideal of all polynomials vanishing on X.,"The parabola y=x² has coordinate ring k[x,y]/(y−x²)≅k[x].",Duality; Algebraic structure,Affine algebraic zero set; Quotient ring,ec-milne-ag; ec-stacks-algebra,2
radical-ideal,Radical of an ideal,\sqrt I=\{f:f^m\in I\text{ for some }m\ge1\},Algebraic geometry,Affine and projective geometry,Advanced undergraduate,definition,Discard algebraic multiplicity while retaining the underlying vanishing constraint.,Ideal I in a commutative ring with identity; sqrt(I) is an ideal.,sqrt((x²))=(x) in k[x].,Algebraic structure; Symmetry and invariance,Quotient ring; Exponential addition law,ec-milne-ag; ec-stacks-algebra,2
hilbert-nullstellensatz,Hilbert Nullstellensatz,I(V(I))=\sqrt I,Algebraic geometry,Affine and projective geometry,Advanced undergraduate,theorem,"Over an algebraically closed field, all equations true on a zero set are exactly the power consequences of its defining ideal.","k algebraically closed; I ideal in k[x₁,…,x_n]; V uses k-valued points.","The zero set of x² is the origin, whose full vanishing ideal is (x).",Duality; Algebraic structure,Radical of an ideal; Coordinate ring of an affine algebraic set,ec-milne-ag; ec-stacks-algebra,2
zariski-topology,Zariski topology,"V(I)\cap V(J)=V(I+J),\qquad V(I)\cup V(J)=V(IJ)",Algebraic geometry,Affine and projective geometry,Advanced undergraduate,definition,"Polynomial vanishing sets become the closed sets, making algebraic constraints into a topology.",Affine n-space over a field; arbitrary intersections and finite unions of algebraic zero sets are closed.,"On the affine line over an algebraically closed field, proper closed subsets are finite.",Duality; Algebraic structure,Affine algebraic zero set; Topology by open sets,ec-milne-ag; ec-stacks-algebra,2
affine-morphism-ring-duality,Affine morphisms and ring homomorphisms,"\operatorname{Hom}_{k\text{-var}}(X,Y)\cong\operatorname{Hom}_{k\text{-alg}}(k[Y],k[X]),\quad f\mapsto f^*",Algebraic geometry,Affine and projective geometry,Advanced undergraduate,theorem,Mapping points forward pulls observable functions backward.,Affine algebraic varieties over an algebraically closed field k; regular morphisms; reduced finitely generated coordinate algebras.,"The parabola parametrization t↦(t,t²) pulls x to t and y to t².",Duality; Composition,Coordinate ring of an affine algebraic set; Group homomorphism,ec-milne-ag; ec-stacks-algebra,2
prime-spectrum,Prime spectrum of a ring,"\operatorname{Spec}R=\{\mathfrak p\subset R:\mathfrak p\text{ prime}\},\qquad V(I)=\{\mathfrak p:I\subseteq\mathfrak p\}",Algebraic geometry,Affine and projective geometry,Graduate,definition,"Treat every prime ideal as a point, including points that encode an entire irreducible region.",Commutative ring with identity; displayed V(I) are its closed sets; the zero ring has empty spectrum.,Spec Z contains (0) and one closed point (p) for each rational prime.,Duality; Algebraic structure,Prime ideal quotient criterion; Quotient ring,ec-stacks-schemes; ec-stacks-algebra,2
spectrum-localization,Localization as an open affine patch,\operatorname{Spec}R_f\cong D(f)=\{\mathfrak p:f\notin\mathfrak p\},Algebraic geometry,Affine and projective geometry,Graduate,theorem,Making f invertible restricts geometry to the region where f does not vanish.,Commutative ring R; localization at powers of f; canonical isomorphism of affine schemes.,"Spec k[x,x^(−1)] is the affine line with the origin removed.",Decomposition; Duality,Localization of a commutative ring; Prime spectrum of a ring,ec-stacks-schemes,2
local-ring-at-point,Local ring at a geometric point,"\mathcal O_{X,p}=k[X]_{\mathfrak m_p}",Algebraic geometry,Affine and projective geometry,Advanced undergraduate,definition,"Near one point, denominators are allowed whenever they stay nonzero at that point.",Affine variety X over an algebraically closed field; p a closed point; m_p its vanishing maximal ideal; elements are germs of regular functions.,"At zero on the affine line, 1/(1−x) belongs to the local ring, while 1/x does not.",Decomposition; Algebraic structure,Localization of a commutative ring; Maximal ideals and fields,ec-milne-ag; ec-stacks-algebra,2
zariski-tangent-space,Zariski tangent space,"T_pX\cong(\mathfrak m_p/\mathfrak m_p^2)^*,\qquad T_pX=\{v:J_f(p)v=0\}",Algebraic geometry,Affine and projective geometry,Advanced undergraduate,theorem,Keep only first-order changes compatible with every defining equation.,Affine variety X=V(I)⊆k^n over an algebraically closed field; p a k-point; f lists generators of I; tangent space over k.,"For y²=x³ at the origin, both derivatives vanish, so the tangent space has dimension two although the curve has dimension one.",Local linearization; Duality,Jacobian matrix; Dual space and pullback of linear functionals,ec-milne-ag; ec-stacks-algebra,2
jacobian-smoothness-criterion,Jacobian criterion for nonsingularity,"p\text{ nonsingular}\iff \dim_k T_pX=\dim\mathcal O_{X,p}",Algebraic geometry,Affine and projective geometry,Advanced undergraduate,theorem,"At a smooth point, the first-order approximation has exactly the dimension the space actually needs.","Reduced affine variety over an algebraically closed field; p closed; equivalently rank J_f(p)=n−dim O_X,p. For smoothness over arbitrary fields additional field hypotheses matter.",The parabola y−x² has Jacobian rank one everywhere; the cusp is singular at the origin.,Local linearization; Geometry and distance,Zariski tangent space; Rank–nullity theorem,ec-milne-ag; ec-stacks-algebra,2
krull-dimension,Krull dimension,\dim R=\sup\{r:\mathfrak p_0\subsetneq\mathfrak p_1\subsetneq\cdots\subsetneq\mathfrak p_r\},Algebraic geometry,Affine and projective geometry,Graduate,definition,Dimension counts how deeply irreducible subspaces can nest.,"Commutative ring; dimension may be infinite; chains consist of prime ideals. For affine domains over a field, equals transcendence degree of the fraction field.","dim k[x₁,…,x_n]=n; dim Z=1.",Decomposition; Duality,Prime ideal quotient criterion; Tower law for field extensions,ec-milne-ag; ec-stacks-algebra,2
noether-normalization,Noether normalization,"k[t_1,\ldots,t_d]\hookrightarrow A,\qquad A\text{ finite over }k[t_1,\ldots,t_d]",Algebraic geometry,Affine and projective geometry,Graduate,theorem,An affine algebraic space admits a finite projection onto a plain affine space of the same dimension.,Finitely generated nonzero integral k-algebra A; t_i∈A algebraically independent; d=trdeg_k Frac(A); finite means finitely generated as module.,"For k[x,y]/(y²−x³−1), the subring k[x] gives a finite module generated by 1,y.",Decomposition; Algebraic structure,Polynomial division algorithm; Tower law for field extensions,ec-milne-ag; ec-stacks-algebra,2
hilbert-polynomial,Hilbert polynomial of a projective scheme,"\dim_k A_m=P(m)\ (m\gg0),\qquad P(m)=\frac{\deg X}{d!}m^d+O(m^{d-1})",Algebraic geometry,Affine and projective geometry,Graduate,theorem,The number of independent homogeneous observables eventually follows a polynomial whose degree records geometric dimension.,"Nonempty projective scheme X=Proj A over a field, A a finitely generated standard graded algebra; d=dim X; degree depends on the chosen embedding.","For P^n, P(m)=binom(m+n,n).",Counting; Scaling and homogeneity,Binomial coefficient; Basis and unique coordinates,ec-milne-ag; ec-stacks-algebra,2
hilbert-series-rationality,Hilbert–Serre rationality,"H_M(t)=\sum_{m\ge0}\dim_kM_m\,t^m=\frac{Q(t)}{(1-t)^n}",Algebraic geometry,Affine and projective geometry,Graduate,theorem,Finite graded algebraic data forces an infinite dimension-counting series to be rational.,"M finitely generated nonnegatively graded module over k[x₁,…,x_n] with variables of degree one; finite-dimensional graded pieces; Q∈Z[t]. Cancellation may lower pole order.",The polynomial ring itself has H(t)=1/(1−t)^n.,Generating functions; Recursion and iteration,Ordinary generating function; Finite geometric sum,ec-milne-ag; ec-stacks-algebra,2
projective-space,Projective space,"\mathbb P^n(k)=(k^{n+1}\setminus\{0\})/k^\times,\qquad [x_0:\cdots:x_n]=[\lambda x_0:\cdots:\lambda x_n]",Algebraic geometry,Affine and projective geometry,Advanced undergraduate,definition,A point records a direction through the origin; multiplying every coordinate by the same nonzero scale changes nothing.,Field k; λ∈k×; homogeneous coordinates cannot all be zero.,The chart x₀≠0 becomes affine n-space by dividing all coordinates by x₀.,Symmetry and invariance; Change of coordinates,Equivalence relation; Basis and unique coordinates,ec-milne-ag; ec-stacks-algebra,2
projective-homogeneous-zero-set,Projective homogeneous zero sets,V_+(I)=\{[x]\in\mathbb P^n(k):f(x)=0\ \forall f\in I\},Algebraic geometry,Affine and projective geometry,Advanced undergraduate,definition,Homogeneous equations remain meaningful when coordinates are only defined up to scale.,"Homogeneous ideal I in k[x₀,…,x_n]; evaluate homogeneous generators on any nonzero representative.",The projective conic xz−y²=0 includes the affine parabola chart and its point at infinity.,Scaling and homogeneity; Boundary and interior,Projective space; Affine algebraic zero set,ec-milne-ag; ec-stacks-algebra,2
projective-bezout,Bézout theorem for plane curves,"\sum_{p\in C\cap D}I_p(C,D)=\deg C\,\deg D",Algebraic geometry,Affine and projective geometry,Advanced undergraduate,theorem,"Projective intersections conserve a total multiplicity, even when points merge or move to infinity.",Plane projective curves over an algebraically closed field with no common irreducible component; intersection multiplicities counted.,A line meets a nonsingular conic in two points counted with multiplicity; tangency counts twice.,Conservation and balance; Counting,Projective homogeneous zero sets; Polynomial remainder and factor theorem,ec-milne-ag; ec-stacks-algebra,3
plane-curve-genus,Genus of a smooth plane curve,g=\frac{(d-1)(d-2)}2,Algebraic geometry,Affine and projective geometry,Advanced undergraduate,theorem,The degree of a nonsingular projective plane equation determines the curve’s intrinsic genus.,Smooth geometrically integral projective plane curve of degree d over an algebraically closed field. Singular curves require correction terms.,Lines and smooth conics have genus zero; smooth cubics have genus one.,Counting; Algebraic structure,Bézout theorem for plane curves; Euler characteristic,ec-elliptic; ec-milne-ag,2
veronese-embedding,Veronese embedding,"\nu_d:\mathbb P^n\hookrightarrow\mathbb P^{\binom{n+d}{d}-1},\qquad [x]\mapsto[x^\alpha]_{|\alpha|=d}",Algebraic geometry,Affine and projective geometry,Advanced undergraduate,definition,"Promote degree-d monomials to linear coordinates, turning certain nonlinear equations into hyperplane sections.",Integer d≥1; all degree-d monomials included exactly once; defined over any field.,"For P¹ and d=2, [s:t]↦[s²:st:t²], with image xz=y².",Local linearization; Change of coordinates,Stars and bars; Projective space,ec-milne-ag; ec-stacks-algebra,2
segre-embedding,Segre embedding,"\mathbb P^m\times\mathbb P^n\hookrightarrow\mathbb P^{(m+1)(n+1)-1},\quad ([x],[y])\mapsto[x_i y_j]",Algebraic geometry,Affine and projective geometry,Advanced undergraduate,definition,A pair of directions becomes one rank-one tensor direction.,Projective spaces over a field; image is cut out by all 2×2 minors of the coordinate matrix.,P¹×P¹ embeds as the quadric z00z11−z01z10=0 in P³.,Composition; Algebraic structure,Tensor product universal property; Projective space,ec-milne-ag; ec-stacks-algebra,2
grassmann-plucker-embedding,Plücker embedding of a Grassmannian,"\operatorname{Gr}(k,V)\hookrightarrow\mathbb P(\wedge^kV),\qquad W\mapsto[v_1\wedge\cdots\wedge v_k]",Algebraic geometry,Affine and projective geometry,Graduate,definition,"A k-dimensional subspace is represented by its oriented volume coordinate, with overall scale forgotten.",Finite-dimensional vector space V over a field; 1≤k≤dim V; v_i any basis of W. Image consists of decomposable nonzero exterior tensors modulo scale.,"Gr(2,4) satisfies p12p34−p13p24+p14p23=0 in P⁵.",Symmetry and invariance; Decomposition,Wedge product and graded commutativity; Determinant,ec-milne-ag; ec-stacks-algebra,2
sheaf-gluing,Sheaf gluing axiom,s_i|_{U_i\cap U_j}=s_j|_{U_i\cap U_j}\Longrightarrow\exists!s\in\mathcal F(U):s|_{U_i}=s_i,Algebraic geometry,Affine and projective geometry,Graduate,definition,Compatible local descriptions assemble uniquely into one global description.,"Presheaf of sets F on a topological space; every open cover U=union U_i; with the restriction identities, this gluing condition defines a sheaf.",Continuous real functions agreeing on overlaps glue to a continuous function on the union.,Composition; Algebraic structure,Continuity by inverse images; Topology by open sets,ec-stacks-schemes,2
scheme-affine-cover,Scheme as a locally affine ringed space,"(X,\mathcal O_X)|_{U_i}\cong(\operatorname{Spec}A_i,\mathcal O_{\operatorname{Spec}A_i})",Algebraic geometry,Affine and projective geometry,Graduate,definition,Glue affine ring-based spaces along open patches while preserving their local functions.,Locally ringed space with an open cover by affine spectra and their structure sheaves; this is the definition of a scheme.,Projective space is a scheme covered by n+1 affine n-space charts.,Decomposition; Algebraic structure,Prime spectrum of a ring; Sheaf gluing axiom,ec-stacks-schemes,2
affine-scheme-fiber-product,Fiber product of affine schemes,\operatorname{Spec}A\times_{\operatorname{Spec}R}\operatorname{Spec}B\cong\operatorname{Spec}(A\otimes_R B),Algebraic geometry,Affine and projective geometry,Graduate,theorem,Combining two geometric objects over a shared base combines their coordinate algebras by tensor product.,"Commutative R-algebras A,B; fiber product in the category of schemes. The tensor ring can have nilpotents even if both factors are reduced.",Base-changing an affine scheme from R to a field k gives Spec(A⊗_R k).,Duality; Composition,Tensor product universal property; Pullback or fiber product,ec-stacks-schemes,2
curve-divisor-degree,Divisors and degree on a curve,"D=\sum_p n_p[p],\quad \deg D=\sum_p n_p,\quad \deg(\operatorname{div}f)=0",Algebraic geometry,Curves and arithmetic geometry,Advanced undergraduate,theorem,Zeros and poles balance globally on a complete curve when counted with multiplicity.,"Smooth projective integral curve over an algebraically closed field; finite divisor sum; f nonzero rational function. Over a general field, degree uses residue-field weights.","On P¹, the coordinate t has one simple zero and one simple pole.",Conservation and balance; Decomposition,Polynomial remainder and factor theorem; p-adic absolute value and ultrametric,ec-elliptic,2
riemann-roch-curves,Riemann–Roch for curves,\ell(D)-\ell(K-D)=\deg D+1-g,Algebraic geometry,Curves and arithmetic geometry,Graduate,theorem,"Allowing poles increases the number of independent functions predictably, with a correction from differentials and genus.",Smooth projective integral curve over an algebraically closed field; D divisor; K canonical divisor; ℓ(D)=dim{f rational:div(f)+D≥0} including zero; genus g.,"On P¹, g=0 and ℓ(m∞)=m+1 for m≥0, the polynomial space of degree at most m.",Counting; Duality,Divisors and degree on a curve; Basis and unique coordinates,ec-elliptic,2
elliptic-curve-addition,Elliptic curve chord–tangent addition,"m=\frac{y_2-y_1}{x_2-x_1},\quad x_3=m^2-x_1-x_2,\quad y_3=m(x_1-x_3)-y_1",Algebraic geometry,Curves and arithmetic geometry,Advanced undergraduate,theorem,"Join two points, find the third intersection with the cubic, then reflect it to define their sum.",Nonsingular E:y²=x³+ax+b over a field of characteristic not 2 or 3; 4a³+27b²≠0; displayed formula assumes x₁≠x₂. For doubling use m=(3x₁²+a)/(2y₁) if y₁≠0; opposite points sum to the point at infinity O.,"On y²=x³−x, points (0,0),(1,0),(−1,0) each have order two.",Algebraic structure; Geometry and distance,Group axioms; Bézout theorem for plane curves,ec-elliptic,2
hasse-elliptic-bound,Hasse bound for elliptic curves,|\#E(\mathbb F_q)-(q+1)|\le2\sqrt q,Algebraic geometry,Curves and arithmetic geometry,Graduate,theorem,"A nonsingular cubic over a finite field has close to one point per field element, with square-root-scale fluctuation.",Elliptic curve over finite field F_q; count includes the identity point at infinity; q a prime power.,"Over F₅, the curve y²=x³−x has eight points, within 6±2√5.",Counting; Scaling and homogeneity,Finite fields; Elliptic curve chord–tangent addition,ec-elliptic,2
elliptic-frobenius-polynomial,Frobenius polynomial of an elliptic curve,"F^2-[t]F+[q]=0,\qquad t=q+1-\#E(\mathbb F_q)",Algebraic geometry,Curves and arithmetic geometry,Graduate,theorem,Repeated Frobenius action satisfies a quadratic law whose trace records the point count.,"Elliptic curve over F_q; F the q-power Frobenius endomorphism; [m] multiplication by m; equality in End(E). On an ℓ-adic Tate module with ℓ not dividing q, characteristic polynomial is T²−tT+q.","If #E(F_q)=q+1, Frobenius satisfies F²+[q]=0.",Recursion and iteration; Algebraic structure,Frobenius homomorphism; Cayley–Hamilton theorem,ec-elliptic,2
resultant-common-root,Resultant detects common roots,"\operatorname{Res}(f,g)=a_m^n\prod_{f(\alpha)=0}g(\alpha),\qquad \operatorname{Res}(f,g)=0\iff \gcd(f,g)\ne1",Algebraic geometry,Curves and arithmetic geometry,Advanced undergraduate,theorem,A determinant eliminates the root variable and reports whether two polynomial constraints can share a solution.,"Nonzero polynomials f,g over a field, positive degrees m,n; a_m leading coefficient of f; roots in algebraic closure counted with multiplicity; resultant is the Sylvester-matrix determinant.","For f=x−a and g=x−b, the resultant is a−b.",Decomposition; Algebraic structure,Determinant; Polynomial division algorithm,ec-milne-ag; ec-stacks-algebra,2
groebner-basis-criterion,Buchberger criterion for a Gröbner basis,"G\text{ is a Gröbner basis}\iff \operatorname{rem}_G S(g_i,g_j)=0\quad\forall i<j",Algebraic geometry,Curves and arithmetic geometry,Graduate,theorem,It is enough to resolve every pairwise clash between leading terms to make polynomial reduction globally reliable.,"Finite set G of nonzero polynomials over a field, generating ideal I; fixed monomial order; S-polynomials cancel least-common-multiple leading terms; reduction remainder means full multivariate division by G.","For G={x−y,y²−1} with lexicographic x>y, the single S-polynomial reduces to zero.",Recursion and iteration; Algebraic structure,Polynomial division algorithm; Hilbert basis theorem,ec-groebner,2
newton-second-law,Newton's second law,"m\ddot{\mathbf r}=\mathbf F(\mathbf r,\dot{\mathbf r},t)",Mathematical physics,Classical mechanics,Undergraduate,model,A force tells a trajectory how its velocity bends in time. Giving position and velocity turns this second-order rule into an initial-value problem.,"A classical point particle of constant positive mass m, observed in an inertial frame; the prescribed force must support the desired existence and uniqueness of solutions.","A constant force gives r(t)=r(0)+v(0)t+Ft²/(2m), component by component.",Local linearization; Accumulation,Derivative; Riemann integral,er-mechanics,4
work-energy-theorem,Work–energy theorem,"\Delta K=\int_{\gamma}\mathbf F\cdot d\mathbf r,\qquad K=\tfrac12m\lVert\dot{\mathbf r}\rVert^2",Mathematical physics,Classical mechanics,Undergraduate,theorem,The part of force aligned with motion changes kinetic energy. Integrating that local energy transfer gives the total work along the actual path.,"Constant positive mass in Newtonian mechanics, a differentiable trajectory satisfying Newton's law, and an integrable force along it. Path independence requires additional conservative-force assumptions.",A perpendicular magnetic force can curve a trajectory while doing no work and leaving its speed unchanged.,Accumulation; Quadratic structure,Newton's second law; Inner product,er-mechanics,3
angular-momentum-torque,Angular momentum and torque,"\mathbf L=\mathbf r\times m\dot{\mathbf r},\qquad\dot{\mathbf L}=\mathbf r\times\mathbf F",Mathematical physics,Classical mechanics,Undergraduate,theorem,Rotational motion has its own balance equation. Only a force with a lever arm about the origin changes angular momentum about that origin.,Classical point particle of constant mass and a fixed origin in an inertial frame. A central force parallel to r has zero torque and conserves L.,"Inverse-square gravity is radial about its source, so a planetary orbit stays in the plane perpendicular to its conserved angular momentum.",Conservation and balance; Symmetry and invariance,Newton's second law; Cross product in three dimensions,er-mechanics,2
hamiltonian-legendre-transform,Hamiltonian as a velocity Legendre transform,"p_i=\frac{\partial L}{\partial\dot q_i},\qquad H(q,p,t)=\sum_i p_i\dot q_i-L(q,\dot q,t)",Mathematical physics,Hamiltonian mechanics,Advanced undergraduate,definition,The same mechanics can be described using either velocities or their conjugate momenta. The subtraction changes which variables are independent while preserving the dynamics.,"A smooth regular Lagrangian with invertible velocity Hessian locally, so q̇ can be solved from p. Global identification with a convex conjugate additionally requires suitable convexity and domain conditions.","For L=m q̇²/2−V(q), p=mq̇ and H=p²/(2m)+V(q).",Duality; Change of coordinates,Euler–Lagrange equation; Legendre-Fenchel conjugate,er-hamilton,3
canonical-poisson-bracket,Canonical Poisson bracket,"\{f,g\}=\sum_i\left(\frac{\partial f}{\partial q_i}\frac{\partial g}{\partial p_i}-\frac{\partial f}{\partial p_i}\frac{\partial g}{\partial q_i}\right)",Mathematical physics,Hamiltonian mechanics,Advanced undergraduate,definition,Two observables interact through paired position and momentum directions. The bracket measures how one observable changes along the motion generated by the other.,"Smooth real observables on a canonical phase-space chart with the standard symplectic structure. The displayed signs use the convention {q_i,p_j}=δ_ij.","For H=p²/(2m)+V(q), {q,H}=p/m and {p,H}=−V′(q).",Algebraic structure; Duality,Partial derivative; Hamilton's equations,er-hamilton,3
hamiltonian-observable-evolution,Evolution of a classical observable,"\frac{df}{dt}=\partial_t f+\{f,H\}",Mathematical physics,Hamiltonian mechanics,Advanced undergraduate,theorem,An observable changes because its measuring rule changes explicitly with time and because the state moves through phase space. The Poisson bracket accounts for the second contribution.,"Differentiable f(q,p,t), smooth Hamiltonian H, and a trajectory satisfying canonical Hamilton equations. If f has no explicit time dependence and {f,H}=0, it is conserved.","Choosing f=H gives dH/dt=∂H/∂t, so an autonomous Hamiltonian conserves its own energy.",Composition; Conservation and balance,Canonical Poisson bracket; Chain rule,er-hamilton,4
canonical-symplectic-map,Canonical transformation criterion,"(D\Phi)^{\mathsf T}J(D\Phi)=J,\qquad J=\begin{pmatrix}0&I\\-I&0\end{pmatrix}",Mathematical physics,Hamiltonian mechanics,Advanced undergraduate,definition,A canonical change of coordinates preserves the position–momentum pairing. It can simplify a Hamiltonian without changing the geometric form of its motion equations.,A differentiable local diffeomorphism Φ on even-dimensional canonical phase space. The equation preserves the standard symplectic bilinear form; volume preservation alone is weaker in dimension greater than two.,"The rescaling Q=a q, P=p/a is canonical for any nonzero real a.",Symmetry and invariance; Change of coordinates,Change of basis and similarity; Hamilton's equations,er-hamilton,4
liouville-phase-volume,Liouville's phase-volume theorem,"\operatorname{div}X_H=0,\qquad \det D\Phi_t=1",Mathematical physics,Hamiltonian mechanics,Advanced undergraduate,theorem,"A cloud of Hamiltonian initial states can stretch and fold, but its phase-space volume stays fixed. The conservation concerns the whole cloud, even if individual trajectories separate.","A C² Hamiltonian in canonical coordinates, a smooth flow Φ_t defined on the region considered, and no dissipative terms. Volume here is dq₁…dq_n dp₁…dp_n.",A harmonic oscillator rotates phase-space ellipses without shrinking their enclosed area.,Conservation and balance; Boundary and interior,Hamilton's equations; Divergence,er-hamilton,6
hamilton-jacobi-equation,Hamilton–Jacobi equation,"\partial_t S(q,t)+H\bigl(q,\nabla_q S,t\bigr)=0",Mathematical physics,Hamiltonian mechanics,Advanced undergraduate,model,"An action field labels a family of classical trajectories. Its spatial slope supplies momentum, turning trajectory mechanics into a first-order partial differential equation.",A smooth Hamiltonian and a differentiable classical action solution S on a region without the singularities being crossed. Nonsmooth viscosity solutions require a separate framework.,"For a free particle, S(q,t)=p·q−|p|²t/(2m) solves the equation with constant momentum p.",Local linearization; Duality,Hamilton's equations; Gradient,er-hamilton,3
action-angle-variables,Action–angle variables,"I_j=\frac1{2\pi}\oint_{\gamma_j}p\cdot dq,\qquad \dot I_j=0,\quad\dot\theta_j=\frac{\partial H}{\partial I_j}",Mathematical physics,Hamiltonian mechanics,Graduate,method,"An integrable system becomes uniform motion around circles after the right coordinates are chosen. Actions label invariant tori, while angles describe position on each torus.",Near a compact connected regular invariant torus of a Liouville-integrable Hamiltonian system with n independent commuting integrals. Angles are periodic modulo 2π; singular fibers are excluded.,"For a one-dimensional harmonic oscillator, I=E/ω and its angle advances at angular rate ω.",Change of coordinates; Conservation and balance,Hamilton's equations; Line integrals of scalar and vector fields,er-hamilton,2
virial-theorem,Virial theorem for a bounded mechanical system,2\langle K\rangle=\left\langle\sum_i\mathbf r_i\cdot\nabla_i V\right\rangle,Mathematical physics,Hamiltonian mechanics,Advanced undergraduate,theorem,A bounded system cannot keep increasing its position–momentum correlation forever. Averaging its derivative balances kinetic energy with the way potential energy scales in position.,Newtonian particles in a differentiable time-independent potential. The long-time averages exist and G(T)/T→0 for G=Σ r_i·p_i. For homogeneous degree-k V this yields 2⟨K⟩=k⟨V⟩.,"A bound inverse-distance potential has degree −1, so 2⟨K⟩=−⟨V⟩.",Averaging; Scaling and homogeneity,Newton's second law; Average value of a function,er-hamilton,2
inertia-tensor,Inertia tensor,"I_{ij}=\int\bigl(|r|^2\delta_{ij}-r_i r_j\bigr)\,dm,\qquad K=\tfrac12\omega^{\mathsf T}I\omega",Mathematical physics,Rigid-body mechanics,Advanced undergraduate,definition,The distribution of mass determines the cost of rotating in each direction. A symmetric matrix packages all directional moments of inertia into one quadratic energy.,A rigid mass distribution with finite second moments about a fixed reference point. The displayed kinetic energy is the rotational contribution about that point; translation may contribute separately.,"For rotation about a unit axis n, the moment of inertia is nᵀIn.",Averaging; Quadratic structure,Quadratic form; Center of mass,er-rigid,3
euler-rigid-body,Euler's rigid-body equations,I\dot\omega+\omega\times(I\omega)=\tau_{\mathrm{body}},Mathematical physics,Rigid-body mechanics,Advanced undergraduate,model,"In axes attached to the body, angular momentum changes partly because the axes themselves rotate. The cross product corrects the time derivative for that moving frame.","A rigid body with constant inertia tensor in its body frame, angular velocity ω, and applied torque about a fixed point or the center of mass with the corresponding balance assumptions.","In principal axes without torque, I₁ω̇₁=(I₂−I₃)ω₂ω₃, with cyclic companion equations.",Change of coordinates; Conservation and balance,Inertia tensor; Angular momentum and torque,er-rigid,2
maxwell-equations,Maxwell's equations in vacuum with sources,"\nabla\cdot E=\rho/\varepsilon_0,\quad\nabla\cdot B=0,\quad\nabla\times E=-\partial_t B,\quad\nabla\times B=\mu_0j+\mu_0\varepsilon_0\partial_t E",Mathematical physics,Electromagnetism,Advanced undergraduate,model,"Charges produce electric flux, magnetic flux has no local sources, and changing fields generate circulating fields. Together these local rules permit self-propagating electromagnetic waves.",Classical electromagnetic fields in SI units in vacuum with charge density ρ and current density j. Smooth fields are assumed in the displayed differential form; singular sources require distributions or integral forms.,Taking divergence of the last equation and using the first gives ∂tρ+∇·j=0.,Boundary and interior; Conservation and balance,Divergence; Curl in three dimensions,er-maxwell,5
lorentz-force,Lorentz force,"\mathbf F=q(E+\mathbf v\times B),\qquad \mathbf F\cdot\mathbf v=qE\cdot\mathbf v",Mathematical physics,Electromagnetism,Advanced undergraduate,model,Electric fields can speed up a charge; magnetic fields deflect its motion perpendicular to velocity. The work relation reveals the difference immediately.,"Classical point charge q moving at velocity v in prescribed electromagnetic fields, in SI units. Radiation reaction and self-force are excluded from this test-particle law.","With a uniform magnetic field and no electric field, nonrelativistic motion perpendicular to B is circular at constant speed.",Orthogonality; Linearity,Cross product in three dimensions; Newton's second law,er-maxwell,2
electromagnetic-potentials,Electromagnetic scalar and vector potentials,"B=\nabla\times A,\qquad E=-\nabla\phi-\partial_t A",Mathematical physics,Electromagnetism,Advanced undergraduate,definition,Potentials represent fields using functions whose derivatives automatically satisfy the source-free magnetic and induction equations. Multiple potential choices can encode the same measurable fields.,Sufficiently smooth potentials on a spacetime region. Recovering potentials globally from fields can have topological obstructions; locally the homogeneous Maxwell equations provide the needed compatibility.,"In electrostatics with a time-independent vector potential, E=−∇φ.",Decomposition; Boundary and interior,Gradient; Curl in three dimensions,er-maxwell,2
electromagnetic-gauge,Electromagnetic gauge transformation,"A'=A+\nabla\chi,\qquad\phi'=\phi-\partial_t\chi,\qquad E'=E,\ B'=B",Mathematical physics,Electromagnetism,Advanced undergraduate,identity,Changing potentials by a coordinated derivative adjustment leaves the fields unchanged. The mathematical description contains a redundancy that can be chosen for convenience.,A sufficiently smooth scalar χ and commuting derivatives in a common spacetime chart. The relation compares classical potentials for identical local electromagnetic fields; global gauge structure may be richer.,Adding a spatially constant scalar to an electrostatic potential changes no electric field.,Symmetry and invariance; Algebraic structure,Electromagnetic scalar and vector potentials; Equivalence relation,er-maxwell,2
poynting-theorem,Poynting's energy theorem,"u=\tfrac12\varepsilon_0|E|^2+\tfrac1{2\mu_0}|B|^2,\quad S=\mu_0^{-1}E\times B,\quad\partial_tu+\nabla\cdot S=-j\cdot E",Mathematical physics,Electromagnetic energy,Advanced undergraduate,theorem,"Field energy can stay in a region, flow across its boundary, or be transferred to charged matter. The equation is a local energy ledger with all three entries visible.","Classical Maxwell fields in vacuum with sources, SI units, and enough regularity for the differential identity. Material media require the appropriate constitutive and energy accounting assumptions.","In source-free space, integrating over a volume says its field energy decreases by the outgoing Poynting flux.",Conservation and balance; Quadratic structure,Maxwell's equations in vacuum with sources; Divergence theorem,er-field-energy,2
lorentz-boost,Lorentz boost along one axis,"ct'=\gamma(ct-\beta x),\quad x'=\gamma(x-\beta ct),\quad \gamma=(1-\beta^2)^{-1/2},\ \beta=v/c",Mathematical physics,Special relativity,Advanced undergraduate,model,Observers in uniform relative motion mix space and time coordinates while preserving a spacetime quadratic form. A boost acts like a hyperbolic rotation rather than a Euclidean one.,"Inertial frames in flat spacetime with relative velocity v along x, |v|<c, aligned transverse axes and coincident origins at t=t′=0. Transverse coordinates y,z are unchanged.","Writing β=tanh η gives γ=cosh η and γβ=sinh η, so collinear rapidities add.",Change of coordinates; Symmetry and invariance,Matrix multiplication; Quadratic form,er-relativity,3
minkowski-interval,Minkowski spacetime interval,"ds^2=c^2dt^2-dx^2-dy^2-dz^2,\qquad c^2d\tau^2=ds^2\quad\text{(timelike)}",Mathematical physics,Special relativity,Advanced undergraduate,definition,"Different observers disagree about elapsed coordinate time and distance, but agree on their particular signed combination. Along a timelike path it measures the proper time recorded by an ideal clock.",Flat spacetime with the +−−− convention. The proper-time formula applies to timelike displacements; the interval is indefinite and is not a positive distance norm on all four-vectors.,A lightlike displacement satisfies ds²=0 even when the time and spatial displacement are nonzero.,Geometry and distance; Symmetry and invariance,Quadratic form; Lorentz boost along one axis,er-relativity,2
relativistic-energy-momentum,Relativistic energy–momentum relation,E^2=c^2|p|^2+m^2c^4,Mathematical physics,Relativistic energy,Advanced undergraduate,model,Energy and momentum are components of one spacetime object. Their invariant quadratic combination determines rest mass across inertial frames.,"An on-shell isolated particle in special relativity, invariant rest mass m≥0, and the positive-energy branch for ordinary particles. Momentum is relativistic three-momentum.","At rest E=mc²; for a massless particle E=c|p|. For small |p|/(mc), E=mc²+|p|²/(2m)+higher terms.",Symmetry and invariance; Local linearization,Minkowski spacetime interval; Taylor series of an analytic function,er-rel-energy,2
schrodinger-equation,Time-dependent Schrödinger equation,"i\hbar\partial_t\psi=H\psi,\qquad H=-\frac{\hbar^2}{2m}\Delta+V",Mathematical physics,Quantum dynamics,Advanced undergraduate,model,The Hamiltonian generates motion of a complex amplitude. Its spatial differential terms spread the amplitude while the potential changes the local phase evolution.,"A nonrelativistic spinless particle, mass m>0, real scalar potential, and a self-adjoint realization of H with suitable boundary conditions. The differential equation is interpreted on its operator domain or in an appropriate weak sense.",An energy eigenstate φ evolves as ψ(t)=exp(−iEt/ħ)φ; its position probability density stays fixed.,Linearity; Exponentials and logarithms,Laplacian; Euler's formula,er-quantum1; er-quantum3,2
quantum-unitary-evolution,Unitary evolution generated by a Hamiltonian,"U(t)=e^{-itH/\hbar},\qquad U(t)^\dagger U(t)=I,\qquad U(t+s)=U(t)U(s)",Mathematical physics,Quantum dynamics,Advanced undergraduate,theorem,A closed quantum system rotates amplitudes while preserving their inner products. The same generator governs short steps and arbitrarily long evolution.,"A finite-dimensional time-independent Hermitian matrix H. For time-dependent noncommuting H(t), the simple exponential of an integral must be replaced by a time-ordered evolution.","If H=diag(E₁,E₂), each coordinate gains a phase exp(−itE_j/ħ) and its squared magnitude is unchanged.",Symmetry and invariance; Composition,Matrix exponential; Adjoint of a linear map,er-quantum1; er-quantum3,3
stationary-schrodinger-equation,Stationary Schrödinger eigenvalue problem,"H\phi=E\phi,\qquad\psi(t)=e^{-iEt/\hbar}\phi",Mathematical physics,Quantum dynamics,Advanced undergraduate,model,A stationary energy state changes only by an overall phase. Solving the spatial eigenvalue problem identifies these simple building blocks of time evolution.,Time-independent self-adjoint Hamiltonian and a normalizable eigenvector φ in its domain. Continuous spectrum may require generalized eigenfunctions and cannot always be represented by a discrete eigenbasis.,"In a one-dimensional box of length L with Dirichlet walls, E_n=ħ²π²n²/(2mL²) for n≥1.",Decomposition; Scaling and homogeneity,Eigenvalues and eigenvectors; Time-dependent Schrödinger equation,er-quantum1; er-quantum3,2
born-projective-rule,Born rule for a projective measurement,"\Pr(a)=\lVert P_a\psi\rVert^2=\langle\psi,P_a\psi\rangle,\qquad \sum_aP_a=I",Mathematical physics,Quantum dynamics,Advanced undergraduate,model,Measurement probabilities are squared lengths of orthogonal components. Different outcomes partition the total probability through a resolution of the identity.,Normalized pure state ψ in a finite-dimensional complex Hilbert space and mutually orthogonal projections P_a summing to the identity. This is the projective-measurement case; general POVMs use positive effects.,"For ψ=(|0⟩+|1⟩)/√2, measurement in that orthonormal basis gives each result with probability one half.",Orthogonality; Randomness and distribution,Orthogonal projection; Inner product,er-quantum1; er-quantum3,3
quantum-expectation,Expectation of a quantum observable,"\langle A\rangle_\psi=\langle\psi,A\psi\rangle=\sum_a a\,\lVert P_a\psi\rVert^2",Mathematical physics,Quantum dynamics,Advanced undergraduate,definition,The expected measurement result is an ordinary weighted average once the observable's outcomes and their Born probabilities are identified. Operator notation packages that average independently of basis.,A normalized state ψ and Hermitian matrix A with spectral decomposition A=Σa aP_a in finite dimensions. The infinite-dimensional formula additionally needs the relevant domain and integrability conditions.,"For A=diag(−1,1) and equal outcome probabilities, the expectation is zero even though zero is not a possible measurement result.",Averaging; Change of coordinates,Born rule for a projective measurement; Expectation,er-quantum1; er-quantum3,3
robertson-uncertainty,Robertson uncertainty inequality,"\Delta_\psi A\,\Delta_\psi B\ge\tfrac12\bigl|\langle\psi,[A,B]\psi\rangle\bigr|",Mathematical physics,Quantum dynamics,Advanced undergraduate,theorem,The spreads of two observables cannot both be arbitrarily small when their commutator has a nonzero expectation in the state. The obstruction comes from incompatible operator directions.,"Hermitian matrices A,B and a normalized state ψ; ΔA²=⟨(A−⟨A⟩I)²⟩. For unbounded observables, require the state in suitable common product domains and finite variances.","For Pauli X,Y in a Z-up state, ΔX=ΔY=1 and |⟨[X,Y]⟩|/2=1, so equality holds.",Orthogonality; Algebraic structure,Cauchy–Schwarz inequality; Expectation of a quantum observable; Matrix commutator and Lie bracket,er-quantum1; er-quantum3,2
heisenberg-observable-equation,Heisenberg equation of motion,"\frac{dA_H}{dt}=\frac{i}{\hbar}[H_H,A_H]+(\partial_tA)_H",Mathematical physics,Quantum dynamics,Advanced undergraduate,theorem,The time dependence can be assigned to observables instead of states. Their commutator with the Hamiltonian plays the same organizing role as the classical Poisson bracket.,A differentiable observable family and unitary Schrödinger evolution in finite dimensions. A_H=U†AU and H_H=U†HU. Unbounded operator versions require domain control.,"If A has no explicit time dependence and commutes with a fixed H, then A_H is constant.",Change of coordinates; Conservation and balance,Unitary evolution generated by a Hamiltonian; Matrix commutator and Lie bracket,er-quantum1; er-quantum3,3
ehrenfest-theorem,Ehrenfest equations for position and momentum,"\frac{d\langle q\rangle}{dt}=\frac{\langle p\rangle}{m},\qquad \frac{d\langle p\rangle}{dt}=-\langle\nabla V(q)\rangle",Mathematical physics,Quantum dynamics,Advanced undergraduate,theorem,"Quantum averages obey balance laws resembling classical motion. The force is averaged over the state, so nonlinear forces generally do not equal the force evaluated at the average position.","A nonrelativistic Hamiltonian p²/(2m)+V(q), a sufficiently regular evolving state with finite relevant moments, and boundary/domain conditions allowing the operator identities and integrations by parts.","For a quadratic potential, ∇V is affine, so the mean position follows the corresponding classical oscillator equation exactly.",Averaging; Linearity,Heisenberg equation of motion; Linearity of expectation,er-quantum1; er-quantum3,2
schrodinger-probability-current,Schrödinger probability current,"\rho=|\psi|^2,\qquad j=\frac{\hbar}{m}\operatorname{Im}(\psi^*\nabla\psi),\qquad \partial_t\rho+\nabla\cdot j=0",Mathematical physics,Quantum dynamics,Advanced undergraduate,theorem,Probability moves locally instead of appearing or disappearing. A wavefunction's phase gradient carries its density through space.,A sufficiently smooth solution of the scalar Schrödinger equation with real potential and no vector potential. Conserving total probability also requires decay or boundary conditions eliminating net boundary loss.,"For a plane wave C exp(ik·x−iωt), j=(ħk/m)|C|². Such a wave is a generalized state on all of space, not a normalizable wavepacket.",Conservation and balance; Boundary and interior,Time-dependent Schrödinger equation; Divergence,er-quantum1; er-quantum3,2
density-matrix,Density matrix of a quantum state,"\rho=\sum_kp_k|\psi_k\rangle\langle\psi_k|,\qquad \rho\succeq0,\quad\operatorname{tr}\rho=1",Mathematical physics,Quantum states and information,Advanced undergraduate,definition,"A density matrix collects the predictions of a statistical mixture of pure states. Different mixtures can give the same matrix, so the matrix captures observable information rather than a unique preparation story.","A finite-dimensional complex Hilbert space, normalized vectors ψ_k and nonnegative weights p_k summing to one. Every positive-semidefinite trace-one matrix admits such a representation.",The qubit state I/2 is the equal mixture of either the two Z-basis states or the two X-basis states.,Averaging; Convexity,Spectral theorem in finite dimensions; Convex barycentric combination,er-quantum-info,3
quantum-trace-expectation,Trace formula for mixed-state expectation,\langle A\rangle_\rho=\operatorname{tr}(\rho A),Mathematical physics,Quantum states and information,Advanced undergraduate,definition,One trace simultaneously averages over both preparation uncertainty and measurement outcomes. It is linear in the state and in the observable.,"A finite-dimensional density matrix ρ and Hermitian observable A. The result is real; for a POVM effect E_a, tr(ρE_a) is the outcome probability.","For the maximally mixed state I/d, every observable has expectation tr(A)/d, the arithmetic mean of its eigenvalues.",Averaging; Linearity,Density matrix of a quantum state; Trace,er-quantum-info,4
partial-trace,Reduced state by partial trace,"\rho_A=\operatorname{tr}_B\rho_{AB},\qquad \operatorname{tr}(\rho_A X)=\operatorname{tr}\bigl(\rho_{AB}(X\otimes I_B)\bigr)",Mathematical physics,Quantum states and information,Advanced undergraduate,definition,Discarding one subsystem means retaining exactly the predictions for all measurements on the other. Partial trace removes the inaccessible subsystem without choosing a particular measurement outcome.,Finite-dimensional tensor-product Hilbert space A⊗B and a joint density matrix. The equality for every operator X uniquely specifies ρ_A.,"Either subsystem of the Bell state (|00⟩+|11⟩)/√2 has reduced state I/2, even though the joint state is pure.",Accumulation; Duality,Density matrix of a quantum state; Tensor product universal property; Trace,er-quantum-info,5
quantum-purity,Purity of a density matrix,"\operatorname{tr}(\rho^2)=\sum_j\lambda_j^2,\qquad \frac1d\le\operatorname{tr}(\rho^2)\le1",Mathematical physics,Quantum states and information,Advanced undergraduate,identity,Purity measures how concentrated the state's eigenvalue weights are. It is highest for a single pure component and lowest when every spectral direction has equal weight.,A density matrix on a d-dimensional Hilbert space. Equality at one holds exactly for rank-one states; equality at 1/d holds exactly for I/d.,"For a qubit diagonal state diag(p,1−p), purity is p²+(1−p)².",Quadratic structure; Averaging,Density matrix of a quantum state; Trace,er-quantum-info,4
bloch-ball,Bloch-ball representation of a qubit,"\rho=\tfrac12(I+r_x\sigma_x+r_y\sigma_y+r_z\sigma_z),\quad |r|\le1,\quad \operatorname{tr}(\rho^2)=\tfrac12(1+|r|^2)",Mathematical physics,Quantum states and information,Advanced undergraduate,identity,A qubit state becomes a point inside a three-dimensional ball. Its direction records spin bias and its radius records purity.,"A two-dimensional complex quantum state and the standard Pauli matrices. The eigenvalues are (1±|r|)/2; pure states lie on the unit sphere, while the center is maximally mixed.","The Z-up projector has r=(0,0,1); I/2 has r=0.",Geometry and distance; Decomposition,Density matrix of a quantum state; Basis and unique coordinates,er-quantum-info,3
von-neumann-entropy,Von Neumann entropy,S(\rho)=-\operatorname{tr}(\rho\log\rho)=-\sum_j\lambda_j\log\lambda_j,Mathematical physics,Quantum states and information,Advanced undergraduate,definition,"Quantum entropy is the Shannon entropy of the state's eigenvalue weights. It describes uncertainty in the state itself, which differs from uncertainty for a particular measurement basis.","Finite-dimensional density matrix, natural logarithms, and 0 log 0=0 by continuity. Pure states have zero entropy, even though some of their measurements remain random.","S(I/d)=log d, while a rank-one projector has S=0.",Information and uncertainty; Change of coordinates,Density matrix of a quantum state; Shannon entropy,er-quantum-info,3
schmidt-decomposition,Schmidt decomposition of a bipartite pure state,"|\psi\rangle=\sum_{j=1}^r s_j|u_j\rangle\otimes|v_j\rangle,\qquad s_j>0,\quad\sum_js_j^2=1",Mathematical physics,Quantum states and information,Advanced undergraduate,theorem,A joint pure state can be expressed using matched orthogonal pairs. The number and weights of these paired terms reveal whether its components can be separated.,A normalized vector in a finite-dimensional bipartite tensor product. The u_j and v_j form orthonormal lists. A state is a product state exactly when its Schmidt rank is one.,"The Bell state has two Schmidt coefficients 1/√2, so each reduced density matrix has eigenvalues 1/2,1/2.",Decomposition; Orthogonality,Singular value decomposition; Tensor product universal property,er-quantum-info,5
kraus-channel,Kraus representation of a quantum channel,"\Phi(\rho)=\sum_kK_k\rho K_k^\dagger,\qquad\sum_kK_k^\dagger K_k=I",Mathematical physics,Quantum states and information,Graduate,theorem,A quantum channel describes a physical transformation when some environmental information is ignored. Its matrix pieces account for alternative environmental records while preserving total probability.,"A finite-dimensional linear map is a completely positive trace-preserving channel exactly when it admits this representation. The individual terms are not necessarily unitary, and a Kraus representation is not unique.","Dephasing in an orthonormal basis uses the basis projectors as Kraus operators, deleting coherence between different basis states.",Decomposition; Conservation and balance,Density matrix of a quantum state; Adjoint of a linear map; Matrix multiplication,er-quantum-info,2
quantum-trace-distance,Trace distance and optimal state discrimination,"D(\rho,\sigma)=\tfrac12\lVert\rho-\sigma\rVert_1,\qquad p_{\mathrm{success}}^{\max}=\tfrac12\bigl(1+D(\rho,\sigma)\bigr)",Mathematical physics,Quantum states and information,Graduate,theorem,"The distance between two quantum states measures how well one optimal measurement can tell them apart. Identical states force guessing, while orthogonal states can be distinguished perfectly.","Two finite-dimensional density matrices presented with equal prior probabilities, one copy available, and arbitrary two-outcome measurements. The trace norm is the sum of singular values.",For orthogonal pure states D=1 and success probability is one; for identical states D=0 and success is one half.,Geometry and distance; Optimization,Singular value decomposition; Density matrix of a quantum state,er-quantum-info,3
quantum-oscillator-ladder,Harmonic-oscillator ladder operators,"[a,a^\dagger]=I,\qquad H=\hbar\omega(a^\dagger a+\tfrac12I),\qquad a|n\rangle=\sqrt n\,|n-1\rangle",Mathematical physics,Quantum oscillators and rotations,Advanced undergraduate,identity,Raising and lowering operators organize oscillator states into an algebraic ladder. The commutator fixes the spacing and the square-root coefficients that preserve normalization.,"The one-dimensional quantum harmonic oscillator, ω>0, with operators on the standard common invariant domain of finite oscillator-state combinations. The commutator cannot hold for finite square matrices.",The normalized ground state obeys a|0⟩=0; applying a† creates successive excited states.,Recursion and iteration; Algebraic structure,Matrix commutator and Lie bracket; Stationary Schrödinger eigenvalue problem,er-quantum2; er-quantum4,3
quantum-oscillator-spectrum,Quantum harmonic-oscillator spectrum,"E_n=\hbar\omega\left(n+\tfrac12\right),\qquad n=0,1,2,\ldots",Mathematical physics,Quantum oscillators and rotations,Advanced undergraduate,theorem,"A quadratic potential produces equally spaced energy levels, with a positive ground-state energy. The state cannot have both perfectly fixed position and perfectly fixed momentum.","A one-dimensional nonrelativistic oscillator H=p²/(2m)+mω²q²/2 with m,ω>0 and the standard self-adjoint realization on L² of the real line.","Adjacent levels differ by ħω, while the ground state has energy ħω/2.",Quadratic structure; Recursion and iteration,Harmonic-oscillator ladder operators,er-quantum2; er-quantum4,3
angular-momentum-ladder,Quantum angular-momentum ladder,"J_\pm|j,m\rangle=\hbar\sqrt{j(j+1)-m(m\pm1)}\,|j,m\pm1\rangle",Mathematical physics,Quantum oscillators and rotations,Advanced undergraduate,identity,"At fixed total angular momentum, a finite ladder shifts the component along a chosen axis. The coefficient vanishes at the top or bottom, closing the representation.","An irreducible unitary angular-momentum representation with j a nonnegative integer or half-integer, m=−j,…,j, J±=Jx±iJy, and normalized simultaneous eigenvectors of J² and Jz.","For j=1/2, raising the lower m=−1/2 state produces ħ times the upper state; raising again gives zero.",Symmetry and invariance; Recursion and iteration,Matrix commutator and Lie bracket; Eigenvalues and eigenvectors,er-quantum2; er-quantum4,3
thermal-partition-function,Canonical thermal partition function,"Z(\beta)=\operatorname{tr}e^{-\beta H}=\sum_n e^{-\beta E_n},\qquad\beta=(k_BT)^{-1}",Mathematical physics,Equilibrium statistical mechanics,Advanced undergraduate,definition,"The partition function adds the statistical weights of all energy states. Once this single generating object is known, differentiating it extracts many equilibrium quantities.",A quantum canonical ensemble at T>0 with a fixed Hamiltonian whose exponential is trace class; eigenvalues are counted with multiplicity. The finite-state case is immediate; classical phase-space ensembles require their own measure normalization.,"For two energy levels 0 and ε, Z=1+exp(−βε). Independent subsystems have a product partition function when their Hamiltonian energies add.",Generating functions; Exponentials and logarithms,Gibbs distribution; Trace,er-thermo1,3
thermal-energy-cumulants,Energy and energy variance from log partition function,"\langle E\rangle=-\partial_\beta\log Z,\qquad\operatorname{Var}(E)=\partial_\beta^2\log Z",Mathematical physics,Equilibrium statistical mechanics,Advanced undergraduate,identity,"The slope of log Z gives mean energy, and its curvature gives energy fluctuations. One function therefore records both the typical value and the spread around it.","A canonical ensemble with a β-independent energy spectrum, finite relevant moments and differentiation justified under the sum or trace. β is inverse energy, equal to 1/(kBT).","For levels 0,ε with excited probability p, mean energy is εp and variance is ε²p(1−p).",Averaging; Generating functions,Canonical thermal partition function; Cumulant generating function,er-thermo1,5
heat-capacity-fluctuations,Canonical heat capacity–fluctuation identity,C_V=\frac{\partial\langle E\rangle}{\partial T}=\frac{\operatorname{Var}(E)}{k_BT^2}\ge0,Mathematical physics,Equilibrium statistical mechanics,Advanced undergraduate,theorem,How strongly energy responds to temperature is controlled by how much energy already fluctuates at equilibrium. Response and noise are two views of the same partition-function curvature.,"A canonical ensemble at T>0 with fixed volume and particle number, temperature-independent microscopic energies, finite variance and justified differentiation. Other ensembles or temperature-dependent effective Hamiltonians need separate accounting.",A two-level system has C_V=ε²p(1−p)/(kBT²).,Randomness and distribution; Convexity,Energy and energy variance from log partition function; Chain rule,er-thermo1,3
canonical-response-covariance,Canonical response as a covariance,"H_h=H_0-hB,\qquad\frac{d\langle A\rangle_h}{dh}=\beta\operatorname{Cov}_h(A,B)",Mathematical physics,Equilibrium statistical mechanics,Advanced undergraduate,identity,A small field favors states with large B. Another quantity A changes according to how strongly it co-varies with B in the unperturbed weighting.,"A finite classical state space, h-independent observables A,B, fixed β, and probabilities proportional to exp[−β(H₀−hB)]. The simple covariance formula is not the general noncommuting quantum response formula.","Setting A=B makes the susceptibility β Var(B), which is nonnegative.",Averaging; Duality,Covariance; Gibbs distribution,er-thermo1,3
helmholtz-free-energy,Helmholtz free energy from the partition function,F=-k_BT\log Z=U-TS,Mathematical physics,Equilibrium statistical mechanics,Advanced undergraduate,identity,Free energy balances expected energy against the number of thermally available possibilities. Taking a logarithm converts independent partition-function factors into additive thermodynamic contributions.,Canonical equilibrium at positive temperature with fixed volume and particle number; U is mean energy and S is the Gibbs thermodynamic entropy. The same microscopic normalization must be used in Z and S.,"For two noninteracting subsystems, Z_AB=Z_AZ_B and F_AB=F_A+F_B.",Exponentials and logarithms; Optimization,Canonical thermal partition function; Shannon entropy,er-thermo1,3
boltzmann-microcanonical-entropy,Boltzmann entropy of a microcanonical shell,S=k_B\log\Omega,Mathematical physics,Equilibrium statistical mechanics,Advanced undergraduate,definition,"A macrostate can be realized by many microscopic configurations. Entropy measures the logarithmic size of that collection, making independent multiplicities additive.",A specified microcanonical shell with Ω equiprobable discrete microstates. Continuous phase-space versions need a prescribed cell size or reference measure; the shell convention matters.,N independent two-state spins with no energy preference have Ω=2^N and S=NkB log 2.,Counting; Exponentials and logarithms,Maximum entropy on a finite alphabet; Permutations and falling factorials,er-thermo1,2
thermodynamic-fundamental-relation,Fundamental thermodynamic differential,"dU=T\,dS-p\,dV+\mu\,dN",Mathematical physics,Classical thermodynamics,Advanced undergraduate,model,"Temperature, pressure and chemical potential are slopes of internal energy with respect to entropy, volume and particle number. The differential identifies which quantities are thermodynamically conjugate.","A differentiable equilibrium internal energy U(S,V,N) for a simple compressible single-component system, with the convention that p dV is work done by the system. Additional work modes require extra terms.","Holding V,N fixed gives T=(∂U/∂S)_{V,N}; holding S,N fixed gives p=−(∂U/∂V)_{S,N}.",Local linearization; Duality,Total derivative,er-thermo4,3
thermodynamic-maxwell-relation,A Maxwell relation from Helmholtz free energy,"dF=-S\,dT-p\,dV,\qquad \left(\frac{\partial S}{\partial V}\right)_T=\left(\frac{\partial p}{\partial T}\right)_V",Mathematical physics,Classical thermodynamics,Advanced undergraduate,theorem,Two seemingly different responses agree because they are mixed derivatives of one state function. Thermodynamics inherits an exact symmetry from multivariable calculus.,"A simple equilibrium system at fixed particle number with C² Helmholtz free energy F(T,V) in a single smooth phase. Derivatives at singular phase boundaries require separate treatment.","For an ideal gas p=NkBT/V, the relation gives (∂S/∂V)_T=NkB/V.",Symmetry and invariance; Duality,Fundamental thermodynamic differential; Helmholtz free energy from the partition function,er-thermo4,2
clapeyron-equation,Clapeyron coexistence slope,\frac{dp}{dT}=\frac{\Delta s}{\Delta v}=\frac{\ell}{T\Delta v},Mathematical physics,Classical thermodynamics,Advanced undergraduate,theorem,A phase boundary tilts because the phases differ in both entropy and volume. The slope balances those differences while their chemical potentials remain equal.,"Two equilibrium phases of one substance along a differentiable first-order coexistence curve, with specific or molar entropy s and volume v using consistent normalization and Δv≠0. The latent heat is ℓ=TΔs.","If the higher-entropy phase also has larger volume, the coexistence pressure increases with temperature.",Duality; Local linearization,Fundamental thermodynamic differential; Implicit differentiation,er-thermo4,2
equipartition-theorem,Classical equipartition for a quadratic mode,H=\tfrac12a x^2+H_{\mathrm{rest}}\quad\Longrightarrow\quad\left\langle\tfrac12a x^2\right\rangle=\tfrac12k_BT,Mathematical physics,Classical equilibrium distributions,Advanced undergraduate,theorem,Every independent unconstrained quadratic degree of freedom contributes the same average energy at classical equilibrium. The stiffness changes its fluctuation size rather than this mean energy contribution.,"A classical canonical ensemble at T>0, a>0, x ranging over the real line, and the indicated separable quadratic contribution with convergent integrals. Quantum freezing, constraints and nonquadratic modes need other formulas.",Each Cartesian velocity component contributes kBT/2 to a classical ideal gas particle's mean kinetic energy.,Averaging; Quadratic structure,Gaussian integral; Variance,er-thermo2,2
maxwell-velocity-distribution,Maxwell equilibrium velocity density,f(v)=\left(\frac{m}{2\pi k_BT}\right)^{3/2}\exp\!\left(-\frac{m|v|^2}{2k_BT}\right),Mathematical physics,Classical equilibrium distributions,Advanced undergraduate,model,Thermal equilibrium gives a Gaussian distribution of velocity vectors. Directional symmetry and quadratic kinetic energy make the three Cartesian components independent with equal variance.,"A nonrelativistic classical ideal gas in equilibrium at T>0, in its rest frame, with particle mass m>0. This is the vector density with respect to d³v, not the speed density, which has an additional 4πv² factor.",Each component has variance kBT/m and the root-mean-square speed is √(3kBT/m).,Randomness and distribution; Symmetry and invariance,Multivariate normal density; Classical equipartition for a quadratic mode,er-thermo2,3
bose-fermi-occupation,Bose–Einstein and Fermi–Dirac occupations,"\bar n_{\mathrm B}(\varepsilon)=\frac1{e^{\beta(\varepsilon-\mu)}-1},\qquad\bar n_{\mathrm F}(\varepsilon)=\frac1{e^{\beta(\varepsilon-\mu)}+1}",Mathematical physics,Ideal quantum gases,Advanced undergraduate,model,"The allowed occupancy of a quantum mode changes its average population. Bosons permit any nonnegative integer count, while a single fermionic mode permits only zero or one particle.","Noninteracting indistinguishable particles in grand-canonical equilibrium, β=1/(kBT)>0. Bosonic mode sums require μ<ε for the displayed finite mean; condensate limits must be treated separately. Mode degeneracies are counted explicitly.","For ε−μ≫kBT, both occupations approach exp[−β(ε−μ)], the dilute classical limit.",Counting; Generating functions,Finite geometric sum; Bernoulli distribution,er-thermo3,4
planck-blackbody-law,Planck blackbody spectral energy density,"u_\nu(T)=\frac{8\pi h\nu^3}{c^3}\frac1{e^{h\nu/(k_BT)}-1},\qquad \nu>0",Mathematical physics,Ideal quantum gases,Advanced undergraduate,model,Blackbody radiation combines how many photon modes are available at a frequency with how much thermal energy each mode carries. The quantum occupation factor suppresses high-frequency energy.,"Electromagnetic radiation in thermal equilibrium in a large three-dimensional vacuum cavity at T>0, both polarizations included, frequency ν in cycles per second. u_ν is energy per volume per unit frequency.","For hν≪kBT, the formula approaches the Rayleigh–Jeans density 8πkBTν²/c³.",Counting; Scaling and homogeneity,Bose–Einstein and Fermi–Dirac occupations; Density under a change of variables,er-thermo3,3
ising-hamiltonian,Ising spin Hamiltonian,"H(s)=-J\sum_{\langle i,j\rangle}s_i s_j-h\sum_i s_i,\qquad s_i\in\{-1,1\}",Mathematical physics,Interacting systems and phase transitions,Advanced undergraduate,model,"A simple binary variable at each site interacts with its neighbors. Local preferences can collectively produce large-scale order, making this model a bridge between discrete structure and statistical physics.",A specified finite graph or lattice with each interacting pair counted once. J>0 favors alignment; h is a uniform field in energy units. Infinite-volume phase transitions require a thermodynamic limit and boundary conventions.,"With two sites, h=0 and J>0, aligned states have energy −J and anti-aligned states energy +J.",Algebraic structure; Symmetry and invariance,Adjacency powers count walks; Gibbs distribution,er-thermo5,5
ising-mean-field-self-consistency,Ising mean-field self-consistency,m=\tanh\!\bigl(\beta(Jzm+h)\bigr),Mathematical physics,Interacting systems and phase transitions,Advanced undergraduate,method,Replace each neighbor by its average spin and require the predicted average to agree with the one used in that replacement. Collective order becomes a nonlinear fixed-point equation.,"Uniform ferromagnetic Ising model with coordination number z, β=1/(kBT), and the single-site mean-field approximation. This is not exact for a general finite-dimensional lattice; fluctuations and correlations are neglected.","At h=0 the zero-magnetization solution loses mean-field stability when βJz passes one, producing two symmetry-related nonzero branches.",Fixed points; Averaging,Ising spin Hamiltonian; Weighted arithmetic mean,er-thermo5,3
landau-quartic-free-energy,Landau quartic free-energy model,"f(m)=f_0+\tfrac12a m^2+\tfrac14b m^4-hm,\qquad b>0,\qquad am+bm^3=h",Mathematical physics,Interacting systems and phase transitions,Advanced undergraduate,model,"A symmetric energy landscape changes shape as its quadratic coefficient crosses zero. One central minimum can split into two equivalent minima, providing a local model of spontaneous order.","An analytic phenomenological expansion in a small scalar order parameter with m↦−m symmetry at h=0, stabilized by b>0. Truncation and mean-field treatment are modeling assumptions, especially near fluctuation-dominated critical points.","At h=0, the minimizing m is zero when a≥0 and m=±√(−a/b) when a<0.",Symmetry and invariance; Optimization,First-order characterization of convexity; Hessian matrix,er-thermo5,3
autonomous-flow-law,Composition law for an autonomous flow,"\Phi_{t+s}(x)=\Phi_t(\Phi_s(x)),\qquad\Phi_0(x)=x",Dynamical systems,Flows and stability,Advanced undergraduate,theorem,Running a time-independent system for two consecutive intervals is the same as running it for their sum. A whole family of trajectories therefore behaves like an action of time on states.,"A uniquely solvable autonomous differential equation. The identities hold whenever the relevant solutions are defined; a complete flow defines an action for every real time, while a forward-only system gives a semigroup.","For ẋ=ax, Φ_t(x)=e^{at}x and the flow law is the exponential addition rule.",Composition; Algebraic structure,Composition of functions; Constant relative growth or decay,er-dynamics,2
linear-system-stability,Spectral criterion for linear asymptotic stability,\dot x=Ax:\quad x=0\text{ asymptotically stable}\iff\max_{\lambda\in\sigma(A)}\operatorname{Re}\lambda<0,Dynamical systems,Flows and stability,Advanced undergraduate,theorem,"Each spectral direction expands or contracts exponentially, with Jordan blocks adding polynomial factors. Strictly negative real parts make all these contributions decay.",A finite-dimensional constant real or complex matrix A and continuous-time evolution. Eigenvalues on the imaginary axis require a different test for mere stability and do not give asymptotic stability.,Eigenvalues −1±2i describe decaying oscillation; an eigenvalue +0.1 produces an unstable direction.,Decomposition; Exponentials and logarithms,Matrix exponential; Jordan normal form,er-dynamics,4
lyapunov-function,Strict Lyapunov criterion for asymptotic stability,"V(0)=0,\quad V(x)>0,\quad\dot V(x)=\nabla V(x)\cdot f(x)<0\quad(x\ne0)",Dynamical systems,Flows and stability,Advanced undergraduate,theorem,A positive scalar quantity that always decreases acts as a certificate of local convergence. It can prove stability without solving the trajectories explicitly.,"An equilibrium f(0)=0 of a locally Lipschitz autonomous vector field, and a C¹ positive-definite function V with strictly negative derivative on a neighborhood excluding the equilibrium. This gives local asymptotic stability; global claims need additional properness and global assumptions.","For ẋ=−x³, V=x²/2 gives V̇=−x⁴, proving asymptotic stability even though the linearization is zero.",Optimization; Limits and convergence,Gradient; Chain rule,er-dynamics,2
continuous-lyapunov-equation,Continuous Lyapunov matrix equation,"A^{\mathsf T}P+PA=-Q,\qquad P=\int_0^\infty e^{A^{\mathsf T}t}Qe^{At}\,dt",Dynamical systems,Flows and stability,Advanced undergraduate,theorem,A stable linear system admits a quadratic energy that decreases at a prescribed positive rate. Integrating the future cost of a state constructs that energy matrix.,"A real Hurwitz matrix A and symmetric Q≻0. The integral converges and is the unique symmetric P≻0 solving the equation. Conversely existence of such P,Q implies A is Hurwitz.","For A=−aI with a>0 and Q=I, P=I/(2a).",Quadratic structure; Accumulation,Spectral criterion for linear asymptotic stability; Quadratic form,er-dynamics,3
lasalle-invariance,LaSalle's invariance principle,"\dot V\le0\quad\Longrightarrow\quad\operatorname{dist}(\Phi_t(x),M)\longrightarrow0",Dynamical systems,Flows and stability,Graduate,theorem,"If a certificate only stops increasing, trajectories may settle into a whole invariant set rather than one point. The set where the decrease vanishes identifies the remaining possible long-term motion.","A locally Lipschitz autonomous system on a compact positively invariant set K, with C¹ V and V̇≤0 on K. M is the largest invariant subset of {x∈K:V̇(x)=0}; the conclusion holds for starting points in K.","For a damped oscillator, mechanical energy has derivative −c v². The only invariant motion with v=0 throughout is an equilibrium under the usual restoring-force assumptions.",Conservation and balance; Limits and convergence,Strict Lyapunov criterion for asymptotic stability; Underdamped harmonic oscillator,er-dynamics,2
hartman-grobman,Hartman–Grobman local linearization,"h(\Phi_t(x))=e^{tA}h(x),\qquad A=Df(x_*),\quad\sigma(A)\cap i\mathbb R=\varnothing",Dynamical systems,Flows and stability,Graduate,theorem,"Near a hyperbolic equilibrium, a nonlinear flow has the same local topological orbit structure as its linear part. A continuous change of coordinates can reveal that similarity even when no smooth one exists.","A C¹ autonomous vector field near equilibrium x_*, with no Jacobian eigenvalue on the imaginary axis. The conjugacy is local and homeomorphic; the equation applies while the compared trajectories remain in the relevant neighborhoods.",A nonlinear planar saddle remains locally a saddle when its Jacobian has one negative and one positive real eigenvalue.,Local linearization; Change of coordinates,Jacobian matrix; Homeomorphism; Spectral criterion for linear asymptotic stability,er-dynamics,2
floquet-decomposition,Floquet decomposition for periodic linear systems,"\dot x=A(t)x,\quad A(t+T)=A(t),\qquad X(t)=P(t)e^{tB},\quad P(t+T)=P(t)",Dynamical systems,Flows and stability,Advanced undergraduate,theorem,A periodic linear system separates into a repeated within-cycle motion and a steady exponential trend. Its stability can be read from what happens after one full period.,"Continuous T-periodic matrix A, T>0, and an invertible fundamental matrix X. A complex matrix logarithm gives the stated T-periodic factorization; a real factorization may require period 2T. Stability is determined by the monodromy eigenvalues with the appropriate Jordan conditions.","For constant A, choose P=I and B=A. A multiplier of magnitude greater than one gives growth from cycle to cycle.",Decomposition; Recursion and iteration,Matrix exponential; Variation of parameters for a linear system,er-dynamics,3
poincare-return-map,Poincaré return map,"P(x)=\Phi_{\tau(x)}(x),\qquad P(x_*)=x_*\ \text{for a periodic orbit}",Dynamical systems,Flows and stability,Advanced undergraduate,method,Observe a continuous trajectory only when it crosses a chosen section. A closed orbit then becomes a fixed point of a lower-dimensional discrete map.,"A smooth flow and a transverse local section near a periodic orbit, with a well-defined positive first-return time τ on the neighborhood considered. Tangencies or missing returns invalidate this local construction.","For an attracting planar limit cycle, nearby intersections with a transverse segment move toward its fixed intersection point.",Recursion and iteration; Decomposition,Composition law for an autonomous flow; Implicit function theorem,er-dynamics,3
map-fixed-point-stability,Derivative test for a one-dimensional map,"f(x_*)=x_*,\qquad |f'(x_*)|<1\Rightarrow\text{locally attracting},\quad |f'(x_*)|>1\Rightarrow\text{repelling}",Dynamical systems,Flows and stability,Advanced undergraduate,theorem,"An iteration multiplies a small error by its local slope on each step. Slopes below one in magnitude shrink errors, while larger slopes amplify them.",A C¹ real map near its fixed point. The unit-magnitude boundary is inconclusive by this test; higher-order terms or other arguments are needed there.,"For f(x)=cos x at its fixed point, the derivative has magnitude below one, so nearby repeated cosine iteration converges.",Local linearization; Fixed points,Derivative; Banach contraction theorem,er-dynamics,3
saddle-node-normal-form,Saddle–node bifurcation normal form,"\dot x=\mu-x^2,\qquad x_\pm=\pm\sqrt\mu\quad(\mu>0)",Dynamical systems,Bifurcations and nonlinear models,Advanced undergraduate,model,Two equilibria meet and disappear as a parameter crosses a threshold. In this orientation the positive branch attracts and the negative branch repels.,"This scalar normal-form model has real parameter μ. It describes a generic local saddle–node after appropriate smooth reductions and nondegeneracy assumptions, not every possible equilibrium collision.",At μ<0 there is no real equilibrium; at μ=0 one nonhyperbolic equilibrium remains; at μ>0 there are two.,Fixed points; Scaling and homogeneity,Quadratic formula; Spectral criterion for linear asymptotic stability,er-dynamics,2
pitchfork-normal-form,Supercritical pitchfork normal form,"\dot x=\mu x-x^3,\qquad x_*=0\ \text{or}\ x_*=\pm\sqrt\mu",Dynamical systems,Bifurcations and nonlinear models,Advanced undergraduate,model,A symmetric central equilibrium gives way to two symmetric stable choices. The equation turns an unchanged symmetry of the rules into a choice of one asymmetric state.,The scalar model with reflection symmetry x↦−x; nonzero real branches exist for μ>0. Generic pitchfork behavior requires a symmetry or another structural constraint and the relevant nondegeneracy conditions.,"For μ>0, zero is unstable and the two equilibria ±√μ are locally asymptotically stable.",Symmetry and invariance; Optimization,Saddle–node bifurcation normal form; Gradient descent,er-dynamics,3
transcritical-normal-form,Transcritical bifurcation normal form,"\dot x=\mu x-x^2,\qquad x_*=0,\ \mu",Dynamical systems,Bifurcations and nonlinear models,Advanced undergraduate,model,Two equilibrium branches cross and exchange stability instead of disappearing. The same local state can change from attracting to repelling as the other branch takes over.,"The scalar normal-form model with real x,μ. At μ=0 the branches coincide and linearization vanishes; the generic transcritical setting requires the structural conditions preserving the crossing branches.","The zero branch attracts for μ<0, while the x=μ branch attracts for μ>0.",Fixed points; Local linearization,Logistic growth; Spectral criterion for linear asymptotic stability,er-dynamics,2
hopf-normal-form,Supercritical Hopf normal form,"\dot z=(\mu+i\omega)z-|z|^2z,\qquad\dot r=\mu r-r^3,\quad\dot\theta=\omega",Dynamical systems,Bifurcations and nonlinear models,Advanced undergraduate,model,An equilibrium begins to oscillate at a nonzero frequency as a stable cycle emerges around it. Polar coordinates separate amplitude selection from phase rotation.,"z is complex, μ real, and ω≠0. This is a supercritical Hopf normal-form model; applying Hopf theory to another system needs a simple conjugate eigenvalue crossing, transversality and a nonzero first Lyapunov coefficient.",For μ>0 the attracting cycle has radius √μ and period 2π/|ω|; for μ<0 the origin attracts.,Decomposition; Symmetry and invariance,Euler's formula; Integration in polar coordinates,er-dynamics,2
logistic-map,Logistic map,"x_{n+1}=r x_n(1-x_n),\qquad0\le r\le4,\quad x_n\in[0,1]",Dynamical systems,Bifurcations and nonlinear models,Advanced undergraduate,model,"Repeated growth followed by crowding can produce equilibria, cycles and chaotic behavior depending on one parameter. A simple quadratic update need not have simple long-term motion.",The displayed parameter and state ranges keep the unit interval invariant. Discrete time is part of the model; it is not the exact time-one map of the logistic differential equation.,The nonzero fixed point 1−1/r exists for r>1 and attracts for 1<r<3.,Recursion and iteration; Fixed points,Derivative test for a one-dimensional map; Quadratic formula,er-dynamics,2
orbit-lyapunov-exponent,Lyapunov exponent along a one-dimensional orbit,\lambda(x_0)=\lim_{n\to\infty}\frac1n\log\left|(f^n)'(x_0)\right|=\lim_{n\to\infty}\frac1n\sum_{k=0}^{n-1}\log|f'(x_k)|,Dynamical systems,Bifurcations and nonlinear models,Advanced undergraduate,definition,Small perturbations multiply along an orbit. Taking logarithms turns their average exponential growth rate into an ordinary time average.,"A C¹ one-dimensional map, orbit x_k=f^k(x₀), nonzero derivatives along it, and existence of the displayed limit. A positive exponent is a sensitivity indicator; by itself it does not supply every definition of chaos.","For the doubling map away from its coordinate discontinuity, each derivative is two and the exponent is log 2.",Averaging; Exponentials and logarithms,Chain rule; Logarithm laws,er-dynamics,2
van-der-pol-equation,Van der Pol oscillator,"\ddot x-\mu(1-x^2)\dot x+x=0,\qquad\mu>0",Dynamical systems,Bifurcations and nonlinear models,Advanced undergraduate,model,The damping changes sign with amplitude: small oscillations gain energy while large ones lose it. This feedback can select a persistent oscillation instead of rest.,The standard dimensionless van der Pol model with μ>0. The scalar second-order equation is an autonomous planar system; statements about its limit cycle use the corresponding Liénard theory.,"For mechanical energy E=(ẋ²+x²)/2, Ė=μ(1−x²)ẋ², showing gain at small |x| and loss at large |x|.",Conservation and balance; Fixed points,Underdamped harmonic oscillator; Poincaré return map,er-dynamics,2
lotka-volterra-predator-prey,Lotka–Volterra predator–prey equations,"\dot x=x(\alpha-\beta y),\qquad\dot y=y(\delta x-\gamma),\qquad I=\delta x-\gamma\log x+\beta y-\alpha\log y",Dynamical systems,Bifurcations and nonlinear models,Advanced undergraduate,model,"Each population changes the other's growth rate, producing coupled feedback. In this idealized model a conserved quantity organizes closed trajectories in the positive quadrant.","Positive parameters α,β,γ,δ and positive populations x,y. The invariant I belongs to the basic autonomous model; harvesting, saturation, noise or parameter changes generally destroy it.","The coexistence equilibrium is x=γ/δ, y=α/β; differentiating I along the flow gives zero.",Conservation and balance; Composition,Logarithmic derivative; Composition law for an autonomous flow,er-dynamics,2
lorenz-system,Lorenz system,"\dot x=\sigma(y-x),\quad\dot y=x(\rho-z)-y,\quad\dot z=xy-\beta z",Dynamical systems,Bifurcations and nonlinear models,Advanced undergraduate,model,"Three coupled variables create feedback between growth, transfer and damping. For suitable parameters the system has irregular sensitive motion despite being deterministic.","The classical dimensionless Lorenz ODE with positive σ,ρ,β. Chaotic conclusions depend on parameter choices and a precise invariant-set analysis; the polynomial equations alone do not prove chaos.","Its divergence is −(σ+1+β), so phase-space volumes contract exponentially wherever the smooth flow is defined.",Composition; Scaling and homogeneity,Jacobian matrix; Divergence,er-dynamics,3
bendixson-divergence-criterion,Bendixson divergence criterion,\nabla\cdot f>0\ \text{throughout }D\quad\text{or}\quad\nabla\cdot f<0\ \text{throughout }D\quad\Rightarrow\quad\text{no periodic orbit in }D,Dynamical systems,Bifurcations and nonlinear models,Advanced undergraduate,theorem,A closed trajectory cannot enclose a region whose flow expands or contracts area strictly everywhere. Boundary flux and interior divergence would contradict one another.,"A C¹ planar vector field on a simply connected open region D, with divergence strictly of one sign throughout D. The criterion as stated does not apply in three dimensions or to regions with holes.","The linear sink ẋ=−x,ẏ=−y has divergence −2 and no periodic orbit.",Boundary and interior; Geometry and distance,Green's theorem in the plane; Divergence,er-dynamics,2
poincare-bendixson,Poincaré–Bendixson theorem without equilibria,"\omega(x)\text{ compact, nonempty, with no equilibrium}\quad\Longrightarrow\quad\omega(x)\text{ is a periodic orbit}",Dynamical systems,Bifurcations and nonlinear models,Advanced undergraduate,theorem,"A bounded planar flow has strong restrictions on its long-term motion. If its limit set avoids every equilibrium, that set must be a closed orbit.","A C¹ autonomous vector field on an open subset of the plane, with a positive orbit contained in a compact subset of the domain. The stated conclusion assumes its omega-limit set contains no fixed point.",A compact forward trapping annulus with no equilibria contains a periodic orbit under the planar hypotheses.,Limits and convergence; Geometry and distance,Poincaré return map; Limit of a sequence,er-dynamics,2
invariant-measure,Invariant measure for a dynamical map,"\mu(T^{-1}A)=\mu(A),\qquad \int f\circ T\,d\mu=\int f\,d\mu",Dynamical systems,Ergodic theory and observables,Graduate,definition,Individual states move while the overall distribution stays the same. Invariance is the bridge from following trajectories to computing averages over a state space.,A measurable transformation T of a probability space and measurable sets A. The integral identity holds for integrable f and characterizes measure preservation. T need not have a pointwise inverse.,A rotation of the circle preserves uniform angular measure even though most individual points move.,Conservation and balance; Averaging,Integration against a pushforward measure; Probability axioms,er-ergodic-mean; er-ergodic-pointwise,3
koopman-operator,Koopman operator on observables,"U_Tf=f\circ T,\qquad U_T(af+bg)=aU_Tf+bU_Tg",Dynamical systems,Ergodic theory and observables,Graduate,definition,"Instead of moving points, move the functions used to observe them. This turns even nonlinear state evolution into a linear action on a typically infinite-dimensional space of observables.","A measurable measure-preserving T on a probability space, acting on L² observables. U_T is an isometry; it is unitary when T is invertible modulo null sets. Finite coordinate observables usually do not form a closed invariant subspace.","For uniform circle measure and T(x)=2x mod 1, the observable exp(2πikx) is sent to exp(2πi(2k)x), creating new frequencies.",Linearity; Duality,Linear map; Composition of functions; Invariant measure for a dynamical map,er-ergodic-mean; er-ergodic-pointwise,3
birkhoff-ergodic-theorem,Birkhoff pointwise ergodic theorem,\frac1N\sum_{n=0}^{N-1}f(T^nx)\longrightarrow\mathbb E[f\mid\mathcal I](x)\quad\text{a.e.},Dynamical systems,Ergodic theory and observables,Graduate,theorem,"A long time average keeps the information that the dynamics never mixes away. If the only invariant information is trivial, that time average becomes the same space average for almost every starting state.","A measure-preserving transformation of a probability space, f∈L¹, and invariant sigma-algebra I. If T is ergodic, the limit equals ∫f dμ almost everywhere. Exceptional starting points can exist.","For an indicator observable, the average is the fraction of visits to a set; in an ergodic system its limit is that set's probability for almost every start.",Averaging; Limits and convergence,Arithmetic mean; Conditional expectation; Invariant measure for a dynamical map,er-ergodic-mean; er-ergodic-pointwise,4
von-neumann-mean-ergodic,Von Neumann mean ergodic theorem,\frac1N\sum_{n=0}^{N-1}U^nf\longrightarrow P_{\operatorname{Fix}(U)}f\quad\text{in Hilbert norm},Dynamical systems,Ergodic theory and observables,Graduate,theorem,"Repeated averaging removes the changing parts of an observable and retains its invariant component. The limiting average is an orthogonal projection, giving a geometric meaning to long-term averaging.","A unitary operator U on a Hilbert space and any vector f. The fixed subspace is closed and P is its orthogonal projection. This is norm convergence, not automatically pointwise convergence of a represented function.","For a planar rotation with angle not a multiple of 2π, averaging successive rotated vectors converges to zero because the only fixed vector is zero.",Averaging; Orthogonality,Orthogonal projection; Orthogonal decomposition and energy split; Koopman operator on observables,er-ergodic-mean; er-ergodic-pointwise,4
poincare-recurrence,Poincaré recurrence theorem,\sum_{n\ge1}\mathbf1_A(T^nx)=\infty\quad\text{for a.e. }x\in A,Dynamical systems,Ergodic theory and observables,Graduate,theorem,"In a finite measure-preserving system, almost every state in a region returns to that region infinitely often. The system cannot permanently send a positive fraction of finite volume into endlessly disjoint new regions.","A measure-preserving transformation on a finite measure space and a measurable set A. The theorem gives almost-everywhere recurrence, not a uniform return time, an exact return to the same point, or convergence.",A rotation of the circle repeatedly returns almost every point in an arc to that arc; the theorem itself does not estimate the waiting time.,Counting; Conservation and balance,Invariant measure for a dynamical map; Probability axioms,er-ergodic-mean; er-ergodic-pointwise,3
topological-conjugacy,Topological conjugacy of discrete systems,"h\circ f=g\circ h,\qquad h\text{ a homeomorphism}",Dynamical systems,Conjugacy and discrete examples,Advanced undergraduate,definition,Two systems can display the same orbit structure in different coordinates. A conjugacy translates every iterate consistently rather than matching only a few trajectories.,"Continuous self-maps f:X→X and g:Y→Y of topological spaces, related by a homeomorphism h:X→Y. Smoothness, metric distances and derivative growth rates need not be preserved by a mere topological conjugacy.","For f(x)=2x, g(y)=8y and h(x)=x³ on the real line, h(f(x))=g(h(x)).",Change of coordinates; Composition,Homeomorphism; Composition of functions,er-dynamics; er-ergodic-cocycles,2
circle-doubling-map,Doubling map on the circle,"T(x)=2x\pmod1,\qquad T^n(x)=2^nx\pmod1",Dynamical systems,Conjugacy and discrete examples,Advanced undergraduate,model,"Each step discards the first binary digit and shifts the remaining digits forward. One elementary operation connects expanding dynamics, symbolic sequences and information loss.","The circle R/Z with uniform probability measure. Binary expansions need a convention at dyadic rationals, a null set. The map is measure preserving and two-to-one, not invertible.","A point is fixed by T^n exactly when (2^n−1)x is an integer modulo one, giving 2^n−1 distinct fixed points.",Recursion and iteration; Information and uncertainty,Congruence modulo an integer; Composition of functions,er-dynamics; er-ergodic-cocycles,2
arnold-cat-map,Arnold's cat map,"T(x)=Ax\pmod{\mathbb Z^2},\qquad A=\begin{pmatrix}2&1\\1&1\end{pmatrix},\quad\lambda_\pm=\frac{3\pm\sqrt5}{2}",Dynamical systems,Conjugacy and discrete examples,Advanced undergraduate,model,A square torus can stretch in one direction and contract in another while preserving total area. Wrapping the stretched image back onto the torus keeps the motion in a compact space.,The map on R²/Z² defined by the indicated integer determinant-one matrix. It is an invertible hyperbolic toral automorphism preserving normalized area; the torus identification is essential.,"The eigenvalues multiply to one, with one above one and the other below one, giving reciprocal expansion and contraction.",Decomposition; Conservation and balance,Determinant; Eigenvalues and eigenvectors; Quotient group,er-dynamics; er-ergodic-cocycles,3
mixed-strategy-payoff,Expected payoff of mixed strategies,"u_1(p,q)=p^{\mathsf T}Aq,\qquad p\in\Delta_m,\ q\in\Delta_n",Game theory,Finite strategic games,Advanced undergraduate,definition,Random strategies average the payoffs of pure action pairs. The average is linear in either player's probabilities when the other player's strategy is fixed.,"A finite two-player normal-form game with payoff matrix A for player one, and independently randomized mixed strategies p,q on their probability simplices.","For matching pennies with A=[[1,−1],[−1,1]], uniform p and q give expected payoff zero.",Averaging; Linearity,Weighted arithmetic mean; Matrix multiplication,er-games13; er-games18,2
best-response-correspondence,Best-response correspondence,"\operatorname{BR}_i(\sigma_{-i})=\operatorname*{arg\,max}_{\sigma_i\in\Delta(A_i)}u_i(\sigma_i,\sigma_{-i})",Game theory,Finite strategic games,Advanced undergraduate,definition,A player chooses the most favorable strategy against the others' current choices. The answer can be a whole set when several actions tie.,"A finite normal-form game and independent mixed strategies. Payoff is affine in one's own strategy, so all best mixed responses are supported on payoff-maximizing pure actions.","Against a fixed opponent mixture, if two pure actions tie for the highest payoff, every mixture between them is also a best response.",Optimization; Convexity,Expected payoff of mixed strategies; Convex barycentric combination,er-games13; er-games18,2
nash-equilibrium,Nash equilibrium,"u_i(\sigma_i^*,\sigma_{-i}^*)\ge u_i(\tau_i,\sigma_{-i}^*)\quad\text{for every player }i\text{ and deviation }\tau_i",Game theory,Finite strategic games,Advanced undergraduate,definition,"Every strategy is a best response to the others. No single player can improve by changing alone, although a coordinated change might help several players.","A specified finite normal-form game, mixed strategies independently randomized, and expected utility comparison. Nash equilibrium is a mutual best-response condition, not a guarantee of fairness, efficiency or convergence of learning.",Uniform randomization is a Nash equilibrium in matching pennies; neither player can gain by unilaterally biasing their coin against a uniform opponent.,Fixed points; Optimization,Best-response correspondence; Expected payoff of mixed strategies,er-games13; er-games18,6
nash-existence,Existence of mixed Nash equilibrium,\text{Every finite normal-form game has some }\sigma^*\in\prod_i\Delta(A_i)\text{ that is a Nash equilibrium.},Game theory,Finite strategic games,Advanced undergraduate,theorem,Allowing randomized strategies fills discrete action sets into compact convex simplices. A fixed-point argument then guarantees at least one mutually consistent strategy profile.,"Finitely many players, finite nonempty action sets, and real payoff values. The theorem concerns mixed equilibria; a pure equilibrium need not exist and the theorem gives no general efficient algorithm.","Rock–paper–scissors has no pure equilibrium, but its symmetric uniform mixture is an equilibrium.",Fixed points; Convexity,Brouwer fixed-point theorem; Nash equilibrium,er-games13; er-games18,2
nash-support-indifference,Support indifference at a mixed equilibrium,"\sigma_i(a)>0\Rightarrow u_i(a,\sigma_{-i})=v_i,\qquad u_i(b,\sigma_{-i})\le v_i\ \text{for all }b",Game theory,Finite strategic games,Advanced undergraduate,theorem,A player randomizes only among actions that are equally good against the opponents. An action receiving positive weight could otherwise be replaced by a better one.,A mixed Nash equilibrium of a finite game. v_i is player i's equilibrium payoff. Equalities on the proposed support are necessary but must be accompanied by inequalities for excluded actions and valid probabilities.,"In a two-by-two game with both actions used, an opponent's mixing probability can be found by equating the two expected pure-action payoffs, then checking all inequalities.",Optimization; Duality,Nash equilibrium; Karush-Kuhn-Tucker conditions,er-games13; er-games18,3
correlated-equilibrium,Correlated equilibrium inequalities,"\sum_{a_{-i}}\mu(a,a_{-i})\bigl[u_i(a,a_{-i})-u_i(b,a_{-i})\bigr]\ge0\quad\forall i,a,b",Game theory,Finite strategic games,Advanced undergraduate,definition,"A shared recommendation device can coordinate strategies. After learning their own recommendation, each player prefers to follow it rather than switch to another action.","A probability distribution μ over joint actions of a finite game. The displayed unconditional inequalities encode incentive constraints for each recommendation, including those of zero probability without requiring division.","A traffic-light recommendation can correlate which of two players proceeds, creating coordinated outcomes that independent randomization cannot encode in the same way.",Randomness and distribution; Linearity,Conditional probability; Nash equilibrium,er-games13; er-games18,3
coarse-correlated-equilibrium,Coarse correlated equilibrium,"\mathbb E_{a\sim\mu}[u_i(a)]\ge\mathbb E_{a\sim\mu}[u_i(b,a_{-i})]\quad\forall i,b",Game theory,Finite strategic games,Advanced undergraduate,definition,"Before seeing any recommendation, no player wants to commit to one fixed alternative action. This is a weaker obedience requirement than checking deviations after each recommendation is revealed.",A joint action distribution in a finite game; deviations are fixed actions selected before observing a recommendation. Random fixed deviations add no extra constraints by payoff linearity.,Empirical joint play from players whose average external regret vanishes approaches the coarse-correlated equilibrium set in the finite-game setting.,Averaging; Convexity,Correlated equilibrium inequalities; Expectation,er-games13; er-games18,4
epsilon-nash-equilibrium,Additive epsilon Nash equilibrium,"u_i(\tau_i,\sigma_{-i})-u_i(\sigma)\le\varepsilon\quad\forall i,\tau_i",Game theory,Finite strategic games,Advanced undergraduate,definition,An approximate equilibrium allows only small unilateral improvements. The tolerance quantifies how far the profile is from exact mutual optimality.,"A finite game, ε≥0 and additive payoff units explicitly fixed. Rescaling payoffs rescales ε, so comparisons normally use a common normalization such as payoffs in [0,1].","An exact Nash equilibrium is the ε=0 case. If the best unilateral gain is 0.02 in normalized payoffs, the profile is a 0.02 equilibrium.",Optimization; Scaling and homogeneity,Nash equilibrium; Best-response correspondence,er-games13; er-games18,2
exact-potential-game,Exact potential game,"u_i(b,a_{-i})-u_i(a)=\Phi(b,a_{-i})-\Phi(a)",Game theory,Potential games and routing,Advanced undergraduate,definition,Every player's unilateral improvement changes one shared scalar by exactly the same amount. Individual incentives can therefore be tracked through a common landscape even when payoffs differ.,A finite normal-form utility game and a real function Φ satisfying the displayed identity for every unilateral action change. Cost games use the same identity with costs and descent. This is stronger than an ordinal potential.,Any global maximizer of an exact utility potential is a pure Nash equilibrium; any strict better-response path terminates because Φ increases over a finite set.,Optimization; Accumulation,Nash equilibrium; Fundamental theorem for line integrals,er-games13; er-games16; er-games11,2
rosenthal-potential,Rosenthal potential for congestion games,\Phi(a)=\sum_{e}\sum_{k=1}^{n_e(a)}c_e(k),Game theory,Potential games and routing,Advanced undergraduate,theorem,"For each resource, add the cost of the first user, then the second, and so on up to current usage. This accumulated quantity changes by exactly a switching player's change in cost.","A finite unweighted congestion game, with each player selecting an allowed subset of resources and paying the sum of c_e(n_e) on used resources. The formula is an exact cost potential; weighted variants need separate conditions.","If one additional player joins a resource currently used by k players, its potential contribution rises by c_e(k+1), exactly the joining player's new resource cost.",Accumulation; Optimization,Exact potential game; Telescoping sum,er-games13; er-games16; er-games11,3
wardrop-equilibrium,Wardrop equilibrium in nonatomic routing,f_P>0\Rightarrow c_P(f)=\min_{Q\in\mathcal P_{st}}c_Q(f),Game theory,Potential games and routing,Advanced undergraduate,definition,All routes actually used by a population have minimal travel cost for that origin and destination. An infinitesimal traveler cannot improve by changing route alone.,A nonatomic routing model with fixed demands and path costs determined by aggregate edge flows. The comparison is among paths for the same origin–destination pair; a single infinitesimal user does not alter aggregate costs.,"If two parallel roads both carry positive flow for one demand pair, their equilibrium travel times are equal.",Optimization; Fixed points,Nash equilibrium; Support indifference at a mixed equilibrium,er-games13; er-games16; er-games11,3
beckmann-routing-potential,Beckmann potential for nonatomic routing,"\Phi(f)=\sum_e\int_0^{f_e}c_e(z)\,dz,\qquad f^*\in\operatorname*{arg\,min}_{f\in\mathcal F}\Phi(f)",Game theory,Potential games and routing,Advanced undergraduate,method,Integrate each edge's travel cost over the amount of flow assigned to it. Minimizing the resulting potential balances route costs at a Wardrop equilibrium.,"A finite network with fixed nonatomic demands, feasible flow polytope F, and continuous nondecreasing separable edge costs. Potential minimizers are Wardrop equilibria. This potential differs from total travel cost Σf_ec_e(f_e).","For c_e(z)=a_ez+b_e, the edge potential is a_ef_e²/2+b_ef_e.",Accumulation; Convexity,Riemann integral; Wardrop equilibrium in nonatomic routing; Karush-Kuhn-Tucker conditions,er-games13; er-games16; er-games11,3
price-of-anarchy,Price of anarchy for cost games,\operatorname{PoA}=\frac{\sup_{a\in\mathcal E}C(a)}{\inf_{a\in\mathcal F}C(a)},Game theory,Potential games and routing,Advanced undergraduate,definition,The ratio compares the worst allowed equilibrium with the best coordinated feasible outcome. It measures a possible inefficiency of decentralized incentives under a specified equilibrium concept.,"A nonnegative aggregate cost C, a chosen equilibrium set E and feasible set F, with a positive finite optimum denominator and a nonempty equilibrium set. Bounds depend on the game class and solution concept.",A price of anarchy of 4/3 means that every equilibrium in the specified class costs at most one third more than the coordinated optimum.,Optimization; Scaling and homogeneity,Nash equilibrium; Power-law scaling,er-games13; er-games16; er-games11,2
smooth-game-bound,Smoothness bound on equilibrium cost,"\sum_i c_i(a_i^*,a_{-i})\le\lambda C(a^*)+\mu C(a),\quad\mu<1\quad\Rightarrow\quad\operatorname{PoA}\le\frac\lambda{1-\mu}",Game theory,Robust equilibrium bounds,Graduate,theorem,Bound the total cost of everyone separately switching to their part of an optimal outcome. Combining that bound with equilibrium incentives yields an aggregate efficiency guarantee.,"A finite cost game with C=Σ_i c_i≥0, λ≥0, μ<1, and the displayed smoothness inequality for every relevant pair a,a*. The bound holds for pure, mixed, correlated and coarse correlated equilibria when costs and comparison are interpreted in expectation.","A (λ,μ)=(1,1/4) smoothness proof gives an equilibrium cost factor at most 4/3.",Accumulation; Optimization,Price of anarchy for cost games; Coarse correlated equilibrium,er-games14,2
vickrey-auction,Second-price auction payment,"i^*\in\operatorname*{arg\,max}_i b_i,\qquad p_{i^*}=\max_{j\ne i^*}b_j,\qquad p_j=0\ (j\ne i^*)",Game theory,Mechanism design,Advanced undergraduate,method,"The highest bidder wins but pays the strongest competing bid. The payment threshold is independent of the winner's own bid above that threshold, making truthful bidding weakly dominant in the standard model.","One indivisible item, at least two bidders with nonnegative private values and bids, quasilinear utility, no participation costs or externalities, and a fixed tie-breaking rule. The stated incentive conclusion depends on these assumptions.","With bids 10,7,4, the winning bidder pays 7. A bidder values the item relative to this threshold rather than setting their own winning price.",Optimization; Duality,Best-response correspondence; Nash equilibrium,er-games2; er-games7; er-games3,4
vcg-externality-payment,Vickrey–Clarke–Groves externality payment,"a^*\in\arg\max_a\sum_jv_j(a),\qquad p_i=\max_a\sum_{j\ne i}v_j(a)-\sum_{j\ne i}v_j(a^*)",Game theory,Mechanism design,Advanced undergraduate,method,Choose the outcome with the largest reported total value and charge each participant for the loss they impose on the others. This aligns the participant's utility comparison with the social value comparison.,"Finite feasible outcomes or attained optima, quasilinear utilities, independent private valuation reports and the standard pivot-payment setup. Truthfulness does not by itself guarantee budget balance or affordability.","For one item, the winning bidder's externality on the others is the next-highest bid, recovering the second-price auction.",Optimization; Duality,Second-price auction payment; Linearity of expectation,er-games2; er-games7; er-games3,2
myerson-payment-identity,Myerson's single-parameter payment identity,"p(v)=v\,x(v)-\int_0^v x(z)\,dz,\qquad p(0)=0",Game theory,Mechanism design,Advanced undergraduate,theorem,"A monotone allocation rule determines its truthful payment schedule. The integral is the utility retained by the participant, leaving the remainder as payment.","A single-parameter quasilinear environment, opponents' reports fixed, nondecreasing allocation x(v) on v≥0, and zero payment at type zero. For randomized mechanisms x and p are expected allocation and payment; the characterization is truthfulness in expectation.","For threshold allocation x(v)=1 when v≥τ and zero otherwise, the winner pays τ.",Accumulation; Duality,Fundamental theorem of calculus; Second-price auction payment,er-games2; er-games7; er-games3,2
shapley-value,Shapley value,\phi_i(v)=\sum_{S\subseteq N\setminus\{i\}}\frac{|S|!(n-|S|-1)!}{n!}\bigl(v(S\cup\{i\})-v(S)\bigr),Game theory,Cooperative games and bargaining,Advanced undergraduate,definition,Average a participant's added value over every possible order in which a coalition could form. This credits contributions that depend on who was already present.,"A finite transferable-utility cooperative game v on all coalitions, with v(∅)=0 and n players. The interpretation assumes that the coalition worth function has been meaningfully specified.","In a two-player game, each player's value is the average of their standalone contribution and their contribution when joining the other player.",Averaging; Counting,Weighted arithmetic mean; Permutations and falling factorials,er-cooperative,4
cooperative-core,Core of a transferable-utility game,"\mathcal C(v)=\left\{x:\sum_{i\in N}x_i=v(N),\quad\sum_{i\in S}x_i\ge v(S)\ \forall S\subseteq N\right\}",Game theory,Cooperative games and bargaining,Advanced undergraduate,definition,An allocation belongs to the core when it distributes the grand coalition's worth and leaves no subgroup able to secure more on its own. Coalition stability imposes a family of linear inequalities.,A finite transferable-utility game with v(∅)=0. The core can be empty; the inequalities express the assumed coalition-blocking model and unrestricted transfer of utility within a coalition.,"If two players create value 10 together and can each earn 3 alone, core allocations satisfy x₁+x₂=10 and x₁,x₂≥3.",Convexity; Conservation and balance,Affine combination; Linear programming duality,er-cooperative,3
nash-bargaining-solution,Nash bargaining solution,"u^*\in\operatorname*{arg\,max}_{u\in F,\ u_i\ge d_i}\prod_i(u_i-d_i)",Game theory,Cooperative games and bargaining,Advanced undergraduate,method,The solution balances proportional gains above a disagreement outcome. Taking logarithms turns the product of positive gains into a sum with stronger marginal weight on smaller gains.,"A compact convex feasible utility set, a specified disagreement vector d, and a strictly feasible point giving every participant a positive gain. The standard axiomatic solution uses positive affine utility invariance and other bargaining axioms.","With two players dividing one unit and disagreement at zero, maximizing x(1−x) selects an equal split.",Optimization; Exponentials and logarithms,Arithmetic–geometric mean inequality; Logarithm laws,er-cooperative,2
replicator-equation,Replicator equation,"\dot x_i=x_i\bigl((Ax)_i-x^{\mathsf T}Ax\bigr),\qquad\sum_ix_i=1",Game theory,Evolutionary dynamics,Advanced undergraduate,model,Strategies grow when their payoff exceeds the population's average payoff and shrink when it falls below average. Subtracting the mean keeps the population fractions normalized.,A finite symmetric population game with payoff matrix A and a population state in the probability simplex. This is the standard continuous-time payoff-difference convention; some models rescale time by a positive mean fitness.,"Summing the right-hand sides gives zero, so total population share stays one and a zero-frequency strategy remains absent without mutation.",Averaging; Conservation and balance,Expected payoff of mixed strategies; Weighted arithmetic mean,er-evolutionary,3
evolutionarily-stable-strategy,Evolutionarily stable strategy condition,"x^{\mathsf T}Ax\ge y^{\mathsf T}Ax,\quad\text{and if equality holds, }x^{\mathsf T}Ay>y^{\mathsf T}Ay\quad\forall y\ne x",Game theory,Evolutionary dynamics,Advanced undergraduate,definition,"A resident strategy resists a sufficiently small mutant invasion. If a mutant ties against the resident population, the second comparison checks what happens when mutants meet one another.","A finite symmetric two-player game with bilinear payoff xᵀAy and mixed strategies x,y. The displayed two-part condition is equivalent to the standard small-invasion ESS definition; ESS is stronger than symmetric Nash equilibrium.",A strict symmetric Nash equilibrium is evolutionarily stable because every distinct mutant already loses in the first comparison.,Local linearization; Fixed points,Nash equilibrium; Replicator equation,er-evolutionary,2
turing-transition,Turing-machine transition rule,"\delta:Q\times\Gamma\longrightarrow Q\times\Gamma\times\{L,R\}",Computability,Computation and undecidability,Advanced undergraduate,definition,"A finite local rule updates a control state, one tape symbol, and the head position. Iterating this small rule over an unbounded tape models general symbolic computation.","A deterministic single-tape Turing-machine convention with finite state set Q, finite tape alphabet Γ, initial state and halting conventions specified separately. Partial transitions or a stay-put move give equivalent computability models.","A transition can replace a 0 by a 1, move one cell right and enter a new state; an unbounded sequence of such steps is a program execution.",Recursion and iteration; Composition,Composition of functions; Cartesian product,er-tcs-uncomputable; er-tcs-code,3
universal-computation,Universal simulation,"U(\langle M\rangle,x)=M(x)",Computability,Computation and undecidability,Advanced undergraduate,theorem,A program can be treated as input data for another program. One fixed interpreter can therefore simulate every machine described in the chosen effective encoding.,A standard effective encoding of Turing machines and a universal partial computable simulator U. Equality includes matching divergence when M does not halt; it does not mean simulation has zero time or memory overhead.,The same universal machine can simulate an addition program or a theorem-search program by receiving a different encoded machine.,Composition; Algebraic structure,Turing-machine transition rule; Composition of functions,er-tcs-uncomputable; er-tcs-code,2
halting-undecidability,Undecidability of the halting problem,"\mathrm{HALT}=\{\langle M,x\rangle:M(x)\text{ halts}\}\quad\text{is not decidable}",Computability,Computation and undecidability,Advanced undergraduate,theorem,No total algorithm can correctly predict termination for every program and input. A supposed predictor can be used to build a program whose behavior contradicts its prediction about itself.,Unrestricted Turing-computable programs with unbounded possible runtime. The result does not prohibit deciding termination for particular programs or restricted programming languages.,A hypothetical program that loops exactly when a predictor says that it will halt creates a contradiction when supplied its own code.,Information and uncertainty; Recursion and iteration,Universal simulation; Cantor’s power-set theorem,er-tcs-uncomputable; er-tcs-code,4
many-one-reduction,Computable many-one reduction,A\le_mB\iff\exists\text{ total computable }f:\ x\in A\Longleftrightarrow f(x)\in B,Computability,Computation and undecidability,Advanced undergraduate,definition,Translate every instance of one decision problem into an equivalent instance of another. A solver for the target would then solve the source after this translation.,"Decision languages over finite effective encodings and a total computable transformation f. The equivalence must hold on every source input, not merely on yes-instances or typical examples.","If the halting problem reduces to B, then B cannot have a total decider, because composing that decider with the reduction would decide halting.",Composition; Change of coordinates,Composition of functions; Undecidability of the halting problem,er-tcs-uncomputable; er-tcs-code,3
rice-theorem,Rice's semantic undecidability theorem,"\mathcal A\subsetneq\{\text{partial computable functions}\},\quad\mathcal A\ne\varnothing\quad\Rightarrow\quad\{e:\varphi_e\in\mathcal A\}\text{ undecidable}",Computability,Semantic properties and self-reference,Advanced undergraduate,theorem,"Any nontrivial yes/no property of what a general program computes is undecidable uniformly from its code. The property must depend on its computed function, not merely on its written syntax.","An acceptable effective enumeration of partial computable functions and a nonempty proper extensional class A. Equivalent formulations concern nontrivial properties of recognized languages. Particular inputs, restricted program classes and syntactic properties require separate analysis.",Whether a program computes a function defined on every input is a semantic property and is undecidable for arbitrary programs.,Algebraic structure; Composition,Computable many-one reduction; Equivalence relation,er-rice-recursion,2
kleene-recursion-theorem,Kleene's recursion theorem,\forall\text{ total computable }f\ \exists e:\ \varphi_e=\varphi_{f(e)},Computability,Semantic properties and self-reference,Graduate,theorem,"Every effective transformation of program descriptions has a program whose behavior already matches its transformed version. The fixed point is in meaning, not necessarily in the literal code number.","An acceptable numbering of partial computable functions and a total computable map f on program indices. Equality is equality of computed partial functions, including their divergence sets; e=f(e) is not required.","A program can obtain an effective description of itself for use inside its own computation, which underlies formal self-reproducing constructions.",Fixed points; Recursion and iteration,Universal simulation; Equivalence relation,er-rice-recursion,3
polynomial-time-class,Polynomial-time class P,\mathbf P=\bigcup_{k\ge1}\operatorname{DTIME}(n^k),Computability,Time complexity and reductions,Advanced undergraduate,definition,A decision problem is in P when one deterministic algorithm solves every input within a polynomial worst-case time bound. The exponent may depend on the problem but not on the input size.,A fixed standard deterministic Turing-machine model and finite encodings; asymptotic time bounds absorb constant factors. Membership is an asymptotic classification and does not by itself ensure a practical small runtime.,Graph reachability is in P because a systematic graph search decides it in time polynomial in the input encoding length.,Scaling and homogeneity; Composition,Power-law scaling; Composition of functions,er-tcs-time; er-tcs-reductions; er-tcs-np,2
np-verifier,NP as polynomially verifiable witnesses,"x\in L\iff\exists y,\ |y|\le p(|x|),\ V(x,y)=1,\qquad V\text{ runs in polynomial time}",Computability,Time complexity and reductions,Advanced undergraduate,definition,A yes-answer can be supported by a short witness that is efficiently checked. Finding such a witness is a separate task from checking one that is already supplied.,"A decision language L, a polynomial witness-length bound p, and a deterministic polynomial-time verifier V. No-instances must have no accepting witness; the definition is worst-case over all inputs.",A satisfying truth assignment is a polynomial-size witness for a Boolean formula's satisfiability and can be checked by evaluating the formula.,Decomposition; Counting,Polynomial-time class P; Negating quantifiers,er-tcs-time; er-tcs-reductions; er-tcs-np,3
polynomial-time-reduction,Polynomial-time many-one reduction,A\le_pB\iff\exists f\in\mathbf{FP}:\ x\in A\Longleftrightarrow f(x)\in B,Computability,Time complexity and reductions,Advanced undergraduate,definition,An efficient translator preserves yes/no answers without hiding an expensive computation in the translation. It lets complexity upper bounds and hardness statements move between problems.,A deterministic total polynomial-time transformation f between finite input encodings; FP denotes polynomial-time computable functions. Its output length is therefore polynomially bounded by the input length.,"If A≤pB and B∈P, then A∈P by running the translator and then B's solver.",Composition; Scaling and homogeneity,Computable many-one reduction; Polynomial-time class P,er-tcs-time; er-tcs-reductions; er-tcs-np,3
cook-levin-theorem,Cook–Levin theorem,"\mathrm{SAT}\in\mathbf{NP},\qquad\forall L\in\mathbf{NP}:\ L\le_p\mathrm{SAT}",Computability,Time complexity and reductions,Advanced undergraduate,theorem,A polynomially bounded accepting computation can be encoded as a Boolean formula with locally checkable consistency constraints. Satisfiability becomes a common language for all NP verification problems.,Boolean satisfiability under standard finite formula encodings and polynomial-time many-one reductions. NP completeness means both membership in NP and the displayed reduction property; it is not a proof that SAT lacks a polynomial algorithm.,"A computation tableau uses variables for tape symbols, machine states and head locations, with clauses checking valid neighboring time steps.",Decomposition; Change of coordinates,NP as polynomially verifiable witnesses; Polynomial-time many-one reduction; Turing-machine transition rule,er-tcs-time; er-tcs-reductions; er-tcs-np,2
deterministic-time-hierarchy,Deterministic time hierarchy,t(n)\log t(n)=o(T(n))\quad\Longrightarrow\quad\operatorname{DTIME}(t(n))\subsetneq\operatorname{DTIME}(T(n)),Computability,Time complexity and reductions,Graduate,theorem,Sufficiently more computation time permits solving strictly more decision problems. A diagonal simulation separates the larger time budget from all machines constrained by the smaller one.,"Standard multitape deterministic Turing machines and suitable time-constructible t,T≥n, with the displayed strict asymptotic gap. The logarithmic factor accounts for universal-simulation overhead in this version.",The theorem separates deterministic quadratic time from cubic time under these machine-model conventions.,Scaling and homogeneity; Recursion and iteration,Polynomial-time class P; Universal simulation,er-tcs-time; er-tcs-reductions; er-tcs-np,2
polynomial-space-class,Polynomial-space class PSPACE,"\mathbf{PSPACE}=\bigcup_{k\ge1}\operatorname{DSPACE}(n^k),\qquad\mathbf P\subseteq\mathbf{NP}\subseteq\mathbf{PSPACE}",Computability,Space and configuration graphs,Advanced undergraduate,definition,A computation can reuse memory even when it takes many steps. Polynomial space allows exhaustive exploration as long as the program stores only a polynomial amount at once.,Standard deterministic work-space complexity with a read-only input tape and finite decision languages. The containments do not assert that any displayed neighboring pair is unequal.,"A polynomial-size search witness can be enumerated and checked using polynomial memory, even when there are exponentially many candidate witnesses.",Decomposition; Scaling and homogeneity,NP as polynomially verifiable witnesses; Polynomial-time class P,er-space,2
configuration-count-bound,Configuration bound for space-limited computation,"\#\operatorname{Configs}(n,s)=2^{O(s(n))}\quad\text{when }s(n)\ge\log n",Computability,Space and configuration graphs,Advanced undergraduate,theorem,"A machine with limited memory has only finitely many distinct instantaneous states. A deterministic halting computation cannot revisit one, or it would repeat forever.","A fixed finite-alphabet machine using O(s(n)) work space and a read-only input of length n, with s≥log n; constants absorb finite control and head positions. This counts configurations for a fixed input, not all possible programs.",A deterministic decider using polynomial space can be simulated within exponential time because a longer nonhalting repeated configuration would create a loop.,Counting; Recursion and iteration,Turing-machine transition rule; Pigeonhole principle,er-space,3
savitch-theorem,Savitch's space simulation theorem,"\operatorname{NSPACE}(s(n))\subseteq\operatorname{DSPACE}(s(n)^2),\qquad\mathbf{NPSPACE}=\mathbf{PSPACE}",Computability,Space and configuration graphs,Graduate,theorem,"A nondeterministic path through configurations can be searched by recursively guessing and testing a midpoint. Time may grow enormously, but the same workspace is reused across the alternatives.","A standard read-only-input Turing-machine model and space-constructible s(n)≥log n. The simulation trades nondeterministic space for deterministic squared space, not for comparable deterministic time.",Reachability within at most 2^k steps can be checked by trying every possible midpoint and recursively checking two paths of length at most 2^(k−1).,Recursion and iteration; Decomposition,Configuration bound for space-limited computation; Polynomial-space class PSPACE,er-space,2
bpp-class,Bounded-error probabilistic polynomial time,L\in\mathbf{BPP}\iff\exists A\text{ randomized polynomial-time}:\Pr[A(x)=\mathbf1_L(x)]\ge\tfrac23\ \forall x,Computability,Randomized algorithms,Advanced undergraduate,definition,"An algorithm may use random bits and occasionally be wrong, but it must have a uniform correctness guarantee for every input. Repetition can reduce the error without changing the polynomial-time class.","Worst-case polynomial running time, independent unbiased random bits, and a two-sided error bound on each input. Any fixed success threshold strictly above one half gives the same class by amplification.",A one-third error bound can be reduced exponentially by independent repeated runs and majority voting.,Randomness and distribution; Averaging,Probability axioms; Polynomial-time class P,er-tcs-random,2
randomized-majority-amplification,Majority-vote error amplification,\Pr(\text{majority incorrect})\le e^{-r/18}\quad\text{if each independent run succeeds with probability at least }2/3,Computability,Randomized algorithms,Advanced undergraduate,theorem,Several independent noisy decisions can be combined into a much more reliable decision. The mean fraction of successes concentrates above the majority threshold.,"An odd number r of independent runs on the same fixed input, each with success probability at least 2/3. Correlated errors may defeat the bound; the guarantee is for majority voting with binary correctness indicators.",Taking r proportional to log(1/δ) makes the error at most δ while multiplying runtime by only that repetition count.,Averaging; Exponentials and logarithms,Hoeffding's inequality; Probability as an indicator expectation,er-tcs-random,2
rp-class,One-sided randomized polynomial time,"x\notin L\Rightarrow\Pr[A(x)=1]=0,\qquad x\in L\Rightarrow\Pr[A(x)=1]\ge\tfrac12",Computability,Randomized algorithms,Advanced undergraduate,definition,The algorithm can miss a yes-answer but never invent one. Repeating and accepting if any run accepts amplifies detection while preserving that one-sided guarantee.,A randomized polynomial-time algorithm for a language L with the displayed per-input bounds. This convention defines RP; reversing which side is error-free defines coRP.,"After r independent runs, a yes-instance is missed with probability at most 2^(−r), while a no-instance is still never accepted.",Randomness and distribution; Accumulation,Bounded-error probabilistic polynomial time; Independence of random variables,er-tcs-random,2
adleman-bpp-circuits,Adleman's BPP-to-circuits theorem,\mathbf{BPP}\subseteq\mathbf{P/poly},Computability,Randomized algorithms,Graduate,theorem,"After amplifying correctness enough, some fixed random seed works for every input of a given length. Hardwiring such a seed produces a polynomial-size circuit for that length.","Standard polynomial-time randomized computation and nonuniform polynomial-size Boolean circuit families. The proof establishes existence of a good seed for each length, not an efficient uniform method for finding those seeds.","If each of the 2^n inputs fails with probability below 2^(−n), a union bound shows that at least one seed has no failing length-n input.",Counting; Randomness and distribution,Majority-vote error amplification; Union bound,er-tcs-random,2
dfa-acceptance,Finite-automaton acceptance,"L(M)=\{w\in\Sigma^*:\delta^*(q_0,w)\in F\},\qquad\delta^*(q,wa)=\delta(\delta^*(q,w),a)",Computability,Finite memory and formal languages,Advanced undergraduate,definition,A finite automaton summarizes the entire input prefix by one of finitely many states. Reading the next symbol updates that summary through a fixed transition rule.,"A deterministic finite automaton with finite states Q, alphabet Σ, start q₀, accepting states F, transition δ, and δ*(q,empty)=q. The number of states is fixed independently of input length.",A two-state automaton recognizes binary strings with an even number of ones by toggling states whenever it reads a one.,Recursion and iteration; Decomposition,Composition of functions; Congruence modulo an integer,er-tcs-automata,2
regular-language-pumping,Pumping lemma for regular languages,"w=xyz,\quad |xy|\le p,\quad |y|>0,\quad xy^kz\in L\quad\forall k\ge0",Computability,Finite memory and formal languages,Advanced undergraduate,theorem,A long enough accepted path in a finite-state machine must repeat a state. The loop between repetitions can be removed or repeated without changing acceptance of the remaining suffix.,"If L is regular, some pumping length p exists such that every w∈L of length at least p has a decomposition satisfying the formula. The decomposition exists; it is not arbitrary. The lemma's property alone is not sufficient to characterize regularity.",The language {0^n1^n:n≥0} violates the lemma because pumping a forced early zero block breaks equality of the two counts.,Recursion and iteration; Counting,Finite-automaton acceptance; Pigeonhole principle,er-tcs-automata,2
myhill-nerode,Myhill–Nerode equivalence,"x\sim_Ly\iff\forall z\in\Sigma^*:\ xz\in L\Longleftrightarrow yz\in L,\qquad L\text{ regular}\iff[\Sigma^*:\sim_L]<\infty",Computability,Finite memory and formal languages,Advanced undergraduate,theorem,Two prefixes are equivalent when no future suffix can distinguish them. The minimal memory needed for recognition is exactly the number of these distinguishable future-behavior classes.,"A language over a finite alphabet. The equivalence is right invariant, and finite index equals the number of states of the minimal complete deterministic automaton.","For parity of ones, two prefixes are equivalent exactly when they have the same parity, yielding two minimal states.",Algebraic structure; Decomposition,Equivalence relation; Finite-automaton acceptance,er-tcs-automata,3
boolean-function-count,Number of Boolean functions,"\#\{f:\{0,1\}^n\to\{0,1\}\}=2^{2^n}",Computability,Counting lower bounds,Advanced undergraduate,identity,A Boolean function chooses one output bit independently for every possible input. There are exponentially many truth-table entries and therefore doubly exponentially many possible functions.,"n labeled Boolean input coordinates and one Boolean output. This counts distinct functions, not different formulas or circuits that may compute the same function.",Two input bits give four input rows and therefore 2⁴=16 Boolean functions.,Counting; Exponentials and logarithms,Cartesian product; Cantor’s power-set theorem,er-tcs-circuits; er-tcs-code,3
circuit-counting-lower-bound,Counting lower bound for Boolean circuits,"\exists f:\{0,1\}^n\to\{0,1\}\quad C(f)=\Omega(2^n/n)",Computability,Counting lower bounds,Advanced undergraduate,theorem,Short circuits cannot describe every truth table because there are far too few short descriptions. Counting proves that some functions intrinsically require large circuits without identifying a particular hard function.,Boolean circuits over a fixed finite complete bounded-fan-in basis; size counts gates. The asymptotic statement concerns existence for sufficiently large n. It is a nonconstructive lower bound and does not establish such a bound for a named explicit problem.,"Circuits of size s have at most 2^{O(s log(n+s))} descriptions, which is too small to represent all 2^{2^n} Boolean functions when s is sufficiently below 2^n/n.",Counting; Information and uncertainty,Number of Boolean functions; Pigeonhole principle,er-tcs-circuits; er-tcs-code,2
comparison-sorting-lower-bound,Comparison-sorting decision-tree bound,\text{worst-case comparisons}\ge\left\lceil\log_2(n!)\right\rceil=\Omega(n\log n),Computability,Counting lower bounds,Undergraduate,theorem,"Every comparison supplies at most one binary branch in a decision tree. To distinguish all possible input orders, the tree must have enough leaves to label every permutation.",Deterministic comparison-based sorting of n distinct keys with binary less-than outcomes. Algorithms exploiting restricted key encodings or additional operations are outside this model; average-case and randomized variants need their corresponding arguments.,"Three distinct keys have six possible orders, so a binary comparison tree needs worst-case depth at least three.",Counting; Information and uncertainty,Permutations and falling factorials; Logarithm laws,er-tcs-circuits; er-tcs-code,3
kolmogorov-complexity,Plain Kolmogorov description complexity,C_U(x)=\min\{|p|:U(p)=x\},Computability,Algorithmic information,Advanced undergraduate,definition,"The complexity of a finite string is the length of its shortest effective description in a fixed universal language. A long regular string can have a short description, while an irregular one may need almost all its bits stated explicitly.","A fixed optimal universal partial computable description machine U and finite binary programs p and outputs x. This is plain complexity C, not prefix-free complexity K; constants depend on the chosen machine.","A string of n zeros has a description consisting of a short printing routine plus a description of n, so its complexity grows only logarithmically in n up to encoding overhead.",Information and uncertainty; Optimization,Universal simulation; Entropy bound for binary prefix coding,er-kolmogorov,2
kolmogorov-invariance,Kolmogorov invariance under description language,C_U(x)\le C_M(x)+c_M\quad\forall x,Computability,Algorithmic information,Advanced undergraduate,theorem,"Changing a fixed description language adds at most the cost of an interpreter. This makes algorithmic complexity robust up to an additive constant, even though exact values remain language dependent.",U is an optimal universal plain description machine and M is any fixed partial computable description machine. The constant c_M depends on M and U but not on the described string x.,A fixed simulator prefix translates every M-program into a U-program with a bounded extra number of bits.,Composition; Information and uncertainty,Plain Kolmogorov description complexity; Universal simulation,er-kolmogorov,2
kolmogorov-incompressibility,Counting incompressible strings,"\#\{x\in\{0,1\}^n:C_U(x)<n-c\}\le2^{n-c}-1",Computability,Algorithmic information,Advanced undergraduate,theorem,There are too few short programs to compress every string. A uniformly chosen length-n string is unlikely to have a description shorter by many bits.,"Plain description complexity for a fixed machine U, integers 0≤c≤n, and binary programs. Each halting program has one output; different programs may coincide on an output, which only strengthens the upper bound.",The fraction of length-n strings compressible by more than c bits under this strict threshold is less than 2^(−c).,Counting; Information and uncertainty,Plain Kolmogorov description complexity; Finite geometric sum,er-kolmogorov,2
kolmogorov-noncomputability,Noncomputability of exact description complexity,x\longmapsto C_U(x)\quad\text{is not a total computable function},Computability,Algorithmic information,Graduate,theorem,The shortest possible program length is mathematically well defined but cannot be calculated exactly for every string by one terminating algorithm. Searching programs can improve upper bounds without recognizing that the best one has been found.,"Plain Kolmogorov complexity for a fixed optimal universal description machine U. This does not prevent computable compression methods, special-case exact results or progressively improving upper approximations.","Dovetailing all programs can eventually find shorter descriptions, but there is no general computable signal that no still-shorter program will ever halt with the same output.",Optimization; Limits and convergence,Plain Kolmogorov description complexity; Undecidability of the halting problem,er-kolmogorov,2
pauli-matrix-algebra,Pauli matrices and their product algebra,"\sigma_x=\begin{pmatrix}0&1\\1&0\end{pmatrix},\quad\sigma_y=\begin{pmatrix}0&-i\\i&0\end{pmatrix},\quad\sigma_z=\begin{pmatrix}1&0\\0&-1\end{pmatrix},\qquad\sigma_i\sigma_j=\delta_{ij}I+i\sum_k\varepsilon_{ijk}\sigma_k",Mathematical physics,Qubit operator algebra,Advanced undergraduate,identity,Three small Hermitian matrices encode the geometry of a qubit. Their products combine an ordinary dot-product part with an oriented cross-product part.,"The standard two-by-two complex Pauli matrices, Cartesian indices x,y,z, Kronecker delta δ and right-handed Levi-Civita symbol ε. Physical spin operators are ħσ_i/2, so their units and commutator factors differ.","For real vectors a,b, (a·σ)(b·σ)=(a·b)I+i(a×b)·σ; each individual Pauli matrix squares to I.",Algebraic structure; Geometry and distance,Matrix multiplication; Cross product in three dimensions,er-quantum3; er-quantum-info,3
arithmetic-mean,Arithmetic mean,\bar{x}=\frac{1}{n}\sum_{i=1}^{n}x_i,Foundations,Means and aggregation,Foundations,definition,Replace a collection by one equal value while preserving its total. It is also the balance point and the best constant approximation under squared error.,A nonempty finite list of real numbers; n is its length.,"For 2, 4, 9 the mean is 5: three copies of 5 preserve the total 15.",Averaging; Linearity; Optimization,,f-dlmf-algebra,37
weighted-mean,Weighted arithmetic mean,\mu_w=\frac{\sum_i w_i x_i}{\sum_i w_i},Foundations,Means and aggregation,Foundations,definition,"Give each value a share of the total influence. Normalizing the weights converts masses, frequencies or probabilities into one averaging rule.","Finite real x_i, nonnegative real w_i, and sum of weights strictly positive.",Two units at 10 and one at 16 have weighted mean 12.,Averaging; Linearity,Arithmetic mean,f-dlmf-algebra,46
geometric-mean,Geometric mean,G=\left(\prod_{i=1}^n x_i\right)^{1/n}=\exp\left(\frac{1}{n}\sum_i\log x_i\right),Foundations,Means and aggregation,Foundations,definition,"Average in logarithmic coordinates, then return to the original scale. It preserves the product instead of the sum.",Strictly positive real inputs; n >= 1. The product form extends to nonnegative inputs.,Growth factors 2 and 8 have geometric mean 4 because 4 squared equals 2 times 8.,Averaging; Change of coordinates; Exponentials and logarithms,Arithmetic mean; Logarithm laws,f-dlmf-algebra,4
harmonic-mean,Harmonic mean,H=\left(\frac{1}{n}\sum_{i=1}^n\frac{1}{x_i}\right)^{-1},Foundations,Means and aggregation,Foundations,definition,Average reciprocals and invert. This is useful when equal amounts are accumulated at different rates.,Strictly positive real inputs and n >= 1.,Equal distances traveled at 30 and 60 km/h give overall speed 40 km/h.,Averaging; Change of coordinates,Arithmetic mean,f-dlmf-algebra,2
quadratic-mean,Root mean square,R=\sqrt{\frac{1}{n}\sum_{i=1}^n x_i^2},Foundations,Means and aggregation,Foundations,definition,Average squared magnitudes before taking a square root. Positive and negative signals both contribute to energy.,Real inputs and n >= 1.,The values -3 and 3 have mean 0 but RMS 3.,Averaging; Quadratic structure,Arithmetic mean,f-dlmf-algebra,6
power-mean,Power mean,"M_p(x)=\left(\frac{1}{n}\sum_{i=1}^n x_i^p\right)^{1/p}\quad(p\ne0),\qquad M_0=G",Foundations,Means and aggregation,Undergraduate,definition,A single exponent selects a whole family of means. Larger exponents give more influence to large inputs.,A finite nonempty list of n >= 1 strictly positive real inputs; p is real. The p=0 value is the continuous limit.,"p=-1, 0, 1, 2 give the harmonic, geometric, arithmetic and root mean square means.",Averaging; Change of coordinates,Geometric mean; Weighted arithmetic mean,f-dlmf-algebra,2
am-gm,Arithmetic–geometric mean inequality,\frac{x_1+\cdots+x_n}{n}\ge (x_1\cdots x_n)^{1/n},Foundations,Inequalities,Foundations,theorem,"For a fixed sum, balancing positive entries maximizes their product. Unevenness creates the gap between arithmetic and geometric means.",Nonnegative real x_i and n >= 1; equality iff all inputs are equal.,A rectangle of fixed perimeter has greatest area when its side lengths are equal.,Convexity; Optimization,Arithmetic mean; Geometric mean,f-dlmf-algebra,6
weighted-am-gm,Weighted AM–GM inequality,\sum_i w_i x_i\ge \prod_i x_i^{w_i},Foundations,Inequalities,Undergraduate,theorem,The same balance principle works when entries carry unequal influence.,"x_i > 0, w_i >= 0, and sum w_i = 1; equality iff inputs with positive weights are equal.","With weights 1/4 and 3/4, 1/4 + 3x/4 is at least x to the power 3/4.",Averaging; Convexity,Arithmetic–geometric mean inequality; Weighted arithmetic mean,f-dlmf-algebra,2
power-mean-monotonicity,Power mean inequality,p<q\quad\Longrightarrow\quad M_p(x)\le M_q(x),Foundations,Inequalities,Undergraduate,theorem,Increasing the averaging exponent shifts attention toward larger values. This orders many inequalities at once.,A finite nonempty list of n >= 1 positive real inputs; p and q real with the continuous definition at zero. Equality iff all inputs agree.,H <= G <= A <= RMS is one chain in this theorem.,Averaging; Convexity,Power mean; Jensen's inequality,f-dlmf-algebra,1
quasi-arithmetic-mean,Quasi-arithmetic mean,M_f(x;w)=f^{-1}\left(\sum_i w_i f(x_i)\right),Foundations,Means and aggregation,Advanced undergraduate,definition,"Choose coordinates in which averaging makes sense, average there, and transform back. This unifies additive, multiplicative and reciprocal averaging.","f is continuous and strictly monotone on an interval containing all x_i; w_i >= 0, sum w_i = 1.","The generators x, log x and 1/x give weighted arithmetic, geometric and harmonic means; equal weights 1/n recover their ordinary forms.",Averaging; Change of coordinates; Composition,Weighted arithmetic mean; Inverse function,f-quasi,3
mean-as-minimizer,Mean as the best constant,\sum_i(x_i-a)^2=\sum_i(x_i-\bar{x})^2+n(a-\bar{x})^2,Foundations,Means and geometry,Undergraduate,identity,Any constant other than the mean adds exactly one extra nonnegative error term. The mean is therefore the unique best constant in squared distance.,"Real finite data, n >= 1, and real a.","For 2 and 6, predicting 4 costs 8; predicting 5 costs 10, an increase of 2 times 1 squared.",Optimization; Quadratic structure; Orthogonality,Arithmetic mean; Completing the square,f-mse,8
mean-as-projection,Averaging as orthogonal projection,"P=\frac{\mathbf{1}\mathbf{1}^{T}}{n},\qquad Px=\bar{x}\mathbf{1}",Foundations,Means and geometry,Undergraduate,identity,Averaging is the operation of projecting a data vector onto the line of constant vectors. The residual contains every deviation from that common level.,"Euclidean space R^n, n >= 1; 1 denotes the all-ones column vector.","The vector (2,4,9) projects to (5,5,5); its residual (-3,-1,4) has zero sum.",Averaging; Orthogonality; Decomposition,Arithmetic mean; Orthogonal projection,f-mse,6
centroid,Center of mass,c=\frac{\sum_i m_i x_i}{\sum_i m_i},Foundations,Means and geometry,Undergraduate,definition,A weighted average of positions gives the point at which first moments balance. The same formula works coordinate by coordinate.,"Points x_i in a finite-dimensional real affine space, nonnegative masses m_i, and positive total mass. The squared-distance interpretation uses a chosen Euclidean inner product.",Masses 1 at position 0 and 3 at position 4 balance at position 3.,Averaging; Conservation and balance; Geometry and distance,Weighted arithmetic mean,f-dlmf-algebra,2
running-mean,Online mean update,\bar{x}_{n+1}=\bar{x}_n+\frac{x_{n+1}-\bar{x}_n}{n+1},Foundations,Means and aggregation,Undergraduate,identity,Correct the old average by a shrinking fraction of the new prediction error. No old data values need to be retained.,"Real finite sequence, n >= 1; exact arithmetic identity, subject to rounding in computation.",An average 10 from four values becomes 12 after observing 20.,Recursion and iteration; Averaging,Arithmetic mean,f-dlmf-algebra,2
pooled-mean,Combining group means,\bar{x}=\frac{\sum_j n_j\bar{x}_j}{\sum_j n_j},Foundations,Means and aggregation,Foundations,identity,A mean of means is correct when each group is weighted by its size. Grouping changes the computation but preserves the underlying sum.,"Nonempty finite groups of real observations, combined by concatenation; n_j is each group's positive size. To represent a dataset without duplicate observations, the groups must form a disjoint partition.","A group of 2 averaging 5 and a group of 8 averaging 10 combine to 9, not 7.5.",Averaging; Decomposition,Weighted arithmetic mean,f-dlmf-algebra,1
circular-mean,Circular mean direction,\bar{\theta}=\arg\left(\sum_i w_i e^{i\theta_i}\right),Foundations,Means and geometry,Undergraduate,definition,Average unit vectors before recovering an angle. This respects wraparound at a full turn.,"Real angles, nonnegative weights, positive weight total, and nonzero vector sum; otherwise mean direction is undefined.","Directions 359 degrees and 1 degree average to 0 degrees, rather than 180 degrees.",Averaging; Change of coordinates,Weighted arithmetic mean; Euler's formula,f-dlmf-exponential,1
weighted-variance-decomposition,Weighted squared-error decomposition,\sum_i w_i(x_i-a)^2=\sum_i w_i(x_i-\mu_w)^2+\left(\sum_iw_i\right)(a-\mu_w)^2,Foundations,Means and geometry,Undergraduate,identity,Weighted averaging and weighted least squares select the same center. The total error separates into irreducible spread and error from choosing the wrong center.,Finite real inputs; nonnegative weights with positive total; a real.,Mass-weighted center estimation and frequency-weighted data fitting use the same identity.,Averaging; Quadratic structure; Optimization,Weighted arithmetic mean; Mean as the best constant,f-mse,1
sum-of-integers,Sum of consecutive integers,\sum_{k=1}^{n}k=\frac{n(n+1)}{2},Foundations,Sums and sequences,Foundations,identity,Pair the first and last terms so each pair has the same sum. A triangular count becomes half a rectangle.,Integer n >= 0; the empty sum at n=0 is zero.,1 + 2 + ... + 100 = 5050.,Counting; Symmetry and invariance,,f-dlmf-algebra,1
sum-of-squares,Sum of consecutive squares,\sum_{k=1}^{n}k^2=\frac{n(n+1)(2n+1)}{6},Foundations,Sums and sequences,Foundations,identity,Accumulating a quadratic sequence produces a cubic expression. This mirrors how integration raises polynomial degree.,Integer n >= 0.,The first three squares total 1+4+9=14.,Accumulation; Quadratic structure,Sum of consecutive integers,f-dlmf-algebra,2
geometric-sum,Finite geometric sum,\sum_{k=0}^{n-1}r^k=\frac{1-r^n}{1-r},Foundations,Sums and sequences,Foundations,identity,Multiply the sum by its common ratio and subtract: almost every term cancels.,Real or complex r != 1; integer n >= 0. At r=1 the sum is n.,1+2+4+8=15.,Recursion and iteration; Exponentials and logarithms; Accumulation,,f-dlmf-algebra,16
binomial-theorem,Binomial theorem,(a+b)^n=\sum_{k=0}^n\binom{n}{k}a^{n-k}b^k,Foundations,Sums and sequences,Foundations,identity,Every term records how many times b was chosen from n factors. The coefficient counts all ways to make that choice.,"Nonnegative integer n; commuting a and b, for example real or complex scalars.",(a+b)^3 = a^3+3a^2b+3ab^2+b^3.,Counting; Decomposition,,f-dlmf-algebra,12
logarithm-laws,Logarithm laws,"\log(xy)=\log x+\log y,\qquad\log(x^a)=a\log x",Foundations,Algebra and functions,Foundations,identity,"A logarithm converts multiplication into addition and powers into scaling. This is why growth rates, likelihoods and products often simplify in log coordinates.","x,y > 0 and real a; natural logarithm. Complex principal logarithms require branch corrections.",A product of many probabilities becomes a sum of log probabilities.,Exponentials and logarithms; Change of coordinates,,f-dlmf-exponential,10
exponent-laws,Exponential addition law,e^{x+y}=e^x e^y,Foundations,Algebra and functions,Foundations,identity,Adding time or an exponent composes multiplicative growth. This is the basic bridge between additive and multiplicative structures.,"Real or complex scalar x,y. For square matrices, the analogous identity holds when the matrices commute and can fail without commutation.",Growing for time x and then y has the same factor as growing for time x+y.,Exponentials and logarithms; Composition,,f-dlmf-exponential,12
quadratic-formula,Quadratic formula,ax^2+bx+c=0\quad\Longrightarrow\quad x=\frac{-b\pm\sqrt{b^2-4ac}}{2a},Foundations,Algebra and functions,Foundations,identity,"Shift a quadratic to its center, then take a square root. The discriminant tells whether real roots are separated, repeated or absent.",Real coefficients and a != 0; real roots require b^2-4ac >= 0. Both complex roots are allowed over C.,x^2-5x+6=0 has roots 2 and 3.,Quadratic structure; Decomposition,Completing the square,f-dlmf-algebra,2
completing-square,Completing the square,ax^2+bx+c=a\left(x+\frac{b}{2a}\right)^2+c-\frac{b^2}{4a},Foundations,Algebra and functions,Foundations,identity,"Separate a quadratic into a centered square and a constant. Its location, minimum or maximum, and roots become visible.","Real or complex a,b,c with a != 0; the minimum interpretation requires real variables and a > 0.",x^2-6x+11=(x-3)^2+2.,Quadratic structure; Optimization,,f-dlmf-algebra,4
pythagorean-theorem,Pythagorean theorem,a^2+b^2=c^2,Foundations,Geometry and trigonometry,Foundations,identity,Perpendicular contributions add in squared length. This becomes the template for energy decomposition in inner-product spaces.,"A Euclidean right triangle with legs a,b and hypotenuse c.",Lengths 3 and 4 at a right angle give diagonal length 5.,Orthogonality; Quadratic structure,,f-dlmf-trig,10
complex-exponential,Euler's formula,e^{i\theta}=\cos\theta+i\sin\theta,Foundations,Geometry and trigonometry,Undergraduate,identity,A complex exponential packages circular motion into one expression. Multiplication becomes addition of angles.,Real theta for the unit-circle interpretation; the identity extends to complex theta.,At theta=pi/2 the exponential is i.,Exponentials and logarithms; Symmetry and invariance; Composition,,f-dlmf-exponential,19
euler-identity,Euler's identity,e^{i\pi}+1=0,Foundations,Geometry and trigonometry,Undergraduate,identity,Half a turn on the complex unit circle lands at -1. This is one especially recognizable value of Euler's formula.,i^2=-1 and the usual complex exponential.,It encodes a rotation of 180 degrees.,Exponentials and logarithms; Symmetry and invariance,Euler's formula,f-dlmf-exponential,1
trigonometric-identity,Pythagorean trigonometric identity,\sin^2\theta+\cos^2\theta=1,Foundations,Geometry and trigonometry,Foundations,identity,Sine and cosine are the coordinates of a unit vector. Their squared contributions always give unit length.,Real theta for the geometric interpretation; the algebraic identity extends to complex theta.,At pi/4 both squares are 1/2.,Orthogonality; Conservation and balance,Pythagorean theorem,f-dlmf-trig,2
sine-addition,Sine addition formula,\sin(\alpha+\beta)=\sin\alpha\cos\beta+\cos\alpha\sin\beta,Foundations,Geometry and trigonometry,Foundations,identity,Combining two rotations mixes their horizontal and vertical components in a precise way.,"Real or complex alpha,beta.",Choosing alpha=beta gives sin(2 alpha)=2 sin alpha cos alpha.,Composition; Decomposition,Euler's formula,f-dlmf-trig,1
cosine-addition,Cosine addition formula,\cos(\alpha+\beta)=\cos\alpha\cos\beta-\sin\alpha\sin\beta,Foundations,Geometry and trigonometry,Foundations,identity,The horizontal component of two composed rotations is the difference of two products.,"Real or complex alpha,beta.",Choosing beta=-alpha gives cos squared alpha plus sin squared alpha equals 1.,Composition; Decomposition,Euler's formula,f-dlmf-trig,3
de-moivre,De Moivre's formula,(\cos\theta+i\sin\theta)^n=\cos(n\theta)+i\sin(n\theta),Foundations,Geometry and trigonometry,Undergraduate,identity,Repeated rotation multiplies the angle. Taking roots reverses that process and exposes cyclic symmetry.,Integer n and real theta; negative powers are defined because the base is nonzero.,Cube a unit complex number to triple its angle.,Symmetry and invariance; Exponentials and logarithms,Euler's formula; Exponential addition law,f-dlmf-exponential,2
complex-modulus,Complex modulus,"|x+iy|=\sqrt{x^2+y^2},\qquad |zw|=|z||w|",Foundations,Geometry and trigonometry,Undergraduate,definition,The modulus measures the stretching part of a complex number. Multiplication combines stretches while arguments combine rotations.,"Real x,y and complex z,w.",|3+4i|=5.,Geometry and distance; Composition,Pythagorean theorem,f-dlmf-exponential,6
set-union,Union of sets,A\cup B=\{x:x\in A\ \lor\ x\in B\},Foundations,Sets and logic,Foundations,definition,Union turns logical 'or' into a construction on sets. Set operations provide a geometric language for logical rules.,Sets A and B in a common universe.,"{1,2} union {2,3} is {1,2,3}.",Algebraic structure; Composition,,f-mcs,4
inclusion-exclusion-two,Inclusion–exclusion for two sets,|A\cup B|=|A|+|B|-|A\cap B|,Foundations,Sets and logic,Foundations,identity,"Add both counts, then remove the overlap counted twice. Corrections for overlap recur in counting and probability.",Finite sets A and B.,"If two groups have 8 and 7 members with 3 in common, their union has 12.",Counting; Decomposition,Union of sets,f-mcs,2
cartesian-product,Cartesian product,"A\times B=\{(a,b):a\in A,\ b\in B\},\qquad |A\times B|=|A||B|",Foundations,Sets and logic,Foundations,definition,Make a joint object by choosing one component from each collection. Independent choices multiply the count.,The cardinality equation is stated for finite sets.,Three shirts and four trousers give twelve pairs.,Counting; Composition,,f-mcs,9
function-composition,Composition of functions,(g\circ f)(x)=g(f(x)),Foundations,Algebra and functions,Foundations,definition,"The output of one rule becomes the input to another. This gives a common language for processes, transformations and nested models.",x must be in the domain of f and f(x) in the domain of g.,"If f(x)=x+1 and g(x)=x squared, then g(f(x))=(x+1) squared.",Composition; Algebraic structure,,f-openstax-composition,22
inverse-function,Inverse function,"f^{-1}\circ f=\operatorname{id}_X,\qquad f\circ f^{-1}=\operatorname{id}_Y",Foundations,Algebra and functions,Foundations,definition,An inverse undoes a transformation while recovering every input uniquely. Both existence and uniqueness matter.,f:X to Y must be bijective; restricting the codomain to the image suffices for an injective f.,The exponential maps R bijectively to positive reals; logarithm reverses it.,Composition; Duality; Change of coordinates,Composition of functions,f-openstax-inverse,5
equivalence-relation,Equivalence relation,"x\sim x,\qquad x\sim y\Rightarrow y\sim x,\qquad x\sim y,\ y\sim z\Rightarrow x\sim z",Foundations,Sets and logic,Undergraduate,definition,Specify which distinctions are irrelevant. The resulting equivalence classes turn many representations into one abstract object.,A binary relation on a set; all three axioms must hold for all elements.,Integers equivalent modulo n have the same remainder.,Symmetry and invariance; Algebraic structure,,f-mcs,12
mathematical-induction,Mathematical induction,"P(0)\ \land\ \bigl(\forall n\in\mathbb{N},\,P(n)\Rightarrow P(n+1)\bigr)\ \Rightarrow\ \forall n\in\mathbb{N},P(n)",Foundations,Sets and logic,Foundations,theorem,Prove a starting case and a rule that carries truth to the next case. The finite successor structure then reaches every natural number.,P is a proposition about nonnegative integers; both the base and inductive step are required.,The sum-of-integers formula follows by adding n+1 to the n-case.,Recursion and iteration; Algebraic structure,,f-mcs,10
telescoping-sum,Telescoping sum,\sum_{k=m}^{n}(a_{k+1}-a_k)=a_{n+1}-a_m,Foundations,Sums and sequences,Foundations,identity,"Internal changes cancel, leaving only the endpoints. This is the discrete prototype of the fundamental theorem of calculus.","Integer m <= n; a sequence in an abelian additive group, such as real numbers.",Summing daily changes gives the difference between final and initial totals.,Boundary and interior; Accumulation,,f-mcs,12
finite-difference,Forward finite difference,\Delta_h f(x)=f(x+h)-f(x),Foundations,Sums and sequences,Foundations,definition,Measure change over a finite step. Dividing by the step size connects discrete differences to derivatives.,Both function values are defined; h is a chosen nonzero real step when forming a difference quotient.,"For f(x)=x squared, the difference is 2xh+h squared.",Local linearization; Recursion and iteration,,f-mcs,7
discrete-product-rule,Discrete product rule,\Delta_h(fg)(x)=f(x+h)\Delta_h g(x)+g(x)\Delta_h f(x),Foundations,Sums and sequences,Undergraduate,identity,"A product's finite change splits into two contributions, with a shift in one factor. The shift is essential before taking a limit.","All displayed values are defined; scalar-valued f,g.",Subtract f(x)g(x) after inserting f(x+h)g(x).,Decomposition; Local linearization,Forward finite difference,f-mcs,2
summation-by-parts,Summation by parts,\sum_{k=m}^{n}a_k(b_{k+1}-b_k)=a_n b_{n+1}-a_m b_m-\sum_{k=m}^{n-1}b_{k+1}(a_{k+1}-a_k),Foundations,Sums and sequences,Undergraduate,identity,Move a difference from one factor to the other while recording endpoint terms. This is discrete integration by parts.,Integers m <= n and finite scalar sequences with all displayed indices defined; an empty final sum is zero.,It transfers a difficult difference to a factor whose differences are simpler.,Duality; Boundary and interior,Telescoping sum; Discrete product rule,f-mcs,3
proportionality,Power-law scaling,f(\lambda x)=\lambda^k f(x),Foundations,Algebra and functions,Foundations,definition,A homogeneous function changes predictably under rescaling. The exponent says how the measured quantity scales.,The equation defines homogeneity of degree k on a domain closed under the allowed positive scale factors lambda.,"Length, area and volume scale with exponents 1, 2 and 3.",Scaling and homogeneity; Symmetry and invariance,,f-dlmf-exponential,4
dimensional-homogeneity,Dimensional homogeneity,"[a+b]=[a]=[b],\qquad [ab]=[a][b]",Foundations,Algebra and functions,Foundations,method,Quantities can be added only when their dimensions agree; multiplying quantities multiplies their units. This constrains candidate equations before calculation.,"Physical quantities with declared dimensions; these are consistency rules, not a guarantee of a physically correct model.","A distance cannot be added directly to a time, but speed times time has distance units.",Scaling and homogeneity; Algebraic structure,Power-law scaling,f-openstax-composition,3
affine-combination,Affine combination,"x=\sum_i\lambda_i x_i,\qquad\sum_i\lambda_i=1",Foundations,Means and geometry,Undergraduate,definition,"Combine points in a way independent of the chosen origin. Unlike a convex combination, some coefficients may be negative.",Points in a real affine space; real coefficients summing to one.,2b-a extends the line segment from a through b by the same distance.,Linearity; Change of coordinates,Weighted arithmetic mean,f-dlmf-algebra,1
barycentric-combination,Convex barycentric combination,"x=\sum_i\lambda_i x_i,\qquad\lambda_i\ge0,\quad\sum_i\lambda_i=1",Foundations,Means and geometry,Undergraduate,definition,Treat coefficients as mass fractions. The result lies inside the convex hull of the contributing points.,A finite set of points in a real affine space. Coordinates are unique for an affinely independent simplex.,A triangle's centroid uses weights 1/3 at each vertex.,Averaging; Convexity,Affine combination; Center of mass,f-dlmf-algebra,6
cross-ratio,Cross-ratio,"[a,b;c,d]=\frac{(a-c)(b-d)}{(a-d)(b-c)}",Foundations,Geometry and trigonometry,Advanced undergraduate,definition,A ratio of ratios survives fractional linear coordinate changes. It is a natural measure in projective geometry when ordinary distances are not preserved.,"Distinct finite real or complex a,b,c,d with displayed denominators nonzero. Invariance holds for invertible fractional linear transformations T(z)=(alpha z+beta)/(gamma z+delta), with alpha delta-beta gamma nonzero. Interpret points at infinity projectively; the displayed finite formula requires finite transformed points.","Perspective images preserve cross-ratios of four collinear points, although lengths change.",Symmetry and invariance; Change of coordinates,Inverse function,a-lebl-complex,3
