ID,Title,Mental picture,Shared structure,Limits,Transfer question,Patterns,Sources,Mapped formulas
m-a-microscope-resolution,A microscope with a noisy ruler,"Zooming in reveals a curve’s local slope, but eventually the measuring marks become too coarse for the remaining difference. The useful magnification balances geometric detail against measurement noise.","Finite differences approximate a derivative with truncation error, while subtraction and division amplify finite-precision errors.","This picture assumes the model for evaluation error and sufficient smoothness; exact arithmetic has no rounding floor, and noisy data may obey a different error law.",What changes if halving the sampling distance doubles the noise contribution?,Local linearization; Scaling and homogeneity,ea-fnc-finitediffs; ea-fnc-floating-point,3
m-a-rubber-map-conditioning,Distances on a stretched rubber map,Imagine transferring a small circle through a rubber map: it may become a very thin ellipse. Undoing the map requires large corrections in its compressed direction.,Singular values measure directional stretching; the ratio of largest to smallest stretching controls relative sensitivity of an invertible linear solve.,"Conditioning concerns the problem, not the quality of a particular algorithm. The geometric explanation uses the Euclidean norm; other norms have different unit balls.",Which direction could hide a large solution error behind a small residual?,Geometry and distance; Change of coordinates,ea-fnc-condition-number,3
m-a-equation-repair,A repair receipt for a computed answer,A mechanic hands back an answer together with a receipt showing how much the original specification had to change to make that answer exact. A tiny repair can still change the outcome greatly when the specification is sensitive.,"Backward error measures a perturbation to the input problem; forward error measures the resulting output discrepancy, linked through conditioning.",A small backward error does not guarantee a small forward error for an ill-conditioned system. The perturbation model must specify which inputs may change.,Can the computed answer be exact for a nearby problem even when it is far from the intended answer?,Local linearization; Geometry and distance,ea-fnc-stability,3
m-a-halving-search-strip,Narrowing a search strip,"Two markers bracket a crossing. Inspect the middle, keep the half still containing a crossing, and repeat until the search strip is short enough.",A sign-changing interval invariant is preserved while its length decreases geometrically.,"Continuity and opposite endpoint signs are essential. A narrow bracket identifies at least one root, but it does not establish that there is only one root inside.",What invariant lets an iterative search discard half its candidates safely?,Averaging; Recursion and iteration,ea-fnc-secant,3
m-a-canceling-blur,Canceling a known blur,Take two measurements whose blur follows the same predictable rule at different scales. A weighted subtraction can cancel the leading blur without knowing the true value.,Richardson extrapolation eliminates a leading error coefficient by combining two asymptotic approximations.,Cancellation only works when the assumed asymptotic error expansion applies; singularities and rounding can defeat it. Negative weights mean this is not an ordinary positive average.,"Which error term is shared across two approximations, and can its coefficient be eliminated?",Decomposition; Scaling and homogeneity,ea-fnc-adaptive,3
m-a-calibrated-sensor-array,Choosing where to place sensors,Sensors placed at convenient equal distances can leave a reconstructed curve wobbling badly near its ends. Moving the sensors toward the ends can make the reconstruction less sensitive.,Interpolation-node geometry controls the norm of the reconstruction operator and amplification of data errors.,"Interpolation is exact at the chosen nodes but may still fail between them. Noise, smoothness, polynomial degree and alternative approximation spaces all matter.",How does the placement of information affect the reliability of the reconstructed whole?,Geometry and distance; Linearity,ea-fnc-barycentric,3
m-a-flexible-ruler,A flexible ruler through fixed pegs,"Bend a thin ruler through several pegs and let it settle into the least-bent shape. Smoothness between the pegs is selected by an energy cost, not specified point by point.",A natural cubic spline interpolates the data while minimizing the squared second-derivative integral over the appropriate H2 class.,"A real ruler has thickness, material and nonlinear geometry; the analogy uses a small-deflection quadratic bending model. Different endpoint constraints produce different splines.",Which measure of roughness would select a useful interpolant for your data?,Optimization; Quadratic structure,ea-fnc-splines,3
m-a-smart-weighing-stations,A few strategically placed weighing stations,"Instead of weighing every point along a road, place a few stations where their weighted readings reproduce an entire family of test loads exactly. Orthogonality tells you where those stations should sit.",Gaussian quadrature chooses nodes and weights to match integration on polynomials through degree 2n−1.,"Exactness is for a prescribed polynomial family and weight, not every function. Singular or highly oscillatory integrands may need transformations or different quadrature rules.",Which family of test functions should a finite measurement scheme reproduce exactly?,Averaging; Orthogonality,ea-dlmf-35,4
m-a-folding-mirror,Aligning a vector with a folding mirror,A mirror can redirect a vector onto a coordinate axis without changing lengths. Repeating carefully chosen reflections untangles matrix columns into a triangular arrangement.,Orthogonal Householder transformations preserve Euclidean geometry while zeroing selected coordinates.,A reflection is a linear operation about a hyperplane through the origin. Floating-point implementations still require stable sign choices and accumulate small errors.,Can a calculation be simplified by transformations that preserve the geometry you care about?,Symmetry and invariance; Orthogonality,ea-fnc-house,3
m-a-corridor-exploration,Exploring a building one corridor at a time,"You cannot survey a huge building at once, but each step shows what the same movement rule does to a newly discovered direction. Keep a compact map of the explored part and solve your problem there.",Krylov methods build polynomial images of one starting vector and project a large linear problem into that growing space.,"A larger explored space does not guarantee fast convergence; nonnormality, spectrum and restarting matter. Orthogonality can degrade in finite precision.",What useful subspace can you build when you can apply an operator but cannot inspect all its entries?,Recursion and iteration; Decomposition,ea-saad-iterative,4
m-a-fast-and-slow-clocks,A calculation with fast and slow clocks,A system contains a fast relaxation that has almost vanished and a slow motion you still care about. An explicit clock may be forced to tick at the fast scale even though the visible behavior changes slowly.,Stiffness separates stability-limited step size from the time scale needed for accuracy in the solution of interest.,Stability permits a step; it does not make that step accurate. Nonlinear solves and nonnormal systems add complications beyond a single decay rate.,Is your step size limited by visible accuracy or by a rapidly decaying mode?,Scaling and homogeneity; Exponentials and logarithms,ea-fnc-stiffness,4
m-a-upstream-conveyor,Reading from upstream on a conveyor belt,Objects arriving at a point came from the upstream side of a conveyor. A discrete prediction should sample from that side and allow information to cross no more cells than its update can represent.,"Upwind differencing matches the sign of characteristic velocity, while a CFL bound aligns numerical and physical dependence domains.","The conveyor picture is for simple advection. The upwind method adds numerical diffusion; the CFL condition is generally necessary, not a universal sufficient stability test.",From which direction does the information needed at this point arrive?,Geometry and distance; Conservation and balance,ea-fnc-upwind,3
m-a-mesh-trampoline,A trampoline described by a few allowed shapes,"A continuous sheet has infinitely many possible shapes. Restrict it to shapes your mesh can express, then find the one balancing load and elastic energy within that restricted family.",Galerkin projection restricts a variational equation to a finite-dimensional trial space; coercivity controls the error relative to best approximation.,The PDE energy here is a simplified model. Céa’s estimate requires a continuous coercive bilinear form and conforming spaces; it does not cover every discretization.,Is the main error caused by the solver or by the shapes your approximation space excludes?,Orthogonality; Optimization,ea-fnc-galerkin,4
m-a-factorial-assembly-line,Extending an assembly line between stations,A factorial machine multiplies by the next integer at each station. An integral supplies a smooth extension between stations while keeping the same stepping rule.,The gamma integral satisfies a shift recurrence and takes factorial values at positive integers.,"A recurrence plus integer values alone does not uniquely specify a continuous extension. Additional properties such as positivity and log-convexity distinguish gamma, and complex arguments introduce poles.",What extra structure is needed when a discrete rule is extended to continuous inputs?,Recursion and iteration; Accumulation,ea-dlmf-52; ea-dlmf-55,4
m-a-total-and-share,Separating the size of a pie from its shares,"Two positive amounts can be described by their total size and the fraction belonging to the first amount. In those coordinates, a joint calculation splits into one integral for size and another for proportion.",The beta–gamma identity follows from a change of variables from positive coordinates to a total and a unit-interval share.,The probability interpretation needs positive real shape parameters and the appropriate independence setup. The analytic identity itself extends to complex parameters without literal pie shares.,Would separating total magnitude from relative composition factor your problem?,Change of coordinates; Decomposition,ea-dlmf-512,4
m-a-musical-basis-families,Choosing an instrument’s natural notes,"A sound can be expanded in pure notes, but different instruments suggest different useful note families. Orthogonal polynomials play a similar role when the geometry or weight is not periodic.",Orthogonal systems decompose functions relative to a specified inner product and integration weight.,These notes need not describe physical frequencies. Orthogonality depends on the chosen weight and domain; completeness is a separate question.,Which inner product makes the natural components of your problem independent?,Orthogonality; Decomposition,ea-dlmf-183,4
m-a-uneven-clock,An uneven clock around a circle,Keep the circular geometry but let the clock slow down and speed up with position. Inverting the accumulated travel time gives a new family of sine-like coordinates.,Elliptic amplitude is an inverse integral; Jacobi functions preserve a trigonometric identity while changing the relation between phase and time.,"The clock is a mathematical parameterization, not necessarily physical time. The modulus convention matters; k and m=k² must not be confused.",Can a nonlinear motion become simple geometry viewed through a different clock?,Change of coordinates; Composition,ea-dlmf-192; ea-dlmf-222,4
m-a-logarithmic-map,A map whose distances measure zoom,"On an ordinary ruler, equal steps add the same amount. On a logarithmic ruler, equal steps multiply by the same factor, making repeated zooms look like translations.",The substitution x=e^u converts multiplicative scaling into addition and relates Mellin analysis to Fourier analysis.,The coordinate change introduces a weight and a convergence strip; Mellin and Fourier transforms are not interchangeable without those factors.,Is your problem organized by differences or by ratios?,Scaling and homogeneity; Change of coordinates,ea-dlmf-25,4
m-a-lattice-and-wave-grid,A grid seen in position and frequency,A regular arrangement of locations has a corresponding regular arrangement of frequencies. A Gaussian makes the trade particularly clear: narrowing its spatial profile broadens its frequency profile.,"Poisson summation exchanges spatial lattice sums with Fourier lattice sums, producing theta scale inversion for a Gaussian.",Normalization constants depend on the Fourier convention. Poisson summation requires regularity and decay; arbitrary unsummable lattice values cannot be exchanged formally.,Can an expensive sum become rapidly convergent after moving to reciprocal scale?,Duality; Scaling and homogeneity,ea-dlmf-18; ea-dlmf-207,4
m-a-two-ledger-columns,A ledger with separate credits and debits,A net balance can be small even when large amounts moved in both directions. Keep separate nonnegative credit and debit columns to measure the full activity.,"Jordan decompositions split signed objects into monotone or positive components, while total variation records absolute accumulated change.","The decompositions have different objects and uniqueness conventions: measure Jordan parts are canonical, while arbitrary increasing-function decompositions need not be.",Could cancellation be hiding a large amount of underlying variation?,Decomposition; Accumulation,a-axler-measure,4
m-a-spike-budget,A budget that forbids hidden spikes,A landscape can look almost flat everywhere you inspect while storing substantial mass in increasingly narrow spikes. A uniform tail budget prevents that mass from disappearing from view.,"Uniform integrability controls concentration of integral mass, allowing convergence in measure to upgrade to L1 convergence on finite measure spaces.",Small exceptional sets alone are insufficient. The stated equivalence uses a finite measure space; infinite spaces also require control of mass escaping to infinity.,Where could mass hide while pointwise or measure-based checks appear successful?,Limits and convergence; Accumulation,ea-gravner-uniform-integrability,4
m-a-removing-bad-roads,Uniform travel after excluding a few roads,"Travel times improve point by point across a region, but the slowest road may keep moving. Excluding a region of arbitrarily small size can make the improvement uniform on everything left.",Egorov’s theorem trades a small exceptional set for uniform convergence of an almost-everywhere convergent sequence on a finite measure space.,"The discarded set can depend on the allowed size, and finite total measure is essential. The theorem does not say the original convergence was uniform.",Would removing a quantitatively small exceptional region turn local control into global control?,Limits and convergence; Decomposition,a-axler-measure,3
m-a-shadows-of-an-object,Recognizing an object from all its shadows,"Instead of measuring an object directly, inspect the readings cast onto every allowed linear sensor. Convergence of each reading can occur even when the objects remain far apart in norm.","Weak convergence is convergence under every continuous linear functional, a weaker demand than norm convergence.",The collection of all sensors is crucial; checking a few is not enough. Weak convergence and coordinatewise convergence coincide only under additional structure and boundedness.,Which observables need to converge for the question you actually care about?,Duality; Orthogonality,ea-hunter-5,3
m-a-compact-sensor-console,A compact console of bounded sensors,"Imagine a collection of measuring devices whose readings are uniformly bounded on every input. If we judge devices only by their readings on individual inputs, the whole bounded collection has a compact closure.",Banach–Alaoglu gives weak-star compactness of the dual unit ball; the topology is pointwise evaluation on the original space.,Compactness need not mean every sequence has a convergent subsequence unless metrizability conditions such as separability are available. Compactness changes with the topology.,What topology makes bounded sets compact while preserving the measurements you need?,Duality; Limits and convergence,ea-hunter-5,3
m-a-inverse-quality-control,Quality control for an inverse machine,"A machine transforms one kind of input into another without losing or duplicating outputs. In complete normed spaces, bounded linear operation forces the reverse machine to be bounded too.",The bounded inverse theorem uses completeness and bijective linearity to convert algebraic invertibility into continuous invertibility.,The guarantee can fail for incomplete spaces or for an inverse defined only on a nonclosed range. Boundedness does not imply a numerically small condition number.,Which completeness or closed-range assumption makes an inverse operation stable as a map?,Limits and convergence; Linearity,ea-hunter-5,4
m-a-fading-keyboard,A keyboard whose high keys fade,"Pressing any key is allowed, but the machine attenuates higher keys more and more. Its outputs can be approximated by retaining only finitely many effective directions.",A compact self-adjoint operator admits eigenmodes with nonzero eigenvalues tending to zero; finite spectral truncations approximate it in operator norm.,"General compact operators need not have an orthogonal eigenbasis. Eigenvalues may be negative in the self-adjoint case, and an infinite-dimensional kernel must be included.",Which directions have so little effect that they can be omitted to a controlled tolerance?,Decomposition; Limits and convergence,ea-hunter-8,3
m-a-solvability-gatekeepers,Gatekeepers for an equation,Some right-hand sides cannot pass through a linear machine because they conflict with quantities detected by the reverse machine’s null sensors. Orthogonality to those sensors is the admission rule.,Fredholm solvability connects the range of I−K to the kernel of its Hilbert adjoint when K is compact.,"The exact range characterization and finite-dimensional obstructions require the Fredholm hypotheses. For arbitrary operators, the range may be nonclosed and orthogonality characterizes only its closure.",Which linear measurements must vanish before the equation can have a solution?,Duality; Orthogonality,ea-hunter-9,3
m-a-wrinkle-control,Controlling wrinkles by controlling strain,A fabric cannot form arbitrary sharp wrinkles if enough of its local strain is bounded in aggregate. How much smoothness follows depends on the space dimension and the strength of the bound.,Sobolev and Morrey inequalities convert integrability of weak derivatives into integrability or Hölder control of the function.,"The analogy does not promise smoothness from every derivative norm. Critical exponents, dimension, boundary conditions and representative choices matter.","Is your derivative budget above, below or at the dimension-dependent regularity threshold?",Scaling and homogeneity; Geometry and distance,a-hunter-pde,4
m-a-boundary-checkpoint,A border checkpoint for an interior field,An interior description does not automatically say what happens exactly at the border. A trace operator supplies the boundary information that survives the interior norm.,Sobolev traces extend restriction to the boundary continuously from smooth functions to suitable weakly differentiable functions.,Pointwise restriction is not meaningful for arbitrary equivalence classes of measurable functions. Domain regularity and the correct boundary function space are part of the theorem.,What notion of boundary data is justified by the regularity you actually have?,Boundary and interior; Limits and convergence,a-hunter-pde,3
m-a-point-tap,A point tap recorded by test instruments,"An ideal tap at one point has no ordinary density spread over a region. Instead, describe its effect on every smooth measuring profile; each device reports its value at the tap location.","The Dirac distribution is a linear functional on test functions, and jumps produce Dirac masses under distributional differentiation.","The delta is not an ordinary function with an infinite point value. Products of arbitrary distributions are generally undefined, despite useful formal notation.",Can an object be defined more cleanly by how it acts on probes than by pointwise values?,Duality; Accumulation,ea-hunter-11,4
m-a-adjustable-frosted-glass,An adjustable frosted-glass window,Viewing a rough picture through a small blur makes its features smooth. Reducing the blur can recover the original picture in an appropriate sense while each blurred version remains easier to differentiate.,Mollification convolves with scaled smooth kernels; convergence depends on the original function space or distribution topology.,"A blur does not recover pointwise values everywhere or invert lost information stably. Near a domain boundary, extension or restriction to smaller subdomains is needed.","Which properties survive smoothing, and in which topology can you remove the blur?",Averaging; Limits and convergence,ea-hunter-11; a-hunter-pde,4
m-a-loop-odometer,An odometer counting turns around a hole,"Walk a closed path while tracking the direction to a fixed point. The total accumulated turn is an integer, and a logarithm can return to its starting value only when the relevant winding obstruction vanishes.",The integral of dz/(z−a) measures winding; nonzero winding obstructs a globally single-valued logarithm around a hole.,"A path may self-intersect, and the count is signed. The obstruction concerns the image of the function or the chosen puncture, not merely whether a drawing looks complicated.",Which closed-loop measurement could obstruct defining a single-valued potential?,Boundary and interior; Symmetry and invariance,a-lebl-complex,4
m-a-zeros-as-blueprint,Building an entire function from a zero blueprint,A blueprint marks where a function must vanish and how many times. Infinite construction needs compensating factors so the accumulated product settles down instead of diverging.,Weierstrass products prescribe zeros of an entire function; exponential factors manage convergence and represent zero-free freedom.,Zeros alone do not determine an entire function: multiplication by exp(g) preserves all zeros. Infinite products require convergence controls and cannot be manipulated like finite products blindly.,What information beyond the zeros is needed to identify a function uniquely?,Decomposition; Limits and convergence,ea-mcmullen-complex,4
m-a-boundary-microphones,Reconstructing a room from its boundary microphones,"For special fields, readings around the room’s boundary determine every interior value. The reconstruction weights each boundary location differently depending on the interior point.",Integral representation formulas reconstruct harmonic or holomorphic fields from boundary data using kernels.,"Arbitrary interior fields are not determined this way; harmonicity or holomorphicity is essential. Cauchy’s complex kernel is not a probability weight, while the Poisson kernel is positive and normalized.",Which governing equation makes boundary information sufficient for reconstruction?,Boundary and interior; Averaging,a-lebl-complex; ea-mcmullen-complex,3
m-a-angle-preserving-map,A map that preserves tiny crossing angles,"A flexible map can reshape a simply connected region into a disk while preserving infinitesimal angles. Euclidean distances change, but a different disk distance reveals a useful contraction principle.","Conformal maps preserve angles locally; disk holomorphic maps contract the pseudohyperbolic metric, with automorphisms as exact isometries.","Conformality does not preserve Euclidean lengths or areas. The Riemann mapping theorem excludes the whole plane and multiply connected domains, and boundary extension needs additional assumptions.",Would a different geometry make the natural maps of your problem preserve or contract distance?,Change of coordinates; Geometry and distance,a-lebl-complex,4
m-a-patching-a-hole,Patching a hole that carries no singular load,A function may be undefined at one point even though nothing blows up nearby. Bounded holomorphic behavior lets that missing value be filled in without creating a seam.,An isolated bounded holomorphic singularity is removable; the negative Laurent coefficients must vanish.,"Boundedness is sufficient for a complex holomorphic function, not for every merely continuous or real differentiable punctured function. A pole or essential singularity cannot be patched this way.",Is a missing point a genuine obstruction or only a defect in the chosen representation?,Decomposition; Limits and convergence,a-lebl-complex,3
m-a-heat-mixing-bowl,A mixing bowl that keeps softening peaks,"Repeated local mixing redistributes a profile into weighted averages. Peaks cannot grow under this averaging, and the small-scale features fade fastest.",The positive unit-mass heat kernel contracts Lp norms and damps Laplacian eigenmodes at rates proportional to their eigenvalues.,Boundary conditions may add or remove total mass; Dirichlet heat flow is not globally mass preserving. Backward heat reconstruction is highly unstable even though forward smoothing is well behaved.,"Which features will repeated averaging erase first, and which quantities survive?",Averaging; Exponentials and logarithms,a-stanford-heat,4
m-a-wave-arrival-cone,An arrival cone for a traveling message,"A message traveling at a fixed maximum speed can reach only a widening region as time passes. In three spatial dimensions, the wave formula has the striking form of sampling an expanding shell.","Finite propagation bounds dependence by a cone, and Kirchhoff’s formula expresses the three-dimensional wave solution through spherical means.","The shell-only feature is dimension dependent; it should not be transferred blindly to two dimensions or to heat flow. The wave equation describes signed amplitudes, not a positive averaging process.",What does the dependence region tell you before you solve the equation?,Geometry and distance; Conservation and balance,a-stanford-wave,4
m-a-response-catalog,A catalog of responses to single taps,"If a system is linear, record how it reacts to a tap at each location. A distributed input is then handled by combining the catalog entries with the input’s weights.","Green kernels represent inverse differential operators, while translation invariance makes the kernel depend only on position difference and gives convolution.","A Green kernel depends on the operator and boundary conditions, and may fail to exist without compatibility or normalization. Superposition does not apply to general nonlinear equations.",Can solving one point-response problem replace solving many distributed-source problems?,Linearity; Boundary and interior,a-hunter-pde; ea-hunter-10,4
m-a-dominant-neighborhood,Finding the one neighborhood that matters,"In a sharply weighted sum, most regions contribute almost nothing; in a rapidly oscillating sum, most contributions cancel. The surviving neighborhood can often be understood by a quadratic local model.","Laplace’s method concentrates near a minimum, while stationary phase concentrates near a nondegenerate critical point through cancellation; both produce inverse-square-root scales in one dimension.","Concentration and cancellation are different mechanisms. Degenerate or multiple critical points, endpoints and coalescing saddles require different powers or combined contributions.","Which region survives the weighting or cancellation, and what local model describes it?",Local linearization; Scaling and homogeneity,ea-dlmf-23,4
m-eb-reassigned-voting-rights,Reassigned voting rights,"Imagine a council that gives each member a different number of votes for every question. The council's answer is an average, but the question determines whose view counts most.",A normalized nonnegative set of weights forms a convex combination. Attention chooses these weights from query-key comparisons; conditional expectation uses probabilities appropriate to the information available.,"A neural attention weight is a learned computational coefficient, not necessarily a probability that a person is correct or a faithful explanation of a model's decision. Signed linear combinations fall outside this voting picture.","When a familiar formula looks unlike an average, can its coefficients be normalized into voting weights?",Averaging; Convexity,eb-attention; eb-kde,4
m-eb-balance-and-residual,The balanced tray and the leftover tilt,Place weighted objects along a ruler and find the support point that balances the tray. Now imagine making a separate tray for each group of objects.,"A squared-error minimizer is a mean. Conditional means minimize squared error within information groups, and the remaining error is orthogonal to every square-integrable function of that information.",The tray picture uses positive mass and Euclidean squared distance. Conditional expectation need not be linear in the observed variables; the affine formula needs the Gaussian or a suitable special structure.,"Which part of a prediction error comes from changing group centers, and which part remains within each group?",Averaging; Orthogonality; Decomposition,eb-u-statistics,4
m-eb-practice-and-unseen-exam,Practice sheets and the unseen exam,A student studies a set of practice questions and scores perfectly on them. An unseen exam tests whether the student learned a transferable rule or memorized the sheets.,Empirical risk measures performance on observed examples. Population risk averages over the data law; validation and uniform convergence address the gap caused by selecting a model using the training set.,Repeatedly tuning on the same validation set makes it part of training. The guarantees require the stated sampling assumptions; an exam drawn from a new distribution may measure a different skill.,Which choices in your workflow have already seen the data you are calling a test set?,Averaging; Randomness and distribution; Limits and convergence,eb-learning-book,4
m-eb-repair-shop-budget,A repair shop with a complexity bill,"A repair shop can fit a machine perfectly by adding many custom parts. Each part also adds a maintenance bill, so the shop balances fit against upkeep.","Regularization adds a penalty to empirical loss. For a suitable likelihood and prior, this same optimization is maximum a posteriori estimation; the penalty controls which explanations are preferred.","A mathematical penalty need not equal real maintenance cost, and smaller coefficients do not automatically mean a better model. The MAP equivalence depends on the exact likelihood, scaling and prior.",What preference about possible solutions is your penalty charging for?,Optimization; Exponentials and logarithms,eb-learning-book; eb-highdim-regression,4
m-eb-shared-scale-error,Two scales with shared error,Weigh an unknown parcel beside a reference parcel on a slightly drifting scale. Subtracting an appropriately scaled reference reading can remove much of the shared wobble.,A control variate subtracts a centered correlated quantity with known expectation. The optimal coefficient removes a linear projection of the noise without changing the target mean.,"An inaccurately known reference mean introduces bias. Variance reduction is not guaranteed for an arbitrary coefficient, and SVRG's reference quantity must be formed consistently with its objective.",Can you cheaply compute a correlated quantity whose expectation is already known?,Orthogonality; Averaging,eb-mc-variance; eb-svrg,4
m-eb-paired-weather-reports,Paired weather reports,One weather report deliberately uses a high random input while its paired report uses the matching low input. Their average can be steadier because some overestimation in one offsets underestimation in the other.,The variance of an average contains a covariance term. Antithetic sampling constructs negatively correlated estimates while keeping each marginal distribution correct.,"Complementary inputs do not guarantee negatively correlated outputs for a nonmonotone model. The paired forecasts are intentionally dependent, so independent-sample error formulas cannot be applied blindly.",What transformation preserves your simulation's input law while tending to reverse its output error?,Randomness and distribution; Symmetry and invariance; Averaging,eb-mc-variance,4
m-eb-neighborhood-poll,A neighborhood poll,"To guess a household's preference, ask nearby households rather than the entire city equally. A wider neighborhood brings more answers, but may mix places with different preferences.",Local regression trades sampling variability against smoothing bias by choosing which observations receive weight and how rapidly that weight decreases with distance.,"Geographic closeness is only a picture for a chosen feature-space metric. In high dimensions, nearest points may still be far away, and irrelevant coordinates can dominate distance.",What makes two examples meaningfully close for the quantity you want to predict?,Averaging; Geometry and distance; Scaling and homogeneity,eb-kde; eb-learning-book,4
m-eb-elastic-camps,Elastic camps and moving flagpoles,"Assign each traveler to a camp and stretch a spring from the traveler to that camp's flagpole. Move each flagpole to reduce its camp's total squared stretch, then reassign travelers.","The k-means objective alternates between minimizing assignments and minimizing center locations. For fixed assignments, each optimal center is the arithmetic mean of its assigned vectors.","Travelers are fixed data points, not moving particles. The procedure can reach a local minimum and needs a rule for empty camps; a decreasing objective does not imply the globally best clustering.",Can your joint optimization be divided into blocks that become simple when the other blocks are fixed?,Optimization; Averaging; Recursion and iteration,eb-kmeans,4
m-eb-soft-club-memberships,Soft club memberships,A person may partly belong to several clubs instead of choosing exactly one. Each club updates its profile by counting each person only in proportion to their current membership.,"Mixture-model responsibilities are conditional component probabilities. The Gaussian-mixture M-step uses these probabilities as weights for means, covariances and mixture proportions.","The clubs are latent statistical components, not necessarily real social groups. Gaussian mixture likelihoods can diverge when a component collapses onto a data point; EM's local ascent is not a universal existence guarantee.","If hidden membership were known, would your hard estimation problem reduce to a familiar weighted calculation?",Averaging; Decomposition; Recursion and iteration,b-em,4
m-eb-percentile-ruler,The percentile ruler,Replace a ruler marked in centimeters with one marked by the fraction of people shorter than each mark. Equal steps on the new ruler represent equal probability mass.,"A cumulative distribution function maps values to cumulative probability. For a continuous law, this transform produces a uniform variable, and a generalized quantile reverses the process for sampling.","If the distribution has atoms, ordinary F(X) is not uniform; jumps need a randomized convention for a uniform transform. A quantile function need not be an ordinary two-sided inverse.",Would expressing a variable in probability units reveal a pattern hidden by its physical units?,Change of coordinates; Randomness and distribution,eb-durrett,4
m-eb-random-bus-arrival,Arriving between buses,A passenger arrives at a random time and tends to land inside a long gap between buses. Counting gaps equally and observing time equally therefore tell different stories.,"Stationary time sampling weights a renewal interval in proportion to its length. Integrating age across each interval gives the mean residual waiting time, while long-run rewards divide accumulated reward by accumulated time.","The residual-wait formula needs a stationary renewal setting and a finite second moment. A fixed arrival time synchronized to a timetable is not a random time sample, and Little's law is a separate flow-accounting identity.","Are you sampling events equally, people equally, or units of time equally?",Averaging; Accumulation; Scaling and homogeneity,eb-renewal; eb-ctmc,4
m-eb-jars-and-pseudocounts,Jars and starting counters,"Keep one jar of counters for each category. Observations add counters, while the starting contents express how strongly you want to stabilize estimates before much data arrive.","Dirichlet conjugacy adds observed category counts to prior parameters. The posterior predictive probability is a normalized count, combining prior mass with data mass.",Dirichlet parameters can be fractional and are not necessarily literal historical observations. A prior is a modeling choice; adding pseudocounts does not repair misspecified categories or biased sampling.,Does your update combine evidence by addition before turning it into a normalized average?,Counting; Averaging,eb-dirichlet,4
m-eb-evidence-ledger,An evidence ledger,A ledger tracks how strongly new evidence favors one explanation over another. Multiplicative evidence factors become additive entries when the accountant switches to logarithms.,"Bayesian odds multiply by likelihood ratios. Logarithms turn these ratios into additive evidence, and expectation of a log-likelihood ratio produces KL divergence under the generating law.","Evidence factors multiply separately only with the appropriate conditional-independence factorization. A favorable likelihood ratio is not a guarantee that a hypothesis is true, and a chosen alternative affects the comparison.","Which ratios are being multiplied in your problem, and what would their logarithms make additive?",Exponentials and logarithms; Information and uncertainty; Decomposition,b-info-entropy,4
m-eb-unpacking-nested-boxes,Unpacking nested boxes,A delivery arrives in a box inside another box. Learning the outer label removes one kind of uncertainty; opening the inner box resolves what remains.,Chain rules decompose joint uncertainty or divergence into a marginal term and a conditional term averaged over the first variable. The same conditioning operation decomposes variance into between-group and within-group components.,"Entropy, KL and variance have different units and algebra; their decompositions are structurally related but their terms cannot be exchanged. Conditional terms must be weighted by the correct conditioning law.",What becomes simpler if you first group outcomes by an intermediate variable?,Decomposition; Averaging; Information and uncertainty,eb-f-divergences,4
m-eb-postal-code-length,Postage priced by surprise,"A postal system gives common messages short labels and rare messages longer labels. Over many deliveries, the average label length becomes more relevant than the longest individual label.","A probability law suggests ideal length proportional to negative log probability. Prefix constraints restrict feasible code lengths, entropy lower-bounds their mean, and typical-set coding approaches the entropy rate in repeated sources.",Real prefix code lengths are integer numbers of symbols and have overhead. The asymptotic statement needs its source assumptions; an arbitrary sequence has no automatically applicable probability model.,Which outcomes dominate the average cost: common inexpensive ones or rare expensive ones?,Information and uncertainty; Averaging; Exponentials and logarithms,eb-aep,4
m-eb-blurred-ink,Ink spreading on paper,Imagine a probability density drawn as ink that is gradually blurred by a Gaussian kernel. Sharp variations smooth out as the blur scale grows.,"Adding independent Gaussian noise evolves a density by the heat equation. De Bruijn's identity measures the entropy increase using the spatial Fisher information, the squared gradient of log density averaged under that density.","Higher entropy here means broader probabilistic uncertainty, not improved image quality. Spatial and parameter Fisher information must not be confused, and the derivative identity requires the stated regularity or Gaussian-smoothing conditions.",Can a difficult static quantity be understood by watching how it changes under a simple smoothing operation?,Local linearization; Information and uncertainty; Limits and convergence,eb-entropy-power,4
m-eb-water-allocation,Water allocated above uneven floors,Several narrow tanks have floors at different heights. Pour a fixed amount of water so that the usable tanks share a common water level; tanks with very high floors stay dry.,"For parallel Gaussian channels, maximizing a concave sum of logarithmic capacities under a power budget equalizes the marginal gain on active channels. Noise levels play the role of floor heights.","The tank geometry is a visualization of separable logarithmic optimization. Coupled interference, unequal channel scalings or discrete transmission constraints change the allocation problem and may change the formula.","Which resources should have equal marginal benefit at an optimum, and which should receive none?",Optimization; Duality; Convexity,b-info-channel,4
m-eb-toll-certificates,Tolls that certify an impossible route,"Suppose a shipment must obey several route constraints. Someone assigns tolls to the constraints so that every allowed movement has a nonnegative toll, yet the required delivery would have a negative toll.",A separating linear functional certifies infeasibility. Farkas' lemma states the precise alternative between a nonnegative solution to Ax=b and a vector whose inner products rule out every such solution.,Tolls can be signed mathematical multipliers rather than actual money. The certificate applies to the stated linear cone; nonlinear or integer constraints can require different certificates.,Can you prove that a target is impossible by finding one quantity that every allowed construction must respect?,Duality; Geometry and distance,b-convex,4
m-eb-soft-fence,A fence that yields a little,A rigid fence permits only positions inside a region. Replacing it with a springy fence lets a position move toward feasibility while balancing how far it travels.,"An indicator of a convex set encodes a hard constraint. A proximal step minimizes a function plus squared displacement, and a Moreau envelope records the best compromise as a smooth value function.","The Moreau envelope is a value function, not the same object as the proximal point. A physical spring picture relies on Euclidean quadratic cost; nonconvex functions can give nonunique proximal choices.",Could a hard or nonsmooth requirement become easier by solving a small distance-penalized subproblem?,Optimization; Geometry and distance; Convexity,b-proximal; eb-monotone,4
m-eb-invisible-room-directions,Unseen directions in a room,"Sensors in a room observe only certain directions. Moving an object in a direction invisible to every sensor cannot improve the measurements, so a size penalty discourages that movement.","In a reproducing-kernel Hilbert space, evaluation at training points is an inner product with kernel sections. Any component orthogonal to their span leaves training predictions unchanged while increasing a strictly increasing norm penalty.","The room is an abstract function space and the sensors are evaluations, not necessarily physical directions. The conclusion depends on the loss using only those evaluations and on the form of the norm penalty.",Which directions of your model cannot change anything the objective observes?,Orthogonality; Decomposition; Optimization,eb-kernel-methods,4
m-eb-different-rulers,Different rulers for the same change,Two mapmakers draw the same landscape using different coordinates. A one-centimeter move on one map need not represent the same physical change as a one-centimeter move on the other.,"Parameter displacement and distributional displacement are different. Fisher information gives the local quadratic KL change, and its inverse converts a coordinate gradient into a natural-gradient direction.","Fisher information must be nonsingular for an ordinary inverse. Natural-gradient direction is invariant under smooth reparameterization, but a finite Euler update in coordinates is not automatically exactly invariant.",What notion of distance captures a meaningful change in your model rather than a change of notation?,Change of coordinates; Geometry and distance; Local linearization,eb-natural-gradient; eb-info-local,4
m-eb-curved-terrain-map,A local map of curved terrain,"A hiker uses a small curved map of the ground nearby to choose the next step. If the map is unreliable far away, the hiker limits the step to a trusted region.","A quadratic local model uses gradient and curvature. Newton uses the Hessian, BFGS updates a curvature approximation from observed changes, and trust-region methods constrain the model's range of use.","An optimization objective is not literal terrain, and a stationary quadratic-model point need not descend when curvature is indefinite. Local approximation quality and step acceptance determine whether the method makes progress.",What observations tell you that a local approximation remains trustworthy at the step size you propose?,Local linearization; Quadratic structure; Optimization,eb-bfgs; eb-trust-region,4
m-eb-daily-choices-ledger,A ledger of daily choices,"Each day a buyer chooses an option before seeing that day's costs. At the end, the buyer compares the total bill with the best single option that could have been used every day.",Online regret compares a sequence of decisions with a fixed hindsight comparator. Projected gradient updates balance responsiveness to current gradients against movement within a feasible set.,"Low regret against a fixed comparator does not promise the best action on every day or performance against an arbitrarily changing comparator. The bound depends on convex losses, bounded gradients and the stated feedback order.",Are you judging a changing decision process against a fixed policy or a changing ideal policy?,Recursion and iteration; Optimization; Accumulation,eb-learning-book,4
m-eb-shuffled-deck-memory,How a shuffled deck forgets,Start with a recognizable deck order and repeatedly apply a random shuffle rule. Ask how many steps pass before the initial arrangement is hard to detect from the resulting distribution.,"A transition matrix transports probability laws. Total variation measures the largest event-probability difference, mixing time specifies a tolerance, and spectral information can bound the decay in a reversible finite chain.","A shuffle rule can be reducible or periodic and fail to forget. The stationary distribution need not be uniform unless the rule preserves it, and mixing is a property of distributions rather than every single shuffled deck.","Which features of an initial state disappear quickly, and which persist as slowly decaying modes?",Limits and convergence; Randomness and distribution; Decomposition,eb-mixing,4
m-eb-balanced-traffic,Balanced traffic on a road network,Imagine towns exchanging travelers. One way to keep each town's population stable is to balance traffic separately on every road in both directions.,"Detailed balance equates stationary probability flow along each pair of transitions. Summing these pairwise equalities gives stationarity, and Metropolis–Hastings constructs an acceptance rule that enforces them.",Pairwise balance is sufficient for stationarity but not necessary: steady circulation can preserve populations without reversing every road's flow. Achieving balance also does not by itself guarantee rapid mixing.,Can you construct a complicated invariant distribution by enforcing a simpler local balance rule?,Conservation and balance; Symmetry and invariance; Recursion and iteration,eb-metropolis,4
m-eb-coupled-walkers,Two walkers sharing randomness,"Two walkers start in different places but agree to coordinate their random moves. Once they meet, they can use identical moves and stay together.","A coupling chooses a joint law with prescribed marginals. The chance that coupled states differ bounds total variation, and a coalescent Markov coupling turns meeting-time estimates into convergence estimates.","The walkers are an artificial joint construction, not two independent experiments. A poorly chosen coupling may almost never meet even when the marginal chains mix quickly.",Can you compare two random objects more easily by placing them on one probability space?,Randomness and distribution; Limits and convergence,eb-mixing,4
m-eb-accountant-and-surprises,The accountant and the surprises,An accountant splits each change in a balance into what was predictable yesterday and what arrived as a surprise. The surprise ledger has no predictable average gain at the next step.,Doob decomposition separates an integrable adapted process into a predictable accumulated component and a martingale. Conditional expectation determines the predictable one-step increments.,Unpredictable here means zero conditional mean relative to a specified filtration; it does not imply independence or symmetry. A martingale can fluctuate dramatically and does not guarantee a safe stopping strategy.,Which part of a time series remains after removing everything its current information can predict in mean?,Decomposition; Accumulation; Averaging,eb-durrett,4
m-eb-rough-motion-odometer,An odometer for rough motion,A very jittery traveler can move back and forth so much that signed displacement hides the activity. An unusual odometer records squared small moves instead of absolute distance.,"Brownian increments are of order square root of elapsed time, so sums of squared increments converge to elapsed time. This quadratic variation produces the extra second-order term in stochastic calculus.",Quadratic variation is neither ordinary distance nor classical kinetic energy. The notation (dB)²=dt summarizes a limit theorem and must not be manipulated as ordinary pointwise differentials.,What order of small increments survives when many tiny changes are accumulated?,Scaling and homogeneity; Quadratic structure; Accumulation,eb-quadratic-variation; eb-ito-advanced,4
m-eb-reticketing-random-paths,Giving the same paths new ticket weights,"Imagine a catalog of possible journeys, with a number of lottery tickets attached to each journey. Reweighting the tickets changes which journeys are likely without redrawing the catalog.",A Radon–Nikodym derivative changes a probability measure. Importance sampling adjusts expectations by likelihood weights; Girsanov uses an exponential path weight to change Brownian drift on a fixed time horizon.,"Individual continuous paths usually have probability zero, so tickets are a density picture rather than literal path counts. Absolute continuity and integrability conditions are essential; a local martingale weight can fail to have mean1.",Could a hard random problem become simpler under a different law whose likelihood ratio you can track?,Change of coordinates; Randomness and distribution; Exponentials and logarithms,eb-girsanov; eb-measure-change,4
m-eb-family-tree-self-consistency,A family tree asking about its future,A family survives only if at least one child's line survives. Each child faces the same future question that the parent faced.,Independent identically distributed offspring reproduce the same branching structure. Conditioning on offspring count gives the fixed-point equation for extinction and a simple recursion for expected population size.,"The basic model assumes independent reproduction with an unchanged offspring law and no resource limit. Extinction probability is not determined by mean growth alone in every degenerate case, and expected growth is not typical path growth.",Does each subproblem reproduce the structure of the whole problem after conditioning on the first step?,Fixed points; Recursion and iteration; Randomness and distribution,eb-durrett,4
m-eb-rare-alarm-budget,A budget for rare alarms,"A monitoring system schedules infinitely many checks, each with a small chance of sounding a false alarm. If the total expected alarm budget is finite, only finitely many alarms occur almost surely.",Summing event probabilities controls expected counts and tail unions. The first Borel–Cantelli lemma needs no independence; the converse for divergent sums requires an additional condition such as independence.,"Small individual probabilities alone are insufficient; their sum matters. Strongly dependent alarms can all occur together, so the divergent-sum conclusion cannot discard its independence hypothesis.",Can you turn repeated random failures into a summable sequence of probability bounds?,Accumulation; Randomness and distribution; Limits and convergence,eb-durrett,4
m-eb-many-alarm-panels,A wall of alarm panels,"Testing one alarm is easy; watching a wall of thousands makes some false alarms likely. You can budget for any false alarm at all, or control the average fraction of false alarms among those you report.",Family-wise error and false discovery rate answer different questions. Bonferroni divides an overall error budget among tests; Benjamini–Hochberg compares ordered p-values with rank-dependent thresholds under its dependence conditions.,"False discovery rate is an expectation of a random fraction, not the probability that every report is correct. Benjamini–Hochberg needs its stated independence or positive-dependence assumptions, unlike the basic Bonferroni bound.",Which error does your application actually need to control: any false claim or the proportion among reported claims?,Counting; Randomness and distribution; Optimization,eb-multiple-tests,4
m-eb-menu-of-slopes,A curve described by a menu of slopes,"Instead of listing the height of a hill at every location, give a menu of slopes and the offsets needed for lines with those slopes to stay below it. Under convexity, the menu can recover the hill.","The convex conjugate records the greatest gap between a linear functional and a function. Fenchel–Young gives the supporting-line inequality, and biconjugation recovers a proper lower-semicontinuous convex function.","A nonconvex hill is generally replaced by its lower closed convex envelope under biconjugation. A slope can have several contact points or none, so this is not always an invertible correspondence between points and derivatives.",Would a problem be simpler if described by its responses to linear probes rather than by coordinates of individual points?,Duality; Convexity; Geometry and distance,eb-bubeck,4
m-eb-shipping-earth,Moving piles of earth,"Two landscapes contain the same total amount of earth. Choose how much earth to send from every source pile to every destination, paying according to distance.","A transport coupling is a nonnegative joint mass allocation with fixed marginals. Wasserstein distance minimizes movement cost, dual Lipschitz functions certify cost, and entropic regularization gives a smoother transport table.","Mass may split across destinations, so a transport plan need not be a deterministic map. Entropic transport at positive regularization is a modified optimization problem, and ordinary KL divergence does not account for ground distance in the same way.","Do your distribution differences concern where probability mass is located, not only how much each label receives?",Geometry and distance; Duality; Optimization,eb-optimal-transport; eb-sinkhorn,4
m-eb-tree-phone-calls,Phone calls along a family tree,Each branch of a family tree sends a short report toward a relative. A report summarizes everything on that side of the tree that the relative needs for the current question.,"On a tree factor graph, a message is a partial sum over variables in one separated subtree. Multiplication combines independent factors conditional on the boundary variable, and summation removes variables.","The messages are functions of a boundary variable, not single verbal opinions. On graphs with loops, the same local updates can recycle evidence and need not produce exact marginals or converge.",Can you cut your dependency structure so that a whole subproblem communicates through a small boundary?,Decomposition; Composition; Recursion and iteration,eb-message-passing,4
m-eb-backward-sensitivity-reports,Reports traveling backward through a factory,"A factory assembles an output through many intermediate stages. To learn how a small adjustment at each stage would affect the final quality score, sensitivity reports travel backward along the assembly route.",Reverse-mode differentiation composes local Jacobian transposes with downstream derivatives. Shared intermediate computations accumulate contributions from every path to the scalar objective.,"Sensitivity to a variable is not a causal explanation of observed behavior. At nondifferentiable points a chosen derivative convention may be used, and floating-point gradients still depend on the actual computation.","If many intermediate variables influence one final scalar, can you reuse backward sensitivity information?",Composition; Linearity; Local linearization,eb-backprop,4
m-eb-rotating-backup-crews,Rotating backup crews,"A crew practices with different members temporarily absent, encouraging the task to work under many partial teams. Present members receive a scale adjustment so their average contribution stays comparable.","Dropout multiplies activations by independent Bernoulli masks and rescales by keep probability. Expectation preserves each masked linear activation, while training optimizes an average over perturbed networks.",Preserving a layer's expected linear activation does not preserve the expected output of a nonlinear network. The regularization interpretation does not make dropout exactly equivalent to every penalty or to an exact ensemble average at inference.,Which parts of your method rely too strongly on one feature being present every time?,Randomness and distribution; Averaging; Composition,eb-dropout,4
m-eb-music-through-a-moving-window,Music through a moving window,"Listen to a song through a window that reveals only a short time interval. Sliding the window shows when different pitches occur, but a very short snippet makes close pitches harder to distinguish.","The short-time Fourier transform compares a signal with translated, modulated windows. Time localization of the window trades against frequency localization through the uncertainty principle.","The analogy concerns mathematical time-frequency spread, not limits of human hearing. Overlapping windows do not create new independent observations, and a spectrogram can hide phase information.",Do you need to know which frequencies exist globally or when each one is present?,Decomposition; Symmetry and invariance; Scaling and homogeneity,eb-time-frequency,4
m-eb-zooming-stencil,A stencil at many zoom levels,Move a stencil across a drawing and try it at different sizes. A small stencil catches fine marks; a stretched stencil catches broader shapes.,"Wavelet analysis uses translations and dilations of one template. Energy normalization permits meaningful comparison across scales, while Fourier scaling exchanges time width and frequency width.","A wavelet coefficient is signed or complex, not a literal overlap area. Reconstruction requires admissibility and appropriate normalization; an arbitrary family of resized pictures is not automatically a wavelet basis.",Does your signal contain similar shapes appearing at different locations and scales?,Scaling and homogeneity; Geometry and distance; Decomposition,eb-time-frequency,4
m-eb-known-shape-in-static,A known shape hidden in static,"You are trying to spot one familiar pattern in a noisy trace. Instead of judging every sample separately, lay the whole pattern over the trace and add the agreements.",A matched filter takes an inner product with a known signal template. Cauchy–Schwarz identifies the weights maximizing output signal-to-noise ratio under white noise; likelihood ratios give its detection interpretation under Gaussian noise.,"A mismatched template or colored noise changes the optimum. Maximum linear SNR and optimal hypothesis testing are related under the stated Gaussian model, but are not interchangeable for arbitrary noise laws.","Which single direction in your data contains the signal you care about, and what covariance defines its noise?",Orthogonality; Optimization; Geometry and distance,eb-matched-filter,4
m-ec-symmetry-blender,The symmetry blender,Put every rotated or permuted version of an object into a blender that averages rather than chops. Features that depend on which orientation you chose disappear.,Uniform averaging over a finite group is an idempotent operator onto the invariant vectors.,The metaphor applies to linear averaging with an invertible group order; it does not imply that averaging arbitrary geometric objects preserves their shape.,Which changes of viewpoint should leave the answer unchanged?,Averaging; Symmetry and invariance; Fixed points,,3
m-ec-averaging-rulers,Agreeing on a ruler,Different symmetry operations distort your chosen ruler. Average all the resulting rulers so no operation receives special treatment.,A finite group representation becomes orthogonal or unitary under an averaged positive-definite inner product.,"The ruler is an inner product, not an average of coordinate axes; this averaging proof uses a finite group and positivity.",Could changing how you measure make an existing symmetry easier to see?,Averaging; Geometry and distance; Change of coordinates,,3
m-ec-sound-mixer,The symmetry sound mixer,"A recording can be separated into recognizable tones. A group action can likewise be separated into irreducible symmetry components, with character inner products reporting their amounts.",Orthogonal irreducible characters resolve a representation character into integer multiplicities.,"For nonabelian groups, the underlying blocks can be multidimensional; a character is not the full matrix Fourier transform.",What are the smallest patterns that remain intact under every symmetry?,Orthogonality; Decomposition,,3
m-ec-translation-dictionaries,Dictionaries that respect verbs,A dictionary is useful only if translating a sentence before or after an operation gives the same meaning. Mathematical translations are tested by this compatibility.,Intertwining and naturality require two routes through a diagram to agree.,Naturality need not be an invertible translation; a natural map can deliberately discard information.,"Does your proposed correspondence preserve the operations, or only match the objects?",Composition; Symmetry and invariance; Change of coordinates,,3
m-ec-universal-adapter,The universal adapter,"Instead of manufacturing an adapter for every destination separately, build one standard connector through which all suitable adapters uniquely pass.",Universal properties determine an object through a unique factorization of maps.,The allowed adapters must preserve the specified structure; uniqueness holds relative to that category and does not compare arbitrary functions.,What mapping problem does the object solve for every possible target or source?,Algebraic structure; Composition,,3
m-ec-identity-test,The identity test bench,Imagine a machine whose responses to all compatible probes can be reconstructed from one carefully chosen self-test. The identity map is that self-test.,Yoneda reconstructs a natural transformation out of a representable functor from its value at the identity.,One arbitrary observation rarely identifies a machine. The reconstruction relies on responses satisfying naturality for every morphism.,Can compatibility force every case from the identity case?,Composition; Information and uncertainty,,3
m-ec-shared-key-records,Joining records by a shared key,Two databases describe different aspects of the same event. Pair records only when their common identifier agrees.,A set pullback is the compatible subset of a Cartesian product; a fiber product generalizes this requirement.,Scheme fiber products retain algebraic multiplicity and nilpotents; they are richer than a simple join of point records.,What shared observation must two partial descriptions agree on?,Composition; Decomposition,,3
m-ec-sewing-patterns,Sewing from matching patterns,Cloth panels can be sewn only when their instructions agree along the seams. Local mathematical descriptions similarly need explicit agreement on overlaps.,Sheaf gluing provides unique global sections; pushouts glue objects along common pieces.,"Gluing spaces and gluing functions are different constructions. Agreement of functions is exact, not merely visual similarity near a seam.",Which overlap conditions are necessary before local solutions become global?,Composition; Decomposition,,3
m-ec-compressed-labels,Compressing labels without losing a task,"Many labels distinguish things your next task cannot tell apart. Replace each indistinguishable family with one label, keeping exactly what the task can still observe.","Quotients identify an equivalence class, and universal quotient constructions retain all maps respecting those identifications.",Arbitrary identifications need not respect multiplication; normality or the appropriate compatibility condition is essential.,Which distinctions can every permitted observer safely ignore?,Information and uncertainty; Algebraic structure,,3
m-ec-nested-packages,Flattening nested packages,A parcel may contain parcels that contain items. Unpack once at each level or flatten the packaging first; the final contents should agree.,"Monad associativity compares two ways to flatten three layers, and its unit laws handle singleton insertion.","A monad is not necessarily a collection container. The package picture illustrates the list example and the laws, not every possible monad’s objects.",Do different orders of interpreting nested structure give the same result?,Composition; Algebraic structure,,3
m-ec-swapping-question-sides,Moving a condition across the question,A question can sometimes be rephrased by moving a construction from what you supply to what you ask for. The answer set stays the same.,Adjunction gives a natural bijection between two Hom-sets with a construction on opposite sides.,"This is a correspondence of mapping problems, not an inverse relationship between the two functors on all objects.",Can a difficult construction on the input side be replaced by a simpler one on the output side?,Duality; Composition,,3
m-ec-volume-slices,Volume through intermediate windows,A composite transformation sends volume through many possible coordinate windows. Add each window’s signed contribution to recover the total.,Cauchy–Binet expands a composite determinant across maximal minors.,"The pieces are algebraic projection contributions, not disjoint physical chunks; signs and squared terms depend on the chosen specialization.",Can a global volume be reconstructed from lower-dimensional coordinate measurements?,Decomposition; Geometry and distance,,3
m-ec-direction-filters,A bank of direction filters,Build a filter that passes one spectral direction and mutes all the others. Combining these filters reconstructs the original signal and the operator acting on it.,Lagrange interpolation evaluated at a diagonalizable operator yields idempotent spectral projectors.,For a nonnormal diagonalizable operator the filters need not be orthogonal or reduce Euclidean length; defective operators require more than these simple formulas.,Can you construct a polynomial that keeps exactly one component?,Decomposition; Orthogonality,,3
m-ec-restricted-audition,A smaller audition room,"Choose the strongest direction in a room, then close off one coordinate. The best available choices become constrained between those from the larger room.",The min–max principle makes principal-submatrix eigenvalues interlace.,The ordered real comparison depends on a Hermitian matrix and a principal restriction; arbitrary row deletion or nonnormal spectra do not obey this statement.,How do optimal values change when the set of permitted directions shrinks?,Optimization; Geometry and distance,,3
m-ec-two-independent-dials,Two independent dials,A device has two settings that act on separate parts. Combining the parts pairs every state of one with every state of the other.,"Tensor products pair basis states, while Kronecker sums add independent spectral contributions.",Independent additive actions require A⊗I+I⊗B; adding a coupling term generally destroys the pairwise-sum spectrum.,"Is a large system assembled from independent factors, or are there genuine coupling terms?",Composition; Decomposition,,3
m-ec-prime-toolkit,Prime toolkits and local workshops,"A global arithmetic object can be inspected in workshops, one for each prime. Each workshop records only the divisibility scale associated with its own prime.","Valuations separate arithmetic into local exponents, with product formulas linking them globally.",A p-adic size reverses ordinary divisibility intuition: a high power of p is small. Workshops cannot be combined by ordinary real-distance intuition.,Which information becomes simpler when only one prime is visible?,Decomposition; Conservation and balance,,3
m-ec-digit-restoration,Restoring a number one digit at a time,A blurred digital display reveals one extra digit whenever you correct its current error. A nonzero modular slope tells you exactly which digit to choose next.,Hensel lifting solves a linear correction modulo p and builds a convergent p-adic root.,The digits are p-adic and the derivative must be a unit modulo p; a repeated modular root can split into several lifts or fail to lift.,Is the local slope invertible in the arithmetic system you are using?,Local linearization; Limits and convergence,,3
m-ec-carrying-receipts,The receipt left by a carry,"When digits overflow their column, a carry is a visible record that something crossed a base threshold. In a binomial coefficient, those records count prime factors.",Kummer converts a factorial valuation difference into the number of base-p carries; Lucas tests the zero-carry case modulo p.,Carries are counted in base p for prime p; arbitrary decimal carries do not measure a general prime valuation.,Could a divisibility question be read from digit behavior?,Counting; Decomposition,,3
m-ec-arithmetic-radio,Tuning an arithmetic radio,Different channels carry different residue-class signals. Mix the character channels with the right phases and only the selected class remains.,Character orthogonality on the unit group constructs an indicator for a reduced residue class.,These channels live on invertible residue classes under multiplication; they are not the ordinary additive Fourier frequencies on all residues.,Which symmetry group supplies the right frequencies for this filtering problem?,Orthogonality; Averaging,,3
m-ec-ideal-accounting,Repairing a broken inventory,"Individual items may admit incompatible unpacking lists. Keep an inventory of the collections they generate, where a unique prime inventory is restored.",Dedekind ideals factor uniquely even when elements fail unique factorization; the class group measures which ideals lack a single generator.,"Ideals are sets closed under arithmetic operations, not arbitrary bags of factors. The class group does not count how many element factorizations a particular element has.",Would moving from individual elements to the structures they generate restore uniqueness?,Decomposition; Algebraic structure,,3
m-ec-lattice-pigeonholes,Rooms that repeat forever,"Tile a floor with identical rooms. If a symmetric convex region is large enough, two appropriately chosen positions must differ by a room-to-room translation lying in the region.",Minkowski converts volume relative to a lattice cell into existence of a nonzero lattice point.,Large volume alone is insufficient: convexity and central symmetry enable the difference argument and set the 2^n threshold.,What is the correct fundamental cell for this continuous pigeonhole problem?,Counting; Geometry and distance,,3
m-ec-choosing-tracks,Sorting into ordered tracks,"Each item must go onto a track where all items are comparable. A collection of mutually incomparable items forces separate tracks, and remarkably that obstruction is sufficient.",Dilworth identifies poset width with the minimum chain-partition count.,"A chain need not be a path between neighboring ranks; the track picture concerns comparability, not physical position or arrival time.",What is the largest set of items that cannot share one ordered track?,Duality; Decomposition,,3
m-ec-routes-and-blockades,Routes and blockades,"To make transport robust, build several routes that share no internal junction. To stop every route, remove junctions; the two best numbers coincide.",Menger relates internally vertex-disjoint paths to separating vertex sets.,"The chosen resource matters: edge-disjoint and vertex-disjoint routes are different, and the vertex statement excludes adjacent terminals.","Which scarce resource creates the bottleneck: edges, junctions, or something else?",Duality; Optimization,,3
m-ec-network-springs,Tension in a network,Give every vertex a height and penalize neighboring vertices for disagreeing. A signal that is constant on one connected island creates no tension inside it.,"Graph Dirichlet energy is a sum of weighted squared differences, whose zero modes are componentwise constants.",The heights are scalar values; no literal spatial spring layout is needed. Cheeger bounds use degree normalization and specific cut-volume conventions.,Where can a signal vary significantly while paying little edge energy?,Quadratic structure; Decomposition; Boundary and interior,,3
m-ec-resistance-detours,The value of a detour,A connection is crucial when few alternate routes can replace it. Its electrical resistance measures this global scarcity better than its local weight alone.,An edge’s conductance times effective resistance is its spanning-tree inclusion probability.,"Effective resistance combines routes through linear circuit laws, not by choosing just the shortest path; edge weights here are conductances.",Which edge appears local but has a globally irreplaceable role?,Decomposition; Randomness and distribution,,3
m-ec-exchangeable-team,An exchangeable team,Two teams each have enough independent skills to be complete. A suitable one-for-one exchange can preserve completeness in both teams.,Matroid symmetric basis exchange abstracts the exchange behavior of vector bases and spanning trees.,"Not every real-world feasibility rule is a matroid; without the exchange axiom, a local trade may fail even when both teams are feasible.",Does your notion of independence actually satisfy an exchange rule?,Decomposition; Algebraic structure,,3
m-ec-polynomial-dashboard,A dashboard with many settings,One dashboard records two kinds of defect for every candidate: missing connectivity and excess redundancy. Different dial settings reveal different familiar counts.,"The Tutte polynomial packages rank deficit and nullity, and specializations recover coloring or basis counts.",Polynomial evaluation often cancels signed terms; it does not always filter subsets by simply retaining positive counts.,Can several apparently separate quantities be evaluations of one richer invariant?,Generating functions; Counting,,3
m-ec-maps-at-different-zooms,Maps at different zooms,"A street map is almost flat around your feet, yet a whole journey can reveal curvature or loops. Local coordinates and global topology answer different questions.","Tangent linearization is local; global geometry requires completeness, curvature hypotheses and control of loops.",A tangent space is not generally a literal patch of the manifold; even a global exponential chart need not preserve Euclidean distances.,"Which part of an argument is local, and what extra hypothesis makes it global?",Local linearization; Geometry and distance,,4
m-ec-geodesic-fan,A fan of launched paths,Launch nearby paths from nearby directions. Their infinitesimal separation can oscillate or expand depending on curvature.,"Jacobi fields are the linearized variations of geodesics, with the Riemann tensor supplying the coupling.","The picture describes infinitesimal variation, not arbitrary far-apart paths; geodesic parameters must be affine and sign conventions consistent.","What equation governs a small change in a solution, rather than the solution itself?",Local linearization; Geometry and distance,,3
m-ec-hidden-circulation,A circulation that refuses to unwind,You can remove locally generated swirls from a field and still leave circulation around a hole. That remainder records the space rather than a local source.,"Hodge decomposition separates exact, coexact and harmonic forms; harmonic representatives encode de Rham classes.",The clean decomposition assumes a compact oriented manifold without boundary; boundary conditions or noncompactness change the story.,Is a missing potential caused by a local equation or by a global hole?,Decomposition; Orthogonality; Boundary and interior,,4
m-ec-complementary-measuring-sheets,Complementary measuring sheets,"In three dimensions, a direction can be paired with its perpendicular area sheet. The Hodge star extends this complementing operation to other degrees and dimensions.",Metric and orientation identify k-forms with complementary (n−k)-forms through the wedge pairing.,The picture depends on a positive-definite metric and orientation; dimensions other than three do not generally have the same vector cross product.,Which dimensions are complementary for the pairing you want to compute?,Duality; Geometry and distance,,3
m-ec-twisted-ribbons,Twisted local rulers,A ribbon can look ordinary in every small patch while a full trip reveals a twist. Bundles similarly carry global information that local coordinate descriptions can hide.,Characteristic classes detect obstructions to assembling local vector-space data into a globally trivial bundle.,"Not every nontrivial bundle is detected by every listed class, and visual ribbon twisting is only a rank-one real example.",What can fail to line up after transporting local choices all the way around a loop?,Symmetry and invariance; Algebraic structure,,3
m-ec-point-and-observables,A place described by its observables,You can describe a place by its points or by every allowed measurement on those points. A map between places transforms measurements in the reverse direction.,Coordinate-ring duality replaces affine geometry by polynomial observables and contravariant algebra maps.,"The observable class matters: polynomial functions encode affine algebraic geometry, not every feature visible to arbitrary set functions or distances.",Can you understand the object by understanding its permitted measurements?,Duality; Information and uncertainty,,3
m-ec-first-order-receipt,The first-order receipt,A complicated local object can issue a receipt listing only effects visible to first order. Extra lines on that receipt can reveal a singularity.,The cotangent quotient m/m² retains first-order functions; its dual is the Zariski tangent space.,A large tangent space is not the actual shape near a singularity; it forgets higher-order equations that may still strongly constrain points.,Which apparent freedoms disappear once second-order or higher equations are restored?,Local linearization; Duality,,3
m-ec-scale-free-directions,Directions without a ruler,"If only the direction of an arrow matters, stretching the arrow should not create a new object. Homogeneous coordinates make that decision explicit.",Projective space quotients nonzero vectors by common nonzero scaling.,Independent rescaling of individual coordinates changes the projective point; only one common factor is discarded. Projective invariance is stronger than scale invariance alone.,Which numerical differences are only artifacts of the chosen representative?,Scaling and homogeneity; Symmetry and invariance,,3
m-ec-new-feature-lens,A lens made of monomials,A curved relation can become a flat condition after a lens reports products and powers as new coordinates. The lens adds coordinates without inventing independent degrees of freedom.,Veronese and Segre embeddings turn prescribed polynomial or rank-one structure into projective coordinates with algebraic relations.,More coordinates do not make the image fill the ambient space; relations such as vanishing minors still constrain it.,Can a nonlinear equation become linear after choosing richer observables?,Change of coordinates; Algebraic structure,,3
m-ec-intersections-ledger,The intersection ledger,"As curves move, two visible crossings may merge into a tangency or disappear toward infinity. A projective ledger counts multiplicities so the total remains balanced.",Bézout counts projective curve intersections with multiplicity when no component is shared.,"Real visible intersections alone need not achieve the total; the theorem uses an algebraically closed field, projective points and no common component.","Which missing intersections are hidden by multiplicity, nonreal roots, or a point at infinity?",Counting; Conservation and balance,,3
m-ec-permission-budget,A budget for allowed poles,"Give a function permission to have poles at selected points, with specified maximum orders. Riemann–Roch counts how much freedom those permissions buy.","A divisor imposes local valuation bounds; the space L(D) has dimension controlled by degree, genus and a dual correction.",Permissions at different points interact globally; degree alone determines the answer only after the correction term vanishes.,When does adding one local allowance create one genuinely new global degree of freedom?,Counting; Duality,,3
m-ec-witnesses-at-home,Keeping witnesses at home,A smaller community can answer every question about its own members exactly as the larger community does if every existential question already has a suitable witness inside.,Tarski–Vaught characterizes elementary substructures through witness closure.,The questions must be first-order and use parameters from the smaller structure; the criterion does not preserve arbitrary external properties or cardinalities.,What witnesses must be added before a selected subset becomes logically self-sufficient?,Recursion and iteration; Decomposition,,3
m-ec-finite-checks-global-model,Compatible pieces of a complete answer,Every small collection of requirements can be satisfied. Compactness explains when all those partial successes can be assembled into one complete mathematical answer.,Logical compactness and compact type spaces convert finite consistency into global realizability or a complete consistent type.,"This does not say one fixed finite model satisfies everything, nor that arbitrary non-first-order constraints obey compactness. Type realization may require extending the original model.","What exactly are the finite compatibility conditions, and in which space should their common solution live?",Limits and convergence; Composition,,3
m-moving-reference-average,The average as a moving reference point,Imagine tracking a pack of runners by measuring everyone's speed relative to the pack's average. The shared reference removes common motion and makes each runner's relative gain visible.,Subtracting a weighted mean creates centered quantities whose weighted sum is zero. This cancellation can preserve a normalization or reveal fluctuations around a collective reference.,"The picture does not say that every average is a physical moving object. The weights must be normalized, and in replicator dynamics the weights themselves evolve; plain unweighted subtraction would not preserve the same population balance.","When a formula subtracts a mean, which weighted total is thereby forced to vanish?",Averaging; Conservation and balance,,3
m-energy-ledger,An energy ledger with a boundary,"Picture a storehouse with an inventory, deliveries through its doors, and goods consumed inside. Any change in the inventory must be explained by those flows and internal transactions.","A local balance has a storage derivative, a divergence of flux, and a source or sink. Integrating over a region turns the divergence into a boundary contribution.","The conserved or balanced quantity must be specified: probability is not energy, and a source term may move a quantity into another subsystem rather than destroy it. Boundary conditions determine whether a subsystem's total stays constant.","What is stored, what can cross the boundary, and what internal term changes the account?",Conservation and balance; Boundary and interior,,4
m-stretching-incompressible-clay,Stretching clay while preserving its volume,A lump of ideal incompressible clay can become long and thin without losing volume. Looking only at its longest direction could wrongly suggest that the whole lump has grown.,"Products of local expansion factors control volume. Expansion in one direction can be exactly offset by contraction in another, while individual trajectories separate.","Phase space is a space of states, not literal material clay. A single positive directional exponent does not determine total volume change or prove every definition of chaos. The one-dimensional exponent entry describes only one direction at a time.",Does the system conserve a product of directional scale factors even while some individual factors grow?,Conservation and balance; Scaling and homogeneity,,4
m-maps-of-the-same-journey,Several maps of the same journey,"A route can look curved on one map and simple on another. To describe the same journey, every location and every step must translate consistently between the maps.",A coordinate transformation is useful when it conjugates the evolution or preserves a specified structure. Different kinds of coordinate change preserve different amounts of information.,"A topological map need not preserve lengths, angles, derivative rates or smoothness. A symplectic map preserves a stronger geometric structure. Sharing a drawing or a qualitative resemblance is not enough to establish any of these relations.",Exactly which property must your change of coordinates preserve for the simplification to be legitimate?,Change of coordinates; Symmetry and invariance,,4
m-slopes-as-alternative-labels,Labeling a landscape by its slopes,"Instead of identifying a hillside by location, imagine identifying a tangent plane by its slope and intercept. The description changes from where you stand to which supporting tilt you select.","Legendre-type transforms exchange variables with conjugate derivatives. When the derivative map is invertible, the slope can replace the original coordinate as an independent variable.","A slope may correspond to several points or no point, so a global inverse is not automatic. Convex conjugation, a regular mechanical Legendre transform and thermodynamic sign conventions have distinct hypotheses.","Which variable is becoming a slope label, and what condition makes that exchange reversible?",Duality; Change of coordinates,,4
m-representative-neighbor,Replacing a crowd by one representative neighbor,"To understand a large crowd, imagine replacing every neighbor by an identical representative with the crowd's average behavior. Then check whether the representative's response reproduces the average you assumed.","A mean-field closure replaces fluctuating interacting quantities by a common expectation, producing a self-consistency equation. This is an approximation unless the omitted dependence is controlled.","The average response to a nonlinear input need not equal the response to the average input. Correlations and fluctuations can matter most near a transition, precisely where the representative-neighbor shortcut is tempting.",What terms are lost when you move an average inside a nonlinear function?,Averaging; Fixed points,,4
m-orchestra-of-modes,An orchestra of independent modes,A complicated sound can be understood as notes that each follow a simpler rule. The right coordinates let you listen to one note at a time and then reconstruct the whole performance.,A suitable spectral decomposition separates a linear evolution into modes with simple individual behavior. Reconstruction sums their contributions with their original coefficients.,"A nonlinear system generally couples its modes. Not every operator has an orthonormal eigenbasis, and continuous spectra are not always discrete lists of notes. Floquet factors need not be orthogonal or unitary.","Which operator is being simplified, and in which basis or spectral representation does its evolution separate?",Decomposition; Orthogonality,,4
m-clock-hands-for-phase,Clock hands that add before their lengths are measured,Imagine each contribution as a rotating clock hand. Hands pointing the same way reinforce one another; hands pointing opposite ways can cancel even when each is individually long.,Complex phases encode direction in a two-dimensional amplitude plane. Linear sums combine amplitudes before a magnitude or squared magnitude is taken.,"Quantum amplitudes, classical oscillations and characteristic functions have different meanings. Squaring a sum produces interference terms; summing probabilities directly is a different operation. Angular frequency and cycles-frequency conventions must be translated carefully.","Are you adding signed or complex amplitudes first, or averaging nonnegative probabilities directly?",Linearity; Exponentials and logarithms,,4
m-orthogonal-shadows,Orthogonal shadows with a fixed total budget,Project a vector onto perpendicular directions and measure the squared length of each shadow. The shadow budgets add back to the original squared length when the directions cover the whole space.,"Orthogonal decomposition makes squared norms additive. In a projective quantum measurement, this geometric partition becomes the probability normalization.","Ordinary visual shadows need not be orthogonal projections, and quantum probabilities are not classical hidden lengths of simultaneously possessed outcomes. Nonorthogonal vectors do not satisfy the same simple sum rule.",What orthogonality or completeness condition makes the total squared budget add up?,Orthogonality; Averaging,,4
m-mixtures-with-identical-tests,Different recipes that pass the same tests,"Two recipes can use different ingredient lists yet give identical results on every test available to an observer. The observer needs a description of the test predictions, which may not recover the original recipe.",A density matrix compresses a mixture preparation into its linear measurement statistics. Distinct pure-state mixtures can represent the same positive trace-one matrix.,"The analogy concerns equality of all quantum measurement predictions, not approximate similarity on a few tests. A statistical mixture differs from a coherent superposition, which may contain interference absent from the mixture.",Does your representation preserve everything observable while intentionally forgetting how the object was prepared?,Averaging; Convexity,,4
m-forgetting-one-part,Keeping a complete summary of the part you can observe,Imagine receiving a report about one department of a larger organization. A good summary should reproduce every statistic involving that department while omitting details that only matter to the rest.,Marginalization and partial trace preserve the pairing with observables restricted to a subsystem. Conditioning is a different operation that incorporates an observed outcome.,Discarding a subsystem and conditioning on a measured result are not interchangeable. An entangled pure joint state can yield a mixed reduced state without a classical mixture of hidden local pure states.,Are you forgetting an unobserved component or updating after learning an outcome?,Decomposition; Averaging,,4
m-paired-duet-coordinates,Finding the paired voices in a duet,A recording with two channels can be reorganized into pairs of patterns that belong together. The pair strengths tell you how many independent couplings are needed to reconstruct the joint performance.,A singular-value decomposition of bipartite amplitudes yields the Schmidt decomposition. Squared Schmidt coefficients become the eigenvalue weights of either reduced state.,The quantum version applies to bipartite pure states in this form. Classical correlated signals and quantum entanglement are different notions; a generic mixed quantum state has no single Schmidt decomposition of this kind.,"Can a coupled object be understood through matched orthogonal pairs, and what do their weights reveal?",Decomposition; Orthogonality,,4
m-fluctuations-reveal-response,The natural wobble reveals the response to a gentle push,"Before pushing a system, watch how it fluctuates on its own. In thermal equilibrium, the size and correlation of those fluctuations can predict how its average changes under a small bias.",Differentiating normalized exponential weights produces cumulants and covariances. This relates equilibrium fluctuations to response coefficients under explicit ensemble assumptions.,This is an equilibrium relationship with the specified coupling and differentiability assumptions. A far-from-equilibrium system or noncommuting quantum observables need a different response theory; arbitrary noisy motion does not automatically reveal susceptibility.,"Which parameter biases the weights, and which covariance appears when you differentiate the resulting average?",Randomness and distribution; Averaging,,4
m-cost-and-room-to-move,Balancing low cost against room to move,Choosing a campsite involves more than finding the lowest point: a broad comfortable region may offer many more possible places to settle than one exceptionally low but tiny spot. A statistical system similarly balances energy with multiplicity.,Free energy combines mean energy and an entropy term. Exponential weights and log partition functions encode this balance and become sharp optimization in an appropriate low-temperature limit.,"The measure defining how many possibilities exist must be fixed. A physically broad region is not automatically more probable without its energy and measure, and zero-temperature limits can be singular or have multiple minimizers.",Where does the formula trade a good score against the number or diversity of ways to achieve it?,Optimization; Information and uncertainty,,4
m-occupancy-rules-change-averages,Changing the room-occupancy rule changes the average,"Consider a collection of rooms. One rule permits any number of occupants in each room; another permits at most one. Even with the same price per occupant, the possible occupancy counts lead to different averages.",A single-mode partition sum depends on its allowed occupancy set. A geometric series and a two-term Bernoulli sum produce different normalization and mean formulas.,Quantum modes are not ordinary rooms containing distinguishable people. The analogy isolates occupation counting and does not explain spin-statistics or particle indistinguishability by itself.,"Before averaging, what are the allowed counts or configurations being summed over?",Counting; Generating functions,,4
m-tiles-that-prefer-neighbors,Tiles that prefer to match their neighbors,"Imagine tiles that can show either of two colors and gain a local benefit when neighboring colors match. No tile reads the whole board, yet local interactions can create large regions of shared color.",Pairwise interactions on a graph create a global energy function and a correlated Gibbs distribution. Symmetries of the interaction can organize multiple collective states.,"The equilibrium Gibbs model is not itself a rule for how tiles update in time. Phase transitions require an appropriate large-system limit, and finite boards retain fluctuating probabilities rather than one compulsory global arrangement.",How does a sum of local pairwise preferences constrain the global configurations?,Algebraic structure; Symmetry and invariance,,4
m-bowl-splits-in-two,A bowl that splits into two valleys,"Start with a bowl whose lowest point is in the center. As a control parameter changes, the center can rise and two equally low valleys can form on either side.",An even quartic potential changes its stationary points when its quadratic coefficient changes sign. Gradient flow then exhibits a supercritical pitchfork in the symmetric scalar model.,"Not every transition follows a quartic model, and noise or symmetry-breaking terms can change the picture. A stationary point must be checked for stability; the existence of two wells does not by itself specify which one is reached.","Which symmetry forces branches to come in pairs, and which coefficient changes their stability?",Symmetry and invariance; Optimization,,4
m-downhill-versus-contours,Walking downhill or walking along a contour,"On a contour map, one direction descends as quickly as possible, while a perpendicular direction can follow the same elevation. The same landscape can therefore organize very different motion rules.",Gradient descent follows a negative gradient and dissipates its objective. Canonical Hamiltonian motion applies an antisymmetric rotation J to the energy gradient and preserves the energy when it has no explicit time dependence.,"A finite gradient-descent step can overshoot, and arbitrary numerical Hamiltonian steps need not preserve energy. The contour picture is local in canonical coordinates and does not identify conserved energy with conserved phase volume.","Does the evolution point across the level sets, along them, or contain both kinds of motion?",Optimization; Conservation and balance,,4
m-a-decreasing-gauge,A gauge that can only fall,"Suppose a machine carries a gauge that never rises while it runs. Instead of predicting every moving part, use the gauge and the conditions for its needle to stop falling to identify what motion can persist.",A Lyapunov function converts dynamics into a scalar monotonicity statement. LaSalle refines a nonstrict decrease condition by finding the invariant part of the zero-decrease set.,"A decreasing gauge alone need not imply convergence to one state. The gauge must control the relevant state, and compactness, coercivity or invariant-set assumptions determine what stronger conclusion is justified.","When the gauge stops falling momentarily, can the system remain in that set forever?",Limits and convergence; Conservation and balance,,4
m-strobe-light-dynamics,A strobe light turns a dance into steps,A continuous dance can be studied by looking only once each cycle or whenever the dancer crosses a marked line. Repeating motion becomes a stationary pattern in the sampled sequence.,"A return map converts selected continuous-time crossings into discrete evolution. For periodic linear coefficients, the one-period monodromy matrix similarly summarizes growth across cycles.","Sampling can miss motion or create misleading apparent periods. A Poincaré section needs transversality and actual returns, while Floquet sampling uses a prescribed coefficient period; they are related constructions with different hypotheses.",What single return or period operator captures the part of continuous motion you care about?,Recursion and iteration; Decomposition,,4
m-zooming-a-bend,Zooming into a bend in the road,"A curved road looks almost straight through a sufficiently small window. Near a special junction, however, even a tiny bend can decide which routes exist, so the straight approximation may lose crucial information.","First derivatives control local approximation, but qualitative dynamical conclusions require conditions such as hyperbolicity. At a bifurcation, the decisive linear condition fails and higher-order terms matter.",Small numerical error in a local approximation does not automatically preserve long-term dynamics. A topological conjugacy also need not preserve actual distances or rates.,"Is the first derivative decisive here, or has it become degenerate exactly where the behavior changes?",Local linearization; Limits and convergence,,4
m-compounding-small-errors,"Small errors multiply, their logarithms add","Imagine each stage of a process stretching or shrinking a tiny error by a different factor. To understand the whole chain, add the logarithms of the factors and then look at their average.",Derivatives of iterates multiply by the chain rule. A logarithmic time average therefore measures exponential sensitivity and corresponds to a geometric mean of local multipliers.,"A local infinitesimal error model may fail once the error becomes large. Zero derivatives, absent limits and multidimensional directional effects need care; positive sensitivity alone is not every possible definition of chaos.","Is the natural average arithmetic because contributions add, or geometric because changes multiply?",Exponentials and logarithms; Averaging,,4
m-averaging-away-the-motion,Averaging away motion to expose what stays fixed,"Imagine making many transformed copies of a measurement and averaging them. Components that keep moving through opposite directions cancel, while components unchanged by every step remain.","Cesàro averaging of unitary iterates projects onto invariant vectors. In measure-preserving dynamics, related time averages identify the information that survives the evolution.","Norm convergence and almost-everywhere convergence are different claims with different hypotheses. Ergodicity is needed to reduce all invariant information to one constant space average, and exceptional trajectories can remain.","After many transformations are averaged, what invariant subspace or invariant information is left?",Averaging; Orthogonality,,5
m-finite-hall-return,A finite hall that cannot keep admitting disjoint crowds,Imagine a hall of fixed capacity and a crowd rearrangement that preserves every group's size. A positive-size group cannot move forever into completely new disjoint parts of the hall.,Finite measure and measure preservation rule out a positive-measure wandering set. This gives recurrence for almost every point in a measurable region.,"The theorem does not bound waiting time or promise an exact return to a single point. Finite total measure is essential, and recurrence is not the same as mixing or equilibration.",Which finite preserved quantity prevents the system from wandering into disjoint new regions forever?,Conservation and balance; Counting,,4
m-several-controls-one-machine,Several people adjusting the same machine,Several people each control one dial and adjust it to improve their own reading. A settled configuration means no person wants to change their dial alone; it need not be best for the group.,Mutual best response is a coordinate-wise incentive condition. A shared potential is an additional structure that can turn those separate improvements into monotone progress of one scalar.,"Separate objectives can create cycles, and equilibrium need not be socially optimal. Even a common potential can have several local optima, and the finite-game termination argument applies to strict improvements over finitely many profiles.","Do all local improvements move one shared quantity in the same direction, or can the incentives conflict?",Optimization; Fixed points,,4
m-traffic-light-recommendations,A traffic light as a correlated plan,"Two drivers can flip independent coins about who goes first, or follow a shared light that gives complementary recommendations. Coordination changes the joint outcome distribution even when each driver's overall chance of going is the same.",A joint distribution contains dependence that is absent from a product of independent strategies. Incentive constraints differ depending on whether a deviation is chosen before or after observing a private recommendation.,The analogy assumes the payoffs make obedience sensible; merely adding a shared signal does not create an equilibrium. Publicly revealing more information can change the incentive constraints.,What does each participant know at the moment they are allowed to choose a deviation?,Randomness and distribution; Information and uncertainty,,4
m-running-congestion-tab,The running tab on a crowded resource,"A venue records the cost of admitting the first guest, then the next, and so on. The extra line on the tab when one guest joins is the cost that guest now faces.",Discrete summation and continuous integration construct a potential whose difference or derivative recovers marginal congestion cost.,The potential is generally not the total cost paid by all users. Unweighted finite congestion games and nonatomic flows require different formulas; weighted players need further assumptions.,Can you integrate or sum a marginal rule to obtain one potential that tracks every allowed local change?,Accumulation; Optimization,,4
m-arrival-order-credit,Giving credit by averaging arrival orders,"Imagine a team forming one person at a time. Each arrival receives credit for the extra result made possible at that moment, and fairness is assessed by averaging over every possible arrival order.",Shapley allocation averages marginal contributions under a uniform random permutation. In each permutation those marginal contributions telescope to the total coalition worth.,The fairness properties depend on the chosen coalition-worth model and axioms. This allocation is not automatically a causal contribution estimate or a stable outcome in the cooperative core.,"Would changing the order of combination change an item's marginal contribution, and should those orders be averaged?",Averaging; Counting,,4
m-invoice-for-displacement,An invoice for the alternatives you displace,A participant joins a shared allocation and changes what everyone else can obtain. An externality invoice asks how much worse the others' best attainable outcome becomes because of that participant's selected outcome.,VCG pivot payments compare a counterfactual optimum for the other participants with their value in the chosen total-welfare optimum.,A counterfactual externality payment is not generally equal to one Lagrange multiplier. Truthfulness relies on the valuation and utility assumptions and does not imply that collected payments cover costs or balance a budget.,"Is the relevant price a local derivative, an allocation threshold, or a finite counterfactual difference?",Duality; Optimization,,4
m-gains-above-the-floor,Sharing gains above a disagreement floor,"Before dividing a surplus, draw each person's fallback level as a floor. A balanced agreement compares improvements above those floors rather than comparing final numbers in isolation.","The Nash product maximizes a product of positive gains, equivalently their geometric mean or the sum of their logarithms, over a feasible utility set.",The fallback levels and feasible utility set are part of the model. Equal gains follow only in suitable symmetric cases; bargaining axioms do not make unlike utilities directly comparable by arbitrary rescaling.,"What is the meaningful baseline, and should fairness compare absolute outcomes or improvements above it?",Optimization; Exponentials and logarithms,,4
m-translator-with-preserved-answers,A translator that preserves the answer,An unfamiliar puzzle can be translated into a familiar puzzle if every yes-answer and every no-answer survive the translation. Solving the translated version then solves the original.,A many-one reduction is a total transformation preserving language membership. A complexity reduction must additionally control the time and output size of the translation.,"A resemblance between puzzles is not a reduction. Correctness must work in both answer directions for all inputs, and a slow or exponentially expanding translator can invalidate the intended complexity conclusion.","What explicit translation preserves the answer, and how much computational work does the translation itself hide?",Composition; Change of coordinates,,4
m-one-interpreter-many-recipes,"One interpreter, many recipes",A cook can follow many recipes without becoming a different cook for each dish. A fixed interpreter likewise changes behavior by reading a different program description.,Universal computation treats programs as data. A fixed interpreter can also translate description languages with a constant additional program-length cost under an optimal encoding.,"A recipe can fail to finish, and a universal simulator may be much slower than a specialized implementation. Constant description overhead does not imply constant runtime overhead.","Which cost belongs to the reusable interpreter, and which cost grows with the particular description or execution?",Composition; Recursion and iteration,,4
m-prediction-that-flips-itself,An instruction card that reverses its own prediction,"Suppose a perfect predictor announces whether an instruction card will finish. Write a card that loops if predicted to finish and finishes if predicted to loop, then ask about that card itself.",Diagonal self-reference constructs behavior that disagrees with a purported universal predictor on its own encoded description.,The construction assumes a total correct predictor for all programs; it does not show that every particular program is mysterious. Cardinality diagonalization and effective computability diagonalization also use different formal settings.,Can a purported universal description be fed back into a construction designed to disagree with it?,Recursion and iteration; Algebraic structure,,4
m-checking-an-itinerary,Checking an itinerary versus finding one,"It can be easy to check a supplied itinerary against local travel rules even when searching for a valid itinerary is difficult. The itinerary is a witness, and the checker verifies it step by step.",NP separates a polynomial-size certificate from a polynomial-time verifier. Cook–Levin encodes a bounded accepting computation using local consistency constraints.,"Easy verification is not a proof that search is hard, and not every true claim has a polynomial-size witness. A no-instance must reject every permitted witness, not merely a few attempted itineraries.","What would a short independently checkable certificate look like, and can all its local checks be performed efficiently?",Decomposition; Composition,,4
m-maze-with-reused-notes,Exploring a maze while reusing the same notes,An explorer may visit a huge number of routes while carrying only a small notebook. They erase and reuse pages after each branch instead of storing every attempted route at once.,"Space complexity measures simultaneously stored information, while time counts all steps. Savitch's midpoint recursion trades repeated work for bounded reusable workspace.",The implicit maze may be exponentially larger than its compact description. Saving memory can require enormous extra time; a space bound should not be presented as an efficiency guarantee for runtime.,"Which information must remain simultaneously available, and which can be recomputed or discarded between branches?",Recursion and iteration; Decomposition,,4
m-questions-as-binary-branches,Twenty questions and the cost of sorting,"Each yes-or-no question divides the remaining possibilities into at most two groups. To identify one possibility among many, a question tree needs enough leaves, regardless of how clever its questions sound.",A binary decision tree of depth d has at most 2^d leaves. Distinguishing n! possible orders therefore requires at least log₂(n!) comparisons in the worst case.,"An arbitrary yes-or-no question and a comparison between two keys have different restrictions. Worst-case depth, average code length and self-information are related quantities but are not interchangeable bounds.","How many distinguishable outcomes must the decision process have, and how much branching can one step supply?",Information and uncertainty; Counting,,4
m-finite-pockets-of-memory,A machine with finitely many memory badges,"A clerk stamps each processed prefix with one of finitely many badges. If two prefixes receive the same badge, the clerk must respond identically to every identical continuation.","A deterministic automaton state summarizes future acceptance behavior. Myhill–Nerode classes give the minimal possible summaries, and repeated states produce pumpable loops.","The machine must have a fixed finite state set independent of input length. The pumping property is a necessary consequence of regularity, while the finite-index Myhill–Nerode criterion is an exact characterization.","Which distinctions about the past can ever affect the future, and how many such distinctions must the system remember?",Algebraic structure; Counting,,4
m-short-labels-cannot-name-everything,Too many objects for too few short labels,A warehouse has more distinct items than available short labels. Some items must receive longer labels no matter how ingenious the labeling scheme is.,Counting possible descriptions against possible objects proves incompressibility. This can establish that hard-to-describe objects exist without identifying a particular one efficiently.,An existence-by-counting argument does not automatically give an explicit hard example or an algorithm for certifying shortest descriptions. The description language and the object family must be fixed before counting.,Can a simple count of available descriptions prove that some objects need more structure or length?,Counting; Information and uncertainty,,4
m-fresh-checks-majority,Fresh independent checks and a majority decision,"Repeat a fallible check using fresh independent randomness each time. If each check is reliably better than guessing, a majority decision becomes much more dependable as the number of checks grows.","Correctness indicators are bounded independent variables. Their arithmetic mean concentrates around its expectation, separating it from the majority threshold.","Repeated checks sharing the same systematic failure may be highly correlated and gain little reliability. The bound uses per-input guarantees and fresh independent runs, not an assumption that most problem instances are easy.","Where does independence enter, and is the average separated from the decision threshold by a fixed margin?",Averaging; Randomness and distribution,,4
m-one-schedule-for-all-tests,Freezing one lucky schedule that passes every test,"Randomly choose a schedule for a whole collection of tests. If the probability of any test failing is less than one, some fixed schedule must pass them all, even if finding it is difficult.",A union bound converts small individual failure probabilities into the existence of one globally successful choice. Hardwiring that choice changes a randomized object into a nonuniform deterministic one.,"The argument proves existence, not an efficient uniform construction of the schedule. In Adleman's theorem the successful seed may depend on input length; hardwiring different seeds is precisely the nonuniform feature.",Can you make every local failure probability small enough that one global choice must satisfy all constraints?,Counting; Randomness and distribution,,4
