Metaphor ID,Metaphor,Formula ID,Formula,Field,Role in the picture
m-a-microscope-resolution,A microscope with a noisy ruler,derivative,Derivative,Calculus,The limiting slope is the ideal feature being measured.
m-a-microscope-resolution,A microscope with a noisy ruler,centered-first-difference,Second-order centered derivative formula,Numerical analysis,Two nearby samples estimate the feature at a finite zoom.
m-a-microscope-resolution,A microscope with a noisy ruler,finite-difference-roundoff,Truncation–roundoff balance for a derivative,Numerical analysis,The total error budget balances an O(h²) bias against an O(u/h) rounding term.
m-a-rubber-map-conditioning,Distances on a stretched rubber map,singular-value-decomposition,Singular value decomposition,Linear algebra,The principal stretch directions and factors describe the deformed circle.
m-a-rubber-map-conditioning,Distances on a stretched rubber map,matrix-condition-number,Linear-system condition number,Numerical analysis,The ratio of extreme stretches measures how uneven the map is.
m-a-rubber-map-conditioning,Distances on a stretched rubber map,residual-error-bound,Residual-to-solution error bound,Numerical analysis,A small equation mismatch may correspond to a large positional error after undoing a compressed direction.
m-a-equation-repair,A repair receipt for a computed answer,backward-error-linear-system,Normwise backward error of a linear solve,Numerical analysis,The receipt lists the smallest admissible perturbation to A and b.
m-a-equation-repair,A repair receipt for a computed answer,matrix-condition-number,Linear-system condition number,Numerical analysis,Sensitivity determines how much a small repaired specification can move the answer.
m-a-equation-repair,A repair receipt for a computed answer,matrix-inverse,Inverse by the adjugate,Linear algebra,The exact inverse describes how a forcing discrepancy changes the solution.
m-a-halving-search-strip,Narrowing a search strip,bisection-method,Bisection root bracketing,Numerical analysis,The midpoint test preserves a root-containing interval.
m-a-halving-search-strip,Narrowing a search strip,arithmetic-mean,Arithmetic mean,Foundations,Averaging the two endpoints places the next test at the exact middle.
m-a-halving-search-strip,Narrowing a search strip,geometric-sum,Finite geometric sum,Foundations,Repeated factors of one-half govern the interval-size sequence.
m-a-canceling-blur,Canceling a known blur,richardson-extrapolation,Richardson extrapolation,Numerical analysis,The combination cancels the common c h^p error term.
m-a-canceling-blur,Canceling a known blur,taylor-polynomial,Taylor's theorem with Lagrange remainder,Calculus,A local expansion explains why powers of the scale describe error.
m-a-canceling-blur,Canceling a known blur,romberg-quadrature,Romberg extrapolation table,Numerical analysis,Repeated cancellation upgrades a sequence of trapezoidal integral estimates.
m-a-calibrated-sensor-array,Choosing where to place sensors,lagrange-interpolation,Lagrange interpolation,Abstract algebra,Each sensor value contributes through its own cardinal basis polynomial.
m-a-calibrated-sensor-array,Choosing where to place sensors,interpolation-lebesgue-bound,Lebesgue constant interpolation bound,Numerical analysis,The Lebesgue constant measures worst-case amplification and comparison with best approximation.
m-a-calibrated-sensor-array,Choosing where to place sensors,chebyshev-interpolation-nodes,Chebyshev root nodes,Numerical analysis,Endpoint-clustered sampling reduces the growth of that amplification.
m-a-flexible-ruler,A flexible ruler through fixed pegs,natural-cubic-spline,Natural cubic spline interpolation,Numerical analysis,The settled interpolating curve is piecewise cubic with natural endpoint conditions.
m-a-flexible-ruler,A flexible ruler through fixed pegs,second-variation,Second variation of a one-dimensional functional,Differential equations,Nonnegative quadratic bending energy gives the relevant variational geometry.
m-a-flexible-ruler,A flexible ruler through fixed pegs,euler-lagrange,Euler–Lagrange equation,Differential equations,"The higher-derivative analogue of the Euler–Lagrange equation gives a fourth-order stationarity equation between pegs, yielding cubics."
m-a-smart-weighing-stations,A few strategically placed weighing stations,gaussian-quadrature,Gaussian quadrature exactness,Numerical analysis,The station locations are zeros of an orthogonal polynomial.
m-a-smart-weighing-stations,A few strategically placed weighing stations,legendre-orthogonality,Legendre orthogonality and normalization,Special functions,"For unit weight on an interval, orthogonal Legendre modes supply the nodes."
m-a-smart-weighing-stations,A few strategically placed weighing stations,weighted-mean,Weighted arithmetic mean,Foundations,"After normalization, positive quadrature weights form an average."
m-a-smart-weighing-stations,A few strategically placed weighing stations,integral,Riemann integral,Calculus,The continuously distributed quantity is what the finite readings approximate.
m-a-folding-mirror,Aligning a vector with a folding mirror,householder-qr-step,Householder elimination step for QR,Numerical analysis,The reflection removes the unwanted tail of a column.
m-a-folding-mirror,Aligning a vector with a folding mirror,qr-decomposition,QR factorization,Linear algebra,A sequence of reflections produces orthogonal and triangular factors.
m-a-folding-mirror,Aligning a vector with a folding mirror,inner-product,Inner product,Linear algebra,Preservation of inner products explains why these transformations avoid geometric stretching.
m-a-corridor-exploration,Exploring a building one corridor at a time,krylov-subspace,Krylov subspace for a matrix action,Numerical analysis,Repeated matrix actions generate the explored directions.
m-a-corridor-exploration,Exploring a building one corridor at a time,arnoldi-iteration,Arnoldi orthogonal reduction,Numerical analysis,Orthogonalization records a compact Hessenberg map of the explored region.
m-a-corridor-exploration,Exploring a building one corridor at a time,gmres-residual-minimization,GMRES minimum-residual iterate,Numerical analysis,The best current correction minimizes the equation residual inside the explored affine space.
m-a-corridor-exploration,Exploring a building one corridor at a time,least-squares,Least squares,Statistics,A small least-squares problem selects the current combination.
m-a-fast-and-slow-clocks,A calculation with fast and slow clocks,absolute-stability-region,Absolute stability region of a time integrator,Numerical analysis,The step must place hλ inside the method’s stable region for each relevant test mode.
m-a-fast-and-slow-clocks,A calculation with fast and slow clocks,backward-euler-method,Backward Euler time step,Numerical analysis,Implicit stepping damps negative real modes even with large step sizes.
m-a-fast-and-slow-clocks,A calculation with fast and slow clocks,a-stability,A-stability of one-step methods,Numerical analysis,The whole left half-plane is stable for an A-stable method.
m-a-fast-and-slow-clocks,A calculation with fast and slow clocks,exponential-growth-ode,Constant relative growth or decay,Differential equations,Each scalar decay mode supplies the basic stability test.
m-a-upstream-conveyor,Reading from upstream on a conveyor belt,transport-equation,Constant-velocity transport,Differential equations,The continuous profile moves along characteristics at a fixed velocity.
m-a-upstream-conveyor,Reading from upstream on a conveyor belt,upwind-advection,First-order upwind advection scheme,Numerical analysis,The finite difference reads from the side where information originates.
m-a-upstream-conveyor,Reading from upstream on a conveyor belt,cfl-domain-condition,CFL numerical-domain condition,Numerical analysis,The timestep must respect the propagation distance represented by the grid update.
m-a-mesh-trampoline,A trampoline described by a few allowed shapes,weak-form-poisson,Weak formulation of the Dirichlet Poisson problem,Analysis,The continuous equilibrium is expressed by testing against allowed variations.
m-a-mesh-trampoline,A trampoline described by a few allowed shapes,galerkin-stiffness-matrix,Galerkin stiffness system for Poisson,Numerical analysis,Basis-shape interactions become a finite stiffness matrix.
m-a-mesh-trampoline,A trampoline described by a few allowed shapes,cea-lemma,Céa quasi-optimal Galerkin error,Numerical analysis,The computed shape is within a controlled factor of the best shape the mesh can express.
m-a-mesh-trampoline,A trampoline described by a few allowed shapes,quadratic-form,Quadratic form,Linear algebra,The discrete energy is a quadratic in the coefficients.
m-a-factorial-assembly-line,Extending an assembly line between stations,factorial-permutations,Permutations and falling factorials,Discrete mathematics,Discrete factorials count arrangements at integer stations.
m-a-factorial-assembly-line,Extending an assembly line between stations,gamma-function,Euler gamma integral,Special functions,The integral defines values between and beyond those stations.
m-a-factorial-assembly-line,Extending an assembly line between stations,gamma-recurrence,Gamma recurrence and factorial values,Special functions,A unit shift multiplies by the current argument.
m-a-factorial-assembly-line,Extending an assembly line between stations,integration-by-parts,Integration by parts,Calculus,The integration rule exposes the shift relationship.
m-a-total-and-share,Separating the size of a pie from its shares,change-of-variables,Multivariable change of variables,Calculus,The Jacobian supplies the scale factor when x=rs and y=r(1−s).
m-a-total-and-share,Separating the size of a pie from its shares,gamma-function,Euler gamma integral,Special functions,Two gamma factors describe the original positive coordinates.
m-a-total-and-share,Separating the size of a pie from its shares,beta-function,Euler beta integral,Special functions,The share coordinate contributes the beta integral.
m-a-total-and-share,Separating the size of a pie from its shares,beta-distribution,Beta distribution,Probability,Normalizing that share integral gives a probability law on proportions.
m-a-musical-basis-families,Choosing an instrument’s natural notes,fourier-series,Fourier series and Fourier coefficients,Analysis,Periodic sines and cosines provide one family of notes.
m-a-musical-basis-families,Choosing an instrument’s natural notes,legendre-orthogonality,Legendre orthogonality and normalization,Special functions,Legendre polynomials supply notes for unit weight on a finite interval.
m-a-musical-basis-families,Choosing an instrument’s natural notes,hermite-orthogonality,Hermite orthogonality,Special functions,Hermite polynomials supply notes for a Gaussian weight.
m-a-musical-basis-families,Choosing an instrument’s natural notes,inner-product,Inner product,Linear algebra,The inner product defines when two notes do not interfere in coefficient extraction.
m-a-uneven-clock,An uneven clock around a circle,elliptic-integral-first,Complete elliptic integral of the first kind,Special functions,The integral measures accumulated quarter-cycle time.
m-a-uneven-clock,An uneven clock around a circle,jacobi-elliptic-inverse,Jacobi elliptic sine through inversion,Special functions,The inverse time coordinate gives sn and cn.
m-a-uneven-clock,An uneven clock around a circle,trigonometric-identity,Pythagorean trigonometric identity,Foundations,The relation sn²+cn²=1 preserves the circular coordinate identity.
m-a-uneven-clock,An uneven clock around a circle,inverse-function,Inverse function,Foundations,Inverting the accumulated coordinate turns position into a function of elapsed parameter.
m-a-logarithmic-map,A map whose distances measure zoom,logarithm-laws,Logarithm laws,Foundations,Products become sums in the new coordinate.
m-a-logarithmic-map,A map whose distances measure zoom,mellin-transform,Mellin transform,Special functions,Power probes analyze behavior across scales.
m-a-logarithmic-map,A map whose distances measure zoom,fourier-transform,Fourier transform,Information & signals,"After the logarithmic coordinate change, oscillations analyze additive changes in u."
m-a-logarithmic-map,A map whose distances measure zoom,gamma-function,Euler gamma integral,Special functions,An exponential profile has gamma as its Mellin transform.
m-a-lattice-and-wave-grid,A grid seen in position and frequency,poisson-summation,Poisson summation formula,Analysis,The lattice sum is re-expressed using its reciprocal-frequency lattice.
m-a-lattice-and-wave-grid,A grid seen in position and frequency,fourier-gaussian,Fourier transform of a Gaussian,Information & signals,"A Gaussian remains Gaussian after transformation, with reciprocal width."
m-a-lattice-and-wave-grid,A grid seen in position and frequency,theta-inversion,Jacobi theta scale inversion,Special functions,The sampled Gaussian obeys an exact reciprocal-scale identity.
m-a-lattice-and-wave-grid,A grid seen in position and frequency,fourier-transform,Fourier transform,Information & signals,The transform changes which grid is being observed.
m-a-two-ledger-columns,A ledger with separate credits and debits,jordan-bv-decomposition,Jordan decomposition of a BV function,Analysis,A bounded-variation function is represented as the difference of two increasing functions.
m-a-two-ledger-columns,A ledger with separate credits and debits,signed-measure-jordan,Jordan decomposition of a finite signed measure,Analysis,A signed measure separates into mutually singular positive and negative measures.
m-a-two-ledger-columns,A ledger with separate credits and debits,measure-total-variation,Total variation measure and integral bound,Analysis,Adding the two mass columns records total movement rather than net balance.
m-a-two-ledger-columns,A ledger with separate credits and debits,integral,Riemann integral,Calculus,Integration accumulates the signed contributions.
m-a-spike-budget,A budget that forbids hidden spikes,convergence-in-measure,Convergence in measure,Analysis,The set of visibly wrong values becomes small.
m-a-spike-budget,A budget that forbids hidden spikes,uniform-integrability,Uniform integrability by tail control,Analysis,Large-value tails cannot retain a fixed amount of mass.
m-a-spike-budget,A budget that forbids hidden spikes,vitali-l1-convergence,Vitali convergence theorem,Analysis,Together these controls force total absolute error to vanish.
m-a-spike-budget,A budget that forbids hidden spikes,dominated-convergence,Dominated convergence theorem,Analysis,A single integrable envelope is one strong way to enforce the tail budget.
m-a-removing-bad-roads,Uniform travel after excluding a few roads,egorov-theorem,Egorov almost-uniform convergence,Analysis,The exceptional region can be chosen with arbitrarily small measure.
m-a-removing-bad-roads,Uniform travel after excluding a few roads,uniform-convergence,Uniform convergence,Analysis,"Outside that region, one common index controls all remaining points."
m-a-removing-bad-roads,Uniform travel after excluding a few roads,lebesgue-integral,Integral with respect to a measure,Analysis,Measure quantifies how much of the domain was excluded.
m-a-shadows-of-an-object,Recognizing an object from all its shadows,weak-banach-convergence,Weak convergence in a Banach space,Analysis,Every continuous linear sensor eventually reports the limit’s value.
m-a-shadows-of-an-object,Recognizing an object from all its shadows,riesz-representation-hilbert,Riesz representation in a real Hilbert space,Analysis,"In a Hilbert space, sensors are inner products with fixed vectors."
m-a-shadows-of-an-object,Recognizing an object from all its shadows,orthogonal-decomposition,Orthogonal decomposition and energy split,Linear algebra,An orthonormal sequence can escape each fixed sensor while retaining unit norm.
m-a-compact-sensor-console,A compact console of bounded sensors,banach-alaoglu,Banach–Alaoglu compactness,Analysis,The bounded sensor collection is compact in the weak-star topology.
m-a-compact-sensor-console,A compact console of bounded sensors,weak-star-convergence,Weak-star convergence of dual functionals,Analysis,Convergence means matching readings for each fixed input.
m-a-compact-sensor-console,A compact console of bounded sensors,operator-norm,Norm of a bounded linear operator,Analysis,The unit-ball bound limits every reading by the input norm.
m-a-inverse-quality-control,Quality control for an inverse machine,bounded-inverse-theorem,Bounded inverse theorem,Analysis,A bounded bijective linear machine has a bounded reverse.
m-a-inverse-quality-control,Quality control for an inverse machine,open-mapping-theorem,Banach open mapping theorem,Analysis,"The machine maps open regions to open regions, explaining why its inverse is continuous."
m-a-inverse-quality-control,Quality control for an inverse machine,baire-category,Baire category theorem,Analysis,Completeness provides the category argument behind the guarantee.
m-a-inverse-quality-control,Quality control for an inverse machine,matrix-inverse,Inverse by the adjugate,Linear algebra,Finite-dimensional invertible matrices are the familiar special case.
m-a-fading-keyboard,A keyboard whose high keys fade,compact-operator,Compact linear operator,Analysis,The image of the unit ball has compact closure.
m-a-fading-keyboard,A keyboard whose high keys fade,compact-selfadjoint-spectral,Spectral expansion of a compact self-adjoint operator,Analysis,"Orthogonal eigenmodes describe the attenuation, with nonzero eigenvalues tending to zero."
m-a-fading-keyboard,A keyboard whose high keys fade,singular-value-decomposition,Singular value decomposition,Linear algebra,Finite-dimensional singular values provide the analogous strength-of-direction picture.
m-a-solvability-gatekeepers,Gatekeepers for an equation,fredholm-alternative,Fredholm alternative for compact perturbations,Analysis,A right-hand side is solvable exactly when it is orthogonal to the adjoint nullspace.
m-a-solvability-gatekeepers,Gatekeepers for an equation,adjoint,Adjoint of a linear map,Linear algebra,The reverse pairing identifies the obstructing sensors.
m-a-solvability-gatekeepers,Gatekeepers for an equation,rank-nullity,Rank–nullity theorem,Linear algebra,Finite-dimensional dimension counting is the familiar counterpart of the finite-dimensional defect spaces.
m-a-wrinkle-control,Controlling wrinkles by controlling strain,sobolev-norm,Sobolev norm,Analysis,The available budget measures the function and its weak derivatives.
m-a-wrinkle-control,Controlling wrinkles by controlling strain,sobolev-embedding,Sobolev inequality on Euclidean space,Analysis,"Below the dimensional threshold, derivative control improves the function’s integrability."
m-a-wrinkle-control,Controlling wrinkles by controlling strain,morrey-inequality,Morrey Hölder estimate,Analysis,"Above that threshold, it gives a Hölder-continuous representative."
m-a-wrinkle-control,Controlling wrinkles by controlling strain,holder-continuity,Hölder continuity seminorm,Analysis,The resulting oscillation bound scales like a fractional power of distance.
m-a-boundary-checkpoint,A border checkpoint for an interior field,sobolev-trace,Boundary trace of a Sobolev function,Analysis,The checkpoint extracts a well-defined boundary value from an H1 class.
m-a-boundary-checkpoint,A border checkpoint for an interior field,weak-form-poisson,Weak formulation of the Dirichlet Poisson problem,Analysis,Boundary conditions are imposed through the appropriate trace class in the weak problem.
m-a-boundary-checkpoint,A border checkpoint for an interior field,green-first-identity,Green's first identity,Analysis,The smooth prototype displays the boundary term that traces generalize.
m-a-point-tap,A point tap recorded by test instruments,dirac-distribution,Dirac point-evaluation distribution,Analysis,The ideal tap evaluates a test function at its location.
m-a-point-tap,A point tap recorded by test instruments,heaviside-distribution-derivative,Derivative of a jump is a delta,Analysis,A unit step has a unit point tap as its weak derivative.
m-a-point-tap,A point tap recorded by test instruments,distribution-derivative,Derivative of a distribution,Analysis,Integration by parts defines differentiation through instrument responses.
m-a-point-tap,A point tap recorded by test instruments,fundamental-theorem-calculus,Fundamental theorem of calculus,Calculus,Accumulating a unit impulse corresponds to a unit jump.
m-a-adjustable-frosted-glass,An adjustable frosted-glass window,approximate-identity,Approximate identities and mollification,Analysis,Shrinking normalized kernels recover the original object in the stated norm or topology.
m-a-adjustable-frosted-glass,An adjustable frosted-glass window,distribution-convolution,Convolution of a distribution with a test function,Analysis,A compactly supported smooth kernel can smooth a distribution.
m-a-adjustable-frosted-glass,An adjustable frosted-glass window,convolution,Convolution,Analysis,Each blurred value combines nearby translated values.
m-a-adjustable-frosted-glass,An adjustable frosted-glass window,weyl-harmonic-lemma,Weyl lemma for distributional harmonic functions,Differential equations,"For weakly harmonic objects, compatible smoothing reveals hidden classical regularity."
m-a-loop-odometer,An odometer counting turns around a hole,winding-number-integral,Contour winding number,Complex analysis,The odometer totals full turns around the excluded point.
m-a-loop-odometer,An odometer counting turns around a hole,complex-logarithm,Principal complex logarithm,Complex analysis,A branch records argument locally but can jump after circling a hole.
m-a-loop-odometer,An odometer counting turns around a hole,holomorphic-logarithm,Analytic logarithm criterion,Complex analysis,A nonvanishing function has a global holomorphic logarithm when its logarithmic-derivative periods vanish.
m-a-loop-odometer,An odometer counting turns around a hole,fundamental-group-circle,Fundamental group of the circle,Topology & logic,Loops around a puncture are classified by an integer winding count.
m-a-zeros-as-blueprint,Building an entire function from a zero blueprint,weierstrass-factorization,Weierstrass entire product factorization,Complex analysis,Canonical factors assemble the zero locations with their multiplicities.
m-a-zeros-as-blueprint,Building an entire function from a zero blueprint,sine-infinite-product,Euler infinite product for sine,Complex analysis,The integer zero blueprint produces a familiar explicit infinite product.
m-a-zeros-as-blueprint,Building an entire function from a zero blueprint,factor-theorem,Polynomial remainder and factor theorem,Abstract algebra,"A finite polynomial zero contributes a linear factor, the finite starting model."
m-a-zeros-as-blueprint,Building an entire function from a zero blueprint,hadamard-factorization,Hadamard factorization for finite-order entire functions,Complex analysis,A growth bound restricts how much exponential freedom remains.
m-a-boundary-microphones,Reconstructing a room from its boundary microphones,cauchy-integral-formula,Cauchy's integral formula,Complex analysis,A complex weighted boundary integral recovers a holomorphic value.
m-a-boundary-microphones,Reconstructing a room from its boundary microphones,poisson-integral-disk,Poisson integral on the unit disk,Complex analysis,A positive boundary-weighted average recovers a harmonic value.
m-a-boundary-microphones,Reconstructing a room from its boundary microphones,jensen-zero-formula,Jensen formula for zeros in a disk,Complex analysis,A logarithmic boundary average also records how zeros lie inside.
m-a-angle-preserving-map,A map that preserves tiny crossing angles,riemann-mapping,Riemann mapping theorem,Complex analysis,A proper simply connected planar domain can be represented by the unit disk.
m-a-angle-preserving-map,A map that preserves tiny crossing angles,schwarz-pick,Schwarz–Pick contraction,Complex analysis,Holomorphic disk maps contract the disk’s intrinsic distance expression.
m-a-angle-preserving-map,A map that preserves tiny crossing angles,disk-automorphisms,All conformal automorphisms of the disk,Complex analysis,Möbius disk automorphisms are the equality cases.
m-a-angle-preserving-map,A map that preserves tiny crossing angles,mobius-transformation,Möbius transformation,Complex analysis,Fractional linear maps provide the explicit coordinate changes.
m-a-patching-a-hole,Patching a hole that carries no singular load,removable-singularity,Riemann removable-singularity theorem,Complex analysis,Boundedness near the puncture guarantees a holomorphic patch.
m-a-patching-a-hole,Patching a hole that carries no singular load,laurent-series,Laurent expansion on an annulus,Complex analysis,Negative powers would reveal a genuine singular component.
m-a-patching-a-hole,Patching a hole that carries no singular load,cauchy-integral-formula,Cauchy's integral formula,Complex analysis,Contour reconstruction supplies the missing value and its derivatives.
m-a-heat-mixing-bowl,A mixing bowl that keeps softening peaks,heat-kernel,Gaussian heat kernel,Differential equations,The Gaussian specifies the mixing weights and their widening scale.
m-a-heat-mixing-bowl,A mixing bowl that keeps softening peaks,heat-semigroup-contraction,Heat semigroup Lp contraction,Differential equations,Normalized mixing cannot increase the Lp size.
m-a-heat-mixing-bowl,A mixing bowl that keeps softening peaks,dirichlet-heat-eigenexpansion,Heat flow in Dirichlet eigenmodes,Differential equations,"Each spatial mode decays independently, with larger eigenvalues decaying faster."
m-a-heat-mixing-bowl,A mixing bowl that keeps softening peaks,weighted-mean,Weighted arithmetic mean,Foundations,Each whole-space heat value is a positive normalized average of initial values.
m-a-wave-arrival-cone,An arrival cone for a traveling message,wave-finite-propagation,Finite speed of wave propagation,Differential equations,The cone sets which initial data can possibly affect a point.
m-a-wave-arrival-cone,An arrival cone for a traveling message,kirchhoff-wave-formula,Kirchhoff formula for three-dimensional waves,Differential equations,"In three dimensions, an expanding sphere carries the explicit sampling rule."
m-a-wave-arrival-cone,An arrival cone for a traveling message,dalembert-formula,D'Alembert's formula,Differential equations,The one-dimensional formula displays endpoint and interval dependence.
m-a-wave-arrival-cone,An arrival cone for a traveling message,wave-energy,Conservation of wave energy,Differential equations,Local energy estimates justify finite propagation.
m-a-response-catalog,A catalog of responses to single taps,interval-dirichlet-green,Green kernel for the interval Dirichlet problem,Differential equations,The catalog entry is the response to a point load on a fixed-end interval.
m-a-response-catalog,A catalog of responses to single taps,laplace-fundamental-solution,Fundamental solution of minus the Laplacian,Differential equations,The whole-space catalog is a radial point-source response.
m-a-response-catalog,A catalog of responses to single taps,dirichlet-green-representation,Dirichlet Green representation for Poisson,Differential equations,A boundary-adapted catalog also records the effect of prescribed boundary values.
m-a-response-catalog,A catalog of responses to single taps,convolution,Convolution,Analysis,"When translations preserve the problem, one response shape can be shifted everywhere."
m-a-dominant-neighborhood,Finding the one neighborhood that matters,laplace-asymptotic-method,Laplace method at a nondegenerate interior minimum,Analysis,Exponential suppression selects the neighborhood of a minimum.
m-a-dominant-neighborhood,Finding the one neighborhood that matters,stationary-phase-one-dimensional,One-dimensional stationary phase,Analysis,Oscillatory cancellation selects a stationary point and adds a phase shift.
m-a-dominant-neighborhood,Finding the one neighborhood that matters,gaussian-integral,Gaussian integral,Analysis,The nonoscillatory quadratic model sets the Laplace coefficient.
m-a-dominant-neighborhood,Finding the one neighborhood that matters,taylor-polynomial,Taylor's theorem with Lagrange remainder,Calculus,A local expansion identifies the quadratic approximation and its validity.
m-eb-reassigned-voting-rights,Reassigned voting rights,weighted-mean,Weighted arithmetic mean,Foundations,"Each member's vote count is a nonnegative weight, and division by the total normalizes it."
m-eb-reassigned-voting-rights,Reassigned voting rights,attention,Scaled dot-product attention,Machine learning,Each query assigns softmax weights to keys and averages their associated value vectors.
m-eb-reassigned-voting-rights,Reassigned voting rights,conditional-expectation,Conditional expectation,Probability,"For discrete outcomes, available information replaces prior probabilities with conditional voting weights."
m-eb-reassigned-voting-rights,Reassigned voting rights,nadaraya-watson,Nadaraya–Watson regression,Statistics,Nearby observations receive more weight in a local regression prediction.
m-eb-balance-and-residual,The balanced tray and the leftover tilt,mean-as-minimizer,Mean as the best constant,Foundations,The support point is the constant minimizing the total weighted squared distance.
m-eb-balance-and-residual,The balanced tray and the leftover tilt,conditional-expectation,Conditional expectation,Probability,Each information group receives its own support point.
m-eb-balance-and-residual,The balanced tray and the leftover tilt,total-variance,Law of total variance,Probability,Overall spread separates into movement of group centers and spread around those centers.
m-eb-balance-and-residual,The balanced tray and the leftover tilt,gaussian-conditioning,Conditional multivariate Gaussian,Probability,"In a joint Gaussian model, group centers vary affinely and their remaining covariance is a Schur complement."
m-eb-practice-and-unseen-exam,Practice sheets and the unseen exam,empirical-risk-minimization,Empirical risk minimization,Machine learning,Choosing the best practice-sheet score corresponds to minimizing training loss.
m-eb-practice-and-unseen-exam,Practice sheets and the unseen exam,kfold-cross-validation,K-fold cross-validation,Statistics,Each fold temporarily becomes an unseen exam while the other folds provide training.
m-eb-practice-and-unseen-exam,Practice sheets and the unseen exam,finite-class-generalization,Finite-class uniform generalization bound,Machine learning,A union bound protects against selecting the luckiest-looking model from a finite collection.
m-eb-practice-and-unseen-exam,Practice sheets and the unseen exam,law-large-numbers,Strong law of large numbers,Probability,"For one fixed rule, average test performance approaches its expected loss."
m-eb-repair-shop-budget,A repair shop with a complexity bill,regularized-risk,Regularized empirical risk,Machine learning,The total bill is data mismatch plus λ times a complexity penalty.
m-eb-repair-shop-budget,A repair shop with a complexity bill,maximum-a-posteriori,Maximum a posteriori estimation,Statistics,A negative log prior supplies a probabilistic form of the maintenance bill.
m-eb-repair-shop-budget,A repair shop with a complexity bill,ridge-regression,Ridge regression,Statistics,A quadratic bill shrinks coefficients smoothly.
m-eb-repair-shop-budget,A repair shop with a complexity bill,elastic-net,Elastic net regression,Statistics,Combined absolute and quadratic bills encourage sparsity while stabilizing correlated predictors.
m-eb-shared-scale-error,Two scales with shared error,control-variate,Optimal linear control variate,Stochastic processes,The reference parcel is the correlated variable with a known mean.
m-eb-shared-scale-error,Two scales with shared error,covariance,Covariance,Probability,Shared drift determines how strongly the two readings move together.
m-eb-shared-scale-error,Two scales with shared error,mean-as-projection,Averaging as orthogonal projection,Foundations,The optimal correction coefficient is a least-squares projection coefficient.
m-eb-shared-scale-error,Two scales with shared error,svrg,Variance-reduced finite-sum gradient,Optimization,A cached full gradient supplies a reference that cancels part of a sampled gradient's noise.
m-eb-paired-weather-reports,Paired weather reports,antithetic-variance,Antithetic sampling variance,Stochastic processes,"Pair U with1−U for a uniform random input, then average the two model outputs."
m-eb-paired-weather-reports,Paired weather reports,variance-sum,Variance of a sum,Probability,The covariance term tells whether pairing reduces or increases variability.
m-eb-paired-weather-reports,Paired weather reports,uniform-distribution,Continuous uniform distribution,Probability,Both paired inputs still have the required uniform marginal law.
m-eb-paired-weather-reports,Paired weather reports,arithmetic-mean,Arithmetic mean,Foundations,The final estimate averages two correct-marginal outputs.
m-eb-neighborhood-poll,A neighborhood poll,knn-regression,k-nearest-neighbor regression,Machine learning,"The neighborhood expands until it includes k observations, then averages their responses."
m-eb-neighborhood-poll,A neighborhood poll,nadaraya-watson,Nadaraya–Watson regression,Statistics,A kernel assigns distance-dependent weights within a fixed scale.
m-eb-neighborhood-poll,A neighborhood poll,bias-variance-decomposition,Bias-variance decomposition,Statistics,Wider pooling can reduce variance while increasing bias.
m-eb-neighborhood-poll,A neighborhood poll,weighted-mean,Weighted arithmetic mean,Foundations,Both predictions are normalized local averages.
m-eb-elastic-camps,Elastic camps and moving flagpoles,k-means-objective,k-means distortion objective,Machine learning,Total squared spring stretch is the clustering objective.
m-eb-elastic-camps,Elastic camps and moving flagpoles,lloyd-update,Lloyd assignment-and-centroid iteration,Machine learning,Reassignment and flagpole movement are the alternating minimization steps.
m-eb-elastic-camps,Elastic camps and moving flagpoles,arithmetic-mean,Arithmetic mean,Foundations,A nonempty camp's best flagpole location is its members' mean.
m-eb-elastic-camps,Elastic camps and moving flagpoles,coordinate-descent,Coordinate descent,Optimization,Each block is optimized while the other block is held fixed.
m-eb-soft-club-memberships,Soft club memberships,gaussian-mixture,Finite Gaussian mixture model,Machine learning,The population is represented as a weighted combination of component distributions.
m-eb-soft-club-memberships,Soft club memberships,gmm-em-update,EM updates for a Gaussian mixture,Machine learning,Responsibilities become fractional counts in each component's update.
m-eb-soft-club-memberships,Soft club memberships,weighted-mean,Weighted arithmetic mean,Foundations,A component mean is a responsibility-weighted average of observations.
m-eb-soft-club-memberships,Soft club memberships,bayes-rule,Bayes' rule,Probability,The E-step converts prior component weights and likelihoods into posterior memberships.
m-eb-percentile-ruler,The percentile ruler,cumulative-distribution-function,Cumulative distribution function,Probability,The ruler label F(x) records the mass at or below x.
m-eb-percentile-ruler,The percentile ruler,quantile-function,Generalized quantile function,Probability,A percentile selects the first location whose cumulative mass reaches that level.
m-eb-percentile-ruler,The percentile ruler,probability-integral-transform,Probability integral transform,Probability,Continuous-distribution observations become uniform percentile positions.
m-eb-percentile-ruler,The percentile ruler,uniform-distribution,Continuous uniform distribution,Probability,A uniformly chosen percentile can be converted into a draw from a desired law.
m-eb-random-bus-arrival,Arriving between buses,inspection-paradox,Equilibrium residual lifetime,Stochastic processes,"The observed gap is length-biased, producing mean residual wait E[T²]/(2E[T]) when finite."
m-eb-random-bus-arrival,Arriving between buses,renewal-reward-theorem,Renewal reward theorem,Stochastic processes,Average reward per unit time is expected reward per cycle divided by expected cycle length.
m-eb-random-bus-arrival,Arriving between buses,weighted-mean,Weighted arithmetic mean,Foundations,Long gaps receive more sampling weight because they occupy more time.
m-eb-random-bus-arrival,Arriving between buses,little-law,Little's queueing law,Stochastic processes,"In a stable flow, average number present equals arrival rate times average time spent."
m-eb-jars-and-pseudocounts,Jars and starting counters,dirichlet-multinomial-update,Dirichlet–multinomial posterior update,Statistics,Each category's parameter is updated by adding its observed count.
m-eb-jars-and-pseudocounts,Jars and starting counters,beta-binomial-update,Beta-binomial conjugate update,Statistics,The two-category case uses the same addition rule.
m-eb-jars-and-pseudocounts,Jars and starting counters,posterior-predictive,Posterior predictive distribution,Statistics,Future probabilities average over the updated parameter uncertainty.
m-eb-jars-and-pseudocounts,Jars and starting counters,weighted-mean,Weighted arithmetic mean,Foundations,The posterior mean blends the prior mean and empirical proportions with weights equal to their total masses.
m-eb-evidence-ledger,An evidence ledger,bayes-rule,Bayes' rule,Probability,Posterior odds equal prior odds times the likelihood ratio.
m-eb-evidence-ledger,An evidence ledger,logarithm-laws,Logarithm laws,Foundations,Products of conditionally independent evidence contributions become sums.
m-eb-evidence-ledger,An evidence ledger,information-density,Information density,Information & signals,A sample's log density ratio measures how much that sample favors one joint description over an independent one.
m-eb-evidence-ledger,An evidence ledger,kl-divergence,Kullback-Leibler divergence,Information & signals,Expected log evidence against an alternative law gives a nonnegative divergence.
m-eb-unpacking-nested-boxes,Unpacking nested boxes,joint-entropy-chain-rule,Entropy chain rule,Information & signals,Total uncertainty splits into outer-label uncertainty and conditional contents uncertainty.
m-eb-unpacking-nested-boxes,Unpacking nested boxes,kl-chain-rule,Chain rule for relative entropy,Information & signals,A joint model mismatch splits into marginal mismatch and average conditional mismatch.
m-eb-unpacking-nested-boxes,Unpacking nested boxes,total-variance,Law of total variance,Probability,Squared spread similarly separates into changing conditional means and remaining conditional spread.
m-eb-unpacking-nested-boxes,Unpacking nested boxes,tower-property,Tower property,Probability,Averaging conditional summaries returns the unconditional quantity when the hypotheses hold.
m-eb-postal-code-length,Postage priced by surprise,self-information,Self-information,Information & signals,A rare message receives a larger ideal surprise cost.
m-eb-postal-code-length,Postage priced by surprise,entropy,Shannon entropy,Information & signals,Average surprise is the expected ideal length in the chosen logarithm units.
m-eb-postal-code-length,Postage priced by surprise,kraft-inequality,Kraft inequality,Information & signals,The code tree imposes a budget on the collection of label lengths.
m-eb-postal-code-length,Postage priced by surprise,asymptotic-equipartition,Shannon–McMillan asymptotic equipartition,Information & signals,Long source blocks concentrate near a common per-symbol log-probability cost.
m-eb-blurred-ink,Ink spreading on paper,convolution,Convolution,Analysis,Blurring averages shifted copies of the original density against a Gaussian kernel.
m-eb-blurred-ink,Ink spreading on paper,heat-equation,Heat or diffusion equation,Differential equations,Gaussian smoothing follows diffusion with the matching time and coefficient convention.
m-eb-blurred-ink,Ink spreading on paper,de-bruijn-identity,de Bruijn entropy derivative,Information & signals,The rate of entropy growth is one half of the spatial Fisher information for variance-time t.
m-eb-blurred-ink,Ink spreading on paper,denoising-score-matching,Gaussian denoising score matching,Machine learning,Learning the smoothed density's spatial score estimates the direction whose squared size appears in the entropy derivative.
m-eb-water-allocation,Water allocated above uneven floors,gaussian-water-filling,Water-filling for parallel Gaussian channels,Information & signals,Power on channel i equals the positive part of the common level minus its noise level.
m-eb-water-allocation,Water allocated above uneven floors,kkt-conditions,Karush-Kuhn-Tucker conditions,Optimization,Stationarity equalizes active marginal gains and complementary slackness handles dry channels.
m-eb-water-allocation,Water allocated above uneven floors,awgn-capacity,Real Gaussian channel capacity,Information & signals,Each tank's benefit is logarithmic in one plus its signal-to-noise ratio.
m-eb-water-allocation,Water allocated above uneven floors,lagrangian-dual,Lagrangian dual function,Optimization,The budget multiplier is the marginal value of one additional unit of total power.
m-eb-toll-certificates,Tolls that certify an impossible route,farkas-lemma,Farkas alternative for linear feasibility,Optimization,"The toll vector y satisfies Aᵀy≥0 while bᵀy<0, certifying that no nonnegative shipment vector exists."
m-eb-toll-certificates,Tolls that certify an impossible route,linear-program-duality,Linear programming duality,Optimization,Dual variables turn constraints into objective bounds.
m-eb-toll-certificates,Tolls that certify an impossible route,weak-duality,Weak duality,Optimization,Any feasible dual price system provides a bound without solving the primal problem.
m-eb-toll-certificates,Tolls that certify an impossible route,separating-hyperplane,Strong separation of disjoint convex sets,Optimization,A hyperplane separates the unattainable target from the cone of attainable deliveries.
m-eb-soft-fence,A fence that yields a little,convex-indicator-function,Extended-real indicator of a constraint,Optimization,The rigid fence assigns zero cost inside and infinite cost outside.
m-eb-soft-fence,A fence that yields a little,proximal-operator,Proximal operator,Optimization,The proximal point balances objective cost against squared travel distance.
m-eb-soft-fence,A fence that yields a little,projected-gradient,Projected gradient method,Optimization,"For a set indicator, the proximal correction is Euclidean projection."
m-eb-soft-fence,A fence that yields a little,moreau-envelope,Moreau envelope and its gradient,Optimization,The minimum compromise cost smooths a nonsmooth convex objective.
m-eb-invisible-room-directions,Unseen directions in a room,representer-theorem,Representer theorem,Machine learning,The optimum can be chosen in the finite span of kernel sections at training points.
m-eb-invisible-room-directions,Unseen directions in a room,orthogonal-decomposition,Orthogonal decomposition and energy split,Linear algebra,Split a candidate function into a visible span component and an invisible orthogonal remainder.
m-eb-invisible-room-directions,Unseen directions in a room,kernel-ridge,Kernel ridge regression,Machine learning,The infinite-dimensional penalized problem reduces to coefficients of a finite kernel matrix.
m-eb-invisible-room-directions,Unseen directions in a room,pythagorean-theorem,Pythagorean theorem,Foundations,The invisible orthogonal component contributes additional squared norm.
m-eb-different-rulers,Different rulers for the same change,information-geometry-local-kl,Local quadratic expansion of KL,Information & signals,Small model changes are measured by δᵀI(θ)δ/2 rather than raw parameter length.
m-eb-different-rulers,Different rulers for the same change,natural-gradient,Natural gradient direction,Optimization,The update corrects the ordinary gradient using the information metric.
m-eb-different-rulers,Different rulers for the same change,fisher-information-reparameterization,Fisher information under reparameterization,Statistics,The metric transforms by the coordinate Jacobian.
m-eb-different-rulers,Different rulers for the same change,gradient,Gradient,Calculus,An ordinary coordinate gradient supplies directional changes of the objective.
m-eb-curved-terrain-map,A local map of curved terrain,newton-optimization,Newton step for optimization,Optimization,The quadratic model's stationary point gives a Newton step when the Hessian is invertible.
m-eb-curved-terrain-map,A local map of curved terrain,bfgs-update,BFGS Hessian approximation update,Optimization,Successive displacement and gradient change update a positive-definite curvature estimate under the curvature condition.
m-eb-curved-terrain-map,A local map of curved terrain,trust-region-subproblem,Exact trust-region subproblem conditions,Optimization,The step is restricted to a ball where the local model is intended to be useful.
m-eb-curved-terrain-map,A local map of curved terrain,multivariable-taylor,Second-order multivariable Taylor expansion,Calculus,A second-order expansion supplies the local terrain approximation.
m-eb-daily-choices-ledger,A ledger of daily choices,online-gradient-regret,Online projected-gradient regret bound,Optimization,The benchmark is the best fixed feasible decision in hindsight.
m-eb-daily-choices-ledger,A ledger of daily choices,projected-gradient,Projected gradient method,Optimization,Each update follows current loss information and projects back into the decision set.
m-eb-daily-choices-ledger,A ledger of daily choices,convexity-definition,Convex function inequality,Optimization,Convexity lets a loss difference be bounded by a gradient inner product.
m-eb-daily-choices-ledger,A ledger of daily choices,telescoping-sum,Telescoping sum,Foundations,Successive squared-distance changes cancel to produce a cumulative regret bound.
m-eb-shuffled-deck-memory,How a shuffled deck forgets,markov-chain,Markov chain transition law,Probability,One shuffle is a transition rule from the current state to the next.
m-eb-shuffled-deck-memory,How a shuffled deck forgets,markov-mixing-time,Total variation mixing time,Stochastic processes,Mixing time counts steps until every starting state is close to the stationary law.
m-eb-shuffled-deck-memory,How a shuffled deck forgets,total-variation-distance,Total variation distance between laws,Stochastic processes,The distance measures the strongest event-based distinction between two deck distributions.
m-eb-shuffled-deck-memory,How a shuffled deck forgets,spectral-gap-mixing,Spectral bound on reversible mixing,Stochastic processes,The absolute nontrivial eigenvalues control a quantitative convergence bound under the stated assumptions.
m-eb-balanced-traffic,Balanced traffic on a road network,detailed-balance,Detailed balance,Probability,Traffic πiPij from i to j matches traffic πjPji in reverse.
m-eb-balanced-traffic,Balanced traffic on a road network,stationary-distribution,Stationary distribution,Probability,Balanced total inflow and outflow preserves the population vector.
m-eb-balanced-traffic,Balanced traffic on a road network,metropolis-hastings,Metropolis–Hastings acceptance rule,Stochastic processes,Proposal traffic is selectively accepted to enforce the desired pairwise balance.
m-eb-balanced-traffic,Balanced traffic on a road network,markov-chain,Markov chain transition law,Probability,The transition rule describes one step of traveler movement.
m-eb-coupled-walkers,Two walkers sharing randomness,coupling-inequality,Coupling characterization of total variation,Stochastic processes,Disagreement probability bounds the event-probability distance of the marginals.
m-eb-coupled-walkers,Two walkers sharing randomness,total-variation-distance,Total variation distance between laws,Stochastic processes,This is the distributional difference that a successful coupling controls.
m-eb-coupled-walkers,Two walkers sharing randomness,markov-chain-convergence,Finite Markov chain convergence theorem,Stochastic processes,A coupling with a stationary copy can demonstrate loss of dependence on the initial state.
m-eb-coupled-walkers,Two walkers sharing randomness,union-bound,Union bound,Probability,The basic event comparison bounds any discrepancy by the event that the coupled outcomes differ.
m-eb-accountant-and-surprises,The accountant and the surprises,doob-decomposition,Discrete Doob decomposition,Stochastic processes,The predictable ledger sums conditional expected increments; the remainder is a martingale.
m-eb-accountant-and-surprises,The accountant and the surprises,conditional-expectation,Conditional expectation,Probability,Information available yesterday determines the predicted increment.
m-eb-accountant-and-surprises,The accountant and the surprises,martingale,Martingale property,Probability,The surprise ledger has conditional mean equal to its present value.
m-eb-accountant-and-surprises,The accountant and the surprises,tower-property,Tower property,Probability,Repeated averaging preserves the zero-mean surprise property.
m-eb-rough-motion-odometer,An odometer for rough motion,quadratic-variation-brownian,Brownian quadratic variation,Stochastic processes,The squared-move odometer converges to t along the stated partition scheme.
m-eb-rough-motion-odometer,An odometer for rough motion,brownian-scaling,Brownian scaling,Probability,Square-root time scaling explains why squared increments accumulate at order dt.
m-eb-rough-motion-odometer,An odometer for rough motion,ito-product-rule,Itô product rule,Stochastic processes,The product differential retains a quadratic-covariation correction.
m-eb-rough-motion-odometer,An odometer for rough motion,ito-formula,Ito's formula,Probability,Second derivatives contribute because squared Brownian increments survive in the limit.
m-eb-reticketing-random-paths,Giving the same paths new ticket weights,radon-nikodym,Radon–Nikodym density,Analysis,The ticket multiplier is the density of one measure relative to another.
m-eb-reticketing-random-paths,Giving the same paths new ticket weights,importance-sampling,Importance sampling identity and estimator,Stochastic processes,Weighted samples from a proposal law reproduce an expectation under a target law.
m-eb-reticketing-random-paths,Giving the same paths new ticket weights,girsanov-theorem,Girsanov Brownian drift change,Stochastic processes,An exponential stochastic-integral density changes the drift description under a new measure.
m-eb-reticketing-random-paths,Giving the same paths new ticket weights,exponential-martingale,Brownian exponential martingale,Stochastic processes,The exponential weight must have total expectation1 to define the stated probability change.
m-eb-family-tree-self-consistency,A family tree asking about its future,branching-extinction,Galton–Watson extinction probability,Stochastic processes,The extinction probability is the smallest fixed point q=G(q) of the offspring PGF.
m-eb-family-tree-self-consistency,A family tree asking about its future,probability-generating-function,Probability generating function,Probability,The generating function averages q raised to the number of children.
m-eb-family-tree-self-consistency,A family tree asking about its future,branching-mean-martingale,Galton–Watson mean and normalized martingale,Stochastic processes,Population divided by its expected geometric growth removes predictable growth.
m-eb-family-tree-self-consistency,A family tree asking about its future,tower-property,Tower property,Probability,Conditioning on the present generation derives the next generation's expected size.
m-eb-rare-alarm-budget,A budget for rare alarms,borel-cantelli-first,First Borel–Cantelli lemma,Probability,A finite sum of alarm probabilities implies only finitely many alarms almost surely.
m-eb-rare-alarm-budget,A budget for rare alarms,union-bound,Union bound,Probability,The probability of any late alarm is bounded by the remaining probability sum.
m-eb-rare-alarm-budget,A budget for rare alarms,indicator-expectation,Probability as an indicator expectation,Probability,Each alarm's indicator has expectation equal to its probability.
m-eb-rare-alarm-budget,A budget for rare alarms,borel-cantelli-second,Second Borel–Cantelli lemma,Probability,"For independent alarms, a divergent probability sum instead gives infinitely many alarms almost surely."
m-eb-many-alarm-panels,A wall of alarm panels,bonferroni-correction,Bonferroni familywise correction,Statistics,Each panel receives a small share of the budget for any false rejection.
m-eb-many-alarm-panels,A wall of alarm panels,benjamini-hochberg,Benjamini–Hochberg false-discovery control,Statistics,Ordered alarms use a threshold increasing with rank to control expected false-discovery proportion.
m-eb-many-alarm-panels,A wall of alarm panels,p-value,Tail-area p-value,Statistics,A valid null p-value supplies the calibrated input to each procedure.
m-eb-many-alarm-panels,A wall of alarm panels,union-bound,Union bound,Probability,Bonferroni's overall guarantee follows by summing individual error bounds.
m-eb-menu-of-slopes,A curve described by a menu of slopes,convex-conjugate,Legendre-Fenchel conjugate,Optimization,"For slope y, f*(y) is the required offset supx(⟨y,x⟩−f(x))."
m-eb-menu-of-slopes,A curve described by a menu of slopes,fenchel-young,Fenchel-Young inequality,Optimization,"Every menu item defines the affine lower bound f(x)≥⟨y,x⟩−f*(y)."
m-eb-menu-of-slopes,A curve described by a menu of slopes,fenchel-moreau,Fenchel–Moreau biconjugation,Optimization,Taking the best lower affine bound recovers a closed convex function.
m-eb-menu-of-slopes,A curve described by a menu of slopes,support-function,Support function of a set,Optimization,"For an indicator of a set, the same menu becomes directional support values."
m-eb-shipping-earth,Moving piles of earth,wasserstein-distance,Wasserstein p-distance,Information & signals,The minimal pth-power movement cost defines a distance between equal-mass distributions.
m-eb-shipping-earth,Moving piles of earth,kantorovich-duality,Kantorovich–Rubinstein duality,Information & signals,A1-Lipschitz height-price function bounds movement cost and attains the W1 dual optimum.
m-eb-shipping-earth,Moving piles of earth,sinkhorn-scaling,Sinkhorn scaling for entropic transport,Information & signals,Alternating row and column scaling enforces the required source and destination totals.
m-eb-shipping-earth,Moving piles of earth,linear-program-duality,Linear programming duality,Optimization,Finite transport plans and price certificates form primal and dual optimization problems.
m-eb-tree-phone-calls,Phone calls along a family tree,sum-product-message,Sum-product messages on a pairwise tree,Machine learning,Each message summarizes one component left after cutting an edge.
m-eb-tree-phone-calls,Phone calls along a family tree,total-probability,Law of total probability,Probability,Summing over an unobserved variable eliminates it while retaining its effects.
m-eb-tree-phone-calls,Phone calls along a family tree,bayesian-network-factorization,Bayesian-network factorization,Machine learning,Local conditional tables encode a joint law as a product.
m-eb-tree-phone-calls,Phone calls along a family tree,ring-distributive-laws,Ring structure and distributivity,Abstract algebra,Distributing multiplication over sums allows repeated subcomputations to be reused.
m-eb-backward-sensitivity-reports,Reports traveling backward through a factory,backpropagation,Backpropagation through dense layers,Machine learning,Each stage receives an output sensitivity and sends an input sensitivity backward.
m-eb-backward-sensitivity-reports,Reports traveling backward through a factory,multivariable-chain-rule,Multivariable chain rule,Calculus,Local derivatives combine to give the derivative of the full composition.
m-eb-backward-sensitivity-reports,Reports traveling backward through a factory,adjoint,Adjoint of a linear map,Linear algebra,A transposed Jacobian transports a scalar-output sensitivity to an earlier vector space.
m-eb-backward-sensitivity-reports,Reports traveling backward through a factory,neural-network-layer,Affine-activation neural layer,Machine learning,Affine maps and nonlinear activations supply the local stages and derivatives.
m-eb-rotating-backup-crews,Rotating backup crews,dropout,Inverted dropout,Machine learning,Random masks temporarily remove individual activation contributions.
m-eb-rotating-backup-crews,Rotating backup crews,bernoulli-distribution,Bernoulli distribution,Probability,A keep-or-drop indicator provides each mask coordinate.
m-eb-rotating-backup-crews,Rotating backup crews,expectation-linearity,Linearity of expectation,Probability,The inverse-keep-probability scaling preserves expected linear activations.
m-eb-rotating-backup-crews,Rotating backup crews,regularized-risk,Regularized empirical risk,Machine learning,Averaging losses over perturbations can act as a form of regularization.
m-eb-music-through-a-moving-window,Music through a moving window,short-time-fourier-transform,Short-time Fourier transform,Information & signals,Sliding the window adds a time coordinate to Fourier analysis.
m-eb-music-through-a-moving-window,Music through a moving window,fourier-transform,Fourier transform,Information & signals,Each windowed segment is decomposed into complex frequencies.
m-eb-music-through-a-moving-window,Music through a moving window,uncertainty-principle,Fourier uncertainty principle,Information & signals,A fixed window cannot have arbitrarily small time and frequency spreads simultaneously.
m-eb-music-through-a-moving-window,Music through a moving window,fourier-modulation,Fourier modulation rule,Information & signals,Changing a template's pitch shifts its frequency location.
m-eb-zooming-stencil,A stencil at many zoom levels,continuous-wavelet-transform,Continuous wavelet transform,Information & signals,"Each coefficient measures the fit of a shifted, rescaled stencil."
m-eb-zooming-stencil,A stencil at many zoom levels,fourier-scaling,Fourier scaling rule,Information & signals,Stretching the time template compresses its frequency profile.
m-eb-zooming-stencil,A stencil at many zoom levels,inner-product,Inner product,Linear algebra,Fit is measured by the signal-template inner product.
m-eb-zooming-stencil,A stencil at many zoom levels,norm,Norm axioms and induced norm,Linear algebra,The factor |a|⁻¹/² keeps the template's L² norm unchanged.
m-eb-known-shape-in-static,A known shape hidden in static,matched-filter,Matched-filter signal-to-noise optimum,Information & signals,Weights matching the signal collect its energy into one statistic.
m-eb-known-shape-in-static,A known shape hidden in static,cauchy-schwarz,Cauchy–Schwarz inequality,Linear algebra,The alignment bound proves that no other linear weights achieve a larger white-noise SNR.
m-eb-known-shape-in-static,A known shape hidden in static,projection,Orthogonal projection,Linear algebra,The statistic measures the observation's component along the signal direction.
m-eb-known-shape-in-static,A known shape hidden in static,neyman-pearson,Neyman-Pearson likelihood-ratio test,Statistics,"For the specified Gaussian hypotheses, thresholding this statistic is most powerful at a fixed false-alarm level."
m-ec-symmetry-blender,The symmetry blender,arithmetic-mean,Arithmetic mean,Foundations,Averages coordinates with equal weight.
m-ec-symmetry-blender,The symmetry blender,reynolds-projection,Averaging projection onto invariant vectors,Representation theory,Averages a vector over all symmetry actions.
m-ec-symmetry-blender,The symmetry blender,mean-as-projection,Averaging as orthogonal projection,Foundations,Shows the permutation-symmetric output as a constant-vector projection.
m-ec-averaging-rulers,Agreeing on a ruler,weighted-mean,Weighted arithmetic mean,Foundations,Combines positive forms with equal positive weights.
m-ec-averaging-rulers,Agreeing on a ruler,unitarization-average,Invariant inner product by averaging,Representation theory,Produces the invariant ruler.
m-ec-averaging-rulers,Agreeing on a ruler,change-of-basis,Change of basis and similarity,Linear algebra,Expresses that ruler using ordinary orthonormal coordinates.
m-ec-sound-mixer,The symmetry sound mixer,discrete-fourier-transform,Discrete Fourier transform,Information & signals,The familiar cyclic case uses scalar frequency modes.
m-ec-sound-mixer,The symmetry sound mixer,character-orthogonality,Orthogonality of irreducible characters,Representation theory,Provides perpendicular symmetry signatures.
m-ec-sound-mixer,The symmetry sound mixer,character-multiplicity,Multiplicity from a character inner product,Representation theory,Reads the number of copies of each signature.
m-ec-translation-dictionaries,Dictionaries that respect verbs,change-of-basis,Change of basis and similarity,Linear algebra,Translates coordinates of the same vector.
m-ec-translation-dictionaries,Dictionaries that respect verbs,intertwining-map,Intertwining map between representations,Representation theory,Translates representations while preserving every group action.
m-ec-translation-dictionaries,Dictionaries that respect verbs,natural-transformation,Natural transformation,Category theory,Makes compatible translations across an entire family of objects.
m-ec-universal-adapter,The universal adapter,tensor-product,Tensor product universal property,Linear algebra,Turns every bilinear map into a unique linear map.
m-ec-universal-adapter,The universal adapter,free-group-universal,Free group universal property,Abstract algebra,Turns arbitrary generator images into a unique homomorphism.
m-ec-universal-adapter,The universal adapter,categorical-product,Categorical product universal property,Category theory,Combines any pair of component maps uniquely.
m-ec-identity-test,The identity test bench,yoneda-lemma,Yoneda lemma,Category theory,Says the identity value determines all natural responses.
m-ec-identity-test,The identity test bench,function-composition,Composition of functions,Foundations,Transports that value along each probe.
m-ec-identity-test,The identity test bench,linear-map,Linear map,Linear algebra,Provides concrete represented maps in vector spaces.
m-ec-shared-key-records,Joining records by a shared key,cartesian-product,Cartesian product,Foundations,Forms every possible pair before checking compatibility.
m-ec-shared-key-records,Joining records by a shared key,categorical-pullback,Pullback or fiber product,Category theory,Retains only pairs with matching shared data.
m-ec-shared-key-records,Joining records by a shared key,affine-scheme-fiber-product,Fiber product of affine schemes,Algebraic geometry,Implements geometric compatibility through a tensor product of rings.
m-ec-sewing-patterns,Sewing from matching patterns,sheaf-gluing,Sheaf gluing axiom,Algebraic geometry,Glues compatible local data into a unique section.
m-ec-sewing-patterns,Sewing from matching patterns,categorical-pushout,Pushout universal property,Category theory,Glues the underlying objects along specified identifications.
m-ec-sewing-patterns,Sewing from matching patterns,van-kampen,Seifert–van Kampen theorem,Topology & logic,Computes the loop relations created by gluing spaces.
m-ec-compressed-labels,Compressing labels without losing a task,equivalence-relation,Equivalence relation,Foundations,Specifies which labels are identified.
m-ec-compressed-labels,Compressing labels without losing a task,quotient-group,Quotient group,Abstract algebra,Retains group operations after collapsing a normal subgroup.
m-ec-compressed-labels,Compressing labels without losing a task,abelianization,Abelianization and its universal property,Abstract algebra,Retains precisely the information visible to maps into abelian groups.
m-ec-nested-packages,Flattening nested packages,monad-laws,Monad unit and multiplication laws,Category theory,Guarantees consistent flattening of formal structure.
m-ec-nested-packages,Flattening nested packages,monad-algebra,Algebra for a monad,Category theory,Evaluates a structured package into its underlying meaning.
m-ec-nested-packages,Flattening nested packages,function-composition,Composition of functions,Foundations,Tracks the competing routes of evaluation.
m-ec-swapping-question-sides,Moving a condition across the question,adjunction,Adjunction of functors,Category theory,States the coherent two-sided correspondence.
m-ec-swapping-question-sides,Moving a condition across the question,tensor-hom-adjunction,Tensor–Hom adjunction for modules,Category theory,Moves tensoring on the source to a Hom construction on the target.
m-ec-swapping-question-sides,Moving a condition across the question,linear-map,Linear map,Linear algebra,Makes the correspondence concrete through partial evaluation.
m-ec-volume-slices,Volume through intermediate windows,determinant,Determinant,Linear algebra,Measures the full oriented volume scale.
m-ec-volume-slices,Volume through intermediate windows,cauchy-binet,Cauchy–Binet formula,Linear algebra,Sums over intermediate coordinate subsets.
m-ec-volume-slices,Volume through intermediate windows,gram-determinant,Gram determinant and volume,Linear algebra,Turns matched minors into squared projected-volume contributions.
m-ec-direction-filters,A bank of direction filters,lagrange-interpolation,Lagrange interpolation,Abstract algebra,Constructs polynomials with chosen values at spectral points.
m-ec-direction-filters,A bank of direction filters,spectral-projectors-polynomial,Spectral projectors by polynomial interpolation,Linear algebra,Uses those polynomials as operator filters.
m-ec-direction-filters,A bank of direction filters,projection,Orthogonal projection,Linear algebra,Supplies the familiar orthogonal-shadow special case.
m-ec-restricted-audition,A smaller audition room,rayleigh-quotient,Rayleigh quotient,Linear algebra,Scores the effect of a direction.
m-ec-restricted-audition,A smaller audition room,min-max-eigenvalue,Courant–Fischer min–max principle,Linear algebra,Selects ordered spectral values through subspace optimization.
m-ec-restricted-audition,A smaller audition room,cauchy-eigenvalue-interlacing,Eigenvalue interlacing for a principal submatrix,Linear algebra,Bounds the values after restricting a coordinate.
m-ec-two-independent-dials,Two independent dials,tensor-product,Tensor product universal property,Linear algebra,Creates paired directions.
m-ec-two-independent-dials,Two independent dials,kronecker-sum-spectrum,Spectrum of a Kronecker sum,Linear algebra,Adds the two independent eigenvalue contributions.
m-ec-two-independent-dials,Two independent dials,graph-laplacian,Graph Laplacian,Discrete mathematics,Supplies a Cartesian-product graph example.
m-ec-prime-toolkit,Prime toolkits and local workshops,prime-factorization,Fundamental theorem of arithmetic,Number theory,Lists the finite prime-power building blocks.
m-ec-prime-toolkit,Prime toolkits and local workshops,p-adic-absolute-value,p-adic absolute value and ultrametric,Number theory,Measures size through divisibility at one prime.
m-ec-prime-toolkit,Prime toolkits and local workshops,rational-product-formula,Product formula for rational absolute values,Number theory,Balances every local size with ordinary real size.
m-ec-digit-restoration,Restoring a number one digit at a time,modular-inverse,Modular inverse criterion,Number theory,Makes each correction solvable.
m-ec-digit-restoration,Restoring a number one digit at a time,hensel-simple-root,Hensel lifting of a simple root,Number theory,Guarantees the unique lifted root in a residue class.
m-ec-digit-restoration,Restoring a number one digit at a time,p-adic-digit-expansion,p-adic digit expansion,Number theory,Records the successive precision levels.
m-ec-carrying-receipts,The receipt left by a carry,legendre-factorial-valuation,Prime exponent in a factorial,Number theory,Counts prime factors within each factorial.
m-ec-carrying-receipts,The receipt left by a carry,kummer-carry-theorem,Kummer carry theorem,Number theory,Identifies the uncancelled factors with carries.
m-ec-carrying-receipts,The receipt left by a carry,lucas-binomial-congruence,Lucas binomial congruence,Number theory,Computes the remaining coefficient modulo p digitwise.
m-ec-arithmetic-radio,Tuning an arithmetic radio,discrete-fourier-transform,Discrete Fourier transform,Information & signals,Shows cancellation of unwanted cyclic frequencies.
m-ec-arithmetic-radio,Tuning an arithmetic radio,dirichlet-character,Dirichlet character modulo q,Number theory,Provides multiplicative residue frequencies.
m-ec-arithmetic-radio,Tuning an arithmetic radio,residue-character-filter,Character filter for a residue class,Number theory,Recombines those frequencies to isolate one class.
m-ec-ideal-accounting,Repairing a broken inventory,prime-factorization,Fundamental theorem of arithmetic,Number theory,Provides the integer model of unique factorization.
m-ec-ideal-accounting,Repairing a broken inventory,dedekind-ideal-factorization,Unique prime-ideal factorization,Number theory,Restores unique prime components for ideals.
m-ec-ideal-accounting,Repairing a broken inventory,ideal-class-group,Ideal class group,Number theory,Records the obstruction to principal inventories.
m-ec-lattice-pigeonholes,Rooms that repeat forever,pigeonhole-principle,Pigeonhole principle,Discrete mathematics,Supplies the finite counting prototype.
m-ec-lattice-pigeonholes,Rooms that repeat forever,determinant,Determinant,Linear algebra,Measures a lattice room’s volume.
m-ec-lattice-pigeonholes,Rooms that repeat forever,minkowski-convex-body,Minkowski convex-body theorem,Number theory,Transfers the argument to continuous volume and lattice translations.
m-ec-choosing-tracks,Sorting into ordered tracks,dilworth-theorem,Dilworth chain-decomposition theorem,Discrete mathematics,Makes the obstruction size equal the required number of tracks.
m-ec-choosing-tracks,Sorting into ordered tracks,hall-marriage-theorem,Hall’s marriage theorem,Discrete mathematics,Provides the matching engine behind the construction.
m-ec-choosing-tracks,Sorting into ordered tracks,sperner-theorem,Sperner theorem,Discrete mathematics,Computes the obstruction size for the subset lattice.
m-ec-routes-and-blockades,Routes and blockades,menger-theorem,Menger vertex-path theorem,Discrete mathematics,Equates independent routes and minimum separator size.
m-ec-routes-and-blockades,Routes and blockades,max-flow-min-cut,Max-flow min-cut theorem,Discrete mathematics,Explains the equality after converting junctions into capacity-limited edges.
m-ec-routes-and-blockades,Routes and blockades,konig-matching-cover,Kőnig matching–cover theorem,Discrete mathematics,Shows a related packing–covering equality for bipartite edges.
m-ec-network-springs,Tension in a network,graph-dirichlet-energy,Graph Dirichlet energy,Discrete mathematics,Measures total disagreement energy.
m-ec-network-springs,Tension in a network,laplacian-component-nullity,Laplacian kernel and connected components,Discrete mathematics,Counts one free constant per connected component.
m-ec-network-springs,Tension in a network,graph-cheeger-inequality,Graph Cheeger inequality,Discrete mathematics,Relates gentle variation to weakly connected regions.
m-ec-resistance-detours,The value of a detour,effective-resistance-graph,Effective resistance from the Laplacian,Discrete mathematics,Measures the total network’s ability to connect two endpoints.
m-ec-resistance-detours,The value of a detour,spanning-tree-edge-probability,Weighted spanning-tree edge probability,Discrete mathematics,Converts that measurement into a weighted tree marginal.
m-ec-resistance-detours,The value of a detour,foster-resistance-theorem,Foster resistance identity,Discrete mathematics,Makes all edge importances sum to n−1.
m-ec-exchangeable-team,An exchangeable team,span-basis,Basis and unique coordinates,Linear algebra,Gives complete independent coordinate teams.
m-ec-exchangeable-team,An exchangeable team,matroid-basis-exchange,Symmetric matroid basis exchange,Discrete mathematics,Guarantees an appropriate symmetric trade.
m-ec-exchangeable-team,An exchangeable team,matroid-dual-rank,Dual matroid rank,Discrete mathematics,Studies the complementary choices left outside a team.
m-ec-polynomial-dashboard,A dashboard with many settings,tutte-polynomial,Tutte polynomial by rank subsets,Discrete mathematics,Stores the two defects in exponents.
m-ec-polynomial-dashboard,A dashboard with many settings,chromatic-tutte-specialization,Chromatic polynomial from Tutte polynomial,Discrete mathematics,Selects the proper-coloring count.
m-ec-polynomial-dashboard,A dashboard with many settings,matrix-tree-theorem,Matrix–tree theorem,Discrete mathematics,Counts the spanning trees selected at the central Tutte evaluation.
m-ec-maps-at-different-zooms,Maps at different zooms,tangent-vector-derivation,Tangent vectors as derivations,Geometry,Records infinitesimal directional measurements.
m-ec-maps-at-different-zooms,Maps at different zooms,riemannian-exponential-map,Riemannian exponential map,Geometry,Turns initial directions into geodesic coordinates.
m-ec-maps-at-different-zooms,Maps at different zooms,cartan-hadamard,Cartan–Hadamard theorem,Geometry,Gives conditions under which those coordinates extend globally.
m-ec-maps-at-different-zooms,Maps at different zooms,fundamental-group,Fundamental group,Topology & logic,Detects the loops that a local chart misses.
m-ec-geodesic-fan,A fan of launched paths,geodesic-equation,Geodesic equation,Geometry,Describes each launched path.
m-ec-geodesic-fan,A fan of launched paths,jacobi-field-equation,Jacobi equation for geodesic variation,Geometry,Describes the first-order separation between paths.
m-ec-geodesic-fan,A fan of launched paths,sectional-curvature,Sectional curvature,Geometry,Controls focusing within each tangent two-plane.
m-ec-hidden-circulation,A circulation that refuses to unwind,exterior-derivative,Exterior derivative,Geometry,Detects local differential compatibility.
m-ec-hidden-circulation,A circulation that refuses to unwind,poincare-lemma,Poincaré lemma,Geometry,Shows that closed forms have local potentials.
m-ec-hidden-circulation,A circulation that refuses to unwind,hodge-decomposition,Hodge decomposition theorem,Geometry,Isolates the global harmonic residue.
m-ec-hidden-circulation,A circulation that refuses to unwind,de-rham-theorem,De Rham’s theorem,Topology & logic,Identifies that residue’s classes with topology.
m-ec-complementary-measuring-sheets,Complementary measuring sheets,cross-product,Cross product in three dimensions,Geometry,The familiar three-dimensional vector operation arises from a wedge and star.
m-ec-complementary-measuring-sheets,Complementary measuring sheets,hodge-star,Hodge star operator,Geometry,Chooses the metric-weighted complementary form.
m-ec-complementary-measuring-sheets,Complementary measuring sheets,wedge-product,Wedge product and graded commutativity,Geometry,Combines forms into volume measurements.
m-ec-twisted-ribbons,Twisted local rulers,stiefel-whitney-sum,Stiefel–Whitney classes,Topology & logic,"Detects real-bundle twisting, including orientability."
m-ec-twisted-ribbons,Twisted local rulers,chern-whitney-sum,Chern classes and the Whitney sum law,Topology & logic,Tracks complex-bundle twisting in integral cohomology.
m-ec-twisted-ribbons,Twisted local rulers,euler-characteristic,Euler characteristic,Topology & logic,Connects tangent-bundle obstruction to a familiar global invariant through the Euler class.
m-ec-point-and-observables,A place described by its observables,coordinate-ring,Coordinate ring of an affine algebraic set,Algebraic geometry,Collects the polynomial observables after enforcing the equations.
m-ec-point-and-observables,A place described by its observables,affine-morphism-ring-duality,Affine morphisms and ring homomorphisms,Algebraic geometry,Reverses a geometric map into pullback of functions.
m-ec-point-and-observables,A place described by its observables,function-composition,Composition of functions,Foundations,Explains the reverse arrow by precomposition.
m-ec-first-order-receipt,The first-order receipt,total-derivative,Total derivative,Calculus,Keeps the first-order part of a smooth map.
m-ec-first-order-receipt,The first-order receipt,zariski-tangent-space,Zariski tangent space,Algebraic geometry,Keeps the first-order constraints of polynomial equations.
m-ec-first-order-receipt,The first-order receipt,jacobian-smoothness-criterion,Jacobian criterion for nonsingularity,Algebraic geometry,Compares that first-order dimension with the actual local dimension.
m-ec-scale-free-directions,Directions without a ruler,projective-space,Projective space,Algebraic geometry,Represents each line by homogeneous coordinates.
m-ec-scale-free-directions,Directions without a ruler,projective-homogeneous-zero-set,Projective homogeneous zero sets,Algebraic geometry,Uses equations whose zeros survive scaling.
m-ec-scale-free-directions,Directions without a ruler,cross-ratio,Cross-ratio,Foundations,Measures a projectively invariant relationship among four line points.
m-ec-new-feature-lens,A lens made of monomials,veronese-embedding,Veronese embedding,Algebraic geometry,Reports all monomials of one degree.
m-ec-new-feature-lens,A lens made of monomials,segre-embedding,Segre embedding,Algebraic geometry,Reports every product of coordinates from two factors.
m-ec-new-feature-lens,A lens made of monomials,tensor-product,Tensor product universal property,Linear algebra,Provides the linear ambient space for paired features.
m-ec-intersections-ledger,The intersection ledger,projective-bezout,Bézout theorem for plane curves,Algebraic geometry,Fixes the total at the product of degrees.
m-ec-intersections-ledger,The intersection ledger,factor-theorem,Polynomial remainder and factor theorem,Abstract algebra,Provides the one-variable model of roots counted with multiplicity.
m-ec-intersections-ledger,The intersection ledger,curve-divisor-degree,Divisors and degree on a curve,Algebraic geometry,Balances zeros and poles of a rational function on a complete curve.
m-ec-permission-budget,A budget for allowed poles,riemann-roch-curves,Riemann–Roch for curves,Algebraic geometry,Counts the resulting independent functions.
m-ec-permission-budget,A budget for allowed poles,curve-divisor-degree,Divisors and degree on a curve,Algebraic geometry,Totals the signed local permissions.
m-ec-permission-budget,A budget for allowed poles,span-basis,Basis and unique coordinates,Linear algebra,Interprets the result as a dimension rather than a raw function count.
m-ec-witnesses-at-home,Keeping witnesses at home,tarski-vaught-test,Tarski–Vaught test,Topology & logic,States the witness requirement.
m-ec-witnesses-at-home,Keeping witnesses at home,downward-lowenheim-skolem,Downward Löwenheim–Skolem theorem,Topology & logic,Builds a controlled-size community by repeatedly adding witnesses.
m-ec-witnesses-at-home,Keeping witnesses at home,quantifier-negation,Negating quantifiers,Topology & logic,Turns universal statements into negated existential questions.
m-ec-finite-checks-global-model,Compatible pieces of a complete answer,logic-compactness,Compactness theorem for first-order logic,Topology & logic,Guarantees a model of a finitely satisfiable theory.
m-ec-finite-checks-global-model,Compatible pieces of a complete answer,compact-type-space,Compactness of the space of types,Topology & logic,Turns complete compatible answers into points of a compact space.
m-ec-finite-checks-global-model,Compatible pieces of a complete answer,tychonoff-theorem,Tychonoff compactness theorem,Topology & logic,Provides a topological counterpart built from compact coordinate choices.
m-moving-reference-average,The average as a moving reference point,weighted-mean,Weighted arithmetic mean,Foundations,The shared reference is the weighted average of the current individual values.
m-moving-reference-average,The average as a moving reference point,replicator-equation,Replicator equation,Game theory,Subtracting the average payoff from each strategy's payoff keeps the total population share equal to one.
m-moving-reference-average,The average as a moving reference point,variance,Variance,Probability,The centered deviations are squared and averaged to measure spread around the reference.
m-energy-ledger,An energy ledger with a boundary,poynting-theorem,Poynting's energy theorem,Mathematical physics,"Field energy is the inventory, Poynting flux crosses the boundary, and j·E transfers energy to matter."
m-energy-ledger,An energy ledger with a boundary,schrodinger-probability-current,Schrödinger probability current,Mathematical physics,Probability density has a storage-and-flux balance without an internal source in the stated closed model.
m-energy-ledger,An energy ledger with a boundary,divergence-theorem,Divergence theorem,Calculus,The theorem converts interior divergence accounting into the net boundary flow.
m-energy-ledger,An energy ledger with a boundary,work-energy-theorem,Work–energy theorem,Mathematical physics,Mechanical work records energy transferred into a particle's kinetic-energy account.
m-stretching-incompressible-clay,Stretching clay while preserving its volume,liouville-phase-volume,Liouville's phase-volume theorem,Mathematical physics,Hamiltonian flow preserves phase volume even when a cloud of initial conditions deforms.
m-stretching-incompressible-clay,Stretching clay while preserving its volume,determinant,Determinant,Linear algebra,The absolute determinant records the local volume scaling factor.
m-stretching-incompressible-clay,Stretching clay while preserving its volume,arnold-cat-map,Arnold's cat map,Dynamical systems,"The expanding and contracting eigenvalues multiply to one, preserving torus area."
m-stretching-incompressible-clay,Stretching clay while preserving its volume,orbit-lyapunov-exponent,Lyapunov exponent along a one-dimensional orbit,Dynamical systems,A directional growth rate can be positive even though a higher-dimensional system preserves total volume.
m-maps-of-the-same-journey,Several maps of the same journey,change-of-basis,Change of basis and similarity,Linear algebra,A linear change of coordinates rewrites a linear operator by similarity.
m-maps-of-the-same-journey,Several maps of the same journey,topological-conjugacy,Topological conjugacy of discrete systems,Dynamical systems,A homeomorphism translates every iterate of one map into the corresponding iterate of the other.
m-maps-of-the-same-journey,Several maps of the same journey,canonical-symplectic-map,Canonical transformation criterion,Mathematical physics,A canonical transformation additionally preserves the position–momentum pairing.
m-maps-of-the-same-journey,Several maps of the same journey,hartman-grobman,Hartman–Grobman local linearization,Dynamical systems,"Near a hyperbolic equilibrium, a topological map relates nonlinear motion to its linear model."
m-slopes-as-alternative-labels,Labeling a landscape by its slopes,convex-conjugate,Legendre-Fenchel conjugate,Optimization,The conjugate records the best intercept adjustment for each dual slope.
m-slopes-as-alternative-labels,Labeling a landscape by its slopes,hamiltonian-legendre-transform,Hamiltonian as a velocity Legendre transform,Mathematical physics,Momentum replaces velocity by differentiating the Lagrangian in its velocity argument.
m-slopes-as-alternative-labels,Labeling a landscape by its slopes,thermodynamic-fundamental-relation,Fundamental thermodynamic differential,Mathematical physics,"Temperature, pressure and chemical potential appear as energy derivatives conjugate to state variables."
m-slopes-as-alternative-labels,Labeling a landscape by its slopes,helmholtz-free-energy,Helmholtz free energy from the partition function,Mathematical physics,Subtracting TS changes the natural description from entropy to temperature under equilibrium conditions.
m-representative-neighbor,Replacing a crowd by one representative neighbor,ising-mean-field-self-consistency,Ising mean-field self-consistency,Mathematical physics,"Each spin sees the average effect Jzm+h, and its response must have mean m."
m-representative-neighbor,Replacing a crowd by one representative neighbor,weighted-mean,Weighted arithmetic mean,Foundations,The representative records an aggregate value through normalized weights.
m-representative-neighbor,Replacing a crowd by one representative neighbor,banach-fixed-point,Banach contraction theorem,Analysis,A contraction bound can prove uniqueness and convergence for the resulting self-consistency map.
m-representative-neighbor,Replacing a crowd by one representative neighbor,ehrenfest-theorem,Ehrenfest equations for position and momentum,Mathematical physics,"Mean quantum motion closes exactly for affine forces, highlighting why nonlinear averaging usually needs extra information."
m-orchestra-of-modes,An orchestra of independent modes,spectral-theorem,Spectral theorem in finite dimensions,Linear algebra,A self-adjoint matrix has an orthonormal eigenbasis of independent spectral directions.
m-orchestra-of-modes,An orchestra of independent modes,fourier-series,Fourier series and Fourier coefficients,Analysis,Periodic signals are decomposed into oscillatory frequency components.
m-orchestra-of-modes,An orchestra of independent modes,quantum-unitary-evolution,Unitary evolution generated by a Hamiltonian,Mathematical physics,Energy eigencomponents accumulate their own phase factors.
m-orchestra-of-modes,An orchestra of independent modes,floquet-decomposition,Floquet decomposition for periodic linear systems,Dynamical systems,Periodic coefficients separate into within-cycle modulation and an exponential long-term component.
m-clock-hands-for-phase,Clock hands that add before their lengths are measured,complex-exponential,Euler's formula,Foundations,The exponential exp(iθ) is a unit-length phase direction.
m-clock-hands-for-phase,Clock hands that add before their lengths are measured,fourier-transform,Fourier transform,Information & signals,Fourier coefficients measure alignment with rotating phase references.
m-clock-hands-for-phase,Clock hands that add before their lengths are measured,quantum-unitary-evolution,Unitary evolution generated by a Hamiltonian,Mathematical physics,Energy components rotate at different phase rates.
m-clock-hands-for-phase,Clock hands that add before their lengths are measured,characteristic-function,Characteristic function,Probability,A characteristic function averages unit complex phase factors under a probability distribution.
m-orthogonal-shadows,Orthogonal shadows with a fixed total budget,pythagorean-theorem,Pythagorean theorem,Foundations,Perpendicular component lengths satisfy the basic squared-length sum.
m-orthogonal-shadows,Orthogonal shadows with a fixed total budget,orthogonal-decomposition,Orthogonal decomposition and energy split,Linear algebra,Hilbert-space components obey the same energy-splitting identity.
m-orthogonal-shadows,Orthogonal shadows with a fixed total budget,born-projective-rule,Born rule for a projective measurement,Mathematical physics,Squared projections of a normalized state are the measurement probabilities.
m-orthogonal-shadows,Orthogonal shadows with a fixed total budget,quantum-expectation,Expectation of a quantum observable,Mathematical physics,The outcome values are averaged using these projection probabilities.
m-mixtures-with-identical-tests,Different recipes that pass the same tests,density-matrix,Density matrix of a quantum state,Mathematical physics,Different convex decompositions can yield the same quantum state matrix.
m-mixtures-with-identical-tests,Different recipes that pass the same tests,barycentric-combination,Convex barycentric combination,Foundations,Mixture weights form a convex combination rather than an amplitude superposition.
m-mixtures-with-identical-tests,Different recipes that pass the same tests,quantum-trace-expectation,Trace formula for mixed-state expectation,Mathematical physics,Every observable's predicted mean is determined by pairing it with the density matrix.
m-mixtures-with-identical-tests,Different recipes that pass the same tests,equivalence-relation,Equivalence relation,Foundations,Preparations with identical state matrices belong to the same predictive class.
m-forgetting-one-part,Keeping a complete summary of the part you can observe,partial-trace,Reduced state by partial trace,Mathematical physics,The reduced state reproduces all expectation values of observables X⊗I on the retained subsystem.
m-forgetting-one-part,Keeping a complete summary of the part you can observe,total-probability,Law of total probability,Probability,Summing over unobserved alternatives gives classical marginal predictions.
m-forgetting-one-part,Keeping a complete summary of the part you can observe,conditional-expectation,Conditional expectation,Probability,Conditioning retains information from a specified observation or sigma-algebra rather than merely dropping a subsystem.
m-forgetting-one-part,Keeping a complete summary of the part you can observe,tensor-product,Tensor product universal property,Linear algebra,The tensor structure identifies which observables belong to which quantum subsystem.
m-paired-duet-coordinates,Finding the paired voices in a duet,singular-value-decomposition,Singular value decomposition,Linear algebra,Singular values isolate matched input and output directions of a matrix.
m-paired-duet-coordinates,Finding the paired voices in a duet,schmidt-decomposition,Schmidt decomposition of a bipartite pure state,Mathematical physics,The same matrix operation creates paired orthonormal subsystem bases for a pure state.
m-paired-duet-coordinates,Finding the paired voices in a duet,partial-trace,Reduced state by partial trace,Mathematical physics,Ignoring one subsystem leaves the squares of the pair strengths as reduced-state eigenvalues.
m-paired-duet-coordinates,Finding the paired voices in a duet,von-neumann-entropy,Von Neumann entropy,Mathematical physics,Entropy summarizes the spread of those reduced spectral weights.
m-fluctuations-reveal-response,The natural wobble reveals the response to a gentle push,canonical-response-covariance,Canonical response as a covariance,Mathematical physics,A field coupled to B changes the mean of A by β times their covariance in the finite classical setting.
m-fluctuations-reveal-response,The natural wobble reveals the response to a gentle push,heat-capacity-fluctuations,Canonical heat capacity–fluctuation identity,Mathematical physics,Energy variance determines the canonical temperature response.
m-fluctuations-reveal-response,The natural wobble reveals the response to a gentle push,covariance,Covariance,Probability,Co-fluctuation measures which observable responds to a bias in another.
m-fluctuations-reveal-response,The natural wobble reveals the response to a gentle push,cumulant-generating-function,Cumulant generating function,Probability,Logarithmic derivatives of a generating function extract connected fluctuations.
m-cost-and-room-to-move,Balancing low cost against room to move,helmholtz-free-energy,Helmholtz free energy from the partition function,Mathematical physics,Mean energy is traded against temperature times entropy.
m-cost-and-room-to-move,Balancing low cost against room to move,boltzmann-microcanonical-entropy,Boltzmann entropy of a microcanonical shell,Mathematical physics,The logarithm of multiplicity quantifies the number of microscopic possibilities.
m-cost-and-room-to-move,Balancing low cost against room to move,log-sum-exp,Log-sum-exp,Optimization,A smooth aggregate compares many competing scores through exponential weighting.
m-cost-and-room-to-move,Balancing low cost against room to move,entropy-variational-formula,Entropy variational formula for log-sum-exp,Information & signals,The variational identity makes the tradeoff between average score and entropy exact.
m-occupancy-rules-change-averages,Changing the room-occupancy rule changes the average,bose-fermi-occupation,Bose–Einstein and Fermi–Dirac occupations,Mathematical physics,Bosonic and fermionic modes permit different occupancy counts and therefore have different mean populations.
m-occupancy-rules-change-averages,Changing the room-occupancy rule changes the average,geometric-distribution,Geometric waiting time,Probability,An unrestricted nonnegative occupancy with geometric weights produces the Bose-type mean.
m-occupancy-rules-change-averages,Changing the room-occupancy rule changes the average,bernoulli-distribution,Bernoulli distribution,Probability,A zero-or-one occupancy gives the Fermi-type mean.
m-occupancy-rules-change-averages,Changing the room-occupancy rule changes the average,planck-blackbody-law,Planck blackbody spectral energy density,Mathematical physics,Photon mode occupation is combined with mode counting to obtain the radiation spectrum.
m-tiles-that-prefer-neighbors,Tiles that prefer to match their neighbors,ising-hamiltonian,Ising spin Hamiltonian,Mathematical physics,Binary spins receive pairwise alignment energy along graph edges.
m-tiles-that-prefer-neighbors,Tiles that prefer to match their neighbors,quadratic-form,Quadratic form,Linear algebra,A symmetric interaction matrix packages those pair products into a quadratic expression.
m-tiles-that-prefer-neighbors,Tiles that prefer to match their neighbors,gibbs-distribution,Gibbs distribution,Information & signals,The global energy is converted into a probability distribution over complete boards.
m-tiles-that-prefer-neighbors,Tiles that prefer to match their neighbors,graph-dirichlet-energy,Graph Dirichlet energy,Discrete mathematics,"For binary spins, disagreement energy on edges differs from ferromagnetic alignment energy by a constant and scale."
m-bowl-splits-in-two,A bowl that splits into two valleys,landau-quartic-free-energy,Landau quartic free-energy model,Mathematical physics,The quadratic and quartic terms shape the possible equilibrium minima.
m-bowl-splits-in-two,A bowl that splits into two valleys,pitchfork-normal-form,Supercritical pitchfork normal form,Dynamical systems,Gradient descent in the symmetric potential produces the two attracting branches.
m-bowl-splits-in-two,A bowl that splits into two valleys,hessian,Hessian matrix,Calculus,Curvature distinguishes a local minimum from an unstable central stationary point.
m-bowl-splits-in-two,A bowl that splits into two valleys,group-action,Group action,Abstract algebra,Reflection symmetry pairs the two off-center choices.
m-downhill-versus-contours,Walking downhill or walking along a contour,gradient-descent,Gradient descent,Optimization,A sufficiently controlled negative-gradient step lowers the objective under its step-size assumptions.
m-downhill-versus-contours,Walking downhill or walking along a contour,hamilton-equations,Hamilton's equations,Differential equations,Continuous Hamiltonian motion pairs derivatives through the antisymmetric matrix J.
m-downhill-versus-contours,Walking downhill or walking along a contour,hamiltonian-observable-evolution,Evolution of a classical observable,Mathematical physics,"The Hamiltonian's bracket with itself vanishes, yielding autonomous energy conservation."
m-downhill-versus-contours,Walking downhill or walking along a contour,inner-product,Inner product,Linear algebra,The identity vᵀJv=0 explains why the Hamiltonian vector field is tangent to energy levels in canonical Euclidean coordinates.
m-a-decreasing-gauge,A gauge that can only fall,lyapunov-function,Strict Lyapunov criterion for asymptotic stability,Dynamical systems,A strictly decreasing positive certificate proves local asymptotic stability under the stated hypotheses.
m-a-decreasing-gauge,A gauge that can only fall,continuous-lyapunov-equation,Continuous Lyapunov matrix equation,Dynamical systems,A stable linear system admits a quadratic gauge with a prescribed positive dissipation rate.
m-a-decreasing-gauge,A gauge that can only fall,lasalle-invariance,LaSalle's invariance principle,Dynamical systems,Zero instantaneous decrease is narrowed to the largest invariant set where no future decrease occurs.
m-a-decreasing-gauge,A gauge that can only fall,heat-energy-decay,L² energy decay for heat flow,Differential equations,An integral squared-amplitude gauge decreases under heat evolution.
m-strobe-light-dynamics,A strobe light turns a dance into steps,poincare-return-map,Poincaré return map,Dynamical systems,A closed orbit becomes a fixed point on a transverse section.
m-strobe-light-dynamics,A strobe light turns a dance into steps,floquet-decomposition,Floquet decomposition for periodic linear systems,Dynamical systems,The monodromy captures the net change over one coefficient period.
m-strobe-light-dynamics,A strobe light turns a dance into steps,map-fixed-point-stability,Derivative test for a one-dimensional map,Dynamical systems,A return-map derivative tests whether neighboring sampled states approach the fixed point.
m-strobe-light-dynamics,A strobe light turns a dance into steps,matrix-product,Matrix multiplication,Linear algebra,Repeated period advances multiply the same monodromy matrix.
m-zooming-a-bend,Zooming into a bend in the road,local-linear-approximation,Local linear approximation,Calculus,The derivative supplies the tangent model at a point.
m-zooming-a-bend,Zooming into a bend in the road,hartman-grobman,Hartman–Grobman local linearization,Dynamical systems,Hyperbolicity upgrades approximation to a local topological equivalence of flows.
m-zooming-a-bend,Zooming into a bend in the road,saddle-node-normal-form,Saddle–node bifurcation normal form,Dynamical systems,A zero linear derivative at the collision permits branches to appear or disappear.
m-zooming-a-bend,Zooming into a bend in the road,multivariable-taylor,Second-order multivariable Taylor expansion,Calculus,Higher-order terms describe what the linear part omits.
m-compounding-small-errors,"Small errors multiply, their logarithms add",chain-rule,Chain rule,Calculus,Successive local derivative multipliers form the derivative of the composed evolution.
m-compounding-small-errors,"Small errors multiply, their logarithms add",orbit-lyapunov-exponent,Lyapunov exponent along a one-dimensional orbit,Dynamical systems,The time-averaged log multiplier gives the asymptotic exponent when it exists.
m-compounding-small-errors,"Small errors multiply, their logarithms add",geometric-mean,Geometric mean,Foundations,Exponentiating the average logarithm gives a typical multiplicative factor.
m-compounding-small-errors,"Small errors multiply, their logarithms add",logarithm-laws,Logarithm laws,Foundations,Logarithms convert the product of local factors into a sum.
m-averaging-away-the-motion,Averaging away motion to expose what stays fixed,arithmetic-mean,Arithmetic mean,Foundations,Every finite time average begins as an ordinary arithmetic mean of observations.
m-averaging-away-the-motion,Averaging away motion to expose what stays fixed,mean-as-projection,Averaging as orthogonal projection,Foundations,A finite averaging operation can itself be an orthogonal projection onto constant values.
m-averaging-away-the-motion,Averaging away motion to expose what stays fixed,von-neumann-mean-ergodic,Von Neumann mean ergodic theorem,Dynamical systems,Unitary time averages converge in Hilbert norm to the invariant projection.
m-averaging-away-the-motion,Averaging away motion to expose what stays fixed,birkhoff-ergodic-theorem,Birkhoff pointwise ergodic theorem,Dynamical systems,Trajectory averages converge almost everywhere to a conditional expectation on invariant information.
m-averaging-away-the-motion,Averaging away motion to expose what stays fixed,conditional-expectation,Conditional expectation,Probability,The surviving average retains the distinctions encoded by invariant events.
m-finite-hall-return,A finite hall that cannot keep admitting disjoint crowds,poincare-recurrence,Poincaré recurrence theorem,Dynamical systems,Almost every point of a region returns to it infinitely often.
m-finite-hall-return,A finite hall that cannot keep admitting disjoint crowds,pigeonhole-principle,Pigeonhole principle,Discrete mathematics,Limited capacity is the finite combinatorial model behind the intuition.
m-finite-hall-return,A finite hall that cannot keep admitting disjoint crowds,invariant-measure,Invariant measure for a dynamical map,Dynamical systems,The group sizes in the analogy correspond to measures preserved under evolution.
m-finite-hall-return,A finite hall that cannot keep admitting disjoint crowds,liouville-phase-volume,Liouville's phase-volume theorem,Mathematical physics,A finite invariant Hamiltonian region supplies the preserved phase volume needed for recurrence.
m-several-controls-one-machine,Several people adjusting the same machine,best-response-correspondence,Best-response correspondence,Game theory,Each person optimizes their own dial while all other settings are held fixed.
m-several-controls-one-machine,Several people adjusting the same machine,nash-equilibrium,Nash equilibrium,Game theory,A settled profile has no profitable unilateral adjustment.
m-several-controls-one-machine,Several people adjusting the same machine,coordinate-descent,Coordinate descent,Optimization,A common objective makes coordinate changes part of one optimization problem.
m-several-controls-one-machine,Several people adjusting the same machine,exact-potential-game,Exact potential game,Game theory,The potential aligns unilateral utility differences with one scalar difference.
m-traffic-light-recommendations,A traffic light as a correlated plan,correlated-equilibrium,Correlated equilibrium inequalities,Game theory,Each driver prefers to obey after observing their own recommendation.
m-traffic-light-recommendations,A traffic light as a correlated plan,coarse-correlated-equilibrium,Coarse correlated equilibrium,Game theory,Only a fixed deviation chosen before the recommendation is tested.
m-traffic-light-recommendations,A traffic light as a correlated plan,nash-equilibrium,Nash equilibrium,Game theory,Mixed Nash randomization uses independent player strategies in the finite normal-form model.
m-traffic-light-recommendations,A traffic light as a correlated plan,conditional-probability,Conditional probability,Probability,Observing a recommendation changes the distribution of the other driver's action.
m-running-congestion-tab,The running tab on a crowded resource,rosenthal-potential,Rosenthal potential for congestion games,Game theory,The cumulative resource-cost sum changes by the switching player's cost difference.
m-running-congestion-tab,The running tab on a crowded resource,beckmann-routing-potential,Beckmann potential for nonatomic routing,Game theory,The continuous-flow analogue integrates each edge's travel cost.
m-running-congestion-tab,The running tab on a crowded resource,finite-difference,Forward finite difference,Foundations,One additional user is measured by a discrete difference of the accumulated cost.
m-running-congestion-tab,The running tab on a crowded resource,fundamental-theorem-calculus,Fundamental theorem of calculus,Calculus,An infinitesimal increase in flow is measured by the derivative of the integrated cost.
m-arrival-order-credit,Giving credit by averaging arrival orders,shapley-value,Shapley value,Game theory,Each player's credit is their average marginal contribution across all orders.
m-arrival-order-credit,Giving credit by averaging arrival orders,arithmetic-mean,Arithmetic mean,Foundations,The averaging is exactly uniform over n! permutations.
m-arrival-order-credit,Giving credit by averaging arrival orders,factorial-permutations,Permutations and falling factorials,Discrete mathematics,Factorials count the orders and the probability of a given predecessor coalition.
m-arrival-order-credit,Giving credit by averaging arrival orders,telescoping-sum,Telescoping sum,Foundations,Adding all incremental contributions in one order recovers the team's final worth.
m-invoice-for-displacement,An invoice for the alternatives you displace,vcg-externality-payment,Vickrey–Clarke–Groves externality payment,Game theory,The invoice is a finite difference between others' best possible welfare and their welfare at the selected outcome.
m-invoice-for-displacement,An invoice for the alternatives you displace,vickrey-auction,Second-price auction payment,Game theory,"With one item, the displaced alternative is the next-highest bid."
m-invoice-for-displacement,An invoice for the alternatives you displace,myerson-payment-identity,Myerson's single-parameter payment identity,Game theory,A threshold allocation generates its critical truthful payment through the allocation integral.
m-invoice-for-displacement,An invoice for the alternatives you displace,lagrangian-dual,Lagrangian dual function,Optimization,"Shadow prices offer a related marginal-sensitivity view, with different local assumptions."
m-gains-above-the-floor,Sharing gains above a disagreement floor,nash-bargaining-solution,Nash bargaining solution,Game theory,The disagreement vector sets the baseline from which gains are measured.
m-gains-above-the-floor,Sharing gains above a disagreement floor,geometric-mean,Geometric mean,Foundations,"For a fixed number of positive gains, maximizing their geometric mean gives the same solution."
m-gains-above-the-floor,Sharing gains above a disagreement floor,am-gm,Arithmetic–geometric mean inequality,Foundations,A fixed symmetric total gain has maximal product when gains are equal.
m-gains-above-the-floor,Sharing gains above a disagreement floor,logarithm-laws,Logarithm laws,Foundations,The product objective becomes an additive sum of log gains.
m-translator-with-preserved-answers,A translator that preserves the answer,many-one-reduction,Computable many-one reduction,Computability,The translation preserves the yes/no answer on every input.
m-translator-with-preserved-answers,A translator that preserves the answer,polynomial-time-reduction,Polynomial-time many-one reduction,Computability,The translation is efficient enough that a fast target solver remains useful.
m-translator-with-preserved-answers,A translator that preserves the answer,function-composition,Composition of functions,Foundations,Translator followed by solver is the composed source-solving procedure.
m-translator-with-preserved-answers,A translator that preserves the answer,cook-levin-theorem,Cook–Levin theorem,Computability,A bounded accepting computation is translated into a satisfiable Boolean formula.
m-one-interpreter-many-recipes,"One interpreter, many recipes",universal-computation,Universal simulation,Computability,The same evaluator simulates different encoded machines.
m-one-interpreter-many-recipes,"One interpreter, many recipes",turing-transition,Turing-machine transition rule,Computability,A finite transition rule executes an arbitrarily long encoded computation.
m-one-interpreter-many-recipes,"One interpreter, many recipes",kolmogorov-invariance,Kolmogorov invariance under description language,Computability,A fixed interpreter contributes constant description overhead.
m-one-interpreter-many-recipes,"One interpreter, many recipes",function-composition,Composition of functions,Foundations,The interpreter's behavior composes with the supplied program's behavior.
m-prediction-that-flips-itself,An instruction card that reverses its own prediction,halting-undecidability,Undecidability of the halting problem,Computability,The self-reversing behavior contradicts a total universally correct halting predictor.
m-prediction-that-flips-itself,An instruction card that reverses its own prediction,cantor-theorem,Cantor’s power-set theorem,Topology & logic,Diagonal disagreement also constructs an object missing from any proposed complete listing of a larger family.
m-prediction-that-flips-itself,An instruction card that reverses its own prediction,universal-computation,Universal simulation,Computability,"Encoded programs can be supplied as data, enabling the self-application step."
m-prediction-that-flips-itself,An instruction card that reverses its own prediction,rice-theorem,Rice's semantic undecidability theorem,Computability,Semantic undecidability extends beyond halting to every nontrivial extensional property of unrestricted program behavior.
m-checking-an-itinerary,Checking an itinerary versus finding one,np-verifier,NP as polynomially verifiable witnesses,Computability,A yes-instance has a short witness that a deterministic procedure can check efficiently.
m-checking-an-itinerary,Checking an itinerary versus finding one,cook-levin-theorem,Cook–Levin theorem,Computability,The whole computation itinerary is expressed as a collection of Boolean constraints.
m-checking-an-itinerary,Checking an itinerary versus finding one,turing-transition,Turing-machine transition rule,Computability,Neighboring computation steps must follow the finite local machine rule.
m-checking-an-itinerary,Checking an itinerary versus finding one,polynomial-time-class,Polynomial-time class P,Computability,The verification bound is measured by worst-case polynomial time.
m-maze-with-reused-notes,Exploring a maze while reusing the same notes,polynomial-space-class,Polynomial-space class PSPACE,Computability,Exponential search can still use polynomial memory when branches are explored sequentially.
m-maze-with-reused-notes,Exploring a maze while reusing the same notes,savitch-theorem,Savitch's space simulation theorem,Computability,Recursive midpoint reachability reuses space while examining alternatives.
m-maze-with-reused-notes,Exploring a maze while reusing the same notes,configuration-count-bound,Configuration bound for space-limited computation,Computability,Finite workspace bounds how many distinct machine configurations exist.
m-maze-with-reused-notes,Exploring a maze while reusing the same notes,graph-adjacency-walks,Adjacency powers count walks,Discrete mathematics,The search can be viewed as reachability in a configuration graph.
m-questions-as-binary-branches,Twenty questions and the cost of sorting,comparison-sorting-lower-bound,Comparison-sorting decision-tree bound,Computability,Sorting must distinguish every ordering of distinct keys using comparison branches.
m-questions-as-binary-branches,Twenty questions and the cost of sorting,factorial-permutations,Permutations and falling factorials,Discrete mathematics,There are n! possible total input orders.
m-questions-as-binary-branches,Twenty questions and the cost of sorting,source-coding-bound,Entropy bound for binary prefix coding,Information & signals,Binary code lengths reflect a related need to distinguish possible messages.
m-questions-as-binary-branches,Twenty questions and the cost of sorting,self-information,Self-information,Information & signals,The logarithm measures the information required to identify an event at a specified probability.
m-finite-pockets-of-memory,A machine with finitely many memory badges,dfa-acceptance,Finite-automaton acceptance,Computability,The current state is the badge summarizing the read prefix.
m-finite-pockets-of-memory,A machine with finitely many memory badges,myhill-nerode,Myhill–Nerode equivalence,Computability,Two prefixes may share a minimal badge exactly when no suffix distinguishes their acceptance behavior.
m-finite-pockets-of-memory,A machine with finitely many memory badges,regular-language-pumping,Pumping lemma for regular languages,Computability,A long accepted run repeats a badge and hence contains a repeatable loop.
m-finite-pockets-of-memory,A machine with finitely many memory badges,pigeonhole-principle,Pigeonhole principle,Discrete mathematics,Too many visited prefixes for the available states force a repetition.
m-short-labels-cannot-name-everything,Too many objects for too few short labels,kolmogorov-incompressibility,Counting incompressible strings,Computability,Short programs are too few to describe most fixed-length strings with large savings.
m-short-labels-cannot-name-everything,Too many objects for too few short labels,circuit-counting-lower-bound,Counting lower bound for Boolean circuits,Computability,Small circuits are too few to compute every Boolean truth table.
m-short-labels-cannot-name-everything,Too many objects for too few short labels,boolean-function-count,Number of Boolean functions,Computability,The number of possible n-input Boolean functions is doubly exponential.
m-short-labels-cannot-name-everything,Too many objects for too few short labels,geometric-sum,Finite geometric sum,Foundations,Summing the counts of all program lengths below a threshold bounds the number of short descriptions.
m-fresh-checks-majority,Fresh independent checks and a majority decision,randomized-majority-amplification,Majority-vote error amplification,Computability,The per-run two-thirds success guarantee gives the explicit exp(−r/18) error bound.
m-fresh-checks-majority,Fresh independent checks and a majority decision,hoeffding-inequality,Hoeffding's inequality,Probability,A concentration inequality bounds the chance the observed success average falls too low.
m-fresh-checks-majority,Fresh independent checks and a majority decision,arithmetic-mean,Arithmetic mean,Foundations,Majority voting compares the average zero–one result with one half.
m-fresh-checks-majority,Fresh independent checks and a majority decision,bpp-class,Bounded-error probabilistic polynomial time,Computability,Amplification leaves polynomial-time randomized decision power unchanged for fixed or suitably controlled target errors.
m-one-schedule-for-all-tests,Freezing one lucky schedule that passes every test,union-bound,Union bound,Probability,The sum of individual failure probabilities bounds the chance that any test fails.
m-one-schedule-for-all-tests,Freezing one lucky schedule that passes every test,adleman-bpp-circuits,Adleman's BPP-to-circuits theorem,Computability,A seed that works for every input of one length can be hardwired into a polynomial-size circuit.
m-one-schedule-for-all-tests,Freezing one lucky schedule that passes every test,randomized-majority-amplification,Majority-vote error amplification,Computability,Amplification makes each input's failure probability small enough to union-bound over exponentially many inputs.
m-one-schedule-for-all-tests,Freezing one lucky schedule that passes every test,expectation-linearity,Linearity of expectation,Probability,Counting failures by indicators offers another route to a positive-probability zero-failure conclusion when the expected count is below one.
