Formula ID,Formula,Pattern ID,Pattern,Why it fits
derivative,Derivative,local-linearization,Local linearization,The difference quotient approaches the coefficient of the best local linear model.
derivative,Derivative,limits-convergence,Limits and convergence,The slope is defined by a limit of measurements at shrinking scales.
derivative-linearity,Linearity of differentiation,linearity,Linearity,Differentiation preserves addition and scalar multiplication.
derivative-linearity,Linearity of differentiation,decomposition,Decomposition,A complicated expression can be differentiated one component at a time.
power-rule,Power rule,scaling,Scaling and homogeneity,The derivative of a degree-α power scales with degree α−1.
power-rule,Power rule,local-linearization,Local linearization,The exponent tells how sensitively a power responds locally.
exponential-derivative,Derivative of an exponential,exponential-log,Exponentials and logarithms,Exponentials turn a constant relative rate into a function.
exponential-derivative,Derivative of an exponential,scaling,Scaling and homogeneity,Differentiation multiplies this shape by a constant instead of changing its shape.
logarithmic-derivative,Logarithmic derivative,exponential-log,Exponentials and logarithms,The logarithm converts multiplicative variation into additive variation.
logarithmic-derivative,Logarithmic derivative,scaling,Scaling and homogeneity,The ratio f′/f normalizes change by the present size.
trigonometric-derivatives,Derivatives of sine and cosine,symmetry-invariance,Symmetry and invariance,Circular rotation moves sine and cosine into one another.
trigonometric-derivatives,Derivatives of sine and cosine,recursion,Recursion and iteration,Repeated differentiation repeats a four-step cycle.
product-rule,Product rule,decomposition,Decomposition,The two terms isolate change in one factor at a time.
product-rule,Product rule,local-linearization,Local linearization,The second-order product of increments is discarded in the limiting first-order model.
quotient-rule,Quotient rule,decomposition,Decomposition,Numerator and denominator changes make separate signed contributions.
quotient-rule,Quotient rule,scaling,Scaling and homogeneity,Normalization by the changing denominator creates the g² factor.
chain-rule,Chain rule,composition,Composition,The derivative of a composition combines the derivatives of its stages.
chain-rule,Chain rule,local-linearization,Local linearization,Composing the two local linear models multiplies their slopes.
inverse-derivative,Derivative of an inverse function,duality,Duality,Forward and inverse local sensitivities are reciprocal.
inverse-derivative,Derivative of an inverse function,change-of-coordinates,Change of coordinates,The inverse derivative converts rates back into the original coordinate.
implicit-differentiation,Implicit differentiation,local-linearization,Local linearization,The tangent constraint is F_x dx+F_y dy=0.
implicit-differentiation,Implicit differentiation,geometry-distance,Geometry and distance,The formula gives the tangent direction along a level curve.
mean-value-theorem,Mean value theorem,averaging,Averaging,A global average rate is attained by a local rate.
mean-value-theorem,Mean value theorem,local-linearization,Local linearization,Control of all local slopes bounds the total change.
lhopital-rule,L'Hôpital's rule,limits-convergence,Limits and convergence,The conclusion concerns a limiting ratio under explicit existence assumptions.
lhopital-rule,L'Hôpital's rule,local-linearization,Local linearization,Comparing local rates resolves an indeterminate global ratio.
local-linear-approximation,Local linear approximation,local-linearization,Local linearization,The leading correction is linear in h.
local-linear-approximation,Local linear approximation,scaling,Scaling and homogeneity,The error shrinks faster than the first-order scale.
taylor-polynomial,Taylor's theorem with Lagrange remainder,decomposition,Decomposition,The local behavior is decomposed into successively higher powers.
taylor-polynomial,Taylor's theorem with Lagrange remainder,local-linearization,Local linearization,"The first two terms are the tangent model, followed by curvature and higher corrections."
taylor-polynomial,Taylor's theorem with Lagrange remainder,scaling,Scaling and homogeneity,The remainder is bounded by a constant times |h|^{n+1}.
taylor-series,Taylor series of an analytic function,decomposition,Decomposition,The function is expressed in the monomial basis.
taylor-series,Taylor series of an analytic function,limits-convergence,Limits and convergence,"The infinite expansion requires convergence to the function, not merely existence of derivatives."
taylor-series,Taylor series of an analytic function,generating-functions,Generating functions,The coefficients encode an infinite sequence of local derivatives.
exponential-series,Exponential power series,exponential-log,Exponentials and logarithms,This series constructs the exponential from repeated multiplication and addition.
exponential-series,Exponential power series,recursion,Recursion and iteration,Successive coefficients satisfy a_{n+1}=a_n/(n+1).
exponential-series,Exponential power series,limits-convergence,Limits and convergence,Factorial decay yields unlimited radius of convergence.
sine-cosine-series,Sine and cosine power series,symmetry-invariance,Symmetry and invariance,Odd powers make sine odd; even powers make cosine even.
sine-cosine-series,Sine and cosine power series,decomposition,Decomposition,The exponential series splits into even and odd parts.
sine-cosine-series,Sine and cosine power series,recursion,Recursion and iteration,"The derivatives cycle, fixing the coefficient signs and factorials."
logarithm-series,Logarithm power series,accumulation,Accumulation,Integrating the geometric series produces the logarithm.
logarithm-series,Logarithm power series,exponential-log,Exponentials and logarithms,The expansion resolves multiplicative growth into additive power corrections.
logarithm-series,Logarithm power series,limits-convergence,Limits and convergence,Endpoint behavior needs a separate convergence check.
integral,Riemann integral,accumulation,Accumulation,Local contributions are added over an interval.
integral,Riemann integral,limits-convergence,Limits and convergence,A partition-independent limit replaces the finite sum.
integral,Riemann integral,linearity,Linearity,Addition of integrands adds their contributions.
integral-linearity,Linearity of integration,linearity,Linearity,The integral is a linear functional on its integrable domain.
integral-linearity,Linearity of integration,decomposition,Decomposition,An integrand can be split into simpler parts.
fundamental-theorem-calculus,Fundamental theorem of calculus,duality,Duality,Differentiation and accumulation are inverse operations up to an additive constant.
fundamental-theorem-calculus,Fundamental theorem of calculus,boundary-interior,Boundary and interior,An integral over the interval is determined by values at its endpoints.
fundamental-theorem-calculus,Fundamental theorem of calculus,accumulation,Accumulation,Local changes telescope to a total change.
integration-by-parts,Integration by parts,duality,Duality,The derivative transfers between paired factors with a minus sign.
integration-by-parts,Integration by parts,boundary-interior,Boundary and interior,Moving the derivative produces a boundary contribution.
integration-by-parts,Integration by parts,decomposition,Decomposition,The product rule separates into two integrals.
substitution-rule,Substitution in an integral,change-of-coordinates,Change of coordinates,g′ converts infinitesimal lengths between coordinates.
substitution-rule,Substitution in an integral,composition,Composition,The integrand is composed with the coordinate map.
substitution-rule,Substitution in an integral,accumulation,Accumulation,The same signed accumulation is expressed using different pieces.
integral-mean,Average value of a function,averaging,Averaging,Total contribution is divided by total interval length.
integral-mean,Average value of a function,accumulation,Accumulation,The integral is the continuous analogue of a sum.
integral-mean,Average value of a function,scaling,Scaling and homogeneity,Normalization by length makes the average have the same units as f.
mean-value-integral,Mean value theorem for integrals,averaging,Averaging,The average value is attained by the continuous function.
mean-value-integral,Mean value theorem for integrals,accumulation,Accumulation,A total integral can be represented by a constant contribution times length.
improper-integral,Improper integral on a half-line,limits-convergence,Limits and convergence,Convergence is a limit of finite integrals.
improper-integral,Improper integral on a half-line,accumulation,Accumulation,The tail is included by progressively enlarging the region.
improper-integral,Improper integral on a half-line,scaling,Scaling and homogeneity,Power-law tails have a sharp integrability threshold.
gaussian-integral,Gaussian integral,symmetry-invariance,Symmetry and invariance,Rotational symmetry simplifies the product integral.
gaussian-integral,Gaussian integral,change-of-coordinates,Change of coordinates,Polar coordinates make x²+y² into r².
gaussian-integral,Gaussian integral,scaling,Scaling and homogeneity,Rescaling x by √a explains the a^{−1/2} factor.
arc-length,Arc length of a parametrized curve,geometry-distance,Geometry and distance,The norm of each tangent displacement measures local length.
arc-length,Arc length of a parametrized curve,accumulation,Accumulation,Infinitesimal lengths are integrated.
arc-length,Arc length of a parametrized curve,change-of-coordinates,Change of coordinates,Orientation-preserving regular reparametrizations preserve the length.
trapezoidal-rule,Composite trapezoidal quadrature,averaging,Averaging,Every panel uses the arithmetic mean of its endpoint heights.
trapezoidal-rule,Composite trapezoidal quadrature,local-linearization,Local linearization,Piecewise linear interpolation replaces the curved graph.
trapezoidal-rule,Composite trapezoidal quadrature,limits-convergence,Limits and convergence,The error bound is O(h²) as the mesh shrinks.
simpson-rule,Composite Simpson quadrature,averaging,Averaging,Normalized quadrature weights form a weighted average of samples.
simpson-rule,Composite Simpson quadrature,quadratic-structure,Quadratic structure,Each local approximation is a parabola.
simpson-rule,Composite Simpson quadrature,symmetry-invariance,Symmetry and invariance,Symmetric sampling cancels an odd-order error term.
newton-method,Newton's root-finding method,local-linearization,Local linearization,Each step solves the tangent approximation of f(x)=0.
newton-method,Newton's root-finding method,recursion,Recursion and iteration,The next estimate is built from the current estimate.
newton-method,Newton's root-finding method,fixed-points,Fixed points,A root is a fixed point of the Newton update map.
integral-taylor-remainder,Integral form of the Taylor remainder,accumulation,Accumulation,The error integrates derivative information over the full segment.
integral-taylor-remainder,Integral form of the Taylor remainder,recursion,Recursion and iteration,Repeated integration by parts builds the successive Taylor coefficients.
integral-taylor-remainder,Integral form of the Taylor remainder,decomposition,Decomposition,A finite polynomial and an exact integral account for the whole function.
partial-derivative,Partial derivative,local-linearization,Local linearization,The limit measures first-order change along one axis.
partial-derivative,Partial derivative,decomposition,Decomposition,Different coordinates contribute separate sensitivities.
gradient,Gradient,local-linearization,Local linearization,The dot product converts a small displacement into predicted change.
gradient,Gradient,geometry-distance,Geometry and distance,The Euclidean inner product identifies a linear functional with a vector.
gradient,Gradient,optimization,Optimization,Negating the gradient gives the steepest local descent direction in the Euclidean norm.
directional-derivative,Directional derivative,geometry-distance,Geometry and distance,The chosen tangent direction determines the measured change.
directional-derivative,Directional derivative,local-linearization,Local linearization,"For differentiable functions, the rate is a linear function of the direction."
total-derivative,Total derivative,local-linearization,Local linearization,A linear map captures the full first-order response.
total-derivative,Total derivative,linearity,Linearity,The approximating map is additive and homogeneous in the displacement.
jacobian-matrix,Jacobian matrix,decomposition,Decomposition,Rows separate outputs and columns separate input directions.
jacobian-matrix,Jacobian matrix,local-linearization,Local linearization,"When total differentiability holds, the Jacobian maps small input changes to output changes."
jacobian-matrix,Jacobian matrix,change-of-coordinates,Change of coordinates,Jacobians describe local coordinate transformations.
multivariable-chain-rule,Multivariable chain rule,composition,Composition,The derivative respects the order of composed transformations.
multivariable-chain-rule,Multivariable chain rule,linearity,Linearity,Linear local maps combine by matrix multiplication.
multivariable-chain-rule,Multivariable chain rule,decomposition,Decomposition,The matrix product sums contributions through intermediate coordinates.
hessian,Hessian matrix,quadratic-structure,Quadratic structure,The second-order change is one half of hᵀHh.
hessian,Hessian matrix,geometry-distance,Geometry and distance,Directional curvature depends on how the displacement is oriented.
hessian,Hessian matrix,optimization,Optimization,Curvature helps classify stationary points and choose scaled updates.
multivariable-taylor,Second-order multivariable Taylor expansion,local-linearization,Local linearization,The gradient term is the first local approximation.
multivariable-taylor,Second-order multivariable Taylor expansion,quadratic-structure,Quadratic structure,The Hessian captures the next-order correction and cross-coordinate interaction.
multivariable-taylor,Second-order multivariable Taylor expansion,decomposition,Decomposition,"Value, slope and curvature account for successively finer structure."
mixed-partials,Equality of mixed partial derivatives,symmetry-invariance,Symmetry and invariance,Interchanging the two derivative directions leaves the result unchanged.
mixed-partials,Equality of mixed partial derivatives,composition,Composition,The two partial-derivative operators commute on C² functions.
inverse-function-theorem,Inverse function theorem,local-linearization,Local linearization,Invertibility of the linear approximation guarantees local nonlinear invertibility.
inverse-function-theorem,Inverse function theorem,change-of-coordinates,Change of coordinates,A nonsingular map supplies valid local coordinates.
inverse-function-theorem,Inverse function theorem,duality,Duality,Forward and inverse derivatives undo each other.
implicit-function-theorem,Implicit function theorem,local-linearization,Local linearization,A linear solve predicts how dependent coordinates must move.
implicit-function-theorem,Implicit function theorem,geometry-distance,Geometry and distance,The zero set becomes a smooth local surface.
implicit-function-theorem,Implicit function theorem,change-of-coordinates,Change of coordinates,The constraint selects a valid collection of local independent coordinates.
multiple-integral,Multiple integral as accumulation over cells,accumulation,Accumulation,Local density is multiplied by cell volume and added.
multiple-integral,Multiple integral as accumulation over cells,limits-convergence,Limits and convergence,Fine partitions approach a partition-independent total.
multiple-integral,Multiple integral as accumulation over cells,geometry-distance,Geometry and distance,Cell volumes express the geometry of the underlying domain.
change-of-variables,Multivariable change of variables,change-of-coordinates,Change of coordinates,The same integral is rewritten in a different coordinate system.
change-of-variables,Multivariable change of variables,scaling,Scaling and homogeneity,The Jacobian determinant gives local volume scaling.
change-of-variables,Multivariable change of variables,geometry-distance,Geometry and distance,Volume responds to all local stretching directions together.
polar-coordinate-integral,Integration in polar coordinates,change-of-coordinates,Change of coordinates,Cartesian position is replaced by radius and angle.
polar-coordinate-integral,Integration in polar coordinates,symmetry-invariance,Symmetry and invariance,Rotational symmetry often removes angular dependence.
polar-coordinate-integral,Integration in polar coordinates,scaling,Scaling and homogeneity,Angular lengths scale proportionally with radius.
line-integral,Line integrals of scalar and vector fields,accumulation,Accumulation,Contributions are integrated along a path.
line-integral,Line integrals of scalar and vector fields,geometry-distance,Geometry and distance,The tangent norm or dot product measures how the path samples the field.
line-integral,Line integrals of scalar and vector fields,change-of-coordinates,Change of coordinates,Regular parametrizations produce the same oriented or length-weighted integral.
gradient-theorem,Fundamental theorem for line integrals,boundary-interior,Boundary and interior,Path accumulation collapses to endpoint values.
gradient-theorem,Fundamental theorem for line integrals,conservation,Conservation and balance,Closed-loop work is zero for a gradient field.
gradient-theorem,Fundamental theorem for line integrals,composition,Composition,The chain rule differentiates φ∘γ along the path.
divergence,Divergence,accumulation,Accumulation,Directional expansion rates add to a total local source strength.
divergence,Divergence,conservation,Conservation and balance,Divergence enters balances between stored amount and net outgoing flow.
divergence,Divergence,boundary-interior,Boundary and interior,It converts infinitesimal boundary flux into a volume density.
curl,Curl in three dimensions,geometry-distance,Geometry and distance,Each component measures circulation in a perpendicular coordinate plane.
curl,Curl in three dimensions,boundary-interior,Boundary and interior,Local circulation density becomes boundary circulation after integration.
curl,Curl in three dimensions,symmetry-invariance,Symmetry and invariance,The coordinate formula represents an oriented geometric vector independent of rotations of a right-handed frame.
laplacian,Laplacian,averaging,Averaging,"For smooth functions, nearby spherical averages differ from the central value at second order by a constant times Δf."
laplacian,Laplacian,quadratic-structure,Quadratic structure,It is the trace of the second-derivative quadratic form.
laplacian,Laplacian,symmetry-invariance,Symmetry and invariance,The Euclidean Laplacian is invariant under orthogonal changes of coordinates.
surface-integral,Flux through a parametrized surface,geometry-distance,Geometry and distance,Two tangent directions determine area and its normal orientation.
surface-integral,Flux through a parametrized surface,accumulation,Accumulation,Local normal flux is summed over the surface.
surface-integral,Flux through a parametrized surface,change-of-coordinates,Change of coordinates,The cross product supplies the area conversion from parameter coordinates.
green-theorem,Green's theorem in the plane,boundary-interior,Boundary and interior,A boundary integral equals an integral of local interior circulation.
green-theorem,Green's theorem in the plane,accumulation,Accumulation,Internal contributions cancel during summation.
green-theorem,Green's theorem in the plane,conservation,Conservation and balance,Cancellation leaves only the net boundary effect.
stokes-theorem,Stokes' theorem for curl,boundary-interior,Boundary and interior,The surface curl integral is determined by boundary circulation.
stokes-theorem,Stokes' theorem for curl,accumulation,Accumulation,Local oriented circulation adds with cancellation of internal edges.
stokes-theorem,Stokes' theorem for curl,symmetry-invariance,Symmetry and invariance,Compatible orientation keeps the geometric equality independent of parametrization.
divergence-theorem,Divergence theorem,boundary-interior,Boundary and interior,An interior source integral equals boundary flux.
divergence-theorem,Divergence theorem,conservation,Conservation and balance,Net production inside a region must appear as outgoing flux.
divergence-theorem,Divergence theorem,accumulation,Accumulation,Local expansion is integrated over volume.
generalized-stokes,Generalized Stokes' theorem,boundary-interior,Boundary and interior,Exterior differentiation inside M corresponds to restriction to its boundary.
generalized-stokes,Generalized Stokes' theorem,duality,Duality,Integration pairs differentiation of forms with taking boundaries of domains.
generalized-stokes,Generalized Stokes' theorem,geometry-distance,Geometry and distance,The statement is coordinate-independent and uses orientation rather than a chosen coordinate grid.
green-first-identity,Green's first identity,boundary-interior,Boundary and interior,The cost of moving a spatial derivative is a boundary normal derivative.
green-first-identity,Green's first identity,duality,Duality,The Laplacian pairs with a gradient inner product after integration.
green-first-identity,Green's first identity,quadratic-structure,Quadratic structure,Choosing u=v produces the Dirichlet energy.
green-second-identity,Green's second identity,duality,Duality,It compares an operator acting on either side of an integral pairing.
green-second-identity,Green's second identity,symmetry-invariance,Symmetry and invariance,Suitable boundary conditions make the Laplacian symmetric under exchange of u and v.
green-second-identity,Green's second identity,boundary-interior,Boundary and interior,Boundary data exactly accounts for the failure of the interior pairings to agree.
vector-potential-identities,Curl of a gradient and divergence of a curl,composition,Composition,These pairs of differential operators compose to zero.
vector-potential-identities,Curl of a gradient and divergence of a curl,symmetry-invariance,Symmetry and invariance,Equality of mixed partials causes the cancellation.
vector-potential-identities,Curl of a gradient and divergence of a curl,conservation,Conservation and balance,A field represented as a curl has no local divergence sources.
reynolds-transport,Reynolds transport theorem,conservation,Conservation and balance,A moving control volume requires accounting for material crossing its boundary.
reynolds-transport,Reynolds transport theorem,boundary-interior,Boundary and interior,Interior time change and moving-boundary flux make separate terms.
reynolds-transport,Reynolds transport theorem,change-of-coordinates,Change of coordinates,Pulling the moving region back through its flow gives a fixed integration domain.
sequence-limit,Limit of a sequence,limits-convergence,Limits and convergence,The quantifiers make eventual closeness precise.
sequence-limit,Limit of a sequence,scaling,Scaling and homogeneity,Every positive error scale must eventually be reached.
cauchy-criterion,Cauchy criterion for convergence,limits-convergence,Limits and convergence,Pairwise tail closeness replaces reference to an unknown limit.
cauchy-criterion,Cauchy criterion for convergence,geometry-distance,Geometry and distance,The criterion uses only distances between points.
monotone-sequence-convergence,Monotone bounded sequence theorem,limits-convergence,Limits and convergence,Monotonicity plus a bound guarantees a limit.
monotone-sequence-convergence,Monotone bounded sequence theorem,accumulation,Accumulation,Nonnegative increments produce increasing partial totals.
limsup-liminf,Limit superior and limit inferior,limits-convergence,Limits and convergence,Tail envelopes generalize limits to oscillatory sequences.
limsup-liminf,Limit superior and limit inferior,decomposition,Decomposition,Upper and lower asymptotic behavior are tracked separately.
series-comparison,Comparison test for nonnegative series,accumulation,Accumulation,Termwise bounds become bounds on partial sums.
series-comparison,Comparison test for nonnegative series,limits-convergence,Limits and convergence,Bounded increasing partial sums converge.
ratio-test,Ratio test,scaling,Scaling and homogeneity,The comparison uses the relative size of consecutive terms.
ratio-test,Ratio test,limits-convergence,Limits and convergence,The limiting ratio controls a geometric tail.
ratio-test,Ratio test,recursion,Recursion and iteration,Each term is compared directly with its predecessor.
root-test,Root test and power-series radius,scaling,Scaling and homogeneity,Roots isolate the geometric growth rate of coefficients.
root-test,Root test and power-series radius,limits-convergence,Limits and convergence,A limsup yields a convergence criterion even with irregular terms.
root-test,Root test and power-series radius,exponential-log,Exponentials and logarithms,Taking nth roots is equivalent to averaging logarithmic size over n.
alternating-series-bound,Alternating series error bound,limits-convergence,Limits and convergence,Monotone shrinking oscillations converge by squeezing.
alternating-series-bound,Alternating series error bound,decomposition,Decomposition,Positive and negative contributions cancel in a controlled order.
cauchy-product,Cauchy product of absolutely convergent series,decomposition,Decomposition,Pairwise combinations are grouped by the combined index.
cauchy-product,Cauchy product of absolutely convergent series,counting,Counting,The inner sum enumerates all ways to split n into two nonnegative indices.
cauchy-product,Cauchy product of absolutely convergent series,limits-convergence,Limits and convergence,Absolute convergence permits rearranging and grouping infinite contributions.
uniform-convergence,Uniform convergence,limits-convergence,Limits and convergence,Convergence controls the worst error over the entire domain.
uniform-convergence,Uniform convergence,geometry-distance,Geometry and distance,The supremum norm measures distance between functions.
weierstrass-m-test,Weierstrass M-test,limits-convergence,Limits and convergence,A common summable tail gives uniform convergence.
weierstrass-m-test,Weierstrass M-test,accumulation,Accumulation,The worst possible contributions still have finite total size.
uniform-limit-integral,Passing a uniform limit through a finite integral,limits-convergence,Limits and convergence,Uniform convergence justifies interchanging a limit and a finite integral.
uniform-limit-integral,Passing a uniform limit through a finite integral,accumulation,Accumulation,A global error is bounded by local worst error times total length.
uniform-limit-integral,Passing a uniform limit through a finite integral,scaling,Scaling and homogeneity,The estimate scales linearly with the size of the domain.
termwise-differentiation,Termwise differentiation of a function series,limits-convergence,Limits and convergence,A uniform bound on derivative tails permits the interchange.
termwise-differentiation,Termwise differentiation of a function series,linearity,Linearity,The finite linearity of differentiation extends to a controlled infinite sum.
termwise-differentiation,Termwise differentiation of a function series,accumulation,Accumulation,Integration of the derivative series reconstructs the function from one point.
banach-fixed-point,Banach contraction theorem,fixed-points,Fixed points,The limit solves x=T(x).
banach-fixed-point,Banach contraction theorem,recursion,Recursion and iteration,The theorem controls repeated application of one update.
banach-fixed-point,Banach contraction theorem,limits-convergence,Limits and convergence,A geometric tail bound makes the iterates Cauchy and quantifies convergence.
lebesgue-integral,Integral with respect to a measure,accumulation,Accumulation,Values are weighted by the measure of the sets carrying them.
lebesgue-integral,Integral with respect to a measure,decomposition,Decomposition,Simple functions separate the range into finitely many levels.
lebesgue-integral,Integral with respect to a measure,limits-convergence,Limits and convergence,Taking a supremum of lower approximations defines the full integral.
monotone-convergence,Monotone convergence theorem,limits-convergence,Limits and convergence,Monotone approximation permits exchanging limit and integral.
monotone-convergence,Monotone convergence theorem,accumulation,Accumulation,Adding nonnegative content cannot hide cancellation.
fatou-lemma,Fatou's lemma,limits-convergence,Limits and convergence,A one-sided inequality survives without a common dominating function.
fatou-lemma,Fatou's lemma,accumulation,Accumulation,Nonnegativity prevents cancellations that would break the lower-bound argument.
dominated-convergence,Dominated convergence theorem,limits-convergence,Limits and convergence,A common integrable bound justifies interchanging limit and integral.
dominated-convergence,Dominated convergence theorem,accumulation,Accumulation,The envelope prevents uncontrolled contributions to the total.
fubini-theorem,Fubini's theorem,decomposition,Decomposition,A product domain is integrated one coordinate at a time.
fubini-theorem,Fubini's theorem,accumulation,Accumulation,The grouping order of an absolutely integrable total does not affect its value.
fubini-theorem,Fubini's theorem,symmetry-invariance,Symmetry and invariance,Exchanging the order of the two integrations preserves the result.
tonelli-theorem,Tonelli's theorem,accumulation,Accumulation,Only nonnegative mass is accumulated.
tonelli-theorem,Tonelli's theorem,decomposition,Decomposition,The integral over a product is assembled from slices.
tonelli-theorem,Tonelli's theorem,limits-convergence,Limits and convergence,"Monotone simple approximations support the interchange, including infinite totals."
lp-norm,Lp norm of a function,averaging,Averaging,"On normalized measure spaces, the norm is a power mean of |f|."
lp-norm,Lp norm of a function,geometry-distance,Geometry and distance,‖f−g‖_p measures distance between functions.
lp-norm,Lp norm of a function,scaling,Scaling and homogeneity,Multiplying a function by a scalar scales its norm by the scalar's magnitude.
holder-inequality,Hölder's inequality,duality,Duality,The conjugate exponent q supplies natural bounded pairings against Lp functions.
holder-inequality,Hölder's inequality,convexity,Convexity,Convex power inequalities underlie the bound.
holder-inequality,Hölder's inequality,scaling,Scaling and homogeneity,Both sides scale identically in f and g.
minkowski-inequality,Minkowski's inequality,geometry-distance,Geometry and distance,The inequality makes the Lp distance satisfy the triangle axiom.
minkowski-inequality,Minkowski's inequality,convexity,Convexity,Lp unit balls are convex for p≥1.
minkowski-inequality,Minkowski's inequality,decomposition,Decomposition,Bounding separate components bounds their sum.
convolution,Convolution,averaging,Averaging,A nonnegative kernel with integral one assigns normalized local weights.
convolution,Convolution,composition,Composition,Successive translation-invariant linear filters combine by convolution.
convolution,Convolution,accumulation,Accumulation,All decompositions x=(x−y)+y contribute to the result.
young-convolution-inequality,Young's convolution inequality,averaging,Averaging,A normalized smoothing kernel averages translations without enlarging Lp size.
young-convolution-inequality,Young's convolution inequality,scaling,Scaling and homogeneity,The exponent relation matches the dimensional scaling of convolution.
young-convolution-inequality,Young's convolution inequality,convexity,Convexity,Convexity and Hölder-type estimates control the averaged magnitude.
approximate-identity,Approximate identities and mollification,averaging,Averaging,The kernel gives a localized weighted average.
approximate-identity,Approximate identities and mollification,scaling,Scaling and homogeneity,ε^{−n} preserves total kernel mass as its width shrinks.
approximate-identity,Approximate identities and mollification,limits-convergence,Limits and convergence,Shrinking averages converge in Lp for finite p.
weak-derivative,Weak derivative,duality,Duality,The derivative is defined by its action inside an integral pairing.
weak-derivative,Weak derivative,boundary-interior,Boundary and interior,Compact support removes boundary terms from integration by parts.
weak-derivative,Weak derivative,limits-convergence,Limits and convergence,The definition behaves well under suitable integral-norm limits.
sobolev-norm,Sobolev norm,geometry-distance,Geometry and distance,The norm defines a distance that controls values and derivatives.
sobolev-norm,Sobolev norm,decomposition,Decomposition,Derivative orders contribute separately to total regularity.
sobolev-norm,Sobolev norm,quadratic-structure,Quadratic structure,At p=2 the squared norm comes from a Hilbert-space inner product.
distribution-derivative,Derivative of a distribution,duality,Duality,Differentiation is defined through the dual action on test functions.
distribution-derivative,Derivative of a distribution,linearity,Linearity,The derivative is a linear operation on distributions.
distribution-derivative,Derivative of a distribution,boundary-interior,Boundary and interior,Jump and boundary effects survive as singular distributions.
riesz-representation-hilbert,Riesz representation in a real Hilbert space,duality,Duality,Vectors represent continuous linear functionals.
riesz-representation-hilbert,Riesz representation in a real Hilbert space,geometry-distance,Geometry and distance,The representing vector has exactly the norm of the measurement.
riesz-representation-hilbert,Riesz representation in a real Hilbert space,orthogonality,Orthogonality,The proof identifies the one direction orthogonal to the functional's kernel.
hahn-banach,Norm-preserving Hahn–Banach extension,duality,Duality,Linear functionals provide measurements that detect vector size.
hahn-banach,Norm-preserving Hahn–Banach extension,convexity,Convexity,The unit ball supplies the convex bound respected by the extension.
hahn-banach,Norm-preserving Hahn–Banach extension,geometry-distance,Geometry and distance,The functional's norm is preserved when extending its domain.
operator-norm,Norm of a bounded linear operator,scaling,Scaling and homogeneity,It records worst-case multiplicative amplification.
operator-norm,Norm of a bounded linear operator,composition,Composition,Amplification under composition is submultiplicative.
operator-norm,Norm of a bounded linear operator,geometry-distance,Geometry and distance,The norm depends on the chosen input and output geometries.
neumann-series,Neumann series for an inverse,recursion,Recursion and iteration,Successive powers describe repeated propagation or correction.
neumann-series,Neumann series for an inverse,limits-convergence,Limits and convergence,A geometric norm bound proves convergence.
neumann-series,Neumann series for an inverse,algebraic-structure,Algebraic structure,The inverse identity uses multiplication and addition in an operator algebra.
arzela-ascoli,Arzelà–Ascoli compactness,limits-convergence,Limits and convergence,Compactness extracts a convergent subsequence.
arzela-ascoli,Arzelà–Ascoli compactness,geometry-distance,Geometry and distance,Uniform control is expressed in the supremum metric on functions.
arzela-ascoli,Arzelà–Ascoli compactness,local-linearization,Local linearization,A common Lipschitz bound is one sufficient way to control local variation uniformly.
weierstrass-approximation,Weierstrass polynomial approximation,decomposition,Decomposition,Polynomial combinations form a dense collection of building blocks.
weierstrass-approximation,Weierstrass polynomial approximation,limits-convergence,Limits and convergence,Arbitrarily small uniform error is possible.
weierstrass-approximation,Weierstrass polynomial approximation,algebraic-structure,Algebraic structure,The approximation family is closed under addition and multiplication.
parseval-series,Parseval's identity for Fourier series,orthogonality,Orthogonality,Cross-frequency terms vanish in the inner product.
parseval-series,Parseval's identity for Fourier series,conservation,Conservation and balance,Energy is preserved when passing to Fourier coefficients.
parseval-series,Parseval's identity for Fourier series,decomposition,Decomposition,All L² energy is accounted for by the complete Fourier basis.
bessel-inequality,Bessel's inequality,orthogonality,Orthogonality,Different projection components have no cross terms.
bessel-inequality,Bessel's inequality,decomposition,Decomposition,The captured components leave an orthogonal residual.
bessel-inequality,Bessel's inequality,quadratic-structure,Quadratic structure,Squared norm splits into projection energy and residual energy.
poincare-inequality,Poincaré inequality with zero boundary values,boundary-interior,Boundary and interior,Boundary constraints control interior size.
poincare-inequality,Poincaré inequality with zero boundary values,geometry-distance,Geometry and distance,The domain's size influences the constant.
poincare-inequality,Poincaré inequality with zero boundary values,quadratic-structure,Quadratic structure,Gradient energy bounds the squared L² amplitude.
pushforward-integration,Integration against a pushforward measure,change-of-coordinates,Change of coordinates,A map transfers the integration measure to its output space.
pushforward-integration,Integration against a pushforward measure,composition,Composition,Testing after transport equals testing a composed function before transport.
pushforward-integration,Integration against a pushforward measure,duality,Duality,Moving measures and composing test functions are dual operations.
radon-nikodym,Radon–Nikodym density,scaling,Scaling and homogeneity,The derivative is the factor converting reference mass into target mass.
radon-nikodym,Radon–Nikodym density,change-of-coordinates,Change of coordinates,Integrals under one measure can be rewritten using another measure and a density.
radon-nikodym,Radon–Nikodym density,duality,Duality,Measures are characterized by their integrals against measurable tests.
riesz-thorin,Riesz–Thorin interpolation,averaging,Averaging,Reciprocal exponents are weighted arithmetic averages.
riesz-thorin,Riesz–Thorin interpolation,exponential-log,Exponentials and logarithms,"The norm estimate is a weighted geometric mean, linear after taking logs."
riesz-thorin,Riesz–Thorin interpolation,convexity,Convexity,The theorem expresses a log-convex interpolation principle.
weak-form-poisson,Weak formulation of the Dirichlet Poisson problem,duality,Duality,Every test function gives an integral measurement of the equation.
weak-form-poisson,Weak formulation of the Dirichlet Poisson problem,quadratic-structure,Quadratic structure,The gradient pairing is the bilinear form associated with Dirichlet energy.
weak-form-poisson,Weak formulation of the Dirichlet Poisson problem,boundary-interior,Boundary and interior,The test space incorporates zero boundary values.
lax-milgram,Lax–Milgram theorem,duality,Duality,The bilinear form identifies a state with its response to every test vector.
lax-milgram,Lax–Milgram theorem,quadratic-structure,Quadratic structure,A positive quadratic lower bound prevents nearly invisible directions.
lax-milgram,Lax–Milgram theorem,geometry-distance,Geometry and distance,The forcing norm controls the solution norm quantitatively.
complex-derivative,Complex derivative,local-linearization,Local linearization,The local model is multiplication by one complex scalar.
complex-derivative,Complex derivative,symmetry-invariance,Symmetry and invariance,The model respects the rotation structure of complex multiplication.
complex-derivative,Complex derivative,limits-convergence,Limits and convergence,All directions of approach must give the same limit.
cauchy-riemann,Cauchy–Riemann equations,local-linearization,Local linearization,The Jacobian is constrained to the matrix of a complex multiplier.
cauchy-riemann,Cauchy–Riemann equations,symmetry-invariance,Symmetry and invariance,The constrained matrix represents rotation and uniform scaling when the derivative is nonzero.
cauchy-riemann,Cauchy–Riemann equations,algebraic-structure,Algebraic structure,The real derivative must respect multiplication by i and therefore be complex linear.
holomorphic-harmonic,Holomorphic functions have harmonic components,symmetry-invariance,Symmetry and invariance,Cauchy–Riemann symmetry forces cancellation in the Laplacian.
holomorphic-harmonic,Holomorphic functions have harmonic components,decomposition,Decomposition,One complex function separates into two coupled real harmonic fields.
holomorphic-harmonic,Holomorphic functions have harmonic components,averaging,Averaging,Each component inherits the mean-value property of harmonic functions.
complex-line-integral,Complex contour integral,accumulation,Accumulation,Complex contributions are added along an oriented path.
complex-line-integral,Complex contour integral,change-of-coordinates,Change of coordinates,A parametrization converts the contour integral to an ordinary interval integral.
complex-line-integral,Complex contour integral,composition,Composition,The field is sampled along the curve and multiplied by its tangent.
cauchy-theorem,Cauchy's integral theorem,boundary-interior,Boundary and interior,The integral around a boundary vanishes when no interior singularity obstructs it.
cauchy-theorem,Cauchy's integral theorem,conservation,Conservation and balance,Contour accumulation is unchanged under allowable path deformations.
cauchy-theorem,Cauchy's integral theorem,symmetry-invariance,Symmetry and invariance,Holomorphicity enforces cancellation of the real planar curl contributions.
cauchy-integral-formula,Cauchy's integral formula,boundary-interior,Boundary and interior,Boundary data determines the interior holomorphic function.
cauchy-integral-formula,Cauchy's integral formula,accumulation,Accumulation,A weighted contour integral reconstructs a point value.
cauchy-integral-formula,Cauchy's integral formula,duality,Duality,Point evaluation is represented by pairing with the Cauchy kernel.
cauchy-derivative-formula,Cauchy's formula for derivatives,boundary-interior,Boundary and interior,All local derivative information is recovered from boundary values.
cauchy-derivative-formula,Cauchy's formula for derivatives,recursion,Recursion and iteration,Each derivative raises the kernel power and multiplies its coefficient.
cauchy-derivative-formula,Cauchy's formula for derivatives,duality,Duality,Derivative evaluation is an integral pairing with a singular kernel outside the contour path.
cauchy-estimates,Cauchy estimates,boundary-interior,Boundary and interior,Boundary size bounds interior derivatives.
cauchy-estimates,Cauchy estimates,scaling,Scaling and homogeneity,The n-th derivative is controlled by inverse radius to the n-th power.
cauchy-estimates,Cauchy estimates,limits-convergence,Limits and convergence,Taking a radius limit can force derivatives to vanish.
laurent-series,Laurent expansion on an annulus,decomposition,Decomposition,Positive and negative powers describe different parts of the analytic behavior.
laurent-series,Laurent expansion on an annulus,limits-convergence,Limits and convergence,The annulus specifies the convergence region.
laurent-series,Laurent expansion on an annulus,boundary-interior,Boundary and interior,Contour integrals recover the expansion coefficients.
residue,Residue and the simple-pole formula,decomposition,Decomposition,One selected Laurent coefficient controls contour accumulation.
residue,Residue and the simple-pole formula,local-linearization,Local linearization,A simple zero satisfies h(z)≈h′(a)(z−a).
residue,Residue and the simple-pole formula,counting,Counting,Contour integration selects the single power with exponent −1.
residue-theorem,Residue theorem,boundary-interior,Boundary and interior,A boundary integral reads off interior singularities.
residue-theorem,Residue theorem,decomposition,Decomposition,Each isolated pole contributes independently.
residue-theorem,Residue theorem,accumulation,Accumulation,The contour integral sums local residues.
argument-principle,Argument principle,counting,Counting,Zeros and poles are counted with integer multiplicity.
argument-principle,Argument principle,boundary-interior,Boundary and interior,Boundary winding determines an interior count.
argument-principle,Argument principle,exponential-log,Exponentials and logarithms,The logarithmic derivative detects changes in argument.
rouche-theorem,Rouché's theorem,symmetry-invariance,Symmetry and invariance,The zero count is invariant under a boundary-safe deformation.
rouche-theorem,Rouché's theorem,counting,Counting,The conclusion preserves an integer number of zeros.
rouche-theorem,Rouché's theorem,boundary-interior,Boundary and interior,A boundary magnitude comparison controls an interior root count.
maximum-modulus,Maximum modulus principle,boundary-interior,Boundary and interior,Interior magnitude is bounded by boundary magnitude.
maximum-modulus,Maximum modulus principle,optimization,Optimization,A nonconstant holomorphic function cannot have an interior local maximum of its modulus.
maximum-modulus,Maximum modulus principle,averaging,Averaging,Mean-value structure rules out a strict interior magnitude peak.
liouville-theorem,Liouville's theorem for entire functions,boundary-interior,Boundary and interior,Bounds on arbitrarily large surrounding circles constrain the interior.
liouville-theorem,Liouville's theorem for entire functions,limits-convergence,Limits and convergence,Letting the circle radius tend to infinity forces zero derivative.
liouville-theorem,Liouville's theorem for entire functions,scaling,Scaling and homogeneity,Cauchy's first-derivative bound decays like inverse radius.
schwarz-lemma,Schwarz lemma,fixed-points,Fixed points,Fixing the origin anchors the comparison.
schwarz-lemma,Schwarz lemma,geometry-distance,Geometry and distance,Distance to the center cannot increase.
schwarz-lemma,Schwarz lemma,symmetry-invariance,Symmetry and invariance,Rotations are precisely the equality cases.
poisson-integral-disk,Poisson integral on the unit disk,averaging,Averaging,The Poisson kernel is nonnegative and has normalized integral one.
poisson-integral-disk,Poisson integral on the unit disk,boundary-interior,Boundary and interior,Boundary data determines the harmonic solution inside.
poisson-integral-disk,Poisson integral on the unit disk,decomposition,Decomposition,Angular Fourier modes are damped by r^{|n|}.
harmonic-mean-value,Mean-value property of harmonic functions,averaging,Averaging,The value is exactly the normalized surrounding integral.
harmonic-mean-value,Mean-value property of harmonic functions,symmetry-invariance,Symmetry and invariance,Spherical averages treat every direction equally.
harmonic-mean-value,Mean-value property of harmonic functions,boundary-interior,Boundary and interior,A central interior value is read from the surrounding boundary.
schwarz-reflection,Schwarz reflection principle,symmetry-invariance,Symmetry and invariance,Conjugation symmetry continues matching real boundary data.
schwarz-reflection,Schwarz reflection principle,boundary-interior,Boundary and interior,Boundary values allow analytic information to pass into the reflected region.
schwarz-reflection,Schwarz reflection principle,composition,Composition,Conjugating before and after evaluation preserves holomorphic orientation.
mobius-transformation,Möbius transformation,change-of-coordinates,Change of coordinates,The transformation supplies a reversible complex coordinate change.
mobius-transformation,Möbius transformation,symmetry-invariance,Symmetry and invariance,Generalized circles and cross-ratios are preserved.
mobius-transformation,Möbius transformation,composition,Composition,Composition corresponds to multiplication of 2×2 coefficient matrices up to nonzero scalar factors.
complex-logarithm,Principal complex logarithm,exponential-log,Exponentials and logarithms,The logarithm locally inverts complex exponentiation.
complex-logarithm,Principal complex logarithm,change-of-coordinates,Change of coordinates,Modulus and argument become additive radial and angular coordinates.
complex-logarithm,Principal complex logarithm,symmetry-invariance,Symmetry and invariance,A full turn changes the chosen logarithm by the period 2πi.
analytic-continuation-identity,Identity theorem for holomorphic functions,limits-convergence,Limits and convergence,An interior accumulation of zeros forces all local Taylor coefficients to vanish.
analytic-continuation-identity,Identity theorem for holomorphic functions,recursion,Recursion and iteration,Agreement extends successively through overlapping analytic neighborhoods along a path.
analytic-continuation-identity,Identity theorem for holomorphic functions,algebraic-structure,Algebraic structure,Nonzero holomorphic functions have isolated zeros with integer orders.
separable-ode,Separation of variables for a first-order ODE,decomposition,Decomposition,The right-hand side factors into a time part and a state part.
separable-ode,Separation of variables for a first-order ODE,change-of-coordinates,Change of coordinates,Integrating 1/b(y) changes the state coordinate to one with a prescribed time rate.
separable-ode,Separation of variables for a first-order ODE,accumulation,Accumulation,Both sides are integrated from the initial condition.
integrating-factor,Integrating factor for a linear ODE,exponential-log,Exponentials and logarithms,An exponential of accumulated p solves μ′=pμ.
integrating-factor,Integrating factor for a linear ODE,change-of-coordinates,Change of coordinates,The rescaled variable μy absorbs the homogeneous dynamics.
integrating-factor,Integrating factor for a linear ODE,accumulation,Accumulation,The forcing contributes through an integral weighted by the integrating factor.
exponential-growth-ode,Constant relative growth or decay,exponential-log,Exponentials and logarithms,Constant logarithmic rate integrates to an exponential.
exponential-growth-ode,Constant relative growth or decay,scaling,Scaling and homogeneity,The rate is proportional to the current amount.
exponential-growth-ode,Constant relative growth or decay,composition,Composition,Evolution over two time intervals multiplies the corresponding exponential factors.
logistic-ode,Logistic growth,fixed-points,Fixed points,The constant states 0 and K are equilibria.
logistic-ode,Logistic growth,exponential-log,Exponentials and logarithms,"For 0<y<K, log[y/(K−y)] increases linearly in time."
logistic-ode,Logistic growth,quadratic-structure,Quadratic structure,The rate combines a linear growth term and a quadratic saturation term.
linear-second-order,Constant-coefficient second-order linear equation,linearity,Linearity,Independent homogeneous modes can be superposed.
linear-second-order,Constant-coefficient second-order linear equation,exponential-log,Exponentials and logarithms,Exponentials retain their shape under differentiation.
linear-second-order,Constant-coefficient second-order linear equation,algebraic-structure,Algebraic structure,The characteristic polynomial replaces the differential operator.
damped-oscillator,Underdamped harmonic oscillator,decomposition,Decomposition,An exponential envelope multiplies a sinusoidal mode.
damped-oscillator,Underdamped harmonic oscillator,exponential-log,Exponentials and logarithms,Damping causes exponential amplitude decay.
damped-oscillator,Underdamped harmonic oscillator,quadratic-structure,Quadratic structure,The characteristic quadratic determines damping and oscillation regimes.
ode-variation-parameters,Variation of parameters for a linear system,change-of-coordinates,Change of coordinates,The substitution x=Φc removes homogeneous dynamics.
ode-variation-parameters,Variation of parameters for a linear system,accumulation,Accumulation,Forcing is integrated in the moving frame.
ode-variation-parameters,Variation of parameters for a linear system,linearity,Linearity,Initial-state and forcing responses add independently.
wronskian-abel,Abel–Liouville identity for the Wronskian,scaling,Scaling and homogeneity,The determinant records volume amplification.
wronskian-abel,Abel–Liouville identity for the Wronskian,exponential-log,Exponentials and logarithms,The scalar volume solves W′=(tr A)W.
wronskian-abel,Abel–Liouville identity for the Wronskian,conservation,Conservation and balance,A zero trace makes the solution-volume determinant constant.
picard-iteration,Picard iteration for an initial value problem,fixed-points,Fixed points,The ODE solution is a fixed point of its integral equation.
picard-iteration,Picard iteration for an initial value problem,recursion,Recursion and iteration,The previous trajectory generates the next approximation.
picard-iteration,Picard iteration for an initial value problem,accumulation,Accumulation,Integrating the rate imposes the initial condition automatically.
gronwall-inequality,Gronwall's inequality,exponential-log,Exponentials and logarithms,Accumulated proportional growth produces an exponential bound.
gronwall-inequality,Gronwall's inequality,accumulation,Accumulation,The hypothesis bounds the whole growth history by an integral.
gronwall-inequality,Gronwall's inequality,limits-convergence,Limits and convergence,The estimate controls errors between approximations or nearby solutions.
euler-method,Explicit Euler method,local-linearization,Local linearization,A tangent line supplies the next-state estimate.
euler-method,Explicit Euler method,recursion,Recursion and iteration,Each time step updates the state from the previous one.
euler-method,Explicit Euler method,limits-convergence,Limits and convergence,"Under smoothness and stability control, the fixed-interval error shrinks linearly with h."
runge-kutta-four,Classical fourth-order Runge–Kutta method,averaging,Averaging,"The final slope uses weights 1,2,2,1 normalized by 6."
runge-kutta-four,Classical fourth-order Runge–Kutta method,recursion,Recursion and iteration,Intermediate states and later time steps are built from earlier estimates.
runge-kutta-four,Classical fourth-order Runge–Kutta method,limits-convergence,Limits and convergence,The stage weights achieve fourth-order global convergence under regularity assumptions.
fourier-series,Fourier series and Fourier coefficients,orthogonality,Orthogonality,Distinct integer frequencies have zero inner product over a full period.
fourier-series,Fourier series and Fourier coefficients,decomposition,Decomposition,Frequency modes provide a complete L² coordinate system.
fourier-series,Fourier series and Fourier coefficients,averaging,Averaging,Each coefficient is an average of f times an oscillatory test function.
fejer-summation,Fejér summation by averaging Fourier partial sums,averaging,Averaging,The method takes an arithmetic mean of all partial sums up to N.
fejer-summation,Fejér summation by averaging Fourier partial sums,limits-convergence,Limits and convergence,A positive approximation kernel yields uniform convergence.
fejer-summation,Fejér summation by averaging Fourier partial sums,decomposition,Decomposition,Equivalent triangular frequency weights taper the high-frequency cutoff.
sturm-liouville,Regular Dirichlet Sturm–Liouville problem,orthogonality,Orthogonality,Distinct eigenvalues yield zero weighted inner product.
sturm-liouville,Regular Dirichlet Sturm–Liouville problem,decomposition,Decomposition,Eigenfunctions supply modes for expanding solutions.
sturm-liouville,Regular Dirichlet Sturm–Liouville problem,boundary-interior,Boundary and interior,Common boundary conditions eliminate integration-by-parts boundary terms.
laplace-transform,Unilateral Laplace transform,exponential-log,Exponentials and logarithms,The kernel combines exponential damping and oscillation.
laplace-transform,Unilateral Laplace transform,linearity,Linearity,Transforms of sums are sums of transforms.
laplace-transform,Unilateral Laplace transform,accumulation,Accumulation,The transform combines the full nonnegative-time history with a parameterized weight.
laplace-derivative,Laplace transform of a derivative,boundary-interior,Boundary and interior,The initial-value term is the surviving integration-by-parts boundary contribution.
laplace-derivative,Laplace transform of a derivative,algebraic-structure,Algebraic structure,Time differentiation becomes multiplication by the transform variable.
laplace-derivative,Laplace transform of a derivative,duality,Duality,The derivative is transferred from the signal to the exponential test kernel.
laplace-convolution,Laplace convolution theorem,composition,Composition,Serial causal linear filters multiply in the transform representation.
laplace-convolution,Laplace convolution theorem,accumulation,Accumulation,Every earlier time contributes to the current output.
laplace-convolution,Laplace convolution theorem,exponential-log,Exponentials and logarithms,The identity e^{−s(u+v)}=e^{−su}e^{−sv} separates the double integral.
heat-equation,Heat or diffusion equation,averaging,Averaging,The Laplacian drives values toward nearby averages.
heat-equation,Heat or diffusion equation,conservation,Conservation and balance,Total mass is conserved under no-flux boundaries or sufficient decay at infinity.
heat-equation,Heat or diffusion equation,scaling,Scaling and homogeneity,Time scales like length squared divided by diffusivity.
heat-kernel,Gaussian heat kernel,averaging,Averaging,The nonnegative kernel has total integral one.
heat-kernel,Gaussian heat kernel,scaling,Scaling and homogeneity,Spatial width grows like √t while height decreases like t^{−n/2}.
heat-kernel,Gaussian heat kernel,exponential-log,Exponentials and logarithms,Quadratic distance appears inside an exponential.
heat-energy-decay,L² energy decay for heat flow,quadratic-structure,Quadratic structure,Squared amplitude and squared gradients form the two energies.
heat-energy-decay,L² energy decay for heat flow,optimization,Optimization,Heat evolution descends a spatial energy landscape.
heat-energy-decay,L² energy decay for heat flow,boundary-interior,Boundary and interior,Integration by parts converts the interior Laplacian into dissipation after boundary cancellation.
wave-equation,Wave equation,conservation,Conservation and balance,Appropriate closed or homogeneous-boundary systems conserve wave energy.
wave-equation,Wave equation,quadratic-structure,Quadratic structure,The dynamics balance quadratic kinetic and gradient energies.
wave-equation,Wave equation,decomposition,Decomposition,Linear wave modes can be superposed.
dalembert-formula,D'Alembert's formula,averaging,Averaging,The displacement contribution averages two translated initial values.
dalembert-formula,D'Alembert's formula,accumulation,Accumulation,The initial velocity is integrated over the domain of dependence.
dalembert-formula,D'Alembert's formula,decomposition,Decomposition,The motion separates into left- and right-traveling waves.
wave-energy,Conservation of wave energy,conservation,Conservation and balance,The total energy is invariant in time.
wave-energy,Conservation of wave energy,quadratic-structure,Quadratic structure,The energy is a sum of squared velocity and squared spatial gradient.
wave-energy,Conservation of wave energy,decomposition,Decomposition,Kinetic and deformation contributions trade energy.
transport-equation,Constant-velocity transport,change-of-coordinates,Change of coordinates,A frame moving at velocity v removes time dependence.
transport-equation,Constant-velocity transport,conservation,Conservation and balance,Values are constant along transported trajectories.
transport-equation,Constant-velocity transport,composition,Composition,The profile is composed with the inverse translation x↦x−tv.
characteristics-method,Method of characteristics,change-of-coordinates,Change of coordinates,Moving along the flow converts the PDE into pathwise ODEs.
characteristics-method,Method of characteristics,composition,Composition,The chain rule differentiates u along a characteristic.
characteristics-method,Method of characteristics,accumulation,Accumulation,Forcing is integrated along the transported path.
duhamel-principle,Duhamel's principle,linearity,Linearity,Responses to independent forcing increments add.
duhamel-principle,Duhamel's principle,accumulation,Accumulation,All earlier forcing contributions are integrated.
duhamel-principle,Duhamel's principle,composition,Composition,The semigroup evolves each contribution through the remaining interval.
poisson-equation,Poisson boundary value problem,boundary-interior,Boundary and interior,Interior sources and boundary data jointly determine the field.
poisson-equation,Poisson boundary value problem,conservation,Conservation and balance,The Laplacian encodes a divergence balance for gradient flux.
poisson-equation,Poisson boundary value problem,optimization,Optimization,"Under the appropriate Dirichlet setting, the solution minimizes an energy minus source-work functional."
euler-lagrange,Euler–Lagrange equation,optimization,Optimization,The equation is a necessary first-order condition for a smooth extremum.
euler-lagrange,Euler–Lagrange equation,duality,Duality,Derivatives are transferred from the perturbation using integration by parts.
euler-lagrange,Euler–Lagrange equation,boundary-interior,Boundary and interior,"Fixed endpoints eliminate the boundary term, leaving an interior condition."
beltrami-identity,Beltrami identity,conservation,Conservation and balance,The displayed quantity stays constant along a stationary curve.
beltrami-identity,Beltrami identity,symmetry-invariance,Symmetry and invariance,Absence of explicit t-dependence expresses translation symmetry in t.
beltrami-identity,Beltrami identity,decomposition,Decomposition,A second-order equation is reduced to a conserved first-order relation.
hamilton-equations,Hamilton's equations,duality,Duality,Position and momentum are conjugate variables linked by a Legendre transformation.
hamilton-equations,Hamilton's equations,conservation,Conservation and balance,"If H has no explicit time dependence, it is constant along its own flow."
hamilton-equations,Hamilton's equations,change-of-coordinates,Change of coordinates,An invertible velocity-to-momentum map rewrites the dynamics.
noether-conservation,Noether conservation law for a configuration symmetry,symmetry-invariance,Symmetry and invariance,The Lagrangian is unchanged by a continuous family of transformations.
noether-conservation,Noether conservation law for a configuration symmetry,conservation,Conservation and balance,The associated momentum pairing stays constant in time.
noether-conservation,Noether conservation law for a configuration symmetry,duality,Duality,Momentum evaluates the infinitesimal configuration displacement.
second-variation,Second variation of a one-dimensional functional,quadratic-structure,Quadratic structure,The perturbation and its derivative enter through a quadratic form.
second-variation,Second variation of a one-dimensional functional,optimization,Optimization,Its sign gives a necessary second-order condition for a minimum.
second-variation,Second variation of a one-dimensional functional,geometry-distance,Geometry and distance,It measures curvature of a functional along directions in a function space.
rayleigh-ritz,Dirichlet Rayleigh–Ritz principle,optimization,Optimization,The lowest eigenvalue is an energy minimum.
rayleigh-ritz,Dirichlet Rayleigh–Ritz principle,quadratic-structure,Quadratic structure,The quotient compares two quadratic functionals.
rayleigh-ritz,Dirichlet Rayleigh–Ritz principle,scaling,Scaling and homogeneity,Multiplying u by a nonzero scalar leaves the quotient unchanged.
probability-axioms,Probability axioms,conservation,Conservation and balance,The entire sample space has total mass one.
probability-axioms,Probability axioms,accumulation,Accumulation,Disjoint pieces contribute additive probability.
conditional-probability,Conditional probability,scaling,Scaling and homogeneity,Renormalization makes the surviving mass sum to one.
conditional-probability,Conditional probability,information,Information and uncertainty,The event B changes what is known about A.
total-probability,Law of total probability,averaging,Averaging,Case-specific probabilities are weighted by case probabilities.
total-probability,Law of total probability,decomposition,Decomposition,A partition replaces one event calculation with disjoint cases.
bayes-rule,Bayes' rule,information,Information and uncertainty,Observed evidence revises the probability of explanations.
bayes-rule,Bayes' rule,scaling,Scaling and homogeneity,Normalization turns likelihood-weighted prior mass into posterior mass.
independence,Independence of random variables,decomposition,Decomposition,The joint law factors into its marginal laws.
independence,Independence of random variables,randomness,Randomness and distribution,Separate sources of uncertainty combine without dependence.
union-bound,Union bound,accumulation,Accumulation,Individual risk contributions are added.
union-bound,Union bound,counting,Counting,"Overlap is counted more than once, creating the inequality."
expectation,Expectation,averaging,Averaging,Values are weighted by the probability mass assigned to them.
expectation,Expectation,accumulation,Accumulation,An integral accumulates contributions across all outcomes.
expectation-linearity,Linearity of expectation,linearity,Linearity,Addition and deterministic scaling commute with expectation.
expectation-linearity,Linearity of expectation,averaging,Averaging,Each contribution can be averaged separately.
indicator-expectation,Probability as an indicator expectation,counting,Counting,Indicators translate event occurrence into numerical counts.
indicator-expectation,Probability as an indicator expectation,linearity,Linearity,Expected counts add without independence assumptions.
variance,Variance,averaging,Averaging,Squared deviations are averaged over the distribution.
variance,Variance,quadratic-structure,Quadratic structure,The squared distance expands into a second moment minus a squared mean.
variance-affine,Variance under affine change,scaling,Scaling and homogeneity,Variance has squared units.
variance-affine,Variance under affine change,symmetry-invariance,Symmetry and invariance,Translation changes the mean while leaving variance fixed.
variance-sum,Variance of a sum,quadratic-structure,Quadratic structure,Expanding a square produces diagonal and cross terms.
variance-sum,Variance of a sum,decomposition,Decomposition,The total splits into individual variation and shared variation.
covariance,Covariance,averaging,Averaging,Centered products are averaged across outcomes.
covariance,Covariance,orthogonality,Orthogonality,Zero covariance means centered variables are orthogonal in L2.
correlation,Pearson correlation,geometry-distance,Geometry and distance,Normalized inner products encode angles.
correlation,Pearson correlation,scaling,Scaling and homogeneity,Positive rescaling leaves correlation unchanged.
covariance-matrix-transform,Covariance under a linear map,change-of-coordinates,Change of coordinates,Uncertainty changes predictably when coordinates change.
covariance-matrix-transform,Covariance under a linear map,quadratic-structure,Quadratic structure,The covariance matrix controls variance in every direction.
conditional-expectation,Conditional expectation,averaging,Averaging,"Information groups outcomes, and each group receives its conditional average."
conditional-expectation,Conditional expectation,orthogonality,Orthogonality,In L2 the unpredictable residual is orthogonal to all known square-integrable quantities.
tower-property,Tower property,composition,Composition,Nested conditional averaging collapses to the coarser operator.
tower-property,Tower property,averaging,Averaging,Averages of correctly weighted averages preserve the overall mean.
total-variance,Law of total variance,decomposition,Decomposition,Overall spread separates into within-group and between-group parts.
total-variance,Law of total variance,orthogonality,Orthogonality,The prediction and its residual have zero cross term.
jensen-inequality,Jensen's inequality,convexity,Convexity,A convex graph lies above its supporting averages.
jensen-inequality,Jensen's inequality,averaging,Averaging,The inequality compares the order of averaging and transformation.
markov-inequality,Markov's inequality,averaging,Averaging,The mean limits the amount of mass that can lie far to the right.
markov-inequality,Markov's inequality,randomness,Randomness and distribution,A moment bound becomes a probability bound.
chebyshev-inequality,Chebyshev's inequality,quadratic-structure,Quadratic structure,Squared deviation converts a two-sided event into a nonnegative variable.
chebyshev-inequality,Chebyshev's inequality,scaling,Scaling and homogeneity,Only distance measured relative to standard deviation matters.
chernoff-bound,Exponential Chernoff bound,exponential-log,Exponentials and logarithms,An exponential converts additive deviations into multiplicative penalties.
chernoff-bound,Exponential Chernoff bound,optimization,Optimization,Choosing the best tilting parameter sharpens the bound.
hoeffding-inequality,Hoeffding's inequality,exponential-log,Exponentials and logarithms,Tail probabilities decay at an exponential rate.
hoeffding-inequality,Hoeffding's inequality,averaging,Averaging,Independent bounded averages concentrate as sample size grows.
law-large-numbers,Strong law of large numbers,averaging,Averaging,Repeated observations produce a stable empirical mean.
law-large-numbers,Strong law of large numbers,limits-convergence,Limits and convergence,The assertion concerns the limiting behavior of an infinite sequence.
central-limit-theorem,Central limit theorem,averaging,Averaging,The theorem describes fluctuations of sample averages.
central-limit-theorem,Central limit theorem,scaling,Scaling and homogeneity,The square-root normalization preserves a nontrivial limiting spread.
central-limit-theorem,Central limit theorem,limits-convergence,Limits and convergence,The Gaussian law emerges as a distributional limit.
moment-generating-function,Moment generating function,generating-functions,Generating functions,Derivatives extract numerical features of the distribution.
moment-generating-function,Moment generating function,exponential-log,Exponentials and logarithms,The exponential kernel converts independent sums into products.
characteristic-function,Characteristic function,generating-functions,Generating functions,The transform determines the entire probability law.
characteristic-function,Characteristic function,exponential-log,Exponentials and logarithms,Independent sums become products of frequency responses.
cumulant-generating-function,Cumulant generating function,exponential-log,Exponentials and logarithms,A logarithm turns transform products into sums.
cumulant-generating-function,Cumulant generating function,decomposition,Decomposition,Cumulants separate additive contributions to a distribution.
probability-generating-function,Probability generating function,generating-functions,Generating functions,Power-series coefficients encode individual count probabilities.
probability-generating-function,Probability generating function,counting,Counting,Multiplication collects ways to obtain the same total count.
bernoulli-distribution,Bernoulli distribution,randomness,Randomness and distribution,One binary choice is the elementary building block.
bernoulli-distribution,Bernoulli distribution,averaging,Averaging,The long-run fraction of ones estimates p.
binomial-distribution,Binomial distribution,counting,Counting,The binomial coefficient counts success arrangements.
binomial-distribution,Binomial distribution,randomness,Randomness and distribution,Independent binary trials generate the count law.
poisson-distribution,Poisson distribution,counting,Counting,The random variable records how many events occur.
poisson-distribution,Poisson distribution,exponential-log,Exponentials and logarithms,The exponential factor normalizes factorial-weighted count probabilities.
geometric-distribution,Geometric waiting time,recursion,Recursion and iteration,"After a failure, the experiment restarts in the same state."
geometric-distribution,Geometric waiting time,exponential-log,Exponentials and logarithms,Waiting probabilities decay geometrically.
negative-binomial-distribution,Negative binomial distribution,counting,Counting,The combinatorial factor counts allowed success positions.
negative-binomial-distribution,Negative binomial distribution,accumulation,Accumulation,Waiting for r successes adds r independent one-success waiting periods.
hypergeometric-distribution,Hypergeometric distribution,counting,Counting,Favorable subsets are divided by all equally likely subsets.
hypergeometric-distribution,Hypergeometric distribution,randomness,Randomness and distribution,Sampling without replacement introduces dependence.
uniform-distribution,Continuous uniform distribution,symmetry-invariance,Symmetry and invariance,Reflection about the midpoint leaves the law unchanged.
uniform-distribution,Continuous uniform distribution,averaging,Averaging,Expectations are normalized integrals over the interval.
exponential-distribution,Exponential waiting time,exponential-log,Exponentials and logarithms,Survival decays exponentially with elapsed time.
exponential-distribution,Exponential waiting time,recursion,Recursion and iteration,The conditional remaining wait has the original law.
normal-distribution,Normal distribution,quadratic-structure,Quadratic structure,The log density is a negative quadratic.
normal-distribution,Normal distribution,symmetry-invariance,Symmetry and invariance,The density is symmetric around its mean.
normal-distribution,Normal distribution,exponential-log,Exponentials and logarithms,Exponentiating a squared-distance penalty produces Gaussian tails.
gamma-distribution,Gamma distribution,accumulation,Accumulation,Integer shapes arise by adding independent exponential waiting times.
gamma-distribution,Gamma distribution,scaling,Scaling and homogeneity,Changing the rate rescales time.
beta-distribution,Beta distribution,randomness,Randomness and distribution,The random quantity is itself a possible probability or proportion.
beta-distribution,Beta distribution,exponential-log,Exponentials and logarithms,Powers become linear sufficient-statistic terms after taking logs.
multivariate-normal,Multivariate normal density,quadratic-structure,Quadratic structure,The exponent is a covariance-weighted quadratic distance.
multivariate-normal,Multivariate normal density,change-of-coordinates,Change of coordinates,Whitening converts the ellipsoid into a spherical normal law.
density-change-variables,Density under a change of variables,change-of-coordinates,Change of coordinates,The Jacobian converts density between coordinate systems.
density-change-variables,Density under a change of variables,conservation,Conservation and balance,The probability assigned to corresponding regions is preserved.
tail-sum-expectation,Tail integral formula,accumulation,Accumulation,Each level contributes the probability that the variable reaches it.
tail-sum-expectation,Tail integral formula,decomposition,Decomposition,A nonnegative value is decomposed into stacked indicator layers.
sum-independent-densities,Density of an independent sum,accumulation,Accumulation,All decompositions of the same total contribute.
sum-independent-densities,Density of an independent sum,composition,Composition,The operation composes independent additive uncertainty.
markov-chain,Markov chain transition law,recursion,Recursion and iteration,The same one-step rule generates the entire sequence.
markov-chain,Markov chain transition law,randomness,Randomness and distribution,State transitions are chosen according to probability weights.
chapman-kolmogorov,Chapman-Kolmogorov equation,composition,Composition,Successive transitions compose by matrix multiplication.
chapman-kolmogorov,Chapman-Kolmogorov equation,averaging,Averaging,Each intermediate state contributes its conditional probability weighted by its chance.
stationary-distribution,Stationary distribution,fixed-points,Fixed points,The probability update leaves pi unchanged.
stationary-distribution,Stationary distribution,conservation,Conservation and balance,Probability flow redistributes mass without changing the stationary profile.
detailed-balance,Detailed balance,symmetry-invariance,Symmetry and invariance,Forward and reversed transitions have matching probability flow.
detailed-balance,Detailed balance,conservation,Conservation and balance,Pairwise balance implies global mass balance.
markov-reward-bellman,Discounted Markov reward equation,fixed-points,Fixed points,Value is unchanged by the Bellman update.
markov-reward-bellman,Discounted Markov reward equation,averaging,Averaging,P averages successor-state values.
markov-reward-bellman,Discounted Markov reward equation,accumulation,Accumulation,The series adds discounted rewards over time.
absorbing-chain-fundamental-matrix,Fundamental matrix of an absorbing chain,accumulation,Accumulation,Summing k-step visit probabilities counts expected visits.
absorbing-chain-fundamental-matrix,Fundamental matrix of an absorbing chain,generating-functions,Generating functions,The matrix geometric series packages all possible path lengths.
poisson-process,Poisson process increments,accumulation,Accumulation,Counts increase by adding arrivals across intervals.
poisson-process,Poisson process increments,randomness,Randomness and distribution,Disjoint intervals contain independent random counts.
poisson-thinning,Independent thinning of a Poisson process,decomposition,Decomposition,One event stream splits into disjoint labeled streams.
poisson-thinning,Independent thinning of a Poisson process,scaling,Scaling and homogeneity,Independent retention multiplies the rate by p.
martingale,Martingale property,averaging,Averaging,The current value is the conditional average of the next value.
martingale,Martingale property,conservation,Conservation and balance,Expected value is preserved over deterministic time steps.
optional-stopping-bounded,Optional stopping for bounded times,conservation,Conservation and balance,Expected value survives an admissible random stopping rule.
optional-stopping-bounded,Optional stopping for bounded times,information,Information and uncertainty,A stopping decision cannot look into future increments.
brownian-motion,Brownian motion covariance and increments,accumulation,Accumulation,Independent increments build the entire path.
brownian-motion,Brownian motion covariance and increments,quadratic-structure,Quadratic structure,Variance grows linearly in elapsed time.
brownian-scaling,Brownian scaling,scaling,Scaling and homogeneity,Time and displacement use different scaling exponents.
brownian-scaling,Brownian scaling,symmetry-invariance,Symmetry and invariance,The rescaled process has the same Brownian law.
ito-isometry,Ito isometry,orthogonality,Orthogonality,Nonoverlapping martingale increments have zero expected cross products.
ito-isometry,Ito isometry,accumulation,Accumulation,Local variance contributions add through time.
ito-formula,Ito's formula,local-linearization,Local linearization,A Taylor expansion retains the quadratic noise term.
ito-formula,Ito's formula,quadratic-structure,Quadratic structure,Brownian increments have nonzero accumulated squared variation.
geometric-brownian-motion,Geometric Brownian motion,exponential-log,Exponentials and logarithms,Logarithms turn proportional changes into additive increments.
geometric-brownian-motion,Geometric Brownian motion,scaling,Scaling and homogeneity,Both drift and noise amplitude are proportional to current size.
ornstein-uhlenbeck,Ornstein-Uhlenbeck process,fixed-points,Fixed points,The deterministic drift pulls toward its equilibrium theta.
ornstein-uhlenbeck,Ornstein-Uhlenbeck process,accumulation,Accumulation,The solution adds exponentially weighted past noise.
fokker-planck,Fokker-Planck equation,conservation,Conservation and balance,The equation redistributes probability through a flux.
fokker-planck,Fokker-Planck equation,duality,Duality,The density equation is adjoint to the generator acting on observables.
empirical-distribution,Empirical distribution function,averaging,Averaging,Each observation receives equal empirical weight.
empirical-distribution,Empirical distribution function,counting,Counting,The CDF counts observations satisfying a threshold event.
sample-variance,Unbiased sample variance,quadratic-structure,Quadratic structure,Spread is measured with squared residuals.
sample-variance,Unbiased sample variance,decomposition,Decomposition,Centering removes the one-dimensional constant component.
standard-error-mean,Standard error of the sample mean,averaging,Averaging,Independent averaging reduces variability.
standard-error-mean,Standard error of the sample mean,scaling,Scaling and homogeneity,The square-root law determines how precision grows with sample size.
bias-variance-decomposition,Bias-variance decomposition,decomposition,Decomposition,Total error separates into variance and squared bias.
bias-variance-decomposition,Bias-variance decomposition,orthogonality,Orthogonality,Centered random fluctuation has zero inner product with a constant.
least-squares,Least squares,optimization,Optimization,The fitted parameters minimize a defined loss.
least-squares,Least squares,orthogonality,Orthogonality,"At a solution, the residual is perpendicular to every model direction."
least-squares,Least squares,quadratic-structure,Quadratic structure,The objective is a sum of squared deviations.
normal-equations,Least-squares normal equations,orthogonality,Orthogonality,X-transpose times the residual is zero.
normal-equations,Least-squares normal equations,linearity,Linearity,Quadratic minimization reduces to solving a linear system.
simple-linear-regression,Simple linear regression coefficients,averaging,Averaging,The fitted line passes through the point of sample means.
simple-linear-regression,Simple linear regression coefficients,quadratic-structure,Quadratic structure,The slope balances a cross-product sum against a squared-distance sum.
gauss-markov,Gauss-Markov covariance bound,optimization,Optimization,OLS is optimal within the stated class of estimators.
gauss-markov,Gauss-Markov covariance bound,orthogonality,Orthogonality,The competing estimator's extra component adds a positive-semidefinite covariance.
weighted-least-squares,Weighted least squares,averaging,Averaging,A constant fit becomes a precision-weighted mean.
weighted-least-squares,Weighted least squares,geometry-distance,Geometry and distance,W changes the metric used to measure errors.
ridge-regression,Ridge regression,optimization,Optimization,Fit error and coefficient size are balanced in one objective.
ridge-regression,Ridge regression,quadratic-structure,Quadratic structure,Adding positive curvature stabilizes the quadratic problem.
lasso-regression,Lasso regression,optimization,Optimization,The method balances residual fit against coefficient magnitude.
lasso-regression,Lasso regression,convexity,Convexity,The objective remains convex despite corners that promote zeros.
maximum-likelihood,Maximum likelihood estimation,optimization,Optimization,Parameters maximize the model's support for the observed sample.
maximum-likelihood,Maximum likelihood estimation,exponential-log,Exponentials and logarithms,Log likelihood adds contributions that multiply in the likelihood.
maximum-a-posteriori,Maximum a posteriori estimation,optimization,Optimization,A posterior mode minimizes a sum of losses.
maximum-a-posteriori,Maximum a posteriori estimation,information,Information and uncertainty,Data and prior assumptions jointly determine the estimate.
score-function,Likelihood score,local-linearization,Local linearization,A derivative measures local changes in log likelihood.
score-function,Likelihood score,averaging,Averaging,Normalization forces the expected score to vanish under regularity.
fisher-information,Fisher information,quadratic-structure,Quadratic structure,Information is a second-moment matrix and curvature matrix.
fisher-information,Fisher information,information,Information and uncertainty,It quantifies local distinguishability of model parameters.
cramer-rao,Cramer-Rao lower bound,information,Information and uncertainty,More Fisher information permits a smaller variance bound.
cramer-rao,Cramer-Rao lower bound,geometry-distance,Geometry and distance,Cauchy-Schwarz limits how strongly an estimator can align with the score.
method-moments,Method of moments,averaging,Averaging,Sample moments estimate population averages.
method-moments,Method of moments,composition,Composition,A parameter-to-moments map is inverted to recover parameters.
sufficient-statistic,Neyman-Fisher factorization,information,Information and uncertainty,The statistic retains all parameter-relevant information.
sufficient-statistic,Neyman-Fisher factorization,decomposition,Decomposition,The likelihood separates into a parameter-bearing factor and a parameter-free factor.
rao-blackwell,Rao-Blackwell improvement,averaging,Averaging,Conditional averaging removes irrelevant random variation.
rao-blackwell,Rao-Blackwell improvement,optimization,Optimization,The estimator's variance cannot increase.
beta-binomial-update,Beta-binomial conjugate update,recursion,Recursion and iteration,Each new success or failure increments one parameter.
beta-binomial-update,Beta-binomial conjugate update,averaging,Averaging,Posterior mean is a weighted blend of prior mean and empirical proportion.
normal-normal-update,Normal-normal conjugate update,averaging,Averaging,The posterior mean is precision weighted.
normal-normal-update,Normal-normal conjugate update,quadratic-structure,Quadratic structure,Multiplying Gaussian densities adds their quadratic log penalties.
posterior-predictive,Posterior predictive distribution,averaging,Averaging,Predictions are mixed using posterior weights.
posterior-predictive,Posterior predictive distribution,information,Information and uncertainty,Uncertainty about parameters remains part of predictive uncertainty.
student-t-pivot,Student t pivot,scaling,Scaling and homogeneity,Standardization removes the unknown location and scale.
student-t-pivot,Student t pivot,randomness,Randomness and distribution,Estimating the denominator changes the reference distribution.
chi-squared-variance-pivot,Chi-squared pivot for normal variance,orthogonality,Orthogonality,Independent Gaussian residual coordinates contribute separate squared lengths.
chi-squared-variance-pivot,Chi-squared pivot for normal variance,quadratic-structure,Quadratic structure,A chi-squared variable is a sum of squared standard normals.
t-mean-confidence-interval,Exact t interval for a normal mean,duality,Duality,An acceptance region for a test becomes a confidence set for parameters.
t-mean-confidence-interval,Exact t interval for a normal mean,scaling,Scaling and homogeneity,Interval width is a quantile times the estimated standard error.
delta-method,Delta method,local-linearization,Local linearization,The Jacobian approximates the transformation near the target.
delta-method,Delta method,change-of-coordinates,Change of coordinates,Covariance is transported through the local linear map.
bootstrap-estimate,Bootstrap estimate of standard error,randomness,Randomness and distribution,Simulation creates repeated versions of the sampling experiment.
bootstrap-estimate,Bootstrap estimate of standard error,recursion,Recursion and iteration,A statistic is repeatedly applied to resampled versions of the data.
neyman-pearson,Neyman-Pearson likelihood-ratio test,optimization,Optimization,The test maximizes power subject to a type-I error budget.
neyman-pearson,Neyman-Pearson likelihood-ratio test,information,Information and uncertainty,Likelihood ratios rank how strongly outcomes distinguish two models.
likelihood-ratio-test,Wilks' likelihood-ratio limit,local-linearization,Local linearization,A local quadratic likelihood expansion controls the limit.
likelihood-ratio-test,Wilks' likelihood-ratio limit,geometry-distance,Geometry and distance,The difference measures a squared distance to the constrained model.
p-value,Tail-area p-value,scaling,Scaling and homogeneity,"Tail probability maps a statistic onto a common [0,1] scale."
p-value,Tail-area p-value,information,Information and uncertainty,Evidence is evaluated relative to a specified null model.
pearson-chi-squared,Pearson chi-squared goodness-of-fit statistic,quadratic-structure,Quadratic structure,The statistic adds standardized squared discrepancies.
pearson-chi-squared,Pearson chi-squared goodness-of-fit statistic,counting,Counting,Category frequencies are compared with model counts.
anova-decomposition,ANOVA sum-of-squares decomposition,decomposition,Decomposition,Variation separates into within-group and between-group parts.
anova-decomposition,ANOVA sum-of-squares decomposition,orthogonality,Orthogonality,"Within-group residuals sum to zero, canceling the cross term."
logistic-regression,Logistic regression model,exponential-log,Exponentials and logarithms,Linear changes in log odds become multiplicative changes in odds.
logistic-regression,Logistic regression model,composition,Composition,A nonlinear link transforms a linear score into a probability.
exponential-family,Exponential family and log partition function,exponential-log,Exponentials and logarithms,A log partition function normalizes exponential weights.
exponential-family,Exponential family and log partition function,information,Information and uncertainty,T collects the data summaries that carry parameter information.
em-algorithm,Expectation-maximization algorithm,averaging,Averaging,The E-step averages over latent explanations.
em-algorithm,Expectation-maximization algorithm,optimization,Optimization,The M-step improves an objective touching the current likelihood.
em-algorithm,Expectation-maximization algorithm,recursion,Recursion and iteration,Alternating updates repeatedly refine the same model.
kalman-update,Kalman measurement update,averaging,Averaging,The scalar case is a precision-weighted blend of prior and measurement.
kalman-update,Kalman measurement update,recursion,Recursion and iteration,The posterior can become the prior for the next measurement.
principal-component-analysis,Principal component variance maximization,optimization,Optimization,The first component maximizes retained variance under a unit-length constraint.
principal-component-analysis,Principal component variance maximization,orthogonality,Orthogonality,A symmetric covariance matrix supplies perpendicular component directions.
convexity-definition,Convex function inequality,averaging,Averaging,The inequality compares the cost of an average with the average cost.
convexity-definition,Convex function inequality,convexity,Convexity,Every line segment obeys the same upward-curvature condition.
first-order-convexity,First-order characterization of convexity,local-linearization,Local linearization,A first-order approximation supports the whole graph from below.
first-order-convexity,First-order characterization of convexity,convexity,Convexity,Local derivative information becomes a global inequality.
second-order-convexity,Second-order characterization of convexity,quadratic-structure,Quadratic structure,Directional curvature is a Hessian quadratic form.
second-order-convexity,Second-order characterization of convexity,convexity,Convexity,Nonnegative curvature on every line characterizes convexity.
strong-convexity,Strong convexity inequality,convexity,Convexity,A positive curvature floor strengthens ordinary convexity.
strong-convexity,Strong convexity inequality,geometry-distance,Geometry and distance,Objective error controls squared distance from the minimizer.
smoothness-descent-lemma,Descent lemma,local-linearization,Local linearization,The quadratic term bounds the error of the tangent approximation.
smoothness-descent-lemma,Descent lemma,quadratic-structure,Quadratic structure,A quadratic upper model controls finite steps.
gradient-descent,Gradient descent,local-linearization,Local linearization,The gradient uses a local linear model of the objective.
gradient-descent,Gradient descent,recursion,Recursion and iteration,Each point is updated from the previous point by the same rule.
gradient-descent-rate,Convex gradient descent error bound,limits-convergence,Limits and convergence,The bound quantifies approach to the optimum.
gradient-descent-rate,Convex gradient descent error bound,optimization,Optimization,A step-size choice produces a certified objective guarantee.
newton-optimization,Newton step for optimization,quadratic-structure,Quadratic structure,The method optimizes a local second-order model.
newton-optimization,Newton step for optimization,change-of-coordinates,Change of coordinates,The inverse Hessian rescales the gradient by local curvature.
coordinate-descent,Coordinate descent,decomposition,Decomposition,A multivariable problem is broken into coordinate subproblems.
coordinate-descent,Coordinate descent,recursion,Recursion and iteration,Repeated local updates accumulate into a full fit.
stochastic-gradient,Stochastic gradient descent,averaging,Averaging,The noisy gradient is correct on average.
stochastic-gradient,Stochastic gradient descent,randomness,Randomness and distribution,Random subsampling replaces a full deterministic calculation.
momentum-method,Heavy-ball momentum,recursion,Recursion and iteration,The next state depends on two successive positions.
momentum-method,Heavy-ball momentum,accumulation,Accumulation,Past movement contributes to the current step.
lagrange-multipliers,Lagrange multiplier stationarity,orthogonality,Orthogonality,The objective gradient is perpendicular to feasible tangent directions.
lagrange-multipliers,Lagrange multiplier stationarity,geometry-distance,Geometry and distance,Constraint gradients describe the normal directions of the feasible surface.
lagrangian-dual,Lagrangian dual function,duality,Duality,Constraint prices create a second optimization problem.
lagrangian-dual,Lagrangian dual function,optimization,Optimization,The infimum converts an objective family into lower bounds.
weak-duality,Weak duality,duality,Duality,Primal solutions and dual bounds constrain the same optimal value.
weak-duality,Weak duality,optimization,Optimization,A gap gives an explicit certificate of solution quality.
kkt-conditions,Karush-Kuhn-Tucker conditions,duality,Duality,Primal variables and constraint prices meet in a common certificate.
kkt-conditions,Karush-Kuhn-Tucker conditions,boundary-interior,Boundary and interior,Only active boundary constraints can carry nonzero multipliers.
slater-condition,Slater's strong-duality condition,boundary-interior,Boundary and interior,Strict feasibility keeps inequalities away from a pathological boundary intersection.
slater-condition,Slater's strong-duality condition,duality,Duality,The condition guarantees equality of primal and dual optimal values.
linear-program-duality,Linear programming duality,duality,Duality,Activity variables and resource prices form paired problems.
linear-program-duality,Linear programming duality,linearity,Linearity,Both objectives and constraints are linear.
quadratic-program,Convex quadratic program,quadratic-structure,Quadratic structure,Curvature is encoded by one constant matrix.
quadratic-program,Convex quadratic program,convexity,Convexity,Positive-semidefinite curvature and linear constraints form a convex problem.
subgradient,Convex subgradient,convexity,Convexity,A subgradient defines a global supporting affine function.
subgradient,Convex subgradient,local-linearization,Local linearization,Generalized slopes extend gradients to nonsmooth functions.
proximal-operator,Proximal operator,optimization,Optimization,The update itself solves a small minimization problem.
proximal-operator,Proximal operator,geometry-distance,Geometry and distance,A quadratic distance limits how far the update moves.
soft-threshold,Soft thresholding,decomposition,Decomposition,The separable objective splits into independent scalar minimizations.
soft-threshold,Soft thresholding,optimization,Optimization,The formula exactly solves an absolute-value-penalized quadratic.
proximal-gradient,Proximal gradient method,decomposition,Decomposition,Smooth and nonsmooth terms are treated separately.
proximal-gradient,Proximal gradient method,composition,Composition,Two simple operators form one complete update.
projected-gradient,Projected gradient method,geometry-distance,Geometry and distance,Projection chooses the closest feasible correction.
projected-gradient,Projected gradient method,composition,Composition,An unconstrained step is composed with constraint enforcement.
log-sum-exp,Log-sum-exp,exponential-log,Exponentials and logarithms,Logarithms summarize sums of exponential scores.
log-sum-exp,Log-sum-exp,convexity,Convexity,Its Hessian is a positive-semidefinite categorical covariance.
softmax,Softmax weights,averaging,Averaging,The output weights can form an expectation or weighted mean.
softmax,Softmax weights,symmetry-invariance,Symmetry and invariance,Common shifts of all scores leave the normalized probabilities unchanged.
convex-conjugate,Legendre-Fenchel conjugate,duality,Duality,Positions and slopes give paired representations.
convex-conjugate,Legendre-Fenchel conjugate,optimization,Optimization,A supremum defines the transformed function.
fenchel-young,Fenchel-Young inequality,duality,Duality,The inequality links a function to its conjugate.
fenchel-young,Fenchel-Young inequality,convexity,Convexity,Equality identifies a supporting slope.
bregman-divergence,Bregman divergence,geometry-distance,Geometry and distance,The generating function determines how discrepancies are measured.
bregman-divergence,Bregman divergence,local-linearization,Local linearization,The divergence is the error in a tangent-plane approximation.
mirror-descent,Mirror descent,geometry-distance,Geometry and distance,A Bregman divergence replaces Euclidean squared distance.
mirror-descent,Mirror descent,local-linearization,Local linearization,The objective is represented by its current gradient.
minimax-von-neumann,Finite-game minimax theorem,duality,Duality,The max-min and min-max problems have the same value.
minimax-von-neumann,Finite-game minimax theorem,averaging,Averaging,Mixed strategies turn pure outcomes into expected payoffs.
self-information,Self-information,exponential-log,Exponentials and logarithms,Products of probabilities become sums of surprise.
self-information,Self-information,information,Information and uncertainty,Rarity sets the amount of surprise attributed to an outcome.
entropy,Shannon entropy,averaging,Averaging,Individual surprises are averaged using their probabilities.
entropy,Shannon entropy,information,Information and uncertainty,The mean surprise quantifies uncertainty about the outcome.
cross-entropy,Cross entropy,averaging,Averaging,Model surprise is averaged under the true or empirical outcome law.
cross-entropy,Cross entropy,decomposition,Decomposition,Total predictive surprise separates into inherent uncertainty and mismatch.
kl-divergence,Kullback-Leibler divergence,information,Information and uncertainty,The divergence quantifies predictive mismatch.
kl-divergence,Kullback-Leibler divergence,exponential-log,Exponentials and logarithms,A log ratio compares two probability assignments.
gibbs-inequality,Gibbs' inequality,convexity,Convexity,Convexity of negative log proves the inequality.
gibbs-inequality,Gibbs' inequality,optimization,Optimization,The true distribution uniquely minimizes expected log loss.
joint-entropy-chain-rule,Entropy chain rule,decomposition,Decomposition,Joint uncertainty splits into marginal and conditional uncertainty.
joint-entropy-chain-rule,Entropy chain rule,averaging,Averaging,Conditional entropy averages remaining uncertainty over observed X.
mutual-information,Mutual information,information,Information and uncertainty,The quantity measures shared predictive information.
mutual-information,Mutual information,decomposition,Decomposition,Subtracting joint uncertainty reveals the uncertainty counted twice.
conditional-mutual-information,Conditional mutual information,averaging,Averaging,Dependence is evaluated within each condition and then averaged.
conditional-mutual-information,Conditional mutual information,decomposition,Decomposition,The information chain rule separates information already explained by Z.
data-processing,Data-processing inequality,information,Information and uncertainty,A downstream representation cannot add missing source information.
data-processing,Data-processing inequality,composition,Composition,The inequality applies when one channel is composed after another.
fano-inequality,Fano's inequality,information,Information and uncertainty,Remaining entropy limits achievable decoding accuracy.
fano-inequality,Fano's inequality,decomposition,Decomposition,Separate whether an error occurred from which wrong label occurred.
maximum-entropy-uniform,Maximum entropy on a finite alphabet,symmetry-invariance,Symmetry and invariance,All labels receive the same weight at the maximum.
maximum-entropy-uniform,Maximum entropy on a finite alphabet,optimization,Optimization,Entropy is maximized under normalization alone.
differential-entropy,Differential entropy,averaging,Averaging,The negative log density is averaged under the density itself.
differential-entropy,Differential entropy,scaling,Scaling and homogeneity,Changing coordinate units shifts the entropy.
maximum-entropy-gaussian,Gaussian maximum entropy at fixed variance,optimization,Optimization,The Gaussian solves an entropy maximization problem.
maximum-entropy-gaussian,Gaussian maximum entropy at fixed variance,quadratic-structure,Quadratic structure,The fixed second moment becomes a quadratic log-density constraint.
gibbs-distribution,Gibbs distribution,exponential-log,Exponentials and logarithms,Energy differences become probability ratios through exponentials.
gibbs-distribution,Gibbs distribution,optimization,Optimization,The distribution balances mean energy against entropy.
entropy-variational-formula,Entropy variational formula for log-sum-exp,duality,Duality,Log-sum-exp and negative entropy are convex-conjugate partners.
entropy-variational-formula,Entropy variational formula for log-sum-exp,averaging,Averaging,The objective combines an expected score with entropy.
elbo,Evidence lower bound identity,decomposition,Decomposition,Log evidence separates into a tractable objective and an approximation gap.
elbo,Evidence lower bound identity,optimization,Optimization,Improving the lower bound minimizes posterior mismatch.
channel-capacity,Capacity of a discrete memoryless channel,optimization,Optimization,The sender chooses an input law to maximize information transfer.
channel-capacity,Capacity of a discrete memoryless channel,information,Information and uncertainty,Mutual information measures the usable information per channel use.
awgn-capacity,Real Gaussian channel capacity,exponential-log,Exponentials and logarithms,Information grows as the logarithm of the variance ratio.
awgn-capacity,Real Gaussian channel capacity,optimization,Optimization,The result maximizes information subject to a second-moment budget.
kraft-inequality,Kraft inequality,counting,Counting,Codewords consume disjoint portions of a binary tree.
kraft-inequality,Kraft inequality,conservation,Conservation and balance,The available tree mass sums to one.
source-coding-bound,Entropy bound for binary prefix coding,averaging,Averaging,Code efficiency is measured by probability-weighted average length.
source-coding-bound,Entropy bound for binary prefix coding,information,Information and uncertainty,Entropy is the fundamental lower bound on expected description length.
fourier-transform,Fourier transform,change-of-coordinates,Change of coordinates,A signal is represented by frequency content rather than point values.
fourier-transform,Fourier transform,linearity,Linearity,The integral transforms sums and scalar multiples linearly.
fourier-inversion,Fourier inversion,decomposition,Decomposition,The signal is rebuilt from its oscillatory components.
fourier-inversion,Fourier inversion,duality,Duality,Analysis into frequencies is paired with synthesis from frequencies.
fourier-convolution-theorem,Fourier convolution theorem,composition,Composition,Cascading convolution operations becomes multiplication of frequency responses.
fourier-convolution-theorem,Fourier convolution theorem,change-of-coordinates,Change of coordinates,The frequency representation simplifies an integral operation.
fourier-shift,Fourier translation rule,symmetry-invariance,Symmetry and invariance,Translation preserves the magnitude of every Fourier component.
fourier-shift,Fourier translation rule,exponential-log,Exponentials and logarithms,A time shift becomes a complex exponential phase factor.
fourier-modulation,Fourier modulation rule,change-of-coordinates,Change of coordinates,A multiplicative time-domain operation becomes frequency translation.
fourier-modulation,Fourier modulation rule,symmetry-invariance,Symmetry and invariance,The spectrum's shape is preserved under the shift.
fourier-scaling,Fourier scaling rule,scaling,Scaling and homogeneity,Time and frequency widths change reciprocally.
fourier-scaling,Fourier scaling rule,change-of-coordinates,Change of coordinates,A substitution in the integral produces the Jacobian factor.
fourier-differentiation,Fourier differentiation rule,change-of-coordinates,Change of coordinates,A differential operator becomes pointwise multiplication.
fourier-differentiation,Fourier differentiation rule,linearity,Linearity,Frequency components remain separate under a linear derivative.
plancherel,Plancherel identity,conservation,Conservation and balance,Total squared magnitude is preserved by the transform.
plancherel,Plancherel identity,orthogonality,Orthogonality,The transform behaves like a continuous orthonormal coordinate change.
fourier-gaussian,Fourier transform of a Gaussian,symmetry-invariance,Symmetry and invariance,The Gaussian family is preserved by Fourier transformation.
fourier-gaussian,Fourier transform of a Gaussian,scaling,Scaling and homogeneity,A wider Gaussian in one domain becomes narrower in the other.
discrete-fourier-transform,Discrete Fourier transform,change-of-coordinates,Change of coordinates,A finite signal changes to a discrete frequency basis.
discrete-fourier-transform,Discrete Fourier transform,orthogonality,Orthogonality,Discrete complex exponentials form an orthogonal basis.
dft-parseval,Parseval identity for the DFT,conservation,Conservation and balance,Total squared signal magnitude is unchanged after normalization.
dft-parseval,Parseval identity for the DFT,quadratic-structure,Quadratic structure,The identity compares sums of squared component magnitudes.
circular-convolution,Circular convolution and the DFT,composition,Composition,Frequency-wise multiplication composes cyclic convolution operations.
circular-convolution,Circular convolution and the DFT,symmetry-invariance,Symmetry and invariance,The rule respects cyclic shifts.
fft-butterfly,Radix-two FFT butterfly,recursion,Recursion and iteration,A large transform is reduced to smaller transforms of the same form.
fft-butterfly,Radix-two FFT butterfly,decomposition,Decomposition,Even and odd subsequences provide reusable partial results.
sampling-theorem,Shannon sampling theorem,decomposition,Decomposition,Shifted sinc functions rebuild the signal from sample values.
sampling-theorem,Shannon sampling theorem,information,Information and uncertainty,Bandlimiting restricts the information that must be encoded by samples.
autocorrelation,Autocorrelation of a stationary process,averaging,Averaging,Lagged products are averaged over the probability law.
autocorrelation,Autocorrelation of a stationary process,symmetry-invariance,Symmetry and invariance,Stationarity removes dependence on absolute time.
wiener-khinchin,Wiener-Khinchin relation,change-of-coordinates,Change of coordinates,Lag structure is transformed into frequency power.
wiener-khinchin,Wiener-Khinchin relation,conservation,Conservation and balance,Integrated spectral density equals total variance.
uncertainty-principle,Fourier uncertainty principle,duality,Duality,Localization is constrained across paired time and frequency descriptions.
uncertainty-principle,Fourier uncertainty principle,geometry-distance,Geometry and distance,Spread is quantified by second moments about the two centers.
linear-map,Linear map,linearity,Linearity,The defining law preserves linear combinations.
linear-map,Linear map,algebraic-structure,Algebraic structure,The map preserves addition and scalar multiplication.
matrix-product,Matrix multiplication,composition,Composition,The intermediate coordinate is summed out when maps are composed.
matrix-product,Matrix multiplication,accumulation,Accumulation,All paths through an intermediate index contribute additively.
span-basis,Basis and unique coordinates,decomposition,Decomposition,A vector separates into uniquely weighted basis directions.
span-basis,Basis and unique coordinates,change-of-coordinates,Change of coordinates,The coefficients depend on the selected basis.
rank-nullity,Rank–nullity theorem,decomposition,Decomposition,Input dimension separates into lost and transmitted dimensions.
rank-nullity,Rank–nullity theorem,conservation,Conservation and balance,The total count of independent input directions is accounted for.
dimension-sum,Dimension of a sum of subspaces,counting,Counting,The overlap is subtracted after adding the two dimensions.
dimension-sum,Dimension of a sum of subspaces,decomposition,Decomposition,A basis of the intersection can be extended to bases of both spaces.
change-of-basis,Change of basis and similarity,change-of-coordinates,Change of coordinates,The matrix changes while the linear map stays fixed.
change-of-basis,Change of basis and similarity,symmetry-invariance,Symmetry and invariance,"Trace, determinant and eigenvalues survive similarity."
determinant,Determinant,geometry-distance,Geometry and distance,For real matrices its absolute value scales volume.
determinant,Determinant,symmetry-invariance,Symmetry and invariance,Swapping two input directions reverses orientation and the determinant sign.
determinant-product,Multiplicativity of determinant,composition,Composition,Volume factors compose multiplicatively.
determinant-product,Multiplicativity of determinant,scaling,Scaling and homogeneity,Each determinant is a global scaling of oriented volume.
matrix-inverse,Inverse by the adjugate,duality,Duality,Cofactors encode complementary minors to reconstruct the inverse.
matrix-inverse,Inverse by the adjugate,algebraic-structure,Algebraic structure,Invertibility means multiplication can be undone within the matrix algebra.
cramers-rule,Cramer’s rule,decomposition,Decomposition,The solution is resolved into individual coordinates.
cramers-rule,Cramer’s rule,geometry-distance,Geometry and distance,Each coordinate is a ratio of oriented volumes.
trace,Trace,accumulation,Accumulation,Local diagonal contributions are added.
trace,Trace,symmetry-invariance,Symmetry and invariance,Similarity preserves the sum despite changing coordinates.
inner-product,Inner product,linearity,Linearity,The second slot respects linear combinations.
inner-product,Inner product,geometry-distance,Geometry and distance,Self-pairing gives squared length and zero pairing gives orthogonality.
norm,Norm axioms and induced norm,scaling,Scaling and homogeneity,Multiplying a vector by a scalar multiplies its size by the scalar magnitude.
norm,Norm axioms and induced norm,geometry-distance,Geometry and distance,"d(x,y)=‖x−y‖ turns any norm into a distance."
cauchy-schwarz,Cauchy–Schwarz inequality,geometry-distance,Geometry and distance,The inequality bounds alignment using lengths.
cauchy-schwarz,Cauchy–Schwarz inequality,quadratic-structure,Quadratic structure,Nonnegativity of a squared residual proves the bound.
parallelogram-law,Parallelogram law,quadratic-structure,Quadratic structure,Adding opposite cross terms isolates the squared lengths.
parallelogram-law,Parallelogram law,symmetry-invariance,Symmetry and invariance,Replacing y by −y exchanges diagonals without changing the total.
polarization-identity,Polarization identity over the reals,duality,Duality,Length information determines the bilinear pairing and conversely.
polarization-identity,Polarization identity over the reals,quadratic-structure,Quadratic structure,A difference of quadratic evaluations extracts the mixed term.
projection,Orthogonal projection,orthogonality,Orthogonality,The residual x−Pᵤx is perpendicular to every allowed direction.
projection,Orthogonal projection,optimization,Optimization,The projection uniquely minimizes distance to U.
orthogonal-decomposition,Orthogonal decomposition and energy split,decomposition,Decomposition,Every vector separates into two perpendicular components.
orthogonal-decomposition,Orthogonal decomposition and energy split,conservation,Conservation and balance,Squared length is fully accounted for by the two components.
gram-schmidt,Gram–Schmidt orthogonalization,recursion,Recursion and iteration,The kth step uses only previously constructed directions.
gram-schmidt,Gram–Schmidt orthogonalization,orthogonality,Orthogonality,Subtracting projections removes all previous components.
qr-decomposition,QR factorization,decomposition,Decomposition,A matrix separates into orthogonal and triangular factors.
qr-decomposition,QR factorization,orthogonality,Orthogonality,Q preserves Euclidean inner products on its input space.
bessel-inequality-finite,Bessel’s inequality for an orthonormal list,orthogonality,Orthogonality,Perpendicular components contribute independently.
bessel-inequality-finite,Bessel’s inequality for an orthonormal list,conservation,Conservation and balance,Observed energy plus residual energy equals total energy.
eigenvalue,Eigenvalues and eigenvectors,scaling,Scaling and homogeneity,The transformation is scalar multiplication along an eigenvector.
eigenvalue,Eigenvalues and eigenvectors,symmetry-invariance,Symmetry and invariance,The eigenvector line is invariant under the map.
characteristic-polynomial,Characteristic polynomial,algebraic-structure,Algebraic structure,A matrix question becomes a polynomial root question.
characteristic-polynomial,Characteristic polynomial,decomposition,Decomposition,The roots separate the possible scalar actions.
cayley-hamilton,Cayley–Hamilton theorem,recursion,Recursion and iteration,The polynomial relation reduces later matrix powers to earlier ones.
cayley-hamilton,Cayley–Hamilton theorem,algebraic-structure,Algebraic structure,Polynomial relations constrain the algebra generated by A.
diagonalization,Diagonalization,change-of-coordinates,Change of coordinates,An eigenvector basis removes coupling between coordinates.
diagonalization,Diagonalization,decomposition,Decomposition,The transformation splits into one-dimensional scalar actions.
spectral-theorem,Spectral theorem in finite dimensions,orthogonality,Orthogonality,Distinct modes can be chosen perpendicular.
spectral-theorem,Spectral theorem in finite dimensions,decomposition,Decomposition,A normal operator separates into independent eigenvalue actions.
spectral-theorem,Spectral theorem in finite dimensions,symmetry-invariance,Symmetry and invariance,Self-adjoint symmetry guarantees real observable values.
rayleigh-quotient,Rayleigh quotient,averaging,Averaging,Squared eigenbasis coordinates form nonnegative weights summing to one after normalization.
rayleigh-quotient,Rayleigh quotient,optimization,Optimization,The minimum and maximum over directions are extreme eigenvalues.
min-max-eigenvalue,Courant–Fischer min–max principle,optimization,Optimization,A nested optimization isolates each eigenvalue.
min-max-eigenvalue,Courant–Fischer min–max principle,geometry-distance,Geometry and distance,Subspace dimension forces intersection with eigenspaces.
singular-value-decomposition,Singular value decomposition,decomposition,Decomposition,The matrix splits into independent input-output modes.
singular-value-decomposition,Singular value decomposition,orthogonality,Orthogonality,Left and right singular directions form orthonormal systems.
singular-value-decomposition,Singular value decomposition,change-of-coordinates,Change of coordinates,Different coordinate changes are allowed at the input and output.
pseudoinverse,Moore–Penrose pseudoinverse,decomposition,Decomposition,Visible and null directions receive different treatment.
pseudoinverse,Moore–Penrose pseudoinverse,optimization,Optimization,The result minimizes residual norm and then solution norm.
eckart-young,Eckart–Young–Mirsky low-rank approximation,optimization,Optimization,Truncation solves a precise minimum-error problem.
eckart-young,Eckart–Young–Mirsky low-rank approximation,decomposition,Decomposition,Discarded singular modes determine the residual.
polar-decomposition,Polar decomposition,decomposition,Decomposition,Stretch and isometry are isolated into two factors.
polar-decomposition,Polar decomposition,geometry-distance,Geometry and distance,U preserves lengths while H determines directional stretching.
jordan-normal-form,Jordan normal form,decomposition,Decomposition,The operator separates into generalized eigenvector chains.
jordan-normal-form,Jordan normal form,recursion,Recursion and iteration,Nilpotent steps move down a finite chain before reaching zero.
quadratic-form,Quadratic form,quadratic-structure,Quadratic structure,Only degree-two interactions appear.
quadratic-form,Quadratic form,geometry-distance,Geometry and distance,Positive definite forms define ellipsoids and modified squared lengths.
sylvester-inertia,Sylvester’s law of inertia,symmetry-invariance,Symmetry and invariance,"The positive, negative and null dimension counts survive congruence."
sylvester-inertia,Sylvester’s law of inertia,decomposition,Decomposition,"The form separates into positive squares, negative squares and zeros."
cholesky-factorization,Cholesky factorization,decomposition,Decomposition,A positive matrix is expressed through a triangular factor and its adjoint.
cholesky-factorization,Cholesky factorization,quadratic-structure,Quadratic structure,x*Ax equals ‖L*x‖².
schur-complement,Schur complement,decomposition,Decomposition,Block elimination separates one subsystem from its residual.
schur-complement,Schur complement,composition,Composition,The correction CA⁻¹B follows influence through the eliminated variables.
matrix-exponential,Matrix exponential,exponential-log,Exponentials and logarithms,Continuous repeated linear action is encoded by the exponential series.
matrix-exponential,Matrix exponential,composition,Composition,e^(sA)e^(tA)=e^((s+t)A) combines time intervals.
kronecker-product,Kronecker product,composition,Composition,Independent actions combine while preserving their separate multiplication rules.
kronecker-product,Kronecker product,decomposition,Decomposition,The large matrix retains the two-factor structure.
tensor-product,Tensor product universal property,linearity,Linearity,Bilinearity in separate slots becomes linearity on a new space.
tensor-product,Tensor product universal property,composition,Composition,The universal property factors every bilinear map through the canonical tensor map.
dual-map,Dual space and pullback of linear functionals,duality,Duality,Vectors move forward while linear measurements move backward.
dual-map,Dual space and pullback of linear functionals,composition,Composition,The construction reverses order: (ST)*=T*S*.
adjoint,Adjoint of a linear map,duality,Duality,The same pairing can be computed by moving the map to the other input.
adjoint,Adjoint of a linear map,orthogonality,Orthogonality,The construction depends on the chosen inner products.
gram-determinant,Gram determinant and volume,geometry-distance,Geometry and distance,The pairing matrix determines a geometric volume.
gram-determinant,Gram determinant and volume,quadratic-structure,Quadratic structure,Squaring removes orientation and yields a nonnegative determinant.
matrix-geometric-series,Matrix geometric series,recursion,Recursion and iteration,Each power represents one additional pass through the same map.
matrix-geometric-series,Matrix geometric series,limits-convergence,Limits and convergence,Decay of the spectrum makes infinitely many passes summable.
sherman-morrison,Sherman–Morrison rank-one update,decomposition,Decomposition,A simple rank-one perturbation remains simple after inversion.
sherman-morrison,Sherman–Morrison rank-one update,recursion,Recursion and iteration,An existing inverse can be updated when one new interaction is added.
group-laws,Group axioms,composition,Composition,Group multiplication composes actions.
group-laws,Group axioms,symmetry-invariance,Symmetry and invariance,Invertible transformations preserve the structure being acted on.
homomorphism,Group homomorphism,algebraic-structure,Algebraic structure,The map preserves the operation defining a group.
homomorphism,Group homomorphism,composition,Composition,Translation commutes with combining two actions.
kernel-image,Kernel and image of a homomorphism,decomposition,Decomposition,The map separates erased information from surviving output.
kernel-image,Kernel and image of a homomorphism,algebraic-structure,Algebraic structure,Kernel and image inherit subgroup structure.
quotient-group,Quotient group,algebraic-structure,Algebraic structure,The group law descends to equivalence classes.
quotient-group,Quotient group,symmetry-invariance,Symmetry and invariance,Changing representatives within a coset leaves the quotient element unchanged.
first-isomorphism-theorem,First isomorphism theorem,decomposition,Decomposition,The original group is reduced by exactly its invisible part.
first-isomorphism-theorem,First isomorphism theorem,algebraic-structure,Algebraic structure,The remaining quotient and image have identical group laws.
lagrange-group-theorem,Lagrange’s theorem for finite groups,counting,Counting,Equal-size cosets partition the whole group.
lagrange-group-theorem,Lagrange’s theorem for finite groups,symmetry-invariance,Symmetry and invariance,Translation bijects every coset with the subgroup.
group-action,Group action,composition,Composition,Multiplication matches successive moves of an object.
group-action,Group action,symmetry-invariance,Symmetry and invariance,The action exposes orbits and properties constant along them.
orbit-stabilizer,Orbit–stabilizer theorem,counting,Counting,Equivalent actions are grouped into equally sized stabilizer cosets.
orbit-stabilizer,Orbit–stabilizer theorem,symmetry-invariance,Symmetry and invariance,Fixed-object symmetries quantify redundant motion.
burnside-lemma,Burnside’s orbit-counting lemma,averaging,Averaging,The answer is an arithmetic mean of fixed-point counts.
burnside-lemma,Burnside’s orbit-counting lemma,symmetry-invariance,Symmetry and invariance,Configurations related by the group action are identified.
burnside-lemma,Burnside’s orbit-counting lemma,counting,Counting,"Double counting pairs (g,x) with g·x=x proves the formula."
class-equation,Class equation,decomposition,Decomposition,Conjugacy classes partition the group.
class-equation,Class equation,symmetry-invariance,Symmetry and invariance,Conjugation preserves the algebraic role of an element.
sylow-theorems,Sylow theorems,symmetry-invariance,Symmetry and invariance,All maximal p-subgroups are related by conjugation.
sylow-theorems,Sylow theorems,counting,Counting,Orbit counts impose congruence and divisibility restrictions.
cayley-group-theorem,Cayley’s theorem for groups,algebraic-structure,Algebraic structure,Abstract multiplication is represented by permutation composition.
cayley-group-theorem,Cayley’s theorem for groups,symmetry-invariance,Symmetry and invariance,The regular action remembers every group element distinctly.
cyclic-order,Order of a power in a cyclic subgroup,recursion,Recursion and iteration,Repeated application returns to the identity after a predictable number of steps.
cyclic-order,Order of a power in a cyclic subgroup,counting,Counting,The gcd measures how the original cycle splits.
direct-product-group,Direct product of groups,decomposition,Decomposition,Each coordinate retains its own group law.
direct-product-group,Direct product of groups,counting,Counting,Independent choices multiply cardinalities.
finite-abelian-structure,Structure theorem for finite abelian groups,decomposition,Decomposition,The whole group splits into canonical cyclic building blocks.
finite-abelian-structure,Structure theorem for finite abelian groups,algebraic-structure,Algebraic structure,Commutativity is the key condition allowing the classification.
ring-distributive-laws,Ring structure and distributivity,algebraic-structure,Algebraic structure,Two operations are linked by distributivity.
ring-distributive-laws,Ring structure and distributivity,linearity,Linearity,Multiplication by a fixed element is additive.
ideal-quotient,Quotient ring,algebraic-structure,Algebraic structure,Both ring operations descend to equivalence classes.
ideal-quotient,Quotient ring,symmetry-invariance,Symmetry and invariance,Different representatives of one residue class yield the same result.
maximal-ideal-field,Maximal ideals and fields,algebraic-structure,Algebraic structure,Field invertibility is characterized by the ideal structure of the original ring.
maximal-ideal-field,Maximal ideals and fields,duality,Duality,Larger ideals correspond to smaller quotient structures.
polynomial-division,Polynomial division algorithm,recursion,Recursion and iteration,Each cancellation strictly lowers the remaining degree.
polynomial-division,Polynomial division algorithm,decomposition,Decomposition,A polynomial splits into a multiple plus a bounded-degree remainder.
factor-theorem,Polynomial remainder and factor theorem,decomposition,Decomposition,A root separates off a linear factor.
factor-theorem,Polynomial remainder and factor theorem,algebraic-structure,Algebraic structure,Evaluation connects polynomial operations with scalar arithmetic.
lagrange-interpolation,Lagrange interpolation,linearity,Linearity,The interpolant is a linear combination of data values.
lagrange-interpolation,Lagrange interpolation,decomposition,Decomposition,Cardinal basis polynomials separate the interpolation constraints.
field-extension-degree,Tower law for field extensions,counting,Counting,Independent choices of basis factors multiply dimensions.
field-extension-degree,Tower law for field extensions,decomposition,Decomposition,A two-stage field construction is resolved through an intermediate field.
finite-field,Finite fields,algebraic-structure,Algebraic structure,Field axioms tightly constrain possible finite arithmetic systems.
finite-field,Finite fields,recursion,Recursion and iteration,Repeated powers organize the nonzero elements into a cycle.
frobenius-map,Frobenius homomorphism,algebraic-structure,Algebraic structure,Powering preserves addition and multiplication under the characteristic-p hypothesis.
frobenius-map,Frobenius homomorphism,symmetry-invariance,Symmetry and invariance,On a finite field Frobenius is an automorphism of its arithmetic.
galois-correspondence,Fundamental theorem of Galois theory,duality,Duality,Larger subfields correspond to smaller symmetry subgroups.
galois-correspondence,Fundamental theorem of Galois theory,symmetry-invariance,Symmetry and invariance,Fixed elements identify fields through their automorphisms.
lie-bracket,Matrix commutator and Lie bracket,composition,Composition,The difference compares the two composition orders.
lie-bracket,Matrix commutator and Lie bracket,algebraic-structure,Algebraic structure,Associative multiplication induces a Lie-algebra operation.
jacobi-identity,Jacobi identity,algebraic-structure,Algebraic structure,The identity is a defining compatibility law of Lie algebras.
jacobi-identity,Jacobi identity,symmetry-invariance,Symmetry and invariance,Cyclic permutation preserves the sum of nested brackets.
factorial-permutations,Permutations and falling factorials,counting,Counting,Independent successive choice counts multiply.
factorial-permutations,Permutations and falling factorials,recursion,Recursion and iteration,Each selection reduces the remaining choices by one.
binomial-coefficient,Binomial coefficient,counting,Counting,The formula counts k-element subsets.
binomial-coefficient,Binomial coefficient,symmetry-invariance,Symmetry and invariance,"Choosing a subset or its complement gives C(n,k)=C(n,n−k)."
pascal-rule,Pascal’s rule,recursion,Recursion and iteration,A size-n counting problem reduces to two size-(n−1) problems.
pascal-rule,Pascal’s rule,decomposition,Decomposition,Contain-or-omit gives disjoint exhaustive cases.
vandermonde-identity,Vandermonde’s identity,counting,Counting,Both sides count the same subset family.
vandermonde-identity,Vandermonde’s identity,decomposition,Decomposition,The summation separates cases by contribution from the first group.
multinomial-coefficient,Multinomial coefficient,counting,Counting,The formula counts allocations to labeled categories.
multinomial-coefficient,Multinomial coefficient,symmetry-invariance,Symmetry and invariance,Permutations within one category are identified.
stars-and-bars,Stars and bars,counting,Counting,Allocations are put in bijection with separator choices.
stars-and-bars,Stars and bars,decomposition,Decomposition,A total is split into nonnegative parts.
inclusion-exclusion,Inclusion–exclusion principle,counting,Counting,Alternating overlap corrections count each included element once.
inclusion-exclusion,Inclusion–exclusion principle,decomposition,Decomposition,Membership is separated according to all intersection patterns.
pigeonhole-principle,Pigeonhole principle,averaging,Averaging,The maximum cannot be below the arithmetic mean.
pigeonhole-principle,Pigeonhole principle,counting,Counting,Integer occupancy strengthens the average bound.
derangements,Derangement count,counting,Counting,The formula counts permutations avoiding every fixed position.
derangements,Derangement count,decomposition,Decomposition,Inclusion–exclusion organizes forbidden fixed-position subsets.
catalan-numbers,Catalan numbers,recursion,Recursion and iteration,The outermost structural split leaves two smaller objects.
catalan-numbers,Catalan numbers,counting,Counting,The closed formula counts several families with the same recursive construction.
stirling-second-kind,Stirling numbers of the second kind,recursion,Recursion and iteration,Adding the final labeled object relates adjacent partition counts.
stirling-second-kind,Stirling numbers of the second kind,decomposition,Decomposition,Existing-block and new-block cases are disjoint.
bell-numbers,Bell numbers,counting,Counting,All possible groupings of a labeled set are counted.
bell-numbers,Bell numbers,recursion,Recursion and iteration,The block containing a distinguished object leaves a smaller partition problem.
generating-function,Ordinary generating function,generating-functions,Generating functions,One algebraic object encodes all sequence entries.
generating-function,Ordinary generating function,decomposition,Decomposition,Coefficient extraction recovers each indexed contribution.
generating-function-product,Product rule for ordinary generating functions,generating-functions,Generating functions,Multiplication encodes combination of components.
generating-function-product,Product rule for ordinary generating functions,accumulation,Accumulation,All allowable size splits contribute to one coefficient.
exponential-generating-function,Exponential generating function,generating-functions,Generating functions,The factorial normalization packages labeled combinatorial counts.
exponential-generating-function,Exponential generating function,counting,Counting,The product includes the binomial choice of which labels go to each component.
fibonacci-recurrence,Fibonacci recurrence,recursion,Recursion and iteration,Two earlier values determine the next one.
fibonacci-recurrence,Fibonacci recurrence,decomposition,Decomposition,Tiling a strip with unit and double tiles separates according to the first tile.
binet-formula,Binet’s formula,decomposition,Decomposition,The solution separates into two characteristic modes.
binet-formula,Binet’s formula,exponential-log,Exponentials and logarithms,Each mode changes by a fixed multiplicative factor per step.
linear-recurrence-characteristic,Characteristic-root solution of a linear recurrence,recursion,Recursion and iteration,The rule ties each value to finitely many predecessors.
linear-recurrence-characteristic,Characteristic-root solution of a linear recurrence,decomposition,Decomposition,Distinct characteristic roots produce independent exponential solutions.
partition-generating-function,Integer partition generating function,generating-functions,Generating functions,An infinite product encodes choices of multiplicities.
partition-generating-function,Integer partition generating function,decomposition,Decomposition,A partition separates into independent counts of each part size.
handshake-lemma,Handshake lemma,counting,Counting,Edge incidences are counted in two different ways.
handshake-lemma,Handshake lemma,conservation,Conservation and balance,Every edge contributes exactly two incidences.
graph-adjacency-walks,Adjacency powers count walks,counting,Counting,Each matrix-power term encodes a possible walk.
graph-adjacency-walks,Adjacency powers count walks,composition,Composition,Joining a first segment to a second segment matches matrix multiplication.
graph-laplacian,Graph Laplacian,linearity,Linearity,The operator combines neighboring values by a linear rule.
graph-laplacian,Graph Laplacian,conservation,Conservation and balance,"Row sums vanish, so constant values generate no net change."
graph-dirichlet-energy,Graph Dirichlet energy,quadratic-structure,Quadratic structure,The matrix expression is a sum of nonnegative squared differences.
graph-dirichlet-energy,Graph Dirichlet energy,optimization,Optimization,Low energy means the signal varies gently across weighted edges.
matrix-tree-theorem,Matrix–tree theorem,counting,Counting,A determinant evaluates a global combinatorial count.
matrix-tree-theorem,Matrix–tree theorem,boundary-interior,Boundary and interior,Removing one reference vertex eliminates the constant-potential freedom.
cayley-tree-formula,Cayley’s formula for labeled trees,counting,Counting,Prüfer sequences give a bijection with all length-(n−2) label lists.
cayley-tree-formula,Cayley’s formula for labeled trees,decomposition,Decomposition,Repeatedly removing leaves yields an encoding of the whole tree.
euler-planar-formula,Euler’s formula for connected planar graphs,boundary-interior,Boundary and interior,Edges separate faces while vertices join edges.
euler-planar-formula,Euler’s formula for connected planar graphs,symmetry-invariance,Symmetry and invariance,The alternating count survives changes of the planar embedding.
tree-edge-count,Edges in a finite tree,counting,Counting,Each new vertex requires exactly one connecting edge.
tree-edge-count,Edges in a finite tree,recursion,Recursion and iteration,Removing a leaf reduces both vertex and edge counts by one.
hall-marriage-theorem,Hall’s marriage theorem,counting,Counting,Each subset needs at least one distinct destination per member.
hall-marriage-theorem,Hall’s marriage theorem,optimization,Optimization,The condition characterizes whether a maximum matching reaches size |U|.
max-flow-min-cut,Max-flow min-cut theorem,duality,Duality,Optimizing a flow and optimizing a separating cut have equal values.
max-flow-min-cut,Max-flow min-cut theorem,conservation,Conservation and balance,Internal vertices transmit exactly the amount of flow they receive.
chromatic-deletion-contraction,Chromatic polynomial deletion–contraction,recursion,Recursion and iteration,Smaller graphs determine the coloring polynomial.
chromatic-deletion-contraction,Chromatic polynomial deletion–contraction,decomposition,Decomposition,Endpoint agreement and disagreement partition the relaxed colorings.
graph-cycle-rank,Cycle rank of a finite graph,conservation,Conservation and balance,Kernel vectors represent circulations with zero net vertex imbalance.
graph-cycle-rank,Cycle rank of a finite graph,counting,Counting,Excess edges over a spanning forest count independent cycles.
euclidean-division,Euclidean division of integers,decomposition,Decomposition,The number splits into a multiple and a bounded remainder.
euclidean-division,Euclidean division of integers,recursion,Recursion and iteration,A smaller remainder enables repeated division algorithms.
euclidean-algorithm,Euclidean algorithm,recursion,Recursion and iteration,Each step replaces the pair with a smaller remainder pair.
euclidean-algorithm,Euclidean algorithm,symmetry-invariance,Symmetry and invariance,The set of common divisors survives subtracting a multiple.
bezout-identity,Bézout’s identity,linearity,Linearity,Integer linear combinations characterize the reachable values.
bezout-identity,Bézout’s identity,algebraic-structure,Algebraic structure,The ideal generated by a and b is generated by their gcd.
gcd-lcm-product,GCD–LCM product formula,decomposition,Decomposition,Minimum and maximum prime exponents split the original pair of exponent counts.
gcd-lcm-product,GCD–LCM product formula,duality,Duality,Greatest common divisor and least common multiple reverse shared-versus-covering roles.
prime-factorization,Fundamental theorem of arithmetic,decomposition,Decomposition,Primes provide unique multiplicative building blocks.
prime-factorization,Fundamental theorem of arithmetic,algebraic-structure,Algebraic structure,Divisibility is encoded by inequalities between prime exponents.
modular-congruence,Congruence modulo an integer,symmetry-invariance,Symmetry and invariance,Adding a multiple of m leaves the residue unchanged.
modular-congruence,Congruence modulo an integer,algebraic-structure,Algebraic structure,Arithmetic descends consistently to residue classes.
modular-inverse,Modular inverse criterion,algebraic-structure,Algebraic structure,Invertible residue classes form the unit group.
modular-inverse,Modular inverse criterion,duality,Duality,Multiplication by a and multiplication by its inverse undo one another.
linear-diophantine,Linear Diophantine equations,algebraic-structure,Algebraic structure,Integer coefficients restrict values to the ideal dZ.
linear-diophantine,Linear Diophantine equations,geometry-distance,Geometry and distance,Solutions form a lattice of points on a line.
chinese-remainder-theorem,Chinese remainder theorem,decomposition,Decomposition,One arithmetic system splits into independent coprime components.
chinese-remainder-theorem,Chinese remainder theorem,composition,Composition,Componentwise residues can be assembled into one global class.
fermat-little-theorem,Fermat’s little theorem,symmetry-invariance,Symmetry and invariance,Multiplication permutes the nonzero residue classes.
fermat-little-theorem,Fermat’s little theorem,recursion,Recursion and iteration,Powers repeat modulo a fixed prime.
euler-totient,Euler’s totient function,counting,Counting,The function counts invertible residue classes.
euler-totient,Euler’s totient function,decomposition,Decomposition,Distinct prime obstructions factor into separate corrections.
euler-theorem,Euler’s theorem on powers modulo n,algebraic-structure,Algebraic structure,Units modulo n form a finite multiplicative group.
euler-theorem,Euler’s theorem on powers modulo n,recursion,Recursion and iteration,A fixed power returns every unit to the identity.
wilson-theorem,Wilson’s theorem,symmetry-invariance,Symmetry and invariance,Inverse pairing cancels most residue factors.
wilson-theorem,Wilson’s theorem,algebraic-structure,Algebraic structure,The surviving self-inverse units determine the product.
legendre-symbol,Legendre symbol,algebraic-structure,Algebraic structure,The nonzero symbol is a multiplicative character.
legendre-symbol,Legendre symbol,decomposition,Decomposition,"Residues separate into zero, squares and nonsquares."
euler-criterion,Euler’s criterion,algebraic-structure,Algebraic structure,A group power realizes the quadratic character.
euler-criterion,Euler’s criterion,symmetry-invariance,Symmetry and invariance,The value depends only on the residue class.
quadratic-reciprocity,Quadratic reciprocity,duality,Duality,The formula exchanges the roles of numerator prime and modulus prime.
quadratic-reciprocity,Quadratic reciprocity,symmetry-invariance,Symmetry and invariance,The reciprocity defect is controlled by the two parity classes.
divisor-count,Number of positive divisors,counting,Counting,Each prime contributes a finite list of exponent choices.
divisor-count,Number of positive divisors,decomposition,Decomposition,Prime exponents make divisor selection independent.
divisor-sum,Sum of positive divisors,accumulation,Accumulation,All divisor values are added.
divisor-sum,Sum of positive divisors,decomposition,Decomposition,Independent prime-power choices factor the sum.
mobius-function,Möbius function,decomposition,Decomposition,Only distinct prime selections contribute.
mobius-function,Möbius function,symmetry-invariance,Symmetry and invariance,"The value depends on the number of prime factors, not their order."
mobius-inversion,Möbius inversion over divisors,decomposition,Decomposition,The formula separates a direct contribution from those inherited from proper divisors.
mobius-inversion,Möbius inversion over divisors,duality,Duality,Divisor summation and Möbius-weighted summation are inverse operations.
dirichlet-convolution,Dirichlet convolution,composition,Composition,All multiplicative decompositions of the index combine the two functions.
dirichlet-convolution,Dirichlet convolution,algebraic-structure,Algebraic structure,Arithmetic functions form a commutative convolution algebra with identity ε.
legendre-factorial-valuation,Prime exponent in a factorial,counting,Counting,Multiples of successive prime powers count repeated prime factors.
legendre-factorial-valuation,Prime exponent in a factorial,accumulation,Accumulation,Each level adds one more layer of p-divisibility.
p-adic-absolute-value,p-adic absolute value and ultrametric,geometry-distance,Geometry and distance,Prime divisibility becomes a non-Euclidean notion of distance.
p-adic-absolute-value,p-adic absolute value and ultrametric,limits-convergence,Limits and convergence,Completing this distance produces the p-adic field.
continued-fraction-convergents,Continued-fraction convergent recurrence,recursion,Recursion and iteration,Each numerator and denominator uses its two predecessors.
continued-fraction-convergents,Continued-fraction convergent recurrence,optimization,Optimization,"Convergents provide unusually efficient rational approximations, with precise best-approximation theorems requiring a chosen error criterion."
cross-product,Cross product in three dimensions,orthogonality,Orthogonality,The result is perpendicular to both input vectors.
cross-product,Cross product in three dimensions,geometry-distance,Geometry and distance,Its norm is the spanned parallelogram area.
curvature,Curvature of a regular space curve,local-linearization,Local linearization,The changing tangent quantifies how the curve departs from its local straight-line direction.
curvature,Curvature of a regular space curve,scaling,Scaling and homogeneity,Uniformly enlarging a curve by R divides curvature by R.
torsion,Torsion of a space curve,geometry-distance,Geometry and distance,Twisting is measured relative to the moving tangent-normal plane.
torsion,Torsion of a space curve,change-of-coordinates,Change of coordinates,A moving frame exposes the curve’s local three-dimensional geometry.
frenet-serret,Frenet–Serret equations,change-of-coordinates,Change of coordinates,The frame moves with the curve instead of using fixed axes.
frenet-serret,Frenet–Serret equations,orthogonality,Orthogonality,The skew-symmetric coefficient matrix preserves frame inner products.
first-fundamental-form,First fundamental form of a surface,geometry-distance,Geometry and distance,The formula measures lengths of tangent displacements.
first-fundamental-form,First fundamental form of a surface,change-of-coordinates,Change of coordinates,Metric coefficients translate coordinate changes into actual geometric size.
surface-area,Area of a parametrized surface,accumulation,Accumulation,Total area adds local area contributions.
surface-area,Area of a parametrized surface,local-linearization,Local linearization,The derivative replaces a tiny patch by its tangent parallelogram.
shape-operator,Shape operator and second fundamental form,local-linearization,Local linearization,Differentiating the normal captures local bending.
shape-operator,Shape operator and second fundamental form,quadratic-structure,Quadratic structure,"II(u,u) measures normal bending quadratically in a tangent vector."
gaussian-curvature,Gaussian curvature of a surface,decomposition,Decomposition,The two principal bendings combine multiplicatively.
gaussian-curvature,Gaussian curvature of a surface,symmetry-invariance,Symmetry and invariance,K is unchanged by reversing the normal and is determined by the intrinsic metric.
mean-curvature,Mean curvature of a surface,averaging,Averaging,The principal curvatures enter with equal weights.
mean-curvature,Mean curvature of a surface,optimization,Optimization,Smooth minimal surfaces have H=0 as the local stationarity condition for area.
euler-normal-curvature,Euler’s formula for normal curvature,averaging,Averaging,Nonnegative squared trigonometric weights sum to one.
euler-normal-curvature,Euler’s formula for normal curvature,quadratic-structure,Quadratic structure,The directional curvature is a Rayleigh quotient of the shape operator.
riemannian-metric,Riemannian metric,geometry-distance,Geometry and distance,The metric defines local lengths and angles.
riemannian-metric,Riemannian metric,quadratic-structure,Quadratic structure,Squared tangent length is a positive definite quadratic form.
riemannian-length,Riemannian length and distance,accumulation,Accumulation,Path length adds infinitesimal metric lengths.
riemannian-length,Riemannian length and distance,optimization,Optimization,Distance is an infimum over all connecting paths.
riemannian-volume,Riemannian volume element,geometry-distance,Geometry and distance,The metric determinant supplies the volume of a coordinate parallelepiped.
riemannian-volume,Riemannian volume element,change-of-coordinates,Change of coordinates,The density transformation compensates for changing charts.
christoffel-symbols,Christoffel symbols of the Levi-Civita connection,local-linearization,Local linearization,First derivatives of the metric determine local connection coefficients.
christoffel-symbols,Christoffel symbols of the Levi-Civita connection,change-of-coordinates,Change of coordinates,The coefficients correct for a coordinate frame that varies with position.
covariant-derivative,Covariant derivative in coordinates,change-of-coordinates,Change of coordinates,The correction makes vector differentiation independent of chart choices.
covariant-derivative,Covariant derivative in coordinates,local-linearization,Local linearization,It measures first-order change relative to the chosen connection.
geodesic-equation,Geodesic equation,local-linearization,Local linearization,The covariant acceleration is zero at each point.
geodesic-equation,Geodesic equation,optimization,Optimization,Affinely parametrized geodesics are stationary paths of the energy functional.
parallel-transport,Parallel transport along a curve,conservation,Conservation and balance,Levi-Civita parallel transport preserves lengths and angles.
parallel-transport,Parallel transport along a curve,composition,Composition,Transport along concatenated paths composes the transport maps.
riemann-curvature,Riemann curvature tensor,composition,Composition,The two second-derivative orders are compared.
riemann-curvature,Riemann curvature tensor,symmetry-invariance,Symmetry and invariance,The bracket correction makes the result a tensor independent of coordinates.
sectional-curvature,Sectional curvature,geometry-distance,Geometry and distance,The denominator is the squared area of the chosen tangent parallelogram.
sectional-curvature,Sectional curvature,symmetry-invariance,Symmetry and invariance,"The quotient depends on the plane, not its chosen basis."
ricci-scalar-curvature,Ricci and scalar curvature as traces,accumulation,Accumulation,Sectional contributions are summed into progressively coarser curvature measures.
ricci-scalar-curvature,Ricci and scalar curvature as traces,symmetry-invariance,Symmetry and invariance,Taking tensor traces removes basis dependence.
laplace-beltrami,Laplace–Beltrami operator,geometry-distance,Geometry and distance,The inverse metric and volume density adapt derivatives to geometry.
laplace-beltrami,Laplace–Beltrami operator,local-linearization,Local linearization,The operator compares second-order local variation.
gauss-bonnet,Gauss–Bonnet theorem for closed surfaces,accumulation,Accumulation,Integrating all local curvature produces a single global quantity.
gauss-bonnet,Gauss–Bonnet theorem for closed surfaces,symmetry-invariance,Symmetry and invariance,The integral is unchanged by smooth changes of the metric.
gauss-bonnet,Gauss–Bonnet theorem for closed surfaces,boundary-interior,Boundary and interior,Topology constrains how local geometric bending can assemble globally.
exterior-derivative,Exterior derivative,boundary-interior,Boundary and interior,The derivative is paired with geometric boundary by Stokes’ theorem.
exterior-derivative,Exterior derivative,algebraic-structure,Algebraic structure,The square-zero rule creates a cochain complex.
wedge-product,Wedge product and graded commutativity,algebraic-structure,Algebraic structure,Alternating multilinearity creates a graded algebra.
wedge-product,Wedge product and graded commutativity,symmetry-invariance,Symmetry and invariance,Swapping blocks of directions produces the sign determined by their degrees.
pullback-form,Pullback of a differential form,duality,Duality,Tangent directions move forward while measurements pull backward.
pullback-form,Pullback of a differential form,composition,Composition,Pullback reverses composition: (G∘F)*=F*G*.
cartan-formula,Cartan’s formula for the Lie derivative,decomposition,Decomposition,Flow-induced change splits into two complementary derivative-contraction terms.
cartan-formula,Cartan’s formula for the Lie derivative,composition,Composition,The identity combines degree-raising and degree-lowering operations.
topology-axioms,Topology by open sets,algebraic-structure,Algebraic structure,Closure rules organize a collection of subsets.
topology-axioms,Topology by open sets,boundary-interior,Boundary and interior,Open regions formalize what it means for a point to lie locally inside a set.
topological-continuity,Continuity by inverse images,duality,Duality,A forward point map pulls open-set information backward.
topological-continuity,Continuity by inverse images,composition,Composition,Inverse images preserve unions and intersections and reverse function composition.
homeomorphism,Homeomorphism,symmetry-invariance,Symmetry and invariance,Topological invariants survive continuous reversible relabeling.
homeomorphism,Homeomorphism,duality,Duality,The two inverse maps recover each other’s spaces.
homotopy,Homotopy of maps,composition,Composition,Homotopies can be concatenated in time and composed with continuous maps.
homotopy,Homotopy of maps,symmetry-invariance,Symmetry and invariance,Homotopy-invariant constructions ignore these continuous deformations.
fundamental-group,Fundamental group,algebraic-structure,Algebraic structure,Loop concatenation becomes an associative group operation on classes.
fundamental-group,Fundamental group,symmetry-invariance,Symmetry and invariance,Continuous endpoint-fixing deformation preserves the loop class.
fundamental-group-circle,Fundamental group of the circle,counting,Counting,The invariant counts oriented net turns.
fundamental-group-circle,Fundamental group of the circle,symmetry-invariance,Symmetry and invariance,Winding number remains fixed under based homotopy.
van-kampen,Seifert–van Kampen theorem,decomposition,Decomposition,The whole space is reconstructed from overlapping pieces.
van-kampen,Seifert–van Kampen theorem,algebraic-structure,Algebraic structure,Gluing spaces becomes a pushout of groups.
covering-index,Number of sheets and subgroup index,counting,Counting,Cosets count the distinct endpoints of lifted loops.
covering-index,Number of sheets and subgroup index,duality,Duality,A geometric covering is related to algebraic subgroup data.
simplicial-boundary,Oriented simplex boundary,boundary-interior,Boundary and interior,The operator turns a region into its oriented boundary pieces.
simplicial-boundary,Oriented simplex boundary,linearity,Linearity,"Boundaries add across chains, enabling shared-face cancellation."
boundary-squared-zero,The boundary of a boundary is zero,boundary-interior,Boundary and interior,Closing a boundary eliminates any further boundary.
boundary-squared-zero,The boundary of a boundary is zero,conservation,Conservation and balance,All lower-dimensional contributions cancel in pairs.
homology-group,Homology as cycles modulo boundaries,boundary-interior,Boundary and interior,Unfillable cycles record global obstructions.
homology-group,Homology as cycles modulo boundaries,algebraic-structure,Algebraic structure,A quotient removes boundary cycles from all cycles.
euler-characteristic,Euler characteristic,counting,Counting,Cells of successive dimensions enter with alternating signs.
euler-characteristic,Euler characteristic,symmetry-invariance,Symmetry and invariance,The total survives subdivision and homotopy equivalence.
euler-poincare,Euler–Poincaré formula,decomposition,Decomposition,"Chain spaces split into cycles and noncycles, and cycles into boundaries and homology."
euler-poincare,Euler–Poincaré formula,conservation,Conservation and balance,Alternating cancellation preserves the same total from cells to homology.
exact-sequence,Exactness of consecutive maps,decomposition,Decomposition,The kernel of one map is completely accounted for by the previous image.
exact-sequence,Exactness of consecutive maps,algebraic-structure,Algebraic structure,Exactness expresses compatibility among several homomorphisms.
mayer-vietoris,Mayer–Vietoris exact sequence,decomposition,Decomposition,Global homology is related to homology of two pieces and their overlap.
mayer-vietoris,Mayer–Vietoris exact sequence,boundary-interior,Boundary and interior,The connecting homomorphism records the boundary left on the overlap.
kunneth-field,Künneth formula over a field,decomposition,Decomposition,Product-space homology splits by dimension contributed from each factor.
kunneth-field,Künneth formula over a field,composition,Composition,Independent cycles combine by the homological cross product.
poincare-duality,Poincaré duality,duality,Duality,Cohomology in degree k corresponds to homology in degree n−k.
poincare-duality,Poincaré duality,symmetry-invariance,Symmetry and invariance,Betti numbers satisfy bₖ=bₙ₋ₖ under these hypotheses.
degree-map,Degree of a map,counting,Counting,Signed covering of the target produces an integer invariant.
degree-map,Degree of a map,composition,Composition,Wrapping counts multiply under composition.
brouwer-fixed-point,Brouwer fixed-point theorem,fixed-points,Fixed points,Topology forces an unchanged point of a self-map.
brouwer-fixed-point,Brouwer fixed-point theorem,geometry-distance,Geometry and distance,Compact ball geometry supplies the required global setting.
lefschetz-fixed-point,Lefschetz fixed-point theorem,fixed-points,Fixed points,A homological invariant detects existence of a fixed point.
lefschetz-fixed-point,Lefschetz fixed-point theorem,accumulation,Accumulation,Alternating traces combine information from all homological degrees.
de-rham-theorem,De Rham’s theorem,duality,Duality,Forms pair with geometric cycles by integration.
de-rham-theorem,De Rham’s theorem,boundary-interior,Boundary and interior,Exact forms vanish on cycles through Stokes’ theorem.
de-rham-theorem,De Rham’s theorem,algebraic-structure,Algebraic structure,Two different cochain complexes have isomorphic cohomology.
de-morgan-laws,De Morgan’s laws,duality,Duality,Negation exchanges conjunction and disjunction.
de-morgan-laws,De Morgan’s laws,algebraic-structure,Algebraic structure,The laws are the complement rules of Boolean algebra.
quantifier-negation,Negating quantifiers,duality,Duality,Universal and existential claims exchange under negation.
quantifier-negation,Negating quantifiers,decomposition,Decomposition,A global statement is analyzed through its individual instances.
implication-contrapositive,Implication and contrapositive,duality,Duality,Premise and conclusion exchange roles after negation.
implication-contrapositive,Implication and contrapositive,algebraic-structure,Algebraic structure,The same truth condition has implication and disjunction forms.
cantor-theorem,Cantor’s power-set theorem,decomposition,Decomposition,Subsets encode independent yes-or-no membership decisions.
cantor-theorem,Cantor’s power-set theorem,counting,Counting,The theorem compares cardinal sizes and proves that power sets always have strictly more elements.
soundness-completeness,Soundness and completeness of first-order logic,duality,Duality,Syntactic provability corresponds to semantic consequence.
soundness-completeness,Soundness and completeness of first-order logic,algebraic-structure,Algebraic structure,A rule-based proof system matches a precise class of structures.
logic-compactness,Compactness theorem for first-order logic,limits-convergence,Limits and convergence,"Finite satisfiability guarantees a global model, although this is not a numerical limit theorem."
logic-compactness,Compactness theorem for first-order logic,decomposition,Decomposition,The consistency of all finite fragments controls the whole specification.
gamma-function,Euler gamma integral,accumulation,Accumulation,An integral combines all positive scales.
gamma-function,Euler gamma integral,exponential-log,Exponentials and logarithms,Exponential decay controls the tail.
gamma-recurrence,Gamma recurrence and factorial values,recursion,Recursion and iteration,One argument step multiplies by the previous argument.
gamma-recurrence,Gamma recurrence and factorial values,boundary-interior,Boundary and interior,Vanishing endpoint terms leave a shifted integral.
gamma-reflection,Euler reflection formula,symmetry-invariance,Symmetry and invariance,The paired arguments sum to one.
gamma-reflection,Euler reflection formula,duality,Duality,Complementary arguments trade one gamma value for the other.
gamma-duplication,Legendre duplication formula,scaling,Scaling and homogeneity,The argument doubles while a power of two compensates.
gamma-duplication,Legendre duplication formula,decomposition,Decomposition,Integer and half-integer contributions combine.
stirling-gamma,Stirling asymptotic formula for gamma,local-linearization,Local linearization,A quadratic expansion near the dominant point controls the integral.
stirling-gamma,Stirling asymptotic formula for gamma,limits-convergence,Limits and convergence,The relative error vanishes asymptotically.
digamma-function,Digamma logarithmic derivative,exponential-log,Exponentials and logarithms,A logarithmic derivative measures relative growth.
digamma-function,Digamma logarithmic derivative,recursion,Recursion and iteration,Shifting the argument adds a reciprocal.
polygamma-series,Polygamma reciprocal-power series,accumulation,Accumulation,The derivative sums contributions at shifted arguments.
polygamma-series,Polygamma reciprocal-power series,limits-convergence,Limits and convergence,Power decay gives convergent infinite sums.
beta-function,Euler beta integral,change-of-coordinates,Change of coordinates,Two gamma variables become a sum and a proportion.
beta-function,Euler beta integral,symmetry-invariance,Symmetry and invariance,Replacing t by 1−t exchanges a and b.
incomplete-gamma,Incomplete gamma decomposition,decomposition,Decomposition,A threshold partitions one integral into two.
incomplete-gamma,Incomplete gamma decomposition,accumulation,Accumulation,Moving the threshold accumulates density.
error-function,Error function and Gaussian mass,accumulation,Accumulation,Integrating the Gaussian gives cumulative mass.
error-function,Error function and Gaussian mass,scaling,Scaling and homogeneity,The √2 coordinate rescaling matches standard-normal variance.
erfc-asymptotic,Gaussian tail asymptotic expansion,limits-convergence,Limits and convergence,Finite truncations have controlled asymptotic order.
erfc-asymptotic,Gaussian tail asymptotic expansion,recursion,Recursion and iteration,Integration by parts generates successive coefficients.
dawson-integral,Dawson integral and its differential equation,exponential-log,Exponentials and logarithms,Opposite exponential factors balance.
dawson-integral,Dawson integral and its differential equation,symmetry-invariance,Symmetry and invariance,An even integrand gives an odd solution.
fresnel-integrals,Fresnel sine and cosine integrals,accumulation,Accumulation,Oscillating increments build a limiting total.
fresnel-integrals,Fresnel sine and cosine integrals,exponential-log,Exponentials and logarithms,The two integrals are real and imaginary parts of a chirp integral.
exponential-integral-e1,Exponential integral E1,accumulation,Accumulation,All scales above x contribute.
exponential-integral-e1,Exponential integral E1,exponential-log,Exponentials and logarithms,The origin has logarithmic rather than power-law divergence.
sine-cosine-integrals,Sine and cosine integrals,accumulation,Accumulation,Oscillating contributions accumulate over scale.
sine-cosine-integrals,Sine and cosine integrals,limits-convergence,Limits and convergence,Conditional convergence comes from cancellation.
bessel-j-series,Bessel function of the first kind,generating-functions,Generating functions,The series packages coefficients fixed by a radial ODE.
bessel-j-series,Bessel function of the first kind,scaling,Scaling and homogeneity,The powers depend on x/2.
bessel-equation,Bessel differential equation,change-of-coordinates,Change of coordinates,Polar separation produces the radial operator.
bessel-equation,Bessel differential equation,symmetry-invariance,Symmetry and invariance,Angular Fourier modes fix the parameter ν.
bessel-order-recurrence,Bessel order recurrence,recursion,Recursion and iteration,Two adjacent orders determine another.
bessel-order-recurrence,Bessel order recurrence,algebraic-structure,Algebraic structure,Order shifts satisfy a closed linear relation.
bessel-derivative-recurrence,Bessel derivative as neighboring orders,duality,Duality,A continuous derivative is encoded by discrete shifts in order.
bessel-derivative-recurrence,Bessel derivative as neighboring orders,recursion,Recursion and iteration,Neighboring functions recover derivatives.
bessel-zero-orthogonality,Bessel modes orthogonal with radial weight,orthogonality,Orthogonality,Distinct eigenvalues cancel in the weighted inner product.
bessel-zero-orthogonality,Bessel modes orthogonal with radial weight,boundary-interior,Boundary and interior,Zero boundary values remove the boundary term.
bessel-large-argument,Large-argument Bessel oscillation,scaling,Scaling and homogeneity,The envelope follows x^(−1/2).
bessel-large-argument,Large-argument Bessel oscillation,limits-convergence,Limits and convergence,The elementary oscillation describes the large-x limit.
modified-bessel-i,Modified Bessel first-kind function,exponential-log,Exponentials and logarithms,The modified equation supports exponential growth or decay.
modified-bessel-i,Modified Bessel first-kind function,generating-functions,Generating functions,Its coefficients differ from Jν by alternating signs.
modified-bessel-k,Modified Bessel decaying solution,symmetry-invariance,Symmetry and invariance,Changing the sign of ν leaves the integral unchanged.
modified-bessel-k,Modified Bessel decaying solution,exponential-log,Exponentials and logarithms,Damping selects the solution that decays at infinity.
hankel-functions,Hankel combinations of Bessel solutions,decomposition,Decomposition,Two real solutions become two complex phase modes.
hankel-functions,Hankel combinations of Bessel solutions,exponential-log,Exponentials and logarithms,Cosine and sine combine into exponential phases.
spherical-bessel,Spherical Bessel functions,change-of-coordinates,Change of coordinates,The three-dimensional radial operator changes the effective order.
spherical-bessel,Spherical Bessel functions,scaling,Scaling and homogeneity,The x^(−1/2) factor changes radial decay.
airy-functions,Airy equation and normalized solutions,local-linearization,Local linearization,A coefficient with a simple zero is locally linear.
airy-functions,Airy equation and normalized solutions,decomposition,Decomposition,Two independent solutions span the second-order solution space.
airy-decay,Airy positive-axis decay,accumulation,Accumulation,The exponent accumulates a position-dependent decay rate.
airy-decay,Airy positive-axis decay,scaling,Scaling and homogeneity,Power-law amplitude accompanies a stretched exponential.
legendre-rodrigues,Legendre polynomials by Rodrigues formula,orthogonality,Orthogonality,Endpoint zeros allow repeated integration-by-parts cancellation.
legendre-rodrigues,Legendre polynomials by Rodrigues formula,recursion,Recursion and iteration,Derivative order tracks polynomial degree.
legendre-orthogonality,Legendre orthogonality and normalization,orthogonality,Orthogonality,Distinct degrees have zero inner product.
legendre-orthogonality,Legendre orthogonality and normalization,decomposition,Decomposition,Coefficients isolate independent polynomial components.
legendre-differential-equation,Legendre polynomial eigenvalue equation,orthogonality,Orthogonality,Self-adjoint structure explains separation of eigenmodes.
legendre-differential-equation,Legendre polynomial eigenvalue equation,algebraic-structure,Algebraic structure,One operator diagonalizes on the whole polynomial family.
legendre-generating-function,Generating function for Legendre polynomials,generating-functions,Generating functions,Degree becomes a power-series index.
legendre-generating-function,Generating function for Legendre polynomials,symmetry-invariance,Symmetry and invariance,The kernel treats angular geometry through x.
floating-point-model,Relative rounding model,scaling,Scaling and homogeneity,Relative error is scale-sensitive only near exponent limits.
floating-point-model,Relative rounding model,local-linearization,Local linearization,Small arithmetic perturbations can be propagated linearly.
scalar-condition-number,Relative condition number of a scalar function,local-linearization,Local linearization,Derivative controls small input perturbations.
scalar-condition-number,Relative condition number of a scalar function,scaling,Scaling and homogeneity,Both input and output changes are relative.
matrix-condition-number,Linear-system condition number,geometry-distance,Geometry and distance,Directional stretching controls sensitivity.
matrix-condition-number,Linear-system condition number,scaling,Scaling and homogeneity,A scalar rescaling does not change κ.
residual-error-bound,Residual-to-solution error bound,local-linearization,Local linearization,The inverse maps equation defects to errors.
residual-error-bound,Residual-to-solution error bound,geometry-distance,Geometry and distance,Operator norms bound error amplification.
backward-error-linear-system,Normwise backward error of a linear solve,local-linearization,Local linearization,Input perturbation is separated from solution error.
backward-error-linear-system,Normwise backward error of a linear solve,geometry-distance,Geometry and distance,The residual is normalized by input scales.
horner-evaluation,Horner nested polynomial evaluation,recursion,Recursion and iteration,One multiply-add incorporates each coefficient.
horner-evaluation,Horner nested polynomial evaluation,decomposition,Decomposition,A polynomial is nested by degree.
bisection-method,Bisection root bracketing,averaging,Averaging,The midpoint halves an interval.
bisection-method,Bisection root bracketing,limits-convergence,Limits and convergence,The error bound decreases geometrically.
secant-method,Secant root iteration,local-linearization,Local linearization,A secant replaces the tangent.
secant-method,Secant root iteration,recursion,Recursion and iteration,Two iterates determine the next.
newton-nonlinear-system,Newton iteration for nonlinear systems,local-linearization,Local linearization,The Jacobian replaces a nonlinear map locally.
newton-nonlinear-system,Newton iteration for nonlinear systems,recursion,Recursion and iteration,Linear corrections are repeated.
broyden-root-update,Broyden rank-one Jacobian update,local-linearization,Local linearization,Recent function changes calibrate a linear model.
broyden-root-update,Broyden rank-one Jacobian update,optimization,Optimization,The update minimizes Frobenius change under the secant constraint.
interpolation-remainder,Polynomial interpolation remainder,local-linearization,Local linearization,Higher derivatives control approximation error.
interpolation-remainder,Polynomial interpolation remainder,geometry-distance,Geometry and distance,Distances to all nodes multiply.
newton-divided-differences,Newton divided-difference interpolation,recursion,Recursion and iteration,Divided differences reuse neighboring tables.
newton-divided-differences,Newton divided-difference interpolation,decomposition,Decomposition,Each new term vanishes at all older nodes.
barycentric-interpolation,Barycentric polynomial evaluation,symmetry-invariance,Symmetry and invariance,A common weight scale cancels.
barycentric-interpolation,Barycentric polynomial evaluation,decomposition,Decomposition,Node contributions are combined as a ratio.
interpolation-lebesgue-bound,Lebesgue constant interpolation bound,geometry-distance,Geometry and distance,The bound compares actual and best errors.
interpolation-lebesgue-bound,Lebesgue constant interpolation bound,decomposition,Decomposition,Cardinal basis magnitudes measure amplification.
chebyshev-interpolation-nodes,Chebyshev root nodes,optimization,Optimization,Equioscillation minimizes the nodal product norm.
chebyshev-interpolation-nodes,Chebyshev root nodes,change-of-coordinates,Change of coordinates,Equally spaced angles become clustered real nodes.
natural-cubic-spline,Natural cubic spline interpolation,local-linearization,Local linearization,Local polynomial pieces approximate different regions.
natural-cubic-spline,Natural cubic spline interpolation,boundary-interior,Boundary and interior,Endpoint curvature conditions close the interior matching equations.
centered-first-difference,Second-order centered derivative formula,symmetry-invariance,Symmetry and invariance,Odd and even Taylor terms separate.
centered-first-difference,Second-order centered derivative formula,local-linearization,Local linearization,Small displacements estimate slope.
centered-second-difference,Centered second-derivative stencil,quadratic-structure,Quadratic structure,Curvature is detected by a second difference.
centered-second-difference,Centered second-derivative stencil,symmetry-invariance,Symmetry and invariance,Symmetric neighbors cancel odd Taylor terms.
finite-difference-roundoff,Truncation–roundoff balance for a derivative,optimization,Optimization,Two opposing errors set a useful scale.
finite-difference-roundoff,Truncation–roundoff balance for a derivative,scaling,Scaling and homogeneity,Cubic balancing gives the u^(1/3) step scale.
richardson-extrapolation,Richardson extrapolation,decomposition,Decomposition,Subtracting resolutions eliminates one error component.
richardson-extrapolation,Richardson extrapolation,scaling,Scaling and homogeneity,The known power p determines cancellation weights.
midpoint-quadrature,Composite midpoint quadrature,averaging,Averaging,Cell centers represent local averages.
midpoint-quadrature,Composite midpoint quadrature,symmetry-invariance,Symmetry and invariance,Odd local terms integrate to zero.
gaussian-quadrature,Gaussian quadrature exactness,orthogonality,Orthogonality,The nodal polynomial annihilates lower-degree factors.
gaussian-quadrature,Gaussian quadrature exactness,optimization,Optimization,Movable nodes increase polynomial exactness.
gauss-legendre-weights,Gauss–Legendre nodes and weights,orthogonality,Orthogonality,Legendre polynomials fix the nodes.
gauss-legendre-weights,Gauss–Legendre nodes and weights,symmetry-invariance,Symmetry and invariance,Nodes and weights occur in reflected pairs.
romberg-quadrature,Romberg extrapolation table,recursion,Recursion and iteration,A triangular table reuses previous resolutions.
romberg-quadrature,Romberg extrapolation table,scaling,Scaling and homogeneity,Each refinement halves the step.
clenshaw-curtis-quadrature,Clenshaw–Curtis interpolatory quadrature,change-of-coordinates,Change of coordinates,A uniform angle grid clusters real nodes.
clenshaw-curtis-quadrature,Clenshaw–Curtis interpolatory quadrature,decomposition,Decomposition,Polynomial coefficients can be integrated separately.
householder-qr-step,Householder elimination step for QR,orthogonality,Orthogonality,Reflection preserves Euclidean lengths.
householder-qr-step,Householder elimination step for QR,decomposition,Decomposition,Column tails are removed step by step.
lu-elimination,Gaussian elimination and pivoted LU,decomposition,Decomposition,One matrix becomes permutation and triangular factors.
lu-elimination,Gaussian elimination and pivoted LU,recursion,Recursion and iteration,Each pivot reduces the remaining system.
power-iteration,Dominant-eigenvector power iteration,recursion,Recursion and iteration,Repeated multiplication amplifies the dominant mode.
power-iteration,Dominant-eigenvector power iteration,decomposition,Decomposition,Eigenbasis components evolve independently.
inverse-iteration,Shifted inverse eigenvector iteration,change-of-coordinates,Change of coordinates,The same eigenvectors acquire reciprocal shifted eigenvalues.
inverse-iteration,Shifted inverse eigenvector iteration,recursion,Recursion and iteration,Repeated solves select a mode.
hermite-rodrigues,Hermite polynomials in Gaussian weight,recursion,Recursion and iteration,Differentiation increases degree.
hermite-rodrigues,Hermite polynomials in Gaussian weight,exponential-log,Exponentials and logarithms,The Gaussian envelope is preserved.
hermite-orthogonality,Hermite orthogonality,orthogonality,Orthogonality,Distinct degrees cancel.
hermite-orthogonality,Hermite orthogonality,quadratic-structure,Quadratic structure,The Gaussian weight is an exponential quadratic.
hermite-generating-function,Hermite exponential generating function,generating-functions,Generating functions,One exponential stores all degrees.
hermite-generating-function,Hermite exponential generating function,composition,Composition,Translation of a Gaussian generates derivatives.
laguerre-rodrigues,Generalized Laguerre polynomials,orthogonality,Orthogonality,The weight matches a gamma-shaped density.
laguerre-rodrigues,Generalized Laguerre polynomials,recursion,Recursion and iteration,Repeated derivatives organize polynomial degree.
laguerre-orthogonality,Laguerre weighted orthogonality,orthogonality,Orthogonality,Different degrees have zero weighted inner product.
laguerre-orthogonality,Laguerre weighted orthogonality,accumulation,Accumulation,The gamma factor gives the exact norm.
jacobi-rodrigues,Jacobi polynomial Rodrigues formula,boundary-interior,Boundary and interior,Endpoint powers determine the weighted moments.
jacobi-rodrigues,Jacobi polynomial Rodrigues formula,orthogonality,Orthogonality,Repeated integration annihilates lower-degree polynomials.
chebyshev-polynomial,Chebyshev polynomials as multiple-angle cosines,change-of-coordinates,Change of coordinates,A cosine substitution polynomializes harmonics.
chebyshev-polynomial,Chebyshev polynomials as multiple-angle cosines,symmetry-invariance,Symmetry and invariance,Even and odd degrees inherit reflection parity.
chebyshev-recurrence,Chebyshev three-term recurrence,recursion,Recursion and iteration,Two previous degrees suffice.
chebyshev-recurrence,Chebyshev three-term recurrence,algebraic-structure,Algebraic structure,Multiplication by x has a sparse basis representation.
chebyshev-orthogonality,Chebyshev weighted orthogonality,orthogonality,Orthogonality,Cosine modes are perpendicular.
chebyshev-orthogonality,Chebyshev weighted orthogonality,change-of-coordinates,Change of coordinates,The Jacobian supplies the endpoint weight.
gegenbauer-generating-function,Gegenbauer generating function,generating-functions,Generating functions,The kernel stores every degree.
gegenbauer-generating-function,Gegenbauer generating function,scaling,Scaling and homogeneity,An exponent parameter changes the polynomial family.
christoffel-darboux,Christoffel–Darboux kernel identity,decomposition,Decomposition,Many basis terms collapse to two endpoint degrees.
christoffel-darboux,Christoffel–Darboux kernel identity,orthogonality,Orthogonality,The kernel reproduces the orthogonal projection.
hypergeometric-series,Gauss hypergeometric series,generating-functions,Generating functions,A coefficient rule packages a family.
hypergeometric-series,Gauss hypergeometric series,recursion,Recursion and iteration,Consecutive coefficients have a rational ratio.
hypergeometric-equation,Gauss hypergeometric differential equation,change-of-coordinates,Change of coordinates,Affine substitutions identify familiar equations.
hypergeometric-equation,Gauss hypergeometric differential equation,local-linearization,Local linearization,Local series track behavior at singular points.
hypergeometric-euler-integral,Euler integral for the hypergeometric function,averaging,Averaging,A normalized beta weight averages the power kernel.
hypergeometric-euler-integral,Euler integral for the hypergeometric function,change-of-coordinates,Change of coordinates,Parameters become endpoint exponents.
gauss-hypergeometric-sum,Gauss hypergeometric summation at one,boundary-interior,Boundary and interior,A boundary series value is controlled by an endpoint exponent.
gauss-hypergeometric-sum,Gauss hypergeometric summation at one,accumulation,Accumulation,An infinite series collapses to gamma ratios.
kummer-function,Confluent hypergeometric Kummer function,generating-functions,Generating functions,A rational coefficient rule defines the solution.
kummer-function,Confluent hypergeometric Kummer function,limits-convergence,Limits and convergence,Confluence is a scaled parameter limit of 2F1.
generalized-hypergeometric,Generalized hypergeometric pFq series,generating-functions,Generating functions,Parameters encode a coefficient sequence.
generalized-hypergeometric,Generalized hypergeometric pFq series,recursion,Recursion and iteration,Successive coefficients have a rational ratio.
elliptic-integral-first,Complete elliptic integral of the first kind,accumulation,Accumulation,A varying local factor accumulates over a quarter-cycle.
elliptic-integral-first,Complete elliptic integral of the first kind,limits-convergence,Limits and convergence,The endpoint becomes singular at unit modulus.
elliptic-integral-second,Complete elliptic integral of the second kind,geometry-distance,Geometry and distance,The integrand measures arc-length density.
elliptic-integral-second,Complete elliptic integral of the second kind,accumulation,Accumulation,Local lengths sum to a perimeter.
agm-elliptic-evaluation,Arithmetic–geometric mean evaluation of K,averaging,Averaging,Two means converge to one shared scale.
agm-elliptic-evaluation,Arithmetic–geometric mean evaluation of K,symmetry-invariance,Symmetry and invariance,A transformed elliptic integral is invariant under the update.
jacobi-elliptic-inverse,Jacobi elliptic sine through inversion,composition,Composition,An accumulated coordinate is inverted.
jacobi-elliptic-inverse,Jacobi elliptic sine through inversion,change-of-coordinates,Change of coordinates,Amplitude separates nonlinear timing from trigonometric position.
lambert-w,Lambert W inverse relation,composition,Composition,An implicit nonlinear product is inverted.
lambert-w,Lambert W inverse relation,exponential-log,Exponentials and logarithms,The variable appears both outside and inside an exponential.
riemann-zeta-series,Riemann zeta Dirichlet series,accumulation,Accumulation,Every positive integer contributes one scale.
riemann-zeta-series,Riemann zeta Dirichlet series,exponential-log,Exponentials and logarithms,n^(−s)=exp(−s log n) converts scales into exponentials.
zeta-functional-equation,Completed zeta reflection symmetry,symmetry-invariance,Symmetry and invariance,Completion makes reflection s↦1−s explicit.
zeta-functional-equation,Completed zeta reflection symmetry,exponential-log,Exponentials and logarithms,Gamma factors balance scale transforms.
zeta-even-values,Zeta values at positive even integers,generating-functions,Generating functions,Bernoulli coefficients control exact sums.
zeta-even-values,Zeta values at positive even integers,orthogonality,Orthogonality,Fourier expansions connect integer modes with powers of pi.
hurwitz-zeta,Hurwitz shifted zeta function,recursion,Recursion and iteration,A unit shift removes one term.
hurwitz-zeta,Hurwitz shifted zeta function,scaling,Scaling and homogeneity,The offset changes the smallest contributing scale.
polylogarithm,Polylogarithm power series,generating-functions,Generating functions,The power series weights each integer scale.
polylogarithm,Polylogarithm power series,recursion,Recursion and iteration,Differentiation lowers the order.
jacobi-theta-series,Jacobi theta Gaussian lattice sum,accumulation,Accumulation,The lattice sums identical translated modes.
jacobi-theta-series,Jacobi theta Gaussian lattice sum,quadratic-structure,Quadratic structure,Squared lattice distance controls Gaussian damping.
theta-inversion,Jacobi theta scale inversion,duality,Duality,Reciprocal scales exchange a lattice with its Fourier counterpart.
theta-inversion,Jacobi theta scale inversion,scaling,Scaling and homogeneity,The prefactor compensates for Gaussian width.
mellin-transform,Mellin transform,scaling,Scaling and homogeneity,Powers are the natural probes of dilation.
mellin-transform,Mellin transform,change-of-coordinates,Change of coordinates,x=e^u converts multiplicative scales into additive coordinates.
incomplete-beta,Regularized incomplete beta function,averaging,Averaging,Normalization converts mass into a fraction.
incomplete-beta,Regularized incomplete beta function,accumulation,Accumulation,The threshold x determines accumulated weight.
krylov-subspace,Krylov subspace for a matrix action,recursion,Recursion and iteration,Each new vector is another matrix action.
krylov-subspace,Krylov subspace for a matrix action,decomposition,Decomposition,Polynomial responses live in a low-dimensional span.
arnoldi-iteration,Arnoldi orthogonal reduction,orthogonality,Orthogonality,New directions are orthogonalized.
arnoldi-iteration,Arnoldi orthogonal reduction,decomposition,Decomposition,A large operator is represented on a small subspace.
lanczos-recurrence,Lanczos three-term recurrence,symmetry-invariance,Symmetry and invariance,Hermitian symmetry eliminates distant recurrence coefficients.
lanczos-recurrence,Lanczos three-term recurrence,recursion,Recursion and iteration,Three neighboring basis vectors suffice.
gmres-residual-minimization,GMRES minimum-residual iterate,optimization,Optimization,The residual norm is minimized in a growing subspace.
gmres-residual-minimization,GMRES minimum-residual iterate,orthogonality,Orthogonality,Residual is perpendicular to A times the search space.
conjugate-gradient-linear-system,Conjugate-gradient recurrence for SPD systems,orthogonality,Orthogonality,Search directions are conjugate in the A-inner product.
conjugate-gradient-linear-system,Conjugate-gradient recurrence for SPD systems,quadratic-structure,Quadratic structure,The energy error is a positive quadratic.
linear-preconditioning,Preconditioned linear system,change-of-coordinates,Change of coordinates,Equivalent equations expose different numerical geometry.
linear-preconditioning,Preconditioned linear system,geometry-distance,Geometry and distance,Spectral clustering can improve iterative behavior.
bauer-fike-bound,Bauer–Fike eigenvalue perturbation bound,change-of-coordinates,Change of coordinates,Eigenbasis conditioning controls perturbations.
bauer-fike-bound,Bauer–Fike eigenvalue perturbation bound,geometry-distance,Geometry and distance,Disks around old eigenvalues bound new ones.
qr-eigenvalue-iteration,QR iteration for eigenvalues,symmetry-invariance,Symmetry and invariance,Every step preserves eigenvalues.
qr-eigenvalue-iteration,QR iteration for eigenvalues,recursion,Recursion and iteration,Factorization and reversal are repeated.
iterative-refinement,Iterative refinement of a linear solve,recursion,Recursion and iteration,Each pass corrects the remaining defect.
iterative-refinement,Iterative refinement of a linear solve,local-linearization,Local linearization,For a linear problem the defect-to-error relation is exact.
jacobi-linear-iteration,Jacobi stationary linear iteration,fixed-points,Fixed points,The linear solve is rewritten as a fixed point.
jacobi-linear-iteration,Jacobi stationary linear iteration,decomposition,Decomposition,Diagonal and off-diagonal effects are separated.
gauss-seidel-iteration,Gauss–Seidel linear iteration,recursion,Recursion and iteration,New values are reused within a sweep.
gauss-seidel-iteration,Gauss–Seidel linear iteration,decomposition,Decomposition,Triangular splitting organizes dependencies.
backward-euler-method,Backward Euler time step,fixed-points,Fixed points,The endpoint must solve an implicit equation.
backward-euler-method,Backward Euler time step,accumulation,Accumulation,The slope estimates change across one step.
implicit-trapezoidal-ode,Implicit trapezoidal ODE step,averaging,Averaging,Two endpoint slopes are averaged.
implicit-trapezoidal-ode,Implicit trapezoidal ODE step,accumulation,Accumulation,A trapezoid approximates the time integral.
explicit-midpoint-ode,Explicit midpoint Runge–Kutta step,local-linearization,Local linearization,A half-step prediction samples the interior slope.
explicit-midpoint-ode,Explicit midpoint Runge–Kutta step,composition,Composition,Two slope evaluations form one update.
adams-bashforth-two,Two-step Adams–Bashforth method,recursion,Recursion and iteration,Two stored slopes determine the update.
adams-bashforth-two,Two-step Adams–Bashforth method,accumulation,Accumulation,A slope interpolant is integrated over the next interval.
bdf-two,Second-order backward differentiation formula,recursion,Recursion and iteration,Two previous states support an implicit update.
bdf-two,Second-order backward differentiation formula,local-linearization,Local linearization,Polynomial differentiation approximates the endpoint derivative.
runge-kutta-tableau,General Runge–Kutta stage formula,composition,Composition,Stage equations combine multiple evaluations.
runge-kutta-tableau,General Runge–Kutta stage formula,accumulation,Accumulation,A weighted slope sum approximates time-integrated change.
embedded-rk-error,Embedded Runge–Kutta error estimate,recursion,Recursion and iteration,Error estimates control later resolution.
embedded-rk-error,Embedded Runge–Kutta error estimate,scaling,Scaling and homogeneity,The expected error order determines the step exponent.
absolute-stability-region,Absolute stability region of a time integrator,scaling,Scaling and homogeneity,Only the product hλ enters the test.
absolute-stability-region,Absolute stability region of a time integrator,exponential-log,Exponentials and logarithms,Numerical amplification approximates e^(hλ).
a-stability,A-stability of one-step methods,conservation,Conservation and balance,Nonamplification respects decay in the linear test.
a-stability,A-stability of one-step methods,limits-convergence,Limits and convergence,Stability is distinct from approximation accuracy.
multistep-root-condition,Zero-stability root condition,recursion,Recursion and iteration,Step-to-step errors satisfy a recurrence.
multistep-root-condition,Zero-stability root condition,limits-convergence,Limits and convergence,Uniform control as h→0 is essential.
dahlquist-equivalence,Consistency plus zero-stability gives convergence,limits-convergence,Limits and convergence,Local approximation and propagation jointly determine convergence.
dahlquist-equivalence,Consistency plus zero-stability gives convergence,recursion,Recursion and iteration,Stability controls repeated error accumulation.
ftcs-heat-scheme,Explicit centered heat-equation scheme,averaging,Averaging,Stable steps form a convex local average.
ftcs-heat-scheme,Explicit centered heat-equation scheme,scaling,Scaling and homogeneity,Time step scales quadratically with mesh size.
crank-nicolson-heat,Crank–Nicolson diffusion discretization,averaging,Averaging,Endpoint diffusion rates are averaged.
crank-nicolson-heat,Crank–Nicolson diffusion discretization,decomposition,Decomposition,Eigenmodes reduce stability to scalar factors.
upwind-advection,First-order upwind advection scheme,averaging,Averaging,Stable steps mix the present and upstream values.
upwind-advection,First-order upwind advection scheme,conservation,Conservation and balance,On a periodic grid the total discrete sum is preserved.
cfl-domain-condition,CFL numerical-domain condition,geometry-distance,Geometry and distance,Signal travel must fit within stencil reach.
cfl-domain-condition,CFL numerical-domain condition,scaling,Scaling and homogeneity,The dimensionless Courant number compares two speeds.
method-of-lines,Method of lines semidiscretization,decomposition,Decomposition,Space and time approximation are separated.
method-of-lines,Method of lines semidiscretization,local-linearization,Local linearization,A spatial derivative becomes a matrix action.
galerkin-stiffness-matrix,Galerkin stiffness system for Poisson,orthogonality,Orthogonality,The weak equation is enforced on a finite test space.
galerkin-stiffness-matrix,Galerkin stiffness system for Poisson,quadratic-structure,Quadratic structure,The stiffness matrix represents Dirichlet energy.
cea-lemma,Céa quasi-optimal Galerkin error,orthogonality,Orthogonality,Galerkin orthogonality controls the error.
cea-lemma,Céa quasi-optimal Galerkin error,geometry-distance,Geometry and distance,Actual error is compared with best-space distance.
shooting-boundary-method,Shooting method for a two-point boundary problem,composition,Composition,An ODE solve becomes the function in a rootfinding problem.
shooting-boundary-method,Shooting method for a two-point boundary problem,boundary-interior,Boundary and interior,Two endpoint requirements are joined by an interior trajectory.
polynomial-differentiation-matrix,Differentiation matrix on interpolation nodes,linearity,Linearity,Differentiation is represented by a matrix.
polynomial-differentiation-matrix,Differentiation matrix on interpolation nodes,decomposition,Decomposition,Cardinal basis derivatives determine all entries.
adaptive-simpson-estimate,Adaptive Simpson local error estimate,recursion,Recursion and iteration,Intervals are subdivided only where needed.
adaptive-simpson-estimate,Adaptive Simpson local error estimate,scaling,Scaling and homogeneity,Halving reduces the leading composite Simpson error by 16.
gaussian-quadrature-error,Gaussian quadrature remainder,quadratic-structure,Quadratic structure,The nodal polynomial appears squared.
gaussian-quadrature-error,Gaussian quadrature remainder,local-linearization,Local linearization,The first unmatched derivative controls the error.
clenshaw-recurrence,Clenshaw evaluation of a Chebyshev series,recursion,Recursion and iteration,Backward accumulation uses two stored values.
clenshaw-recurrence,Clenshaw evaluation of a Chebyshev series,decomposition,Decomposition,Basis coefficients are evaluated without basis conversion.
givens-qr-rotation,Givens plane rotation for elimination,orthogonality,Orthogonality,The rotation preserves Euclidean norm.
givens-qr-rotation,Givens plane rotation for elimination,local-linearization,Local linearization,Only two coordinates change in each elimination.
differentiate-under-integral,Differentiation under an integral,composition,Composition,A derivative passes through an accumulation operator.
differentiate-under-integral,Differentiation under an integral,limits-convergence,Limits and convergence,Domination controls difference quotients.
leibniz-moving-boundaries,Leibniz rule with moving integration limits,boundary-interior,Boundary and interior,Boundary motion adds endpoint terms.
leibniz-moving-boundaries,Leibniz rule with moving integration limits,accumulation,Accumulation,Interior change is integrated.
faa-di-bruno,Faà di Bruno higher chain rule,composition,Composition,Derivatives of nested functions combine.
faa-di-bruno,Faà di Bruno higher chain rule,counting,Counting,Partitions of differentiations determine coefficients.
euler-homogeneous-theorem,Euler identity for homogeneous functions,scaling,Scaling and homogeneity,The degree is the radial growth rate.
euler-homogeneous-theorem,Euler identity for homogeneous functions,local-linearization,Local linearization,Differentiating scale gives a local identity.
hessian-composition,Hessian chain rule for a scalar composite,composition,Composition,Two distinct curvature sources combine.
hessian-composition,Hessian chain rule for a scalar composite,quadratic-structure,Quadratic structure,Hessians transform through Jacobian quadratic forms.
segment-integral-derivative,Integral mean-value formula for vector maps,accumulation,Accumulation,Local changes integrate to total displacement.
segment-integral-derivative,Integral mean-value formula for vector maps,local-linearization,Local linearization,Jacobians describe each small segment step.
hadamard-lemma,Hadamard factorization near a vanishing point,decomposition,Decomposition,A vanishing function splits into coordinate-weighted pieces.
hadamard-lemma,Hadamard factorization near a vanishing point,accumulation,Accumulation,Coefficients average derivatives along a ray.
bounded-variation,Total variation of a real function,accumulation,Accumulation,Absolute increments add every movement.
bounded-variation,Total variation of a real function,geometry-distance,Geometry and distance,Variation measures the length traveled by function values.
jordan-bv-decomposition,Jordan decomposition of a BV function,decomposition,Decomposition,Two monotone parts encode all variation.
jordan-bv-decomposition,Jordan decomposition of a BV function,accumulation,Accumulation,Each part records only one direction of change.
absolute-continuity,Absolute continuity and integral recovery,accumulation,Accumulation,An integrable derivative accounts for all change.
absolute-continuity,Absolute continuity and integral recovery,limits-convergence,Limits and convergence,Almost-everywhere differentiation supports integral recovery.
riemann-stieltjes-integral,Riemann–Stieltjes integral,accumulation,Accumulation,Integrator increments determine accumulated weights.
riemann-stieltjes-integral,Riemann–Stieltjes integral,change-of-coordinates,Change of coordinates,Smooth integrators contribute a derivative density.
stieltjes-integration-by-parts,Stieltjes integration by parts,duality,Duality,Either factor can supply the integrator.
stieltjes-integration-by-parts,Stieltjes integration by parts,boundary-interior,Boundary and interior,Interior increments reduce to endpoint products.
holder-continuity,Hölder continuity seminorm,scaling,Scaling and homogeneity,Distance enters with a regularity exponent.
holder-continuity,Hölder continuity seminorm,geometry-distance,Geometry and distance,The bound compares distances in domain and range.
rademacher-theorem,Almost-everywhere differentiability of Lipschitz maps,local-linearization,Local linearization,Lipschitz maps have tangent linear maps almost everywhere.
rademacher-theorem,Almost-everywhere differentiability of Lipschitz maps,geometry-distance,Geometry and distance,A distance bound enforces regularity.
egorov-theorem,Egorov almost-uniform convergence,limits-convergence,Limits and convergence,Weak pointwise control upgrades outside an exceptional set.
egorov-theorem,Egorov almost-uniform convergence,decomposition,Decomposition,Space splits into controlled and exceptional regions.
lusin-theorem,Lusin approximation by continuous restrictions,decomposition,Decomposition,Small exceptional sets isolate irregular behavior.
lusin-theorem,Lusin approximation by continuous restrictions,limits-convergence,Limits and convergence,"Approximation is in measure, not uniform over all E."
convergence-in-measure,Convergence in measure,limits-convergence,Limits and convergence,Error is measured by exceptional-set size.
convergence-in-measure,Convergence in measure,geometry-distance,Geometry and distance,A threshold converts function differences to measurable sets.
uniform-integrability,Uniform integrability by tail control,accumulation,Accumulation,Integral mass in extreme tails must disappear uniformly.
uniform-integrability,Uniform integrability by tail control,limits-convergence,Limits and convergence,One tail bound controls the entire family.
vitali-l1-convergence,Vitali convergence theorem,decomposition,Decomposition,Bounded values and exceptional tails are controlled separately.
vitali-l1-convergence,Vitali convergence theorem,limits-convergence,Limits and convergence,Measure convergence upgrades to norm convergence.
signed-measure-jordan,Jordan decomposition of a finite signed measure,decomposition,Decomposition,Positive and negative mass are separated.
signed-measure-jordan,Jordan decomposition of a finite signed measure,accumulation,Accumulation,Total variation counts both signs positively.
measure-total-variation,Total variation measure and integral bound,decomposition,Decomposition,Partitions reveal hidden cancellation.
measure-total-variation,Total variation measure and integral bound,geometry-distance,Geometry and distance,Absolute mass bounds the integral magnitude.
lebesgue-measure-decomposition,Lebesgue decomposition of measures,decomposition,Decomposition,Density and singular components are separated.
lebesgue-measure-decomposition,Lebesgue decomposition of measures,change-of-coordinates,Change of coordinates,The reference measure determines what counts as a density.
caratheodory-measurability,Carathéodory measurable-set criterion,decomposition,Decomposition,A set and its complement partition outer mass.
caratheodory-measurability,Carathéodory measurable-set criterion,algebraic-structure,Algebraic structure,The criterion constructs a σ-algebra.
lp-completeness,Completeness of Lp spaces,limits-convergence,Limits and convergence,No norm-Cauchy sequence escapes the space.
lp-completeness,Completeness of Lp spaces,geometry-distance,Geometry and distance,Closeness is measured in an integral norm.
lp-duality,Dual representation of Lp functionals,duality,Duality,Conjugate exponents pair function spaces.
lp-duality,Dual representation of Lp functionals,accumulation,Accumulation,A functional accumulates weighted function values.
lp-interpolation-log-convexity,Interpolation inequality for Lp norms,convexity,Convexity,Log norms interpolate along reciprocal exponents.
lp-interpolation-log-convexity,Interpolation inequality for Lp norms,scaling,Scaling and homogeneity,Exponents preserve homogeneity in f.
baire-category,Baire category theorem,decomposition,Decomposition,Countably many thin pieces cannot cover a complete space.
baire-category,Baire category theorem,limits-convergence,Limits and convergence,Completeness supports nested-ball constructions.
uniform-boundedness,Uniform boundedness principle,linearity,Linearity,Linearity propagates local bounds across the space.
uniform-boundedness,Uniform boundedness principle,limits-convergence,Limits and convergence,Completeness converts pointwise control to uniform norm control.
open-mapping-theorem,Banach open mapping theorem,geometry-distance,Geometry and distance,Images of neighborhoods contain neighborhoods.
open-mapping-theorem,Banach open mapping theorem,linearity,Linearity,Scaling extends a local ball estimate globally.
bounded-inverse-theorem,Bounded inverse theorem,composition,Composition,Forward and inverse operators compose to the identity.
bounded-inverse-theorem,Bounded inverse theorem,geometry-distance,Geometry and distance,Inverse continuity gives a uniform lower bound on forward stretching.
closed-graph-theorem,Closed graph theorem,limits-convergence,Limits and convergence,Graph closure controls simultaneous limits.
closed-graph-theorem,Closed graph theorem,linearity,Linearity,Linearity upgrades closure to continuity.
weak-banach-convergence,Weak convergence in a Banach space,duality,Duality,Convergence is tested by dual measurements.
weak-banach-convergence,Weak convergence in a Banach space,limits-convergence,Limits and convergence,Weak convergence asks less than norm convergence.
weak-star-convergence,Weak-star convergence of dual functionals,duality,Duality,Original vectors test elements of the dual.
weak-star-convergence,Weak-star convergence of dual functionals,limits-convergence,Limits and convergence,Pointwise evaluation defines a weaker topology.
banach-alaoglu,Banach–Alaoglu compactness,duality,Duality,The compact topology is defined by primal evaluations.
banach-alaoglu,Banach–Alaoglu compactness,limits-convergence,Limits and convergence,Weaker topology restores compactness lost in norm.
reflexive-banach-space,Canonical embedding and reflexivity,duality,Duality,Taking the continuous dual twice returns the original space.
reflexive-banach-space,Canonical embedding and reflexivity,geometry-distance,Geometry and distance,The canonical embedding preserves norm.
weak-norm-lower-semicontinuity,Norm is weakly lower semicontinuous,convexity,Convexity,Norm sublevel balls are weakly closed.
weak-norm-lower-semicontinuity,Norm is weakly lower semicontinuous,limits-convergence,Limits and convergence,Weak limits preserve a one-sided norm bound.
banach-adjoint,Adjoint operator between continuous duals,duality,Duality,Measurements move opposite to vectors.
banach-adjoint,Adjoint operator between continuous duals,composition,Composition,The adjoint is precomposition by T.
compact-operator,Compact linear operator,limits-convergence,Limits and convergence,Bounded sequences gain convergent images.
compact-operator,Compact linear operator,decomposition,Decomposition,Finite-rank operators are basic compact examples.
compact-selfadjoint-spectral,Spectral expansion of a compact self-adjoint operator,orthogonality,Orthogonality,Self-adjoint eigenmodes are perpendicular.
compact-selfadjoint-spectral,Spectral expansion of a compact self-adjoint operator,limits-convergence,Limits and convergence,Compactness forces nonzero eigenvalues toward zero.
fredholm-alternative,Fredholm alternative for compact perturbations,duality,Duality,Adjoint null vectors detect solvability obstructions.
fredholm-alternative,Fredholm alternative for compact perturbations,decomposition,Decomposition,Range and adjoint kernel separate compatible data.
operator-resolvent,Resolvent and spectrum of a bounded operator,algebraic-structure,Algebraic structure,Invertibility is tested in the algebra of bounded operators.
operator-resolvent,Resolvent and spectrum of a bounded operator,geometry-distance,Geometry and distance,The spectrum records unstable or impossible inverse shifts.
resolvent-identity,Resolvent identity,algebraic-structure,Algebraic structure,Inverse differences factor despite operator notation.
resolvent-identity,Resolvent identity,local-linearization,Local linearization,The identity controls the derivative of the inverse family.
spectral-radius-formula,Gelfand spectral radius formula,limits-convergence,Limits and convergence,Asymptotic power growth determines spectral size.
spectral-radius-formula,Gelfand spectral radius formula,recursion,Recursion and iteration,Repeated operator action exposes the dominant scale.
stone-weierstrass,Real Stone–Weierstrass theorem,algebraic-structure,Algebraic structure,An algebra closed under products builds approximations.
stone-weierstrass,Real Stone–Weierstrass theorem,limits-convergence,Limits and convergence,Density is in the uniform norm.
dini-uniform-convergence,Dini monotone convergence theorem,limits-convergence,Limits and convergence,Compactness strengthens pointwise convergence to uniform convergence.
dini-uniform-convergence,Dini monotone convergence theorem,decomposition,Decomposition,Nested error sets must eventually become empty.
hilbert-operator-norm-square,Hilbert operator norm-square identity,quadratic-structure,Quadratic structure,‖Tx‖² is the quadratic form of T*T.
hilbert-operator-norm-square,Hilbert operator norm-square identity,duality,Duality,The adjoint returns output measurements to inputs.
dirac-distribution,Dirac point-evaluation distribution,duality,Duality,Test-function response defines the object.
dirac-distribution,Dirac point-evaluation distribution,accumulation,Accumulation,All mass is concentrated at one point.
principal-value-distribution,Cauchy principal-value distribution 1/x,symmetry-invariance,Symmetry and invariance,Symmetric deletion pairs opposite singular contributions.
principal-value-distribution,Cauchy principal-value distribution 1/x,limits-convergence,Limits and convergence,A prescribed limiting process defines the object.
heaviside-distribution-derivative,Derivative of a jump is a delta,boundary-interior,Boundary and interior,A jump appears as an internal boundary term.
heaviside-distribution-derivative,Derivative of a jump is a delta,accumulation,Accumulation,The delta records the total jump size.
delta-simple-root-change,Delta under a smooth scalar map,change-of-coordinates,Change of coordinates,Local inverse Jacobians weight point masses.
delta-simple-root-change,Delta under a smooth scalar map,local-linearization,Local linearization,Only the slope at each simple zero enters.
distribution-convolution,Convolution of a distribution with a test function,composition,Composition,A moving probe converts a generalized object into a smooth function.
distribution-convolution,Convolution of a distribution with a test function,linearity,Linearity,Differentiation can act on the probe.
schwartz-space,Schwartz rapidly decreasing functions,scaling,Scaling and homogeneity,Every polynomially weighted derivative stays bounded.
schwartz-space,Schwartz rapidly decreasing functions,limits-convergence,Limits and convergence,Rapid decay controls transforms and integrations by parts.
tempered-distribution,Tempered distributions,duality,Duality,Schwartz probes define a continuous dual.
tempered-distribution,Tempered distributions,scaling,Scaling and homogeneity,Polynomial growth is compatible with rapid decay.
fourier-schwartz-automorphism,Fourier transform on Schwartz space and its dual,duality,Duality,The transform extends by transposing its action on test functions.
fourier-schwartz-automorphism,Fourier transform on Schwartz space and its dual,change-of-coordinates,Change of coordinates,Spatial decay and frequency smoothness are exchanged.
poisson-summation,Poisson summation formula,duality,Duality,Integer and reciprocal lattices exchange through Fourier transformation.
poisson-summation,Poisson summation formula,symmetry-invariance,Symmetry and invariance,Periodization converts translation symmetry into discrete frequencies.
sobolev-embedding,Sobolev inequality on Euclidean space,scaling,Scaling and homogeneity,The exponent p* is fixed by dilation balance.
sobolev-embedding,Sobolev inequality on Euclidean space,geometry-distance,Geometry and distance,Gradient control bounds function size.
morrey-inequality,Morrey Hölder estimate,scaling,Scaling and homogeneity,The Hölder exponent balances dimension and integrability.
morrey-inequality,Morrey Hölder estimate,local-linearization,Local linearization,Gradient bounds control finite changes.
rellich-kondrachov,Compact Sobolev embedding,limits-convergence,Limits and convergence,Weak derivative bounds yield strong subsequential convergence.
rellich-kondrachov,Compact Sobolev embedding,scaling,Scaling and homogeneity,Compactness fails at the scale-invariant critical exponent.
sobolev-trace,Boundary trace of a Sobolev function,boundary-interior,Boundary and interior,Interior derivative control determines a boundary object.
sobolev-trace,Boundary trace of a Sobolev function,limits-convergence,Limits and convergence,Trace is defined through continuous extension.
hardy-inequality,Hardy inverse-distance inequality,scaling,Scaling and homogeneity,Both sides have the same dilation degree.
hardy-inequality,Hardy inverse-distance inequality,geometry-distance,Geometry and distance,Distance from a singular point supplies the weight.
weak-sobolev-chain,Sobolev chain rule,composition,Composition,Weak differentiation respects a controlled composite.
weak-sobolev-chain,Sobolev chain rule,limits-convergence,Limits and convergence,Smooth approximation transfers the classical chain rule.
weak-sobolev-product,Sobolev product rule,linearity,Linearity,The derivative splits across the two factors.
weak-sobolev-product,Sobolev product rule,composition,Composition,Bounded multiplication preserves the Sobolev space.
hardy-littlewood-maximal,Hardy–Littlewood maximal weak bound,averaging,Averaging,All radii compete in the local supremum.
hardy-littlewood-maximal,Hardy–Littlewood maximal weak bound,geometry-distance,Geometry and distance,Covering balls control exceptional-set size.
marcinkiewicz-interpolation,Marcinkiewicz weak-to-strong interpolation,decomposition,Decomposition,Split input into large and small values.
marcinkiewicz-interpolation,Marcinkiewicz weak-to-strong interpolation,convexity,Convexity,Intermediate reciprocal exponents inherit estimates.
hilbert-transform,Hilbert transform and its Fourier multiplier,duality,Duality,A singular spatial kernel becomes a simple frequency multiplier.
hilbert-transform,Hilbert transform and its Fourier multiplier,symmetry-invariance,Symmetry and invariance,Odd kernel symmetry determines opposite phase signs.
morera-theorem,Morera integral criterion,boundary-interior,Boundary and interior,Small boundary integrals determine interior analyticity.
morera-theorem,Morera integral criterion,linearity,Linearity,Contour tests are linear in f.
removable-singularity,Riemann removable-singularity theorem,limits-convergence,Limits and convergence,The missing value is recovered by an analytic limit.
removable-singularity,Riemann removable-singularity theorem,local-linearization,Local linearization,No negative Laurent powers survive boundedness.
holomorphic-zero-order,Local factorization at a holomorphic zero,decomposition,Decomposition,Multiplicity is separated from a nonzero analytic factor.
holomorphic-zero-order,Local factorization at a holomorphic zero,local-linearization,Local linearization,The first nonzero Taylor term fixes local behavior.
pole-order,Pole order and reciprocal zeros,duality,Duality,Zeros and poles exchange under reciprocation.
pole-order,Pole order and reciprocal zeros,decomposition,Decomposition,A singular power is separated from a regular factor.
casorati-weierstrass,Casorati–Weierstrass density near an essential singularity,limits-convergence,Limits and convergence,Approach to a singularity creates arbitrarily varied limiting values.
casorati-weierstrass,Casorati–Weierstrass density near an essential singularity,geometry-distance,Geometry and distance,Every target value is approximated.
little-picard,Little Picard theorem,geometry-distance,Geometry and distance,Global analytic maps have strongly constrained ranges.
little-picard,Little Picard theorem,symmetry-invariance,Symmetry and invariance,Affine output changes preserve the omitted-value count.
great-picard,Great Picard theorem at an isolated essential singularity,limits-convergence,Limits and convergence,Infinitely many preimages accumulate at the singularity.
great-picard,Great Picard theorem at an isolated essential singularity,geometry-distance,Geometry and distance,Range coverage is stronger than density.
holomorphic-open-mapping,Open mapping theorem for holomorphic functions,geometry-distance,Geometry and distance,Local neighborhoods have neighborhood images.
holomorphic-open-mapping,Open mapping theorem for holomorphic functions,local-linearization,Local linearization,Local power structure controls mapping near critical points.
holomorphic-inverse,Holomorphic local inverse theorem,local-linearization,Local linearization,Nonzero derivative prevents local collapse.
holomorphic-inverse,Holomorphic local inverse theorem,composition,Composition,Inverse derivatives undo forward derivatives.
holomorphic-logarithm,Analytic logarithm criterion,boundary-interior,Boundary and interior,Loop integrals detect a global obstruction.
holomorphic-logarithm,Analytic logarithm criterion,exponential-log,Exponentials and logarithms,A primitive of f′/f recovers logarithmic coordinates.
holomorphic-root,Holomorphic nth root on a simply connected domain,exponential-log,Exponentials and logarithms,Logarithms turn roots into division.
holomorphic-root,Holomorphic nth root on a simply connected domain,composition,Composition,Exponential and logarithm construct the branch.
holomorphic-primitive-criterion,Primitive criterion for a holomorphic function,conservation,Conservation and balance,Loop accumulation vanishes for exact derivatives.
holomorphic-primitive-criterion,Primitive criterion for a holomorphic function,boundary-interior,Boundary and interior,Endpoint differences replace interior path integrals.
winding-number-integral,Contour winding number,symmetry-invariance,Symmetry and invariance,Homotopies avoiding a preserve the integer.
winding-number-integral,Contour winding number,accumulation,Accumulation,The integral accumulates angular change.
higher-pole-residue,Residue at a pole of arbitrary order,decomposition,Decomposition,A Laurent coefficient becomes a Taylor coefficient.
higher-pole-residue,Residue at a pole of arbitrary order,local-linearization,Local linearization,One finite derivative extracts the residue.
residue-at-infinity,Residue at infinity and global residue balance,change-of-coordinates,Change of coordinates,w=1/z turns infinity into a local point.
residue-at-infinity,Residue at infinity and global residue balance,conservation,Conservation and balance,Residues sum to zero on the sphere.
jensen-zero-formula,Jensen formula for zeros in a disk,averaging,Averaging,A boundary average detects interior zeros.
jensen-zero-formula,Jensen formula for zeros in a disk,boundary-interior,Boundary and interior,Zero positions determine the gap from the central value.
hurwitz-zero-theorem,Hurwitz preservation of zero counts,limits-convergence,Limits and convergence,Uniform boundary closeness preserves discrete data.
hurwitz-zero-theorem,Hurwitz preservation of zero counts,symmetry-invariance,Symmetry and invariance,Zero count is unchanged by sufficiently small analytic perturbation.
montel-local-boundedness,Montel normal-family theorem,limits-convergence,Limits and convergence,Local boundedness gives compactness in the analytic topology.
montel-local-boundedness,Montel normal-family theorem,local-linearization,Local linearization,Cauchy estimates control derivatives on smaller sets.
holomorphic-locally-uniform-limit,Locally uniform limit theorem for holomorphic functions,limits-convergence,Limits and convergence,One convergence mode controls all derivative orders.
holomorphic-locally-uniform-limit,Locally uniform limit theorem for holomorphic functions,boundary-interior,Boundary and interior,Contour formulas recover derivatives from nearby values.
riemann-mapping,Riemann mapping theorem,change-of-coordinates,Change of coordinates,An analytic bijection changes the domain’s shape.
riemann-mapping,Riemann mapping theorem,symmetry-invariance,Symmetry and invariance,Normalization removes disk-automorphism freedom.
schwarz-pick,Schwarz–Pick contraction,geometry-distance,Geometry and distance,The disk metric contracts.
schwarz-pick,Schwarz–Pick contraction,change-of-coordinates,Change of coordinates,Automorphisms move comparison points to the origin.
disk-automorphisms,All conformal automorphisms of the disk,symmetry-invariance,Symmetry and invariance,The family preserves the disk and its hyperbolic metric.
disk-automorphisms,All conformal automorphisms of the disk,composition,Composition,Point relocation and rotation generate the automorphism.
harmonic-conjugate,Harmonic conjugate construction,duality,Duality,Real and imaginary parts exchange through a rotated gradient.
harmonic-conjugate,Harmonic conjugate construction,conservation,Conservation and balance,Harmonicity gives the integrability condition.
harnack-disk,Harnack inequality on a disk,averaging,Averaging,Positive Poisson weights bound values by central averages.
harnack-disk,Harnack inequality on a disk,geometry-distance,Geometry and distance,Distance to the boundary controls comparison constants.
schwarz-integral-formula,Schwarz reconstruction from the real part,boundary-interior,Boundary and interior,Boundary real values determine an interior analytic function.
schwarz-integral-formula,Schwarz reconstruction from the real part,duality,Duality,Harmonic conjugation supplies the missing imaginary component.
finite-blaschke-product,Finite Blaschke product,decomposition,Decomposition,One disk factor supplies each zero.
finite-blaschke-product,Finite Blaschke product,symmetry-invariance,Symmetry and invariance,Every factor has unit boundary modulus.
runge-approximation,Runge polynomial approximation for a hole-free compact set,decomposition,Decomposition,Contour contributions are approximated by simple algebraic pieces.
runge-approximation,Runge polynomial approximation for a hole-free compact set,limits-convergence,Limits and convergence,Approximation is uniform on the compact set.
mittag-leffler-theorem,Mittag–Leffler prescribed principal parts,decomposition,Decomposition,Local singular pieces build a global object.
mittag-leffler-theorem,Mittag–Leffler prescribed principal parts,limits-convergence,Limits and convergence,Holomorphic corrections make the construction converge.
weierstrass-factorization,Weierstrass entire product factorization,decomposition,Decomposition,Zeros and a zero-free factor are separated.
weierstrass-factorization,Weierstrass entire product factorization,limits-convergence,Limits and convergence,Canonical factors correct divergent raw products.
sine-infinite-product,Euler infinite product for sine,decomposition,Decomposition,Each paired zero contributes one quadratic factor.
sine-infinite-product,Euler infinite product for sine,symmetry-invariance,Symmetry and invariance,Symmetric zeros yield even factors after removing z.
gamma-weierstrass-product,Entire product for reciprocal gamma,decomposition,Decomposition,Zeros and exponential corrections determine the entire function.
gamma-weierstrass-product,Entire product for reciprocal gamma,limits-convergence,Limits and convergence,Linear exponential corrections make the product converge.
hadamard-factorization,Hadamard factorization for finite-order entire functions,scaling,Scaling and homogeneity,Growth order limits algebraic complexity.
hadamard-factorization,Hadamard factorization for finite-order entire functions,decomposition,Decomposition,Zeros plus a polynomial exponent determine the function.
contour-ml-bound,Contour length-times-maximum bound,accumulation,Accumulation,Local magnitudes sum along a path.
contour-ml-bound,Contour length-times-maximum bound,geometry-distance,Geometry and distance,Path length controls the total.
wirtinger-derivatives,Wirtinger derivatives,decomposition,Decomposition,Real derivatives split into complex-linear and anti-linear parts.
wirtinger-derivatives,Wirtinger derivatives,linearity,Linearity,Fixed linear combinations reorganize differentiation.
cauchy-pompeiu,Cauchy–Pompeiu formula,boundary-interior,Boundary and interior,An interior defect corrects boundary reconstruction.
cauchy-pompeiu,Cauchy–Pompeiu formula,decomposition,Decomposition,Analytic and anti-analytic contributions are separated.
schwarzian-derivative,Schwarzian derivative,symmetry-invariance,Symmetry and invariance,Möbius transformations form the zero-defect family.
schwarzian-derivative,Schwarzian derivative,local-linearization,Local linearization,Third-order information measures projective distortion.
schwarzian-chain-rule,Schwarzian composition law,composition,Composition,Distortions combine with a coordinate factor.
schwarzian-chain-rule,Schwarzian composition law,symmetry-invariance,Symmetry and invariance,Möbius postcomposition contributes zero.
schwarz-christoffel,Schwarz–Christoffel polygon map,boundary-interior,Boundary and interior,Boundary turning angles determine an analytic derivative.
schwarz-christoffel,Schwarz–Christoffel polygon map,composition,Composition,Local power-map turns combine multiplicatively.
picard-lindelof-theorem,Picard–Lindelöf local well-posedness,fixed-points,Fixed points,The integral equation becomes a contraction on a short interval.
picard-lindelof-theorem,Picard–Lindelöf local well-posedness,local-linearization,Local linearization,Lipschitz control limits slope sensitivity.
peano-existence,Peano local existence theorem,limits-convergence,Limits and convergence,Compactness extracts a solution from approximate paths.
peano-existence,Peano local existence theorem,accumulation,Accumulation,The limit satisfies the integral equation.
ode-continuation-alternative,Finite-time ODE continuation criterion,limits-convergence,Limits and convergence,Bounded trajectories admit a continuation point.
ode-continuation-alternative,Finite-time ODE continuation criterion,local-linearization,Local linearization,Local existence can restart at each finite state.
bernoulli-ode-substitution,Bernoulli equation linearizing substitution,change-of-coordinates,Change of coordinates,A power coordinate removes the nonlinear term.
bernoulli-ode-substitution,Bernoulli equation linearizing substitution,linearity,Linearity,The transformed equation obeys superposition for its homogeneous part.
riccati-linearization,Scalar Riccati to second-order linear equation,change-of-coordinates,Change of coordinates,A logarithmic derivative changes equation order and linearity.
riccati-linearization,Scalar Riccati to second-order linear equation,quadratic-structure,Quadratic structure,The square term cancels the squared logarithmic derivative.
exact-first-order-ode,Exact differential equation criterion,conservation,Conservation and balance,Solutions remain on a potential level.
exact-first-order-ode,Exact differential equation criterion,boundary-interior,Boundary and interior,Closed differentials integrate to path-independent changes.
cauchy-euler-equation,Cauchy–Euler indicial polynomial,scaling,Scaling and homogeneity,Power functions respect multiplicative rescaling.
cauchy-euler-equation,Cauchy–Euler indicial polynomial,change-of-coordinates,Change of coordinates,t=log x converts the equation to constant coefficients.
reduction-of-order,Reduction of order from one known solution,decomposition,Decomposition,A second solution is a known shape times an unknown multiplier.
reduction-of-order,Reduction of order from one known solution,accumulation,Accumulation,Integrating the Wronskian relation supplies the multiplier.
frobenius-indicial-equation,Frobenius series at a regular singular point,scaling,Scaling and homogeneity,The leading exponent captures the singular behavior.
frobenius-indicial-equation,Frobenius series at a regular singular point,recursion,Recursion and iteration,Higher coefficients are determined by a recurrence.
interval-dirichlet-green,Green kernel for the interval Dirichlet problem,linearity,Linearity,Individual point responses superpose.
interval-dirichlet-green,Green kernel for the interval Dirichlet problem,boundary-interior,Boundary and interior,The kernel is chosen to vanish at both endpoints.
sturm-oscillation-count,Sturm–Liouville nodal count,orthogonality,Orthogonality,Distinct weighted eigenmodes are orthogonal.
sturm-oscillation-count,Sturm–Liouville nodal count,recursion,Recursion and iteration,Ordering eigenvalues orders the number of oscillations.
laplace-fundamental-solution,Fundamental solution of minus the Laplacian,symmetry-invariance,Symmetry and invariance,Rotations force a radial response.
laplace-fundamental-solution,Fundamental solution of minus the Laplacian,boundary-interior,Boundary and interior,A small enclosing sphere detects the unit source.
dirichlet-green-representation,Dirichlet Green representation for Poisson,decomposition,Decomposition,Interior sources and boundary data contribute separately.
dirichlet-green-representation,Dirichlet Green representation for Poisson,boundary-interior,Boundary and interior,Normal kernel derivatives transfer boundary values into the domain.
harmonic-maximum-principle,Weak and strong harmonic maximum principles,averaging,Averaging,An interior value equals averages over nearby spheres.
harmonic-maximum-principle,Weak and strong harmonic maximum principles,boundary-interior,Boundary and interior,Boundary extrema control the entire interior.
hopf-boundary-lemma,Hopf boundary point lemma for harmonic functions,boundary-interior,Boundary and interior,Boundary geometry controls the sign of a derivative.
hopf-boundary-lemma,Hopf boundary point lemma for harmonic functions,local-linearization,Local linearization,A strict maximum forces a first-order boundary slope.
weyl-harmonic-lemma,Weyl lemma for distributional harmonic functions,limits-convergence,Limits and convergence,Mollification connects weak equations to smooth solutions.
weyl-harmonic-lemma,Weyl lemma for distributional harmonic functions,symmetry-invariance,Symmetry and invariance,Harmonic averaging is preserved by smoothing.
caccioppoli-harmonic-estimate,Caccioppoli interior energy estimate,local-linearization,Local linearization,Derivative size is controlled by nearby function size.
caccioppoli-harmonic-estimate,Caccioppoli interior energy estimate,boundary-interior,Boundary and interior,A surrounding buffer shields the interior estimate.
elliptic-interior-h2,Interior H2 estimate for Poisson,local-linearization,Local linearization,Finite differences recover second weak derivatives.
elliptic-interior-h2,Interior H2 estimate for Poisson,boundary-interior,Boundary and interior,Regularity is gained away from the boundary.
half-space-image-green,Method of images for a Dirichlet half-space,symmetry-invariance,Symmetry and invariance,Reflection makes boundary distances equal.
half-space-image-green,Method of images for a Dirichlet half-space,linearity,Linearity,Two signed point responses superpose.
neumann-poisson-compatibility,Compatibility and uniqueness for Neumann Poisson data,conservation,Conservation and balance,The integrated source is balanced by boundary flux.
neumann-poisson-compatibility,Compatibility and uniqueness for Neumann Poisson data,symmetry-invariance,Symmetry and invariance,Adding a constant changes neither Laplacian nor normal derivative.
heat-semigroup-contraction,Heat semigroup Lp contraction,averaging,Averaging,The kernel has nonnegative unit mass.
heat-semigroup-contraction,Heat semigroup Lp contraction,composition,Composition,Heat evolution composes by adding times.
heat-derivative-smoothing,Heat-kernel derivative smoothing bound,scaling,Scaling and homogeneity,Diffusive width √t fixes every time exponent.
heat-derivative-smoothing,Heat-kernel derivative smoothing bound,limits-convergence,Limits and convergence,Positive-time evolution improves regularity instantly.
parabolic-maximum-principle,Parabolic maximum principle,boundary-interior,Boundary and interior,The parabolic boundary includes initial time as well as spatial sides.
parabolic-maximum-principle,Parabolic maximum principle,averaging,Averaging,Diffusion suppresses new interior maxima.
dirichlet-heat-eigenexpansion,Heat flow in Dirichlet eigenmodes,decomposition,Decomposition,The initial field splits into orthogonal spatial modes.
dirichlet-heat-eigenexpansion,Heat flow in Dirichlet eigenmodes,exponential-log,Exponentials and logarithms,Each coefficient obeys its own exponential decay law.
wave-finite-propagation,Finite speed of wave propagation,geometry-distance,Geometry and distance,Euclidean distance and elapsed time define the dependence cone.
wave-finite-propagation,Finite speed of wave propagation,conservation,Conservation and balance,Local energy balances bound how far a disturbance travels.
kirchhoff-wave-formula,Kirchhoff formula for three-dimensional waves,averaging,Averaging,Spherical means organize propagation.
kirchhoff-wave-formula,Kirchhoff formula for three-dimensional waves,geometry-distance,Geometry and distance,The sampling shell expands at speed c.
bromwich-inversion,Bromwich inversion of the Laplace transform,duality,Duality,A transform is reconstructed from its complex-frequency data.
bromwich-inversion,Bromwich inversion of the Laplace transform,exponential-log,Exponentials and logarithms,Complex exponentials combine growth and oscillation.
laplace-asymptotic-method,Laplace method at a nondegenerate interior minimum,local-linearization,Local linearization,A quadratic phase approximation controls the peak.
laplace-asymptotic-method,Laplace method at a nondegenerate interior minimum,scaling,Scaling and homogeneity,Rescaling distance by √λ reveals a Gaussian limit.
stationary-phase-one-dimensional,One-dimensional stationary phase,local-linearization,Local linearization,The local quadratic phase sets amplitude and phase shift.
stationary-phase-one-dimensional,One-dimensional stationary phase,limits-convergence,Limits and convergence,Nonstationary regions cancel to higher order.
watson-lemma,Watson lemma for endpoint Laplace asymptotics,local-linearization,Local linearization,Endpoint asymptotic coefficients determine large-parameter behavior.
watson-lemma,Watson lemma for endpoint Laplace asymptotics,exponential-log,Exponentials and logarithms,Exponential damping suppresses the remote tail.
lebesgue-differentiation,Lebesgue differentiation theorem,averaging,Averaging,Shrinking neighborhood means reveal the point value.
lebesgue-differentiation,Lebesgue differentiation theorem,limits-convergence,Limits and convergence,Almost-everywhere recovery survives weak regularity.
cumulative-distribution-function,Cumulative distribution function,accumulation,Accumulation,Each threshold includes all probability already passed.
cumulative-distribution-function,Cumulative distribution function,randomness,Randomness and distribution,The function records a complete one-dimensional law.
quantile-function,Generalized quantile function,change-of-coordinates,Change of coordinates,Uniform probability coordinates become outcome coordinates.
quantile-function,Generalized quantile function,randomness,Randomness and distribution,A single uniform draw generates the desired marginal law.
probability-integral-transform,Probability integral transform,change-of-coordinates,Change of coordinates,The CDF removes the original marginal scale.
probability-integral-transform,Probability integral transform,symmetry-invariance,Symmetry and invariance,All continuous marginal laws share the same percentile law.
survival-hazard,Survival and hazard relation,accumulation,Accumulation,Integrating instantaneous hazard gives total exposure.
survival-hazard,Survival and hazard relation,exponential-log,Exponentials and logarithms,Multiplicative survival becomes additive cumulative hazard.
order-statistic-density,Density of an order statistic,counting,Counting,The factorial factor counts allocations below and above the selected value.
order-statistic-density,Density of an order statistic,randomness,Randomness and distribution,Rank changes a marginal law into a different sampling law.
multinomial-distribution,Multinomial distribution,counting,Counting,The coefficient counts orderings with prescribed category totals.
multinomial-distribution,Multinomial distribution,conservation,Conservation and balance,Category counts must add to the fixed number of trials.
dirichlet-distribution,Dirichlet distribution,conservation,Conservation and balance,Proportions always sum to one.
dirichlet-distribution,Dirichlet distribution,averaging,Averaging,Expected category weight is αj/α0.
lognormal-distribution,Lognormal distribution,exponential-log,Exponentials and logarithms,Exponentiation converts additive noise into multiplicative factors.
lognormal-distribution,Lognormal distribution,change-of-coordinates,Change of coordinates,The 1/x factor is the logarithm's Jacobian.
chi-squared-distribution,Chi-squared distribution,quadratic-structure,Quadratic structure,Squares combine Gaussian coordinates into an energy.
chi-squared-distribution,Chi-squared distribution,accumulation,Accumulation,Independent squared coordinates add degrees of freedom.
student-t-distribution,Student t distribution,randomness,Randomness and distribution,The denominator introduces additional scale uncertainty.
student-t-distribution,Student t distribution,scaling,Scaling and homogeneity,"As ν grows, the estimated scale concentrates near one."
f-distribution,F distribution,scaling,Scaling and homogeneity,Normalizing each energy by its degrees of freedom puts them on a common scale.
f-distribution,F distribution,quadratic-structure,Quadratic structure,Both numerator and denominator come from Gaussian squared lengths.
weibull-distribution,Weibull distribution,scaling,Scaling and homogeneity,A power of time sets how ageing changes risk.
weibull-distribution,Weibull distribution,exponential-log,Exponentials and logarithms,Cumulative hazard is the power (t/λ)^k.
pareto-distribution,Pareto distribution,scaling,Scaling and homogeneity,Tail ratios depend on threshold ratios rather than absolute units.
pareto-distribution,Pareto distribution,limits-convergence,Limits and convergence,Heavy tails create a precise cutoff between finite and infinite moments.
cauchy-distribution,Cauchy distribution,scaling,Scaling and homogeneity,Cauchy sums rescale linearly rather than by a square root.
cauchy-distribution,Cauchy distribution,generating-functions,Generating functions,Multiplying characteristic functions exposes stability under averaging.
laplace-distribution,Laplace distribution,exponential-log,Exponentials and logarithms,Negative log density is proportional to absolute error.
laplace-distribution,Laplace distribution,symmetry-invariance,Symmetry and invariance,Equal exponential tails extend on both sides of the location.
wishart-distribution,Wishart Gaussian scatter distribution,quadratic-structure,Quadratic structure,Outer products store every directional squared projection.
wishart-distribution,Wishart Gaussian scatter distribution,accumulation,Accumulation,Independent scatter contributions add.
gaussian-conditioning,Conditional multivariate Gaussian,orthogonality,Orthogonality,"The residual is uncorrelated, hence Gaussian-independent, from Y."
gaussian-conditioning,Conditional multivariate Gaussian,quadratic-structure,Quadratic structure,Completing a block quadratic separates observed and residual parts.
gaussian-integration-by-parts,Gaussian integration by parts,duality,Duality,Coordinate multiplication and differentiation are paired under Gaussian averaging.
gaussian-integration-by-parts,Gaussian integration by parts,exponential-log,Exponentials and logarithms,The Gaussian log density has derivative −z.
wick-formula,Wick–Isserlis Gaussian moment formula,decomposition,Decomposition,Each high-order moment splits into products of pairwise covariances.
wick-formula,Wick–Isserlis Gaussian moment formula,counting,Counting,Pair partitions enumerate the possible contractions.
borel-cantelli-first,First Borel–Cantelli lemma,accumulation,Accumulation,Summability controls the entire remaining tail of events.
borel-cantelli-first,First Borel–Cantelli lemma,limits-convergence,Limits and convergence,Tail union probabilities shrink to zero.
borel-cantelli-second,Second Borel–Cantelli lemma,randomness,Randomness and distribution,Independence keeps later opportunities genuinely fresh.
borel-cantelli-second,Second Borel–Cantelli lemma,limits-convergence,Limits and convergence,Products of avoidance probabilities tend to zero.
kolmogorov-zero-one,Kolmogorov zero–one law,symmetry-invariance,Symmetry and invariance,Discarding finitely many coordinates leaves tail events unchanged.
kolmogorov-zero-one,Kolmogorov zero–one law,information,Information and uncertainty,A tail event is independent of every finite block and ultimately of itself.
convergence-in-probability,Convergence in probability,limits-convergence,Limits and convergence,Probability of each fixed-size error vanishes.
convergence-in-probability,Convergence in probability,randomness,Randomness and distribution,The approximation guarantee is probabilistic rather than pointwise.
convergence-in-distribution,Convergence in distribution,limits-convergence,Limits and convergence,Whole probability laws converge through their cumulative values.
convergence-in-distribution,Convergence in distribution,information,Information and uncertainty,Only distributional information survives; sample-path matching is absent.
lp-random-convergence,Lp convergence of random variables,averaging,Averaging,The error is measured by an expected powered magnitude.
lp-random-convergence,Lp convergence of random variables,limits-convergence,Limits and convergence,A norm tending to zero strengthens probability-only control.
continuous-mapping-theorem,Continuous mapping theorem,composition,Composition,Limits pass through transformations continuous at almost every limiting outcome.
continuous-mapping-theorem,Continuous mapping theorem,limits-convergence,Limits and convergence,Distributional convergence is stable under suitable mappings.
slutsky-theorem,Slutsky's theorem,local-linearization,Local linearization,A concentrating nuisance factor behaves as a fixed coefficient.
slutsky-theorem,Slutsky's theorem,limits-convergence,Limits and convergence,Distributional and probability limits combine when one limit is constant.
levy-continuity-theorem,Lévy continuity theorem,generating-functions,Generating functions,Oscillatory transforms encode complete probability laws.
levy-continuity-theorem,Lévy continuity theorem,limits-convergence,Limits and convergence,Continuity at zero ensures the transform limit corresponds to a probability measure.
berry-esseen,Berry–Esseen bound,scaling,Scaling and homogeneity,The standardized third moment is dimensionless.
berry-esseen,Berry–Esseen bound,limits-convergence,Limits and convergence,A finite-sample bound quantifies approach to the Gaussian law.
lindeberg-clt,Lindeberg triangular-array CLT,decomposition,Decomposition,Total fluctuations split among row-wise independent contributions.
lindeberg-clt,Lindeberg triangular-array CLT,scaling,Scaling and homogeneity,The Lindeberg cutoff measures each contribution against total standard deviation.
subgaussian-variable,Sub-Gaussian moment bound,exponential-log,Exponentials and logarithms,Exponential moments compare tails through a quadratic exponent.
subgaussian-variable,Sub-Gaussian moment bound,quadratic-structure,Quadratic structure,The Gaussian-shaped quadratic controls deviations at every exponential tilt.
bernstein-inequality,Bernstein inequality for bounded sums,quadratic-structure,Quadratic structure,Variance controls the near-mean quadratic exponent.
bernstein-inequality,Bernstein inequality for bounded sums,scaling,Scaling and homogeneity,The linear Mt term describes the large-deviation scale.
bennett-inequality,Bennett inequality,convexity,Convexity,The convex function h records the optimized exponential tilt.
bennett-inequality,Bennett inequality,exponential-log,Exponentials and logarithms,The tail exponent retains a logarithmic large-deviation shape.
cantelli-inequality,Cantelli one-sided variance bound,optimization,Optimization,A shifted square is optimized to target only the upper tail.
cantelli-inequality,Cantelli one-sided variance bound,quadratic-structure,Quadratic structure,The entire guarantee comes from the first two moments.
paley-zygmund,Paley–Zygmund lower bound,quadratic-structure,Quadratic structure,The ratio of squared first moment to second moment measures concentration of mass.
paley-zygmund,Paley–Zygmund lower bound,randomness,Randomness and distribution,The result gives a lower probability bound from moment data.
efron-stein,Efron–Stein variance inequality,decomposition,Decomposition,Resampling one coordinate isolates its contribution to variability.
efron-stein,Efron–Stein variance inequality,quadratic-structure,Quadratic structure,Squared input-replacement effects bound output variance.
mcdiarmid-inequality,McDiarmid bounded-difference inequality,decomposition,Decomposition,Coordinate-wise influence controls a nonlinear total.
mcdiarmid-inequality,McDiarmid bounded-difference inequality,scaling,Scaling and homogeneity,Squared sensitivity sizes determine the effective fluctuation scale.
azuma-hoeffding,Azuma–Hoeffding martingale bound,randomness,Randomness and distribution,Conditional fairness replaces independence of increments.
azuma-hoeffding,Azuma–Hoeffding martingale bound,accumulation,Accumulation,The bound adds squared limits on successive surprises.
kolmogorov-maximal,Kolmogorov maximal inequality,accumulation,Accumulation,All partial sums share one total variance budget.
kolmogorov-maximal,Kolmogorov maximal inequality,boundary-interior,Boundary and interior,First boundary crossing identifies which paths need to be counted.
cramer-large-deviations,Cramér large-deviation principle,duality,Duality,The rate function is the convex conjugate of the cumulant generator.
cramer-large-deviations,Cramér large-deviation principle,limits-convergence,Limits and convergence,Probabilities are described on the logarithmic scale n.
poisson-approximation,Le Cam Poisson approximation,limits-convergence,Limits and convergence,Rare-event scaling makes the approximation error vanish.
poisson-approximation,Le Cam Poisson approximation,accumulation,Accumulation,The target Poisson mean adds the individual success probabilities.
wald-identity,Wald's random-sum identity,averaging,Averaging,Expected reward per included increment stays constant.
wald-identity,Wald's random-sum identity,accumulation,Accumulation,A stopped sum is expanded using indicators that the next increment is included.
random-sum-variance,Variance of an independent random sum,decomposition,Decomposition,Within-count noise and between-count variation contribute separately.
random-sum-variance,Variance of an independent random sum,quadratic-structure,Quadratic structure,Fluctuating counts multiply the square of the item mean.
sklar-copula,Sklar's copula representation,decomposition,Decomposition,Marginal laws and dependence are represented separately.
sklar-copula,Sklar's copula representation,change-of-coordinates,Change of coordinates,Each coordinate is moved to its cumulative probability scale.
frechet-hoeffding-bounds,Fréchet–Hoeffding copula bounds,boundary-interior,Boundary and interior,Extreme couplings bound all intermediate dependence structures.
frechet-hoeffding-bounds,Fréchet–Hoeffding copula bounds,conservation,Conservation and balance,An intersection cannot exceed the probability available in any marginal.
statistical-risk,Statistical risk,averaging,Averaging,Loss is averaged over the sampling distribution.
statistical-risk,Statistical risk,optimization,Optimization,Different decision rules can be compared under one explicit objective.
bayes-action,Bayes action by posterior expected loss,averaging,Averaging,Posterior probabilities weight possible consequences.
bayes-action,Bayes action by posterior expected loss,optimization,Optimization,"The best action depends on the chosen loss, not just on a likely parameter."
bayes-classifier,Bayes classifier and irreducible error,optimization,Optimization,Each input gets the label minimizing its conditional error.
bayes-classifier,Bayes classifier and irreducible error,information,Information and uncertainty,Uncertainty remaining after observing X sets the best possible accuracy.
quantile-loss-minimizer,Quantiles minimize pinball loss,optimization,Optimization,The target statistic changes when the loss changes.
quantile-loss-minimizer,Quantiles minimize pinball loss,convexity,Convexity,One-sided slopes bracket zero exactly at a τ-quantile.
minimax-statistical-risk,Minimax statistical risk,optimization,Optimization,The order infimum over procedures then supremum over truths fixes the criterion.
minimax-statistical-risk,Minimax statistical risk,duality,Duality,Priors supply lower bounds by averaging risks below their worst value.
james-stein-estimator,James–Stein shrinkage estimator,averaging,Averaging,A common shrinkage factor shares evidence about signal magnitude across coordinates.
james-stein-estimator,James–Stein shrinkage estimator,optimization,Optimization,Controlled bias lowers total risk despite each coordinate's unbiased alternative.
stein-unbiased-risk-estimate,Stein's unbiased risk estimate,local-linearization,Local linearization,Divergence measures how much fitted output reacts to perturbing its own data.
stein-unbiased-risk-estimate,Stein's unbiased risk estimate,averaging,Averaging,The correction is unbiased after averaging over Gaussian noise.
minimal-sufficiency,Minimal sufficient statistic criterion,information,Information and uncertainty,The statistic retains exactly the likelihood distinctions relevant to θ.
minimal-sufficiency,Minimal sufficient statistic criterion,decomposition,Decomposition,Datasets are partitioned into classes with proportional likelihood functions.
complete-statistic,Completeness of a statistic,information,Information and uncertainty,No nonzero parameter-invisible mean-zero adjustment remains.
complete-statistic,Completeness of a statistic,linearity,Linearity,The expectation operator has no nontrivial common null direction on functions of T.
lehmann-scheffe,Lehmann–Scheffé theorem,optimization,Optimization,Variance is minimal within the class of unbiased estimators.
lehmann-scheffe,Lehmann–Scheffé theorem,information,Information and uncertainty,Sufficiency removes irrelevant noise; completeness removes alternative unbiased summaries.
basu-theorem,Basu's theorem,decomposition,Decomposition,Parameter information separates from parameter-free sampling variation.
basu-theorem,Basu's theorem,information,Information and uncertainty,Sufficiency and completeness turn lack of parameter dependence into independence.
fisher-information-reparameterization,Fisher information under reparameterization,change-of-coordinates,Change of coordinates,Scores transform by the transpose Jacobian.
fisher-information-reparameterization,Fisher information under reparameterization,quadratic-structure,Quadratic structure,The information matrix transforms as a metric tensor.
mle-asymptotic-normality,Asymptotic normality of a regular MLE,local-linearization,Local linearization,Linearizing the score equation transfers its Gaussian noise to parameter error.
mle-asymptotic-normality,Asymptotic normality of a regular MLE,quadratic-structure,Quadratic structure,Likelihood curvature rescales score fluctuations.
estimating-equation-sandwich,Sandwich covariance for estimating equations,local-linearization,Local linearization,Inverting the local estimating equation converts score errors into parameter errors.
estimating-equation-sandwich,Sandwich covariance for estimating equations,quadratic-structure,Quadratic structure,"Covariance transforms on both sides, producing the sandwich."
wald-test,Wald test for smooth restrictions,geometry-distance,Geometry and distance,The inverse covariance measures distance from the null in uncertainty units.
wald-test,Wald test for smooth restrictions,local-linearization,Local linearization,A derivative transfers parameter uncertainty to restriction uncertainty.
score-test,Rao score test,local-linearization,Local linearization,The likelihood slope detects a local departure from the null.
score-test,Rao score test,quadratic-structure,Quadratic structure,Information normalizes the score's squared length.
confidence-test-duality,Confidence sets by test inversion,duality,Duality,Tests and confidence regions are two views of the same acceptance sets.
confidence-test-duality,Confidence sets by test inversion,geometry-distance,Geometry and distance,The confidence set collects null values compatible with the observed statistic.
bonferroni-correction,Bonferroni familywise correction,accumulation,Accumulation,Individual error allowances add to the overall budget.
bonferroni-correction,Bonferroni familywise correction,conservation,Conservation and balance,The total type-I-error allocation stays within α.
benjamini-hochberg,Benjamini–Hochberg false-discovery control,averaging,Averaging,The controlled quantity is the expectation of the false-discovery proportion.
benjamini-hochberg,Benjamini–Hochberg false-discovery control,counting,Counting,The rank-dependent threshold adapts to the number of discoveries.
permutation-test,Permutation randomization test,symmetry-invariance,Symmetry and invariance,Null-valid transformations preserve the data's law.
permutation-test,Permutation randomization test,counting,Counting,The tail rank among transformed datasets becomes a p-value.
fisher-exact-test,Fisher exact test distribution,counting,Counting,Possible allocations with fixed margins are counted combinatorially.
fisher-exact-test,Fisher exact test distribution,conservation,Conservation and balance,Conditioning keeps both row and column totals fixed.
kolmogorov-smirnov-test,Kolmogorov–Smirnov one-sample statistic,geometry-distance,Geometry and distance,A supremum distance measures the worst cumulative mismatch.
kolmogorov-smirnov-test,Kolmogorov–Smirnov one-sample statistic,symmetry-invariance,Symmetry and invariance,The probability integral transform removes the continuous null's shape.
dkw-inequality,Dvoretzky–Kiefer–Wolfowitz inequality,limits-convergence,Limits and convergence,The entire empirical CDF concentrates uniformly.
dkw-inequality,Dvoretzky–Kiefer–Wolfowitz inequality,information,Information and uncertainty,A single band simultaneously bounds every threshold probability.
glivenko-cantelli,Glivenko–Cantelli theorem,limits-convergence,Limits and convergence,The worst error across all thresholds tends to zero.
glivenko-cantelli,Glivenko–Cantelli theorem,averaging,Averaging,Every CDF value is an average of indicators from the same sample.
sample-quantile-asymptotics,Asymptotic distribution of a sample quantile,local-linearization,Local linearization,Inverting the local CDF slope divides fluctuation by f(qτ).
sample-quantile-asymptotics,Asymptotic distribution of a sample quantile,scaling,Scaling and homogeneity,The density at the target converts probability error into outcome error.
u-statistic,Unbiased U-statistic,averaging,Averaging,All equally sized subsets contribute equally.
u-statistic,Unbiased U-statistic,symmetry-invariance,Symmetry and invariance,Relabeling observations leaves the statistic unchanged.
jackknife-variance,Jackknife variance estimate,local-linearization,Local linearization,Delete-one sensitivity approximates the influence of individual observations.
jackknife-variance,Jackknife variance estimate,quadratic-structure,Quadratic structure,Squared sensitivity is accumulated into a variance estimate.
kfold-cross-validation,K-fold cross-validation,decomposition,Decomposition,The sample is divided into complementary training and validation roles.
kfold-cross-validation,K-fold cross-validation,averaging,Averaging,Held-out losses are pooled over all observations.
loocv-linear-smoother,Leave-one-out shortcut for linear smoothers,local-linearization,Local linearization,Diagonal leverage quantifies a datum's influence on its own fit.
loocv-linear-smoother,Leave-one-out shortcut for linear smoothers,decomposition,Decomposition,Full-data fitting and self-influence separate algebraically.
akaike-information-criterion,Akaike information criterion,decomposition,Decomposition,Observed fit and complexity correction are added separately.
akaike-information-criterion,Akaike information criterion,information,Information and uncertainty,The criterion approximates expected predictive log-loss comparison.
bayesian-information-criterion,Bayesian information criterion,scaling,Scaling and homogeneity,Posterior concentration volume shrinks like n^(−k/2).
bayesian-information-criterion,Bayesian information criterion,information,Information and uncertainty,The score approximates negative twice log marginal evidence up to bounded terms.
bayes-factor,Bayes factor,averaging,Averaging,Each likelihood is integrated over its model's prior.
bayes-factor,Bayes factor,information,Information and uncertainty,Data update model odds by an evidence ratio.
jeffreys-prior,Jeffreys prior measure,change-of-coordinates,Change of coordinates,The density transforms correctly under smooth one-to-one reparameterizations.
jeffreys-prior,Jeffreys prior measure,geometry-distance,Geometry and distance,Fisher information supplies a local volume element.
dirichlet-multinomial-update,Dirichlet–multinomial posterior update,accumulation,Accumulation,Prior and data counts add coordinate by coordinate.
dirichlet-multinomial-update,Dirichlet–multinomial posterior update,averaging,Averaging,Posterior predictions blend prior proportions with empirical proportions.
gamma-poisson-update,Gamma–Poisson posterior update,accumulation,Accumulation,Events and exposure contribute separate additive sufficient statistics.
gamma-poisson-update,Gamma–Poisson posterior update,exponential-log,Exponentials and logarithms,Multiplying conjugate exponential forms updates exponents and rates.
kaplan-meier,Kaplan–Meier survival estimator,accumulation,Accumulation,Conditional survival fractions multiply over time.
kaplan-meier,Kaplan–Meier survival estimator,conservation,Conservation and balance,Each risk set accounts for those remaining under observation.
nelson-aalen,Nelson–Aalen cumulative hazard estimator,accumulation,Accumulation,Hazard increments add across event times.
nelson-aalen,Nelson–Aalen cumulative hazard estimator,exponential-log,Exponentials and logarithms,Cumulative hazard approximates negative log product survival.
cox-partial-likelihood,Cox proportional-hazards partial likelihood,symmetry-invariance,Symmetry and invariance,A common unknown baseline cancels in conditional relative hazards.
cox-partial-likelihood,Cox proportional-hazards partial likelihood,optimization,Optimization,Multiplying risk-set contributions yields an estimable coefficient objective.
kernel-density-estimator,Kernel density estimator,averaging,Averaging,Each observation contributes an equally weighted local density.
kernel-density-estimator,Kernel density estimator,scaling,Scaling and homogeneity,The 1/h factor preserves unit mass as bump width changes.
kde-mise,Kernel density bias–variance bandwidth law,decomposition,Decomposition,Integrated error splits into variance and squared smoothing bias.
kde-mise,Kernel density bias–variance bandwidth law,scaling,Scaling and homogeneity,Opposite powers 1/(nh) and h⁴ create the optimal bandwidth scale.
nadaraya-watson,Nadaraya–Watson regression,averaging,Averaging,Normalized distance-dependent weights form a local mean.
nadaraya-watson,Nadaraya–Watson regression,geometry-distance,Geometry and distance,Input proximity determines which observations contribute most.
quantile-regression,Quantile regression,optimization,Optimization,An asymmetric convex objective targets a chosen conditional quantile.
quantile-regression,Quantile regression,geometry-distance,Geometry and distance,Piecewise-linear residual costs reduce sensitivity to extreme magnitudes.
huber-loss,Huber loss,local-linearization,Local linearization,Large errors have bounded slope and therefore bounded residual influence.
huber-loss,Huber loss,convexity,Convexity,A quadratic center joins smoothly to linear tails.
m-estimation,M-estimation objective and equation,optimization,Optimization,Statistical estimation is expressed as minimizing an empirical objective.
m-estimation,M-estimation objective and equation,accumulation,Accumulation,Individual observations contribute additive discrepancy or score terms.
elastic-net,Elastic net regression,decomposition,Decomposition,Two penalties express distinct preferences in one convex objective.
elastic-net,Elastic net regression,convexity,Convexity,The quadratic penalty supplies strict curvature even with dependent columns.
regression-hat-matrix,Regression hat matrix and leverage,orthogonality,Orthogonality,Fitted and residual vectors occupy perpendicular subspaces.
regression-hat-matrix,Regression hat matrix and leverage,decomposition,Decomposition,The p-dimensional fitted subspace distributes p units of total leverage.
frisch-waugh-lovell,Frisch–Waugh–Lovell residualization,orthogonality,Orthogonality,Residualization removes components in the nuisance predictor subspace.
frisch-waugh-lovell,Frisch–Waugh–Lovell residualization,decomposition,Decomposition,A joint regression is split into nuisance and remaining contributions.
generalized-linear-model,Generalized linear model mean–variance structure,exponential-log,Exponentials and logarithms,Differentiating the log normalizer generates mean and variance.
generalized-linear-model,Generalized linear model mean–variance structure,change-of-coordinates,Change of coordinates,The link maps a constrained mean scale to a linear predictor.
linear-discriminant-analysis,Gaussian linear discriminant analysis,quadratic-structure,Quadratic structure,Equal covariance matrices make quadratic x terms cancel.
linear-discriminant-analysis,Gaussian linear discriminant analysis,optimization,Optimization,The discriminant chooses the largest posterior class score.
partial-correlation,Partial correlation from precision,decomposition,Decomposition,Shared effects from the remaining variables are removed by projection.
partial-correlation,Partial correlation from precision,orthogonality,Orthogonality,Residual correlations describe what remains after linear adjustment.
f-test-linear-model,F test for nested Gaussian linear models,orthogonality,Orthogonality,Additional fitted and remaining residual subspaces are perpendicular.
f-test-linear-model,F test for nested Gaussian linear models,quadratic-structure,Quadratic structure,Independent Gaussian sums of squares form the F ratio.
regression-prediction-interval,Gaussian regression prediction interval,decomposition,Decomposition,Parameter estimation error and new observation noise contribute separate variances.
regression-prediction-interval,Gaussian regression prediction interval,quadratic-structure,Quadratic structure,The design covariance determines uncertainty at the new input.
causal-g-formula,Covariate adjustment for average treatment effect,averaging,Averaging,Within-background contrasts are standardized to one population distribution.
causal-g-formula,Covariate adjustment for average treatment effect,information,Information and uncertainty,Identification depends on observed X blocking treatment-outcome confounding.
inverse-propensity-weighting,Inverse propensity weighting identity,averaging,Averaging,Unequal selection probabilities are compensated by inverse weights.
inverse-propensity-weighting,Inverse propensity weighting identity,change-of-coordinates,Change of coordinates,Reweighting changes the represented covariate distribution.
doubly-robust-ate,Doubly robust treatment-effect score,decomposition,Decomposition,A model-based contrast and residual correction handle complementary errors.
doubly-robust-ate,Doubly robust treatment-effect score,orthogonality,Orthogonality,"At the true nuisances, first-order perturbations in either component cancel."
transition-kernel,Markov transition kernel,duality,Duality,The same kernel acts oppositely on functions and measures.
transition-kernel,Markov transition kernel,averaging,Averaging,Kf is the expected next observable from the present state.
markov-chain-ergodic-theorem,Finite Markov chain time-average theorem,averaging,Averaging,Averages along one path equal stationary averages.
markov-chain-ergodic-theorem,Finite Markov chain time-average theorem,limits-convergence,Limits and convergence,Persistent dependence still permits an almost sure long-run limit.
markov-chain-convergence,Finite Markov chain convergence theorem,limits-convergence,Limits and convergence,Repeated transition operators approach a common limiting distribution.
markov-chain-convergence,Finite Markov chain convergence theorem,fixed-points,Fixed points,The limiting law is the invariant probability vector.
total-variation-distance,Total variation distance between laws,geometry-distance,Geometry and distance,The metric measures the strongest event-level distinction.
total-variation-distance,Total variation distance between laws,information,Information and uncertainty,It quantifies how distinguishable two probability laws are.
coupling-inequality,Coupling characterization of total variation,optimization,Optimization,Choose a joint construction minimizing mismatch.
coupling-inequality,Coupling characterization of total variation,geometry-distance,Geometry and distance,Distributional distance becomes an achievable probability of unequal outcomes.
dobrushin-contraction,Dobrushin contraction coefficient,limits-convergence,Limits and convergence,Repeated strict contraction gives geometric forgetting.
dobrushin-contraction,Dobrushin contraction coefficient,averaging,Averaging,Overlapping transition mixtures smooth differences between input laws.
markov-mixing-time,Total variation mixing time,limits-convergence,Limits and convergence,A qualitative limit is converted into an accuracy-dependent time.
markov-mixing-time,Total variation mixing time,information,Information and uncertainty,The threshold controls the most distinguishing event.
kac-return-time,Kac mean return-time identity,recursion,Recursion and iteration,Visits to a state regenerate future return cycles.
kac-return-time,Kac mean return-time identity,averaging,Averaging,Long-run visit frequency is reciprocal to average cycle length.
reversible-dirichlet-form,Dirichlet form of a reversible chain,quadratic-structure,Quadratic structure,Energy is a weighted sum of squared differences.
reversible-dirichlet-form,Dirichlet form of a reversible chain,symmetry-invariance,Symmetry and invariance,Detailed balance turns directed transition flows into symmetric conductances.
spectral-gap-mixing,Spectral bound on reversible mixing,decomposition,Decomposition,The initial discrepancy splits into orthogonal eigenmodes.
spectral-gap-mixing,Spectral bound on reversible mixing,limits-convergence,Limits and convergence,Powers of nontrivial eigenvalues quantify forgetting.
metropolis-hastings,Metropolis–Hastings acceptance rule,symmetry-invariance,Symmetry and invariance,Forward and reverse accepted target flows match.
metropolis-hastings,Metropolis–Hastings acceptance rule,optimization,Optimization,The acceptance ratio corrects proposal bias without evaluating the target normalizer.
gibbs-sampling,Gibbs conditional resampling,composition,Composition,A sequence of invariant coordinate updates remains invariant.
gibbs-sampling,Gibbs conditional resampling,randomness,Randomness and distribution,Each update samples uncertainty remaining after conditioning.
integrated-autocorrelation-time,Integrated autocorrelation and effective sample size,accumulation,Accumulation,All lagged covariances contribute to average uncertainty.
integrated-autocorrelation-time,Integrated autocorrelation and effective sample size,averaging,Averaging,Dependence changes the precision gained per sample.
acceptance-rejection,Acceptance–rejection sampling,geometry-distance,Geometry and distance,Acceptance cuts the target shape out of an enveloping region.
acceptance-rejection,Acceptance–rejection sampling,randomness,Randomness and distribution,Independent uniform thinning corrects the proposal density.
importance-sampling,Importance sampling identity and estimator,change-of-coordinates,Change of coordinates,A change of probability measure is paid for by a likelihood ratio.
importance-sampling,Importance sampling identity and estimator,averaging,Averaging,Weighted proposal observations estimate a target expectation.
self-normalized-importance,Self-normalized importance sampling,averaging,Averaging,Normalized nonnegative weights sum to one.
self-normalized-importance,Self-normalized importance sampling,limits-convergence,Limits and convergence,A ratio of two laws of large numbers cancels the unknown constant.
control-variate,Optimal linear control variate,orthogonality,Orthogonality,Optimal subtraction leaves a residual uncorrelated with the control.
control-variate,Optimal linear control variate,optimization,Optimization,The coefficient minimizes a quadratic variance function.
antithetic-variance,Antithetic sampling variance,symmetry-invariance,Symmetry and invariance,Reflection preserves the uniform marginal distribution.
antithetic-variance,Antithetic sampling variance,averaging,Averaging,A carefully dependent pair can average more accurately than independent draws.
stratified-monte-carlo,Stratified Monte Carlo and allocation,decomposition,Decomposition,The expectation splits across a known partition.
stratified-monte-carlo,Stratified Monte Carlo and allocation,optimization,Optimization,Sampling effort is allocated by each stratum's marginal variance contribution.
sequential-importance-resampling,Sequential importance weights for particle filtering,recursion,Recursion and iteration,The posterior approximation is updated one observation at a time.
sequential-importance-resampling,Sequential importance weights for particle filtering,averaging,Averaging,Normalized particle weights approximate conditional expectations.
ctmc-generator,Continuous-time Markov generator matrix,local-linearization,Local linearization,I+hQ is the first-order transition approximation.
ctmc-generator,Continuous-time Markov generator matrix,conservation,Conservation and balance,Zero row sums preserve total probability.
ctmc-forward,Kolmogorov equations for a finite chain,linearity,Linearity,Probability evolves by a linear system.
ctmc-forward,Kolmogorov equations for a finite chain,composition,Composition,The semigroup composes successive time intervals.
ctmc-uniformization,Uniformization of a finite Markov chain,decomposition,Decomposition,Continuous evolution is a Poisson mixture of discrete-step evolutions.
ctmc-uniformization,Uniformization of a finite Markov chain,exponential-log,Exponentials and logarithms,The matrix exponential factors into scalar Poisson weights.
birth-death-stationary,Stationary law of a birth–death process,recursion,Recursion and iteration,The ratio of neighboring stationary masses determines the whole law.
birth-death-stationary,Stationary law of a birth–death process,conservation,Conservation and balance,Local balance makes every neighboring probability flow cancel.
mm1-queue,Stationary M/M/1 queue,fixed-points,Fixed points,Stationary occupancy balances arrival and departure rates.
mm1-queue,Stationary M/M/1 queue,scaling,Scaling and homogeneity,The gap μ−λ determines the mean time scale.
little-law,Little's queueing law,conservation,Conservation and balance,Each admitted job contributes its time inside to accumulated occupancy.
little-law,Little's queueing law,averaging,Averaging,Time-average population equals arrival-average duration times rate.
renewal-equation,Renewal equation,recursion,Recursion and iteration,Condition on the first waiting time to restart the process.
renewal-equation,Renewal equation,composition,Composition,The convolution-like integral combines first arrival and remaining evolution.
renewal-reward-theorem,Renewal reward theorem,averaging,Averaging,Separate laws of large numbers for rewards and durations form a ratio.
renewal-reward-theorem,Renewal reward theorem,recursion,Recursion and iteration,Renewal cycles reset the statistical experiment.
inspection-paradox,Equilibrium residual lifetime,averaging,Averaging,Random-time observation length-biases which intervals are seen.
inspection-paradox,Equilibrium residual lifetime,accumulation,Accumulation,Tail integration turns interval lengths into residual-time probabilities.
branching-extinction,Galton–Watson extinction probability,fixed-points,Fixed points,Self-similar descendant survival creates a fixed-point equation.
branching-extinction,Galton–Watson extinction probability,generating-functions,Generating functions,The offspring PGF averages the extinction probabilities of all children.
branching-mean-martingale,Galton–Watson mean and normalized martingale,scaling,Scaling and homogeneity,Dividing by m^n removes deterministic expected growth.
branching-mean-martingale,Galton–Watson mean and normalized martingale,recursion,Recursion and iteration,Each generation conditionally has m times the current population.
doob-maximal-inequality,Doob Lp maximal inequality,boundary-interior,Boundary and interior,Crossing a threshold links a path maximum to future conditional expectations.
doob-maximal-inequality,Doob Lp maximal inequality,limits-convergence,Limits and convergence,Maximal control helps turn endpoint estimates into process-level convergence.
doob-decomposition,Discrete Doob decomposition,decomposition,Decomposition,Predictable drift and unpredictable innovation sum to the process.
doob-decomposition,Discrete Doob decomposition,information,Information and uncertainty,Predictability is defined relative to the chosen filtration.
martingale-convergence,L1-bounded martingale convergence,limits-convergence,Limits and convergence,Moment control rules out endlessly many fixed-size upcrossings.
martingale-convergence,L1-bounded martingale convergence,conservation,Conservation and balance,Finite-time fairness can fail to preserve expectation at the limiting exchange.
quadratic-variation-brownian,Brownian quadratic variation,accumulation,Accumulation,Tiny squared fluctuations add to elapsed time.
quadratic-variation-brownian,Brownian quadratic variation,scaling,Scaling and homogeneity,Brownian increment size is of order square root of the time step.
ito-product-rule,Itô product rule,quadratic-structure,Quadratic structure,Products of noise increments survive as covariation.
ito-product-rule,Itô product rule,decomposition,Decomposition,Product change separates into two first-order terms and shared roughness.
exponential-martingale,Brownian exponential martingale,exponential-log,Exponentials and logarithms,An additive stochastic integral becomes a multiplicative positive process.
exponential-martingale,Brownian exponential martingale,conservation,Conservation and balance,The quadratic correction preserves expected total weight.
girsanov-theorem,Girsanov Brownian drift change,change-of-coordinates,Change of coordinates,"The change is of probability measure, not of the sample paths themselves."
girsanov-theorem,Girsanov Brownian drift change,exponential-log,Exponentials and logarithms,A stochastic exponential is the path likelihood ratio.
stratonovich-conversion,Itô–Stratonovich drift conversion,change-of-coordinates,Change of coordinates,Two integral conventions require different drift coefficients.
stratonovich-conversion,Itô–Stratonovich drift conversion,local-linearization,Local linearization,Variation of the noise amplitude creates the half-derivative correction.
sde-strong-existence,Strong existence and uniqueness for Lipschitz SDEs,fixed-points,Fixed points,Successive approximations converge to the integral-equation solution.
sde-strong-existence,Strong existence and uniqueness for Lipschitz SDEs,limits-convergence,Limits and convergence,Lipschitz bounds control the difference between candidate solutions.
infinitesimal-generator,Diffusion infinitesimal generator,local-linearization,Local linearization,The generator gives the first-order change of an expected observable.
infinitesimal-generator,Diffusion infinitesimal generator,quadratic-structure,Quadratic structure,Noise covariance contracts with the observable Hessian.
kolmogorov-backward-diffusion,Kolmogorov backward equation for a diffusion,duality,Duality,Observables evolve backward relative to forward probability-density evolution.
kolmogorov-backward-diffusion,Kolmogorov backward equation for a diffusion,composition,Composition,The Markov semigroup links nearby prediction horizons.
feynman-kac,Feynman–Kac representation,averaging,Averaging,Solutions are expected path-weighted terminal data.
feynman-kac,Feynman–Kac representation,accumulation,Accumulation,The potential is integrated along each path before exponentiation.
brownian-reflection,Brownian reflection principle,symmetry-invariance,Symmetry and invariance,Reflected post-hit Brownian increments preserve their law.
brownian-reflection,Brownian reflection principle,boundary-interior,Boundary and interior,A first boundary hit turns a path event into an endpoint event.
brownian-first-passage,Brownian first-passage density,boundary-interior,Boundary and interior,The stopping time records first arrival at a boundary.
brownian-first-passage,Brownian first-passage density,scaling,Scaling and homogeneity,Brownian square-root displacement implies quadratic hitting-time scaling.
brownian-bridge,Brownian bridge,orthogonality,Orthogonality,The endpoint-correlated component is subtracted from each coordinate.
brownian-bridge,Brownian bridge,boundary-interior,Boundary and interior,Both endpoints are fixed while interior values remain random.
tanaka-formula,Tanaka's local-time formula,boundary-interior,Boundary and interior,Local time measures accumulated contact with one spatial level.
tanaka-formula,Tanaka's local-time formula,limits-convergence,Limits and convergence,Smooth approximations to a kink produce a concentrated second-derivative correction.
levy-brownian-characterization,Lévy characterization of Brownian motion,symmetry-invariance,Symmetry and invariance,Predictable sign changes preserve the Brownian law through its quadratic clock.
levy-brownian-characterization,Lévy characterization of Brownian motion,information,Information and uncertainty,The local-martingale condition is relative to the given filtration.
compensated-poisson-integral,Compensated Poisson martingale integral,decomposition,Decomposition,A count splits into predictable intensity and centered jump noise.
compensated-poisson-integral,Compensated Poisson martingale integral,orthogonality,Orthogonality,Disjoint compensated increments have zero covariance.
poisson-campbell,Campbell moments for a Poisson point process,accumulation,Accumulation,Point contributions integrate against an intensity measure.
poisson-campbell,Campbell moments for a Poisson point process,randomness,Randomness and distribution,Independent Poisson counts make variance add locally.
convex-set,Convex set,convexity,Convexity,All two-point mixtures remain in the set.
convex-set,Convex set,geometry-distance,Geometry and distance,Straight segments describe the feasible geometry.
epigraph,Epigraph characterization of convexity,convexity,Convexity,A functional inequality becomes closure of a set under mixtures.
epigraph,Epigraph characterization of convexity,geometry-distance,Geometry and distance,A graph acquires an extra coordinate representing an upper bound.
perspective-transform,Perspective of a convex function,scaling,Scaling and homogeneity,The extra variable records total scale separately from normalized coordinates.
perspective-transform,Perspective of a convex function,convexity,Convexity,Rescaled mixture weights preserve the convexity inequality.
support-function,Support function of a set,duality,Duality,Directions describe a set through extremal linear evaluations.
support-function,Support function of a set,geometry-distance,Geometry and distance,Supporting hyperplanes measure directional extent.
convex-indicator-function,Extended-real indicator of a constraint,optimization,Optimization,Feasibility becomes an additive objective term.
convex-indicator-function,Extended-real indicator of a constraint,boundary-interior,Boundary and interior,Forbidden points are excluded by infinite cost.
separating-hyperplane,Strong separation of disjoint convex sets,duality,Duality,A linear certificate witnesses geometric infeasibility.
separating-hyperplane,Strong separation of disjoint convex sets,convexity,Convexity,Convexity prevents the regions from winding around each other.
farkas-lemma,Farkas alternative for linear feasibility,duality,Duality,Feasible points and separating certificates are mutually exclusive alternatives.
farkas-lemma,Farkas alternative for linear feasibility,linearity,Linearity,The constraints and certificates are linear evaluations.
fenchel-moreau,Fenchel–Moreau biconjugation,duality,Duality,Switching between points and supporting slopes twice recovers the function.
fenchel-moreau,Fenchel–Moreau biconjugation,convexity,Convexity,Closed convex geometry is exactly what affine supports can reconstruct.
infimal-convolution,Infimal convolution,decomposition,Decomposition,A total x is divided as y+(x−y).
infimal-convolution,Infimal convolution,optimization,Optimization,An infimum chooses the best split.
conjugate-infimal-convolution,Conjugate of an infimal convolution,duality,Duality,A shared dual variable prices both summands.
conjugate-infimal-convolution,Conjugate of an infimal convolution,decomposition,Decomposition,Independent suprema add after the variable split.
moreau-envelope,Moreau envelope and its gradient,optimization,Optimization,A regularized local minimization defines the smoothed value.
moreau-envelope,Moreau envelope and its gradient,quadratic-structure,Quadratic structure,Squared distance supplies unique minimizers and a Lipschitz gradient.
moreau-decomposition,Moreau primal-dual decomposition,duality,Duality,Primal regularization and conjugate constraints describe complementary pieces.
moreau-decomposition,Moreau primal-dual decomposition,decomposition,Decomposition,The vector splits into a point and a scaled residual.
proximal-firm-nonexpansive,Firm nonexpansiveness of a proximal map,geometry-distance,Geometry and distance,Output distances are bounded by an input-output inner product.
proximal-firm-nonexpansive,Firm nonexpansiveness of a proximal map,fixed-points,Fixed points,Nonexpansive geometry supports stable fixed-point iterations.
monotone-operator,Monotone set-valued operator,geometry-distance,Geometry and distance,An inner-product angle inequality governs pairs of graph points.
monotone-operator,Monotone set-valued operator,convexity,Convexity,Convex subgradients are the central optimization example.
monotone-resolvent,Resolvent of a maximal monotone operator,fixed-points,Fixed points,Zeros of A are fixed points of its resolvent.
monotone-resolvent,Resolvent of a maximal monotone operator,duality,Duality,Inverting an implicit relation turns a force into a point update.
cocoercivity,Baillon–Haddad gradient inequality,convexity,Convexity,Convexity strengthens a gradient norm bound into an angle inequality.
cocoercivity,Baillon–Haddad gradient inequality,geometry-distance,Geometry and distance,The gradient difference is controlled in the displacement direction.
polyak-lojasiewicz,Polyak–Łojasiewicz gradient domination,optimization,Optimization,Gradient size bounds remaining objective error.
polyak-lojasiewicz,Polyak–Łojasiewicz gradient domination,limits-convergence,Limits and convergence,Geometric contraction follows from sufficient decrease.
projected-gradient-mapping,Projected gradient mapping,optimization,Optimization,Stationarity is adapted to feasible directions.
projected-gradient-mapping,Projected gradient mapping,boundary-interior,Boundary and interior,A boundary can block an otherwise nonzero descent direction.
gradient-stationarity-rate,Nonconvex gradient-descent stationarity bound,accumulation,Accumulation,Per-step decreases sum to a finite objective budget.
gradient-stationarity-rate,Nonconvex gradient-descent stationarity bound,limits-convergence,Limits and convergence,A finite average of squared gradients forces one small term.
accelerated-gradient,Nesterov accelerated gradient scheme,recursion,Recursion and iteration,A scalar recurrence coordinates extrapolation across steps.
accelerated-gradient,Nesterov accelerated gradient scheme,limits-convergence,Limits and convergence,An accelerated potential controls the objective error.
fista,FISTA for composite convex objectives,decomposition,Decomposition,Smooth and nonsmooth objective pieces receive different updates.
fista,FISTA for composite convex objectives,recursion,Recursion and iteration,Extrapolation reuses the previous displacement.
frank-wolfe,Frank–Wolfe conditional gradient,local-linearization,Local linearization,A linear oracle approximates the objective at the current point.
frank-wolfe,Frank–Wolfe conditional gradient,averaging,Averaging,A convex combination preserves feasibility.
frank-wolfe-gap,Frank–Wolfe optimality gap,duality,Duality,A linear lower bound certifies the primal objective gap.
frank-wolfe-gap,Frank–Wolfe optimality gap,optimization,Optimization,A computable directional improvement bounds unknown suboptimality.
dual-ascent,Projected dual ascent,duality,Duality,Multipliers optimize the concave dual objective.
dual-ascent,Projected dual ascent,recursion,Recursion and iteration,Current constraint residuals adjust future prices.
augmented-lagrangian,Augmented Lagrangian for equality constraints,duality,Duality,A multiplier update prices residual constraint error.
augmented-lagrangian,Augmented Lagrangian for equality constraints,quadratic-structure,Quadratic structure,A squared residual stabilizes the primal minimization.
admm,Alternating direction method of multipliers,decomposition,Decomposition,Separate blocks handle distinct objective terms.
admm,Alternating direction method of multipliers,duality,Duality,The scaled multiplier accumulates their disagreement.
douglas-rachford,Douglas–Rachford splitting,fixed-points,Fixed points,The auxiliary iteration seeks a fixed point whose shadow solves the inclusion.
douglas-rachford,Douglas–Rachford splitting,decomposition,Decomposition,Two subdifferentials are treated through separate resolvents.
chambolle-pock,Chambolle–Pock primal-dual splitting,duality,Duality,Conjugation turns g(Kx) into a saddle problem.
chambolle-pock,Chambolle–Pock primal-dual splitting,decomposition,Decomposition,Separate proximal maps avoid directly inverting a composite penalty.
bfgs-update,BFGS Hessian approximation update,local-linearization,Local linearization,Gradient differences reveal curvature along a displacement.
bfgs-update,BFGS Hessian approximation update,quadratic-structure,Quadratic structure,A rank-two matrix change updates the local quadratic model.
trust-region-subproblem,Exact trust-region subproblem conditions,quadratic-structure,Quadratic structure,A shifted Hessian certifies global minimization of the constrained quadratic.
trust-region-subproblem,Exact trust-region subproblem conditions,boundary-interior,Boundary and interior,The multiplier distinguishes interior and radius-limited solutions.
armijo-condition,Armijo sufficient-decrease condition,local-linearization,Local linearization,A directional derivative predicts the required improvement.
armijo-condition,Armijo sufficient-decrease condition,optimization,Optimization,A line search chooses an acceptable step length.
wolfe-conditions,Wolfe line-search conditions,local-linearization,Local linearization,Directional slopes check whether the step is still too short.
wolfe-conditions,Wolfe line-search conditions,optimization,Optimization,Value and slope conditions jointly control line search.
natural-gradient,Natural gradient direction,geometry-distance,Geometry and distance,Fisher information sets the local statistical metric.
natural-gradient,Natural gradient direction,change-of-coordinates,Change of coordinates,A metric-corrected tangent direction respects reparameterization.
adagrad,Diagonal AdaGrad update,accumulation,Accumulation,Past squared gradients build a coordinatewise scale.
adagrad,Diagonal AdaGrad update,scaling,Scaling and homogeneity,Each coordinate receives its own adaptive step size.
adam,Adam moment-corrected update,averaging,Averaging,Exponential moving averages summarize recent first and second moments.
adam,Adam moment-corrected update,scaling,Scaling and homogeneity,A coordinatewise second-moment scale normalizes the update.
svrg,Variance-reduced finite-sum gradient,decomposition,Decomposition,The estimator splits into a difference plus a known average.
svrg,Variance-reduced finite-sum gradient,randomness,Randomness and distribution,A correlated correction reduces sampling noise.
online-gradient-regret,Online projected-gradient regret bound,accumulation,Accumulation,One-step distance inequalities telescope across the sequence.
online-gradient-regret,Online projected-gradient regret bound,optimization,Optimization,Performance is compared with one hindsight comparator.
logarithmic-barrier,Logarithmic barrier and central-path gap,boundary-interior,Boundary and interior,The logarithm diverges when a strict constraint approaches its boundary.
logarithmic-barrier,Logarithmic barrier and central-path gap,duality,Duality,Inverse slacks generate feasible multipliers and a known duality gap.
semidefinite-program,Semidefinite programming form,convexity,Convexity,The positive-semidefinite cone is convex.
semidefinite-program,Semidefinite programming form,quadratic-structure,Quadratic structure,A matrix constraint controls every associated quadratic form.
second-order-cone-program,Second-order cone programming form,geometry-distance,Geometry and distance,Norm constraints bound distances or vector magnitudes.
second-order-cone-program,Second-order cone programming form,convexity,Convexity,Affine preimages preserve convex cone feasibility.
empirical-risk-minimization,Empirical risk minimization,averaging,Averaging,Training risk is the arithmetic mean of individual losses.
empirical-risk-minimization,Empirical risk minimization,optimization,Optimization,A hypothesis is selected by minimizing the observed average.
regularized-risk,Regularized empirical risk,optimization,Optimization,Two objectives are combined through a tradeoff parameter.
regularized-risk,Regularized empirical risk,decomposition,Decomposition,Fit and complexity contribute separate costs.
finite-class-generalization,Finite-class uniform generalization bound,counting,Counting,The number of candidate rules enters through a union bound.
finite-class-generalization,Finite-class uniform generalization bound,randomness,Randomness and distribution,Bounded-loss concentration controls each rule's sample average.
vc-dimension,Vapnik–Chervonenkis dimension,counting,Counting,Capacity is measured by realizable label patterns.
vc-dimension,Vapnik–Chervonenkis dimension,information,Information and uncertainty,Shattering measures how many independent binary choices the class can encode.
sauer-shelah,Sauer–Shelah growth bound,counting,Counting,Binomial coefficients count the limited family of patterns.
sauer-shelah,Sauer–Shelah growth bound,scaling,Scaling and homogeneity,Finite shattering dimension replaces exponential growth by polynomial growth.
vc-generalization-bound,VC uniform-convergence bound,counting,Counting,Only the label patterns on a finite doubled sample need counting.
vc-generalization-bound,VC uniform-convergence bound,limits-convergence,Limits and convergence,The deviation shrinks when sample size dominates effective capacity.
rademacher-complexity,Empirical Rademacher complexity,randomness,Randomness and distribution,Independent signs supply a pure-noise fitting target.
rademacher-complexity,Empirical Rademacher complexity,optimization,Optimization,The supremum chooses the member best aligned with that noise.
rademacher-generalization,Rademacher generalization bound,randomness,Randomness and distribution,Random-sign fitting quantifies statistical flexibility.
rademacher-generalization,Rademacher generalization bound,limits-convergence,Limits and convergence,A complexity term and a concentration term control generalization.
pac-bayes-bound,PAC-Bayes Bernoulli-KL bound,information,Information and uncertainty,KL measures the cost of specializing the prior.
pac-bayes-bound,PAC-Bayes Bernoulli-KL bound,averaging,Averaging,Both training and population loss average over randomized predictors.
stability-generalization,Uniform stability implies expected generalization,symmetry-invariance,Symmetry and invariance,Replacing a sample by an independent copy compares training and test roles.
stability-generalization,Uniform stability implies expected generalization,limits-convergence,Limits and convergence,Small sensitivity can force the average generalization gap to vanish.
hard-margin-svm,Hard-margin support vector machine,geometry-distance,Geometry and distance,Minimizing ||w|| maximizes the geometric margin.
hard-margin-svm,Hard-margin support vector machine,optimization,Optimization,The learning problem is a convex quadratic program.
soft-margin-svm,Soft-margin SVM and hinge loss,convexity,Convexity,Hinge loss is a maximum of two affine functions.
soft-margin-svm,Soft-margin SVM and hinge loss,optimization,Optimization,A penalty trades margin width against violations.
svm-dual,Kernel soft-margin SVM dual,duality,Duality,Lagrange multipliers become coefficients of training examples.
svm-dual,Kernel soft-margin SVM dual,decomposition,Decomposition,The classifier is a finite expansion in kernel sections.
kernel-function,Positive-semidefinite kernel,geometry-distance,Geometry and distance,Similarity is represented as feature-space geometry.
kernel-function,Positive-semidefinite kernel,quadratic-structure,Quadratic structure,Every finite Gram matrix must be positive semidefinite.
representer-theorem,Representer theorem,orthogonality,Orthogonality,An invisible orthogonal component increases norm without altering training values.
representer-theorem,Representer theorem,decomposition,Decomposition,Solutions expand in the finite span of data-centered kernels.
kernel-ridge,Kernel ridge regression,duality,Duality,The solution can be expressed in sample coefficients instead of feature coefficients.
kernel-ridge,Kernel ridge regression,quadratic-structure,Quadratic structure,A regularized Gram matrix determines the squared-loss solution.
gaussian-process,Gaussian process,randomness,Randomness and distribution,Uncertainty is placed on entire functions through compatible finite marginals.
gaussian-process,Gaussian process,quadratic-structure,Quadratic structure,Means and covariances determine all finite Gaussian laws.
gp-posterior,Gaussian-process regression posterior,averaging,Averaging,Predictions are covariance-weighted linear combinations of observations.
gp-posterior,Gaussian-process regression posterior,decomposition,Decomposition,Conditioning subtracts explained covariance via a Schur complement.
gp-log-marginal-likelihood,Gaussian-process log marginal likelihood,quadratic-structure,Quadratic structure,The Mahalanobis term measures covariance-adjusted data mismatch.
gp-log-marginal-likelihood,Gaussian-process log marginal likelihood,information,Information and uncertainty,The determinant controls Gaussian normalization and model evidence.
rbf-kernel,Gaussian radial-basis kernel,geometry-distance,Geometry and distance,Similarity decays with squared Euclidean distance.
rbf-kernel,Gaussian radial-basis kernel,scaling,Scaling and homogeneity,The length scale defines what counts as a nearby input.
neural-network-layer,Affine-activation neural layer,composition,Composition,Layers compose simple transformations into a richer map.
neural-network-layer,Affine-activation neural layer,linearity,Linearity,Each layer begins with an affine feature mixture.
backpropagation,Backpropagation through dense layers,composition,Composition,The chain rule traverses a composed computational graph.
backpropagation,Backpropagation through dense layers,duality,Duality,Transpose Jacobians pull output sensitivities back to inputs.
relu,Rectified linear unit,decomposition,Decomposition,Positive and negative parts can represent a signed quantity.
relu,Rectified linear unit,local-linearization,Local linearization,The function is linear on each side of one kink.
crossentropy-softmax-gradient,Softmax cross-entropy gradient,exponential-log,Exponentials and logarithms,Log-sum-exp cancels the exponential normalization cleanly.
crossentropy-softmax-gradient,Softmax cross-entropy gradient,information,Information and uncertainty,A coding-style cross-entropy loss yields a probability residual.
dropout,Inverted dropout,randomness,Randomness and distribution,Random masks perturb the feature representation.
dropout,Inverted dropout,averaging,Averaging,Rescaling preserves each activation's conditional mean.
batch-normalization,Mini-batch normalization,averaging,Averaging,Batch moments supply a local mean and variance.
batch-normalization,Mini-batch normalization,scaling,Scaling and homogeneity,Centering and rescaling change feature coordinates.
attention,Scaled dot-product attention,averaging,Averaging,Softmax weights are nonnegative and sum to one.
attention,Scaled dot-product attention,composition,Composition,"Similarity computation, normalization and value aggregation compose."
universal-approximation,Sigmoidal universal approximation,decomposition,Decomposition,A target is approximated by a finite sum of simple ridge functions.
universal-approximation,Sigmoidal universal approximation,limits-convergence,Limits and convergence,The approximation is uniform as the chosen network becomes sufficiently rich.
k-means-objective,k-means distortion objective,averaging,Averaging,Each fixed cluster is represented by its mean.
k-means-objective,k-means distortion objective,geometry-distance,Geometry and distance,Squared distances measure the cost of replacing data by prototypes.
lloyd-update,Lloyd assignment-and-centroid iteration,recursion,Recursion and iteration,Assignments and centers update each other.
lloyd-update,Lloyd assignment-and-centroid iteration,averaging,Averaging,The centroid update is an exact arithmetic mean.
gaussian-mixture,Finite Gaussian mixture model,averaging,Averaging,The density is a probability-weighted mean of component densities.
gaussian-mixture,Finite Gaussian mixture model,decomposition,Decomposition,A latent label decomposes the population into groups.
gmm-em-update,EM updates for a Gaussian mixture,averaging,Averaging,Responsibilities act as data-dependent weights.
gmm-em-update,EM updates for a Gaussian mixture,recursion,Recursion and iteration,Posterior assignments and parameter estimates update each other.
naive-bayes-classifier,Naive Bayes classifier,decomposition,Decomposition,Conditional independence factorizes the likelihood by feature.
naive-bayes-classifier,Naive Bayes classifier,exponential-log,Exponentials and logarithms,Logs turn evidence products into sums.
knn-regression,k-nearest-neighbor regression,averaging,Averaging,Prediction is a local arithmetic mean.
knn-regression,k-nearest-neighbor regression,geometry-distance,Geometry and distance,The metric decides which observations are comparable.
decision-tree-impurity,Decision-tree impurity decrease,information,Information and uncertainty,A split measures reduction in class uncertainty.
decision-tree-impurity,Decision-tree impurity decrease,decomposition,Decomposition,Parent uncertainty is compared with the weighted child uncertainties.
adaboost,AdaBoost exponential reweighting,recursion,Recursion and iteration,Mistakes alter the distribution used by the next learner.
adaboost,AdaBoost exponential reweighting,exponential-log,Exponentials and logarithms,Exponential loss yields a log-odds coefficient.
random-fourier-features,Random Fourier feature approximation,averaging,Averaging,A finite random feature sum estimates a spectral expectation.
random-fourier-features,Random Fourier feature approximation,change-of-coordinates,Change of coordinates,A nonlinear kernel is approximated by an explicit finite feature map.
autoencoder-objective,Autoencoder reconstruction objective,composition,Composition,An encoder and decoder form a round trip.
autoencoder-objective,Autoencoder reconstruction objective,decomposition,Decomposition,A lower-dimensional code represents selected data structure.
bayesian-network-factorization,Bayesian-network factorization,decomposition,Decomposition,Local conditionals multiply into a normalized global law.
bayesian-network-factorization,Bayesian-network factorization,information,Information and uncertainty,The graph specifies which preceding variables a local rule consults.
sum-product-message,Sum-product messages on a pairwise tree,recursion,Recursion and iteration,Subtree summaries are built from smaller subtree summaries.
sum-product-message,Sum-product messages on a pairwise tree,decomposition,Decomposition,A tree separates neighboring branches once the connecting state is fixed.
log-linear-markov-random-field,Log-linear Markov random field,decomposition,Decomposition,Clique statistics assemble a global model.
log-linear-markov-random-field,Log-linear Markov random field,exponential-log,Exponentials and logarithms,Additive scores become multiplicative positive potentials.
variational-mean-field,Coordinate mean-field variational update,averaging,Averaging,Other latent variables enter through expectations.
variational-mean-field,Coordinate mean-field variational update,optimization,Optimization,Each factor is optimized while the others are held fixed.
reparameterization-gradient,Pathwise reparameterization gradient,change-of-coordinates,Change of coordinates,Parameter dependence moves from the sampling law into a deterministic map.
reparameterization-gradient,Pathwise reparameterization gradient,composition,Composition,The chain rule differentiates through that map.
score-function-gradient,Likelihood-ratio gradient of an expectation,decomposition,Decomposition,Direct-value and probability-weight changes contribute separate derivatives.
score-function-gradient,Likelihood-ratio gradient of an expectation,randomness,Randomness and distribution,Sampling converts a derivative of an expectation into an expected estimator.
denoising-score-matching,Gaussian denoising score matching,averaging,Averaging,The squared-loss optimum is a conditional mean of the noise target.
denoising-score-matching,Gaussian denoising score matching,local-linearization,Local linearization,A log-density gradient describes local probability increase.
hellinger-distance,Hellinger distance,geometry-distance,Geometry and distance,Square-root densities lie on the unit sphere in L².
hellinger-distance,Hellinger distance,quadratic-structure,Quadratic structure,The distance is a squared norm after a nonlinear coordinate change.
renyi-divergence,Rényi divergence,exponential-log,Exponentials and logarithms,A log moment of the likelihood ratio controls the comparison.
renyi-divergence,Rényi divergence,scaling,Scaling and homogeneity,The order parameter changes sensitivity to mass concentration.
renyi-entropy,Rényi entropy,counting,Counting,Exponentiating entropy gives an order-dependent effective number of outcomes.
renyi-entropy,Rényi entropy,scaling,Scaling and homogeneity,The order controls the weight given to high-probability outcomes.
jensen-shannon-divergence,Jensen–Shannon divergence,averaging,Averaging,A midpoint distribution provides the common reference.
jensen-shannon-divergence,Jensen–Shannon divergence,information,Information and uncertainty,The divergence measures how much one draw reveals about its source.
f-divergence,Csiszár f-divergence,convexity,Convexity,A convex likelihood-ratio penalty yields nonnegativity by Jensen.
f-divergence,Csiszár f-divergence,information,Information and uncertainty,The likelihood ratio encodes distinguishability.
pinsker-inequality,Pinsker inequality,information,Information and uncertainty,An information discrepancy controls observable probability differences.
pinsker-inequality,Pinsker inequality,geometry-distance,Geometry and distance,A divergence bounds a metric.
kl-chain-rule,Chain rule for relative entropy,decomposition,Decomposition,A joint likelihood ratio factors into marginal and conditional parts.
kl-chain-rule,Chain rule for relative entropy,averaging,Averaging,Conditional divergence is averaged under the first model's marginal.
log-sum-inequality,Log-sum inequality,convexity,Convexity,Convexity of tlog t survives weighted averaging.
log-sum-inequality,Log-sum inequality,information,Information and uncertainty,Coarsening categories cannot increase distinguishability.
information-density,Information density,information,Information and uncertainty,A sample-specific log likelihood ratio quantifies evidence.
information-density,Information density,averaging,Averaging,Mutual information is its joint-distribution average.
conditional-entropy,Conditional Shannon entropy,averaging,Averaging,Each conditional uncertainty is weighted by the probability of its condition.
conditional-entropy,Conditional Shannon entropy,information,Information and uncertainty,Conditioning describes the information already available.
entropy-rate,Entropy rate of a stationary source,information,Information and uncertainty,Past dependence reduces the fresh information in each new symbol.
entropy-rate,Entropy rate of a stationary source,limits-convergence,Limits and convergence,A per-symbol long-block limit equals a limiting conditional quantity.
asymptotic-equipartition,Shannon–McMillan asymptotic equipartition,limits-convergence,Limits and convergence,Normalized log likelihood settles to a constant under ergodicity.
asymptotic-equipartition,Shannon–McMillan asymptotic equipartition,information,Information and uncertainty,Entropy rate governs typical message size.
binary-symmetric-capacity,Binary symmetric channel capacity,information,Information and uncertainty,Capacity subtracts noise uncertainty from maximal output uncertainty.
binary-symmetric-capacity,Binary symmetric channel capacity,symmetry-invariance,Symmetry and invariance,Input-label symmetry makes the uniform input optimal.
binary-erasure-capacity,Binary erasure channel capacity,averaging,Averaging,Information is weighted by the fraction of unerased uses.
binary-erasure-capacity,Binary erasure channel capacity,information,Information and uncertainty,An erasure hides a symbol but does not introduce an ambiguous flipped value.
gaussian-water-filling,Water-filling for parallel Gaussian channels,optimization,Optimization,A concave power-allocation problem chooses channel investments.
gaussian-water-filling,Water-filling for parallel Gaussian channels,duality,Duality,One multiplier equalizes marginal gain among active channels.
rate-distortion,Rate-distortion function,information,Information and uncertainty,Mutual information measures retained source information.
rate-distortion,Rate-distortion function,optimization,Optimization,An accuracy constraint defines the cheapest permissible representation.
gaussian-rate-distortion,Gaussian squared-error rate-distortion,exponential-log,Exponentials and logarithms,Rate depends logarithmically on variance divided by allowed error.
gaussian-rate-distortion,Gaussian squared-error rate-distortion,quadratic-structure,Quadratic structure,Squared error and Gaussian entropy yield a closed form.
bernoulli-hamming-rate-distortion,Bernoulli Hamming rate-distortion,information,Information and uncertainty,Allowed uncertainty in errors reduces the necessary retained information.
bernoulli-hamming-rate-distortion,Bernoulli Hamming rate-distortion,optimization,Optimization,The optimal binary reconstruction law achieves the distortion budget.
slepian-wolf-region,Slepian–Wolf separate-compression region,decomposition,Decomposition,Separate messages divide responsibility for joint information.
slepian-wolf-region,Slepian–Wolf separate-compression region,information,Information and uncertainty,Conditional entropies and joint entropy set the three rate constraints.
information-bottleneck,Information bottleneck objective,information,Information and uncertainty,Compression and predictive information are measured separately.
information-bottleneck,Information bottleneck objective,optimization,Optimization,The parameter β trades summary compactness against retained relevance.
sanov-theorem,Sanov large deviations for empirical laws,information,Information and uncertainty,Relative entropy is the rate function for an unusual empirical law.
sanov-theorem,Sanov large deviations for empirical laws,limits-convergence,Limits and convergence,Logarithmic probabilities scale linearly with sample size.
stein-error-exponent,Chernoff–Stein testing exponent,information,Information and uncertainty,Relative entropy becomes an operational discrimination rate.
stein-error-exponent,Chernoff–Stein testing exponent,limits-convergence,Limits and convergence,The optimal error is characterized through a normalized log limit.
chernoff-information,Chernoff information for symmetric testing,optimization,Optimization,A one-dimensional tilt parameter selects the best exponential bound.
chernoff-information,Chernoff information for symmetric testing,information,Information and uncertainty,The minimized overlap governs Bayesian testing difficulty.
entropy-power-inequality,Entropy power inequality,accumulation,Accumulation,Independent contributions cannot reduce their combined entropy-power budget.
entropy-power-inequality,Entropy power inequality,scaling,Scaling and homogeneity,Exponentiating entropy produces a variance-like quantity.
de-bruijn-identity,de Bruijn entropy derivative,local-linearization,Local linearization,The derivative of entropy measures infinitesimal added noise.
de-bruijn-identity,de Bruijn entropy derivative,information,Information and uncertainty,Spatial score energy quantifies sensitivity of the density.
i-mmse,I-MMSE identity,information,Information and uncertainty,Channel information growth is tied to estimation uncertainty.
i-mmse,I-MMSE identity,averaging,Averaging,The remaining squared error uses the conditional mean predictor.
gaussian-mutual-information,Mutual information of a Gaussian pair,information,Information and uncertainty,The entropy difference measures dependence.
gaussian-mutual-information,Mutual information of a Gaussian pair,geometry-distance,Geometry and distance,A determinant ratio compares uncertainty ellipsoids.
kl-gaussian,KL divergence between Gaussian laws,decomposition,Decomposition,"Mean, covariance and volume terms contribute separately."
kl-gaussian,KL divergence between Gaussian laws,quadratic-structure,Quadratic structure,Expected log-density differences reduce to quadratic moments.
maximum-entropy-exponential,Maximum entropy on a half-line with fixed mean,optimization,Optimization,Entropy is maximized subject to a support and moment constraint.
maximum-entropy-exponential,Maximum entropy on a half-line with fixed mean,exponential-log,Exponentials and logarithms,A linear log-density matches the mean constraint.
maximum-entropy-moment-dual,Dual of finite maximum-entropy moment matching,duality,Duality,Moment constraints become coefficients of a log-partition objective.
maximum-entropy-moment-dual,Dual of finite maximum-entropy moment matching,optimization,Optimization,Entropy maximization and convex moment matching describe the same optimum.
information-geometry-local-kl,Local quadratic expansion of KL,local-linearization,Local linearization,Second-order expansion describes nearby probability laws.
information-geometry-local-kl,Local quadratic expansion of KL,geometry-distance,Geometry and distance,Fisher information supplies a local quadratic metric when positive definite.
wasserstein-distance,Wasserstein p-distance,geometry-distance,Geometry and distance,Distributional distance respects the geometry of sample locations.
wasserstein-distance,Wasserstein p-distance,optimization,Optimization,A coupling is chosen to minimize transportation cost.
kantorovich-duality,Kantorovich–Rubinstein duality,duality,Duality,Transport plans and Lipschitz tests give equivalent primal and dual descriptions.
kantorovich-duality,Kantorovich–Rubinstein duality,geometry-distance,Geometry and distance,A Lipschitz constraint ties observable variation to movement cost.
sinkhorn-scaling,Sinkhorn scaling for entropic transport,recursion,Recursion and iteration,Alternating row and column corrections seek consistent marginals.
sinkhorn-scaling,Sinkhorn scaling for entropic transport,information,Information and uncertainty,An entropy penalty spreads mass and produces exponential cost weights.
entropy-continuity-bound,Finite-alphabet entropy continuity bound,information,Information and uncertainty,The entropy change is bounded by uncertainty about whether and how outcomes differ.
entropy-continuity-bound,Finite-alphabet entropy continuity bound,limits-convergence,Limits and convergence,Small total variation implies entropy convergence on a fixed finite alphabet.
z-transform,Bilateral z-transform,generating-functions,Generating functions,Time indices become exponents and sequence operations become algebra.
z-transform,Bilateral z-transform,exponential-log,Exponentials and logarithms,Complex exponential weighting selects growth rates and oscillations.
z-shift,Bilateral z-transform shift rule,symmetry-invariance,Symmetry and invariance,Translation in time has a simple representation in transform coordinates.
z-shift,Bilateral z-transform shift rule,change-of-coordinates,Change of coordinates,A reindexing of the series becomes multiplication by a monomial.
z-convolution,z-transform convolution rule,composition,Composition,Cascading time-invariant filters multiplies their transfer functions.
z-convolution,z-transform convolution rule,generating-functions,Generating functions,The Cauchy product collects all contributions with the same total index.
discrete-time-fourier-transform,Discrete-time Fourier transform,duality,Duality,Discrete time pairs with a periodic continuous frequency domain.
discrete-time-fourier-transform,Discrete-time Fourier transform,orthogonality,Orthogonality,Integer exponentials on one frequency period extract individual samples.
lti-frequency-response,Exponential eigenfunctions of LTI filters,symmetry-invariance,Symmetry and invariance,Commuting with time translations selects exponentials as frequency modes.
lti-frequency-response,Exponential eigenfunctions of LTI filters,decomposition,Decomposition,A filter acts independently on the Fourier components of a signal.
wiener-filter,Noncausal Wiener filter for additive noise,orthogonality,Orthogonality,The optimal residual is orthogonal to every observation used for prediction.
wiener-filter,Noncausal Wiener filter for additive noise,averaging,Averaging,Each frequency is shrunk according to its signal-to-total-power ratio.
matched-filter,Matched-filter signal-to-noise optimum,orthogonality,Orthogonality,Only the data component parallel to the signal contributes to the matched statistic.
matched-filter,Matched-filter signal-to-noise optimum,optimization,Optimization,Cauchy–Schwarz determines the weights maximizing signal relative to noise.
short-time-fourier-transform,Short-time Fourier transform,decomposition,Decomposition,The signal is compared with localized oscillatory templates.
short-time-fourier-transform,Short-time Fourier transform,geometry-distance,Geometry and distance,The transform is an inner product with a translated and modulated window.
continuous-wavelet-transform,Continuous wavelet transform,scaling,Scaling and homogeneity,Dilation changes the template's resolution while normalization preserves its energy.
continuous-wavelet-transform,Continuous wavelet transform,decomposition,Decomposition,Coefficients measure agreement with a family of translated and rescaled shapes.
hilbert-transform-analytic-signal,Hilbert transform and analytic signal,decomposition,Decomposition,Positive and negative frequency halves of a real signal are separated.
hilbert-transform-analytic-signal,Hilbert transform and analytic signal,change-of-coordinates,Change of coordinates,A real oscillation becomes a complex amplitude and phase representation.
cauchy-binet,Cauchy–Binet formula,decomposition,Decomposition,Intermediate coordinate planes contribute separately.
cauchy-binet,Cauchy–Binet formula,counting,Counting,Subsets select which coordinates carry an m-dimensional volume.
matrix-determinant-lemma,Matrix determinant lemma,decomposition,Decomposition,A rank-one change is separated from the original matrix.
matrix-determinant-lemma,Matrix determinant lemma,geometry-distance,Geometry and distance,The determinant tracks signed or complex volume scaling.
sylvester-determinant-identity,Sylvester determinant identity,duality,Duality,The two orders describe the same coupling on different spaces.
sylvester-determinant-identity,Sylvester determinant identity,decomposition,Decomposition,Extra dimensions contribute only unit factors.
determinant-exponential,Determinant of a matrix exponential,exponential-log,Exponentials and logarithms,Products of exponential eigenvalues combine through a sum.
determinant-exponential,Determinant of a matrix exponential,conservation,Conservation and balance,Zero trace gives determinant one.
schur-triangularization,Complex Schur triangularization,change-of-coordinates,Change of coordinates,Unitary coordinates preserve inner-product geometry.
schur-triangularization,Complex Schur triangularization,decomposition,Decomposition,The triangular flag exposes successive invariant subspaces.
simultaneous-diagonalization,Simultaneous diagonalization of commuting Hermitian matrices,symmetry-invariance,Symmetry and invariance,One operator preserves the other’s eigenspaces.
simultaneous-diagonalization,Simultaneous diagonalization of commuting Hermitian matrices,decomposition,Decomposition,A common basis splits both maps into scalar actions.
cauchy-eigenvalue-interlacing,Eigenvalue interlacing for a principal submatrix,optimization,Optimization,Rayleigh extrema are taken over restricted subspaces.
cauchy-eigenvalue-interlacing,Eigenvalue interlacing for a principal submatrix,geometry-distance,Geometry and distance,A coordinate hyperplane restricts the direction search.
weyl-eigenvalue-inequality,Weyl eigenvalue bounds for a Hermitian sum,optimization,Optimization,Variational eigenvalue formulas compare the quadratic forms.
weyl-eigenvalue-inequality,Weyl eigenvalue bounds for a Hermitian sum,quadratic-structure,Quadratic structure,The bounds add Rayleigh-quotient inequalities.
schur-product-theorem,Schur product theorem,quadratic-structure,Quadratic structure,The product remains a nonnegative quadratic form.
schur-product-theorem,Schur product theorem,composition,Composition,Tensoring feature vectors multiplies their inner products.
hadamard-determinant-inequality,Hadamard determinant inequality,orthogonality,Orthogonality,Perpendicular columns achieve the maximal volume.
hadamard-determinant-inequality,Hadamard determinant inequality,geometry-distance,Geometry and distance,Volume is bounded by the product of edge lengths.
pfaffian,Pfaffian and skew-symmetric determinant,counting,Counting,Each term selects a pairing of indices.
pfaffian,Pfaffian and skew-symmetric determinant,algebraic-structure,Algebraic structure,Alternation supplies the signs and forces a square determinant.
minimal-polynomial-matrix,Minimal polynomial of a linear operator,algebraic-structure,Algebraic structure,An annihilator ideal in the polynomial ring is principal.
minimal-polynomial-matrix,Minimal polynomial of a linear operator,decomposition,Decomposition,Repeated factors reveal generalized eigenvector structure.
rational-canonical-form,Rational canonical form,recursion,Recursion and iteration,A companion block stores a polynomial recurrence.
rational-canonical-form,Rational canonical form,decomposition,Decomposition,Invariant cyclic modules form the canonical blocks.
primary-decomposition-linear,Primary decomposition of a linear operator,decomposition,Decomposition,Coprime factors isolate invariant subspaces.
primary-decomposition-linear,Primary decomposition of a linear operator,algebraic-structure,Algebraic structure,Polynomial Bézout identities construct the projections.
rank-product-inequality,Sylvester rank inequality,decomposition,Decomposition,The image of B splits into surviving and killed directions.
rank-product-inequality,Sylvester rank inequality,counting,Counting,Dimensions bound the possible information loss.
vectorization-identity,Vectorization of a matrix product,change-of-coordinates,Change of coordinates,Stacking entries changes the representation of the same linear operation.
vectorization-identity,Vectorization of a matrix product,composition,Composition,Left and right actions combine through a tensor product.
kronecker-sum-spectrum,Spectrum of a Kronecker sum,decomposition,Decomposition,Each factor contributes one spectral component.
kronecker-sum-spectrum,Spectrum of a Kronecker sum,composition,Composition,Operators act independently on the two tensor factors.
kronecker-determinant,Determinant of a Kronecker product,scaling,Scaling and homogeneity,Each determinant is repeated once for every dimension of the other factor.
kronecker-determinant,Determinant of a Kronecker product,composition,Composition,Tensor multiplication combines all factor directions.
exterior-power-dimension,Dimension and top action of an exterior power,counting,Counting,An exterior basis is indexed by k-element subsets.
exterior-power-dimension,Dimension and top action of an exterior power,geometry-distance,Geometry and distance,Top-degree action measures oriented volume scaling.
symmetric-power-dimension,Dimension of a symmetric power,counting,Counting,Multiplicity vectors are weak compositions of k.
symmetric-power-dimension,Dimension of a symmetric power,symmetry-invariance,Symmetry and invariance,Permuting tensor factors does not change their symmetric class.
matrix-completing-square,Completing the square for a quadratic polynomial,quadratic-structure,Quadratic structure,A translation cancels all first-degree terms.
matrix-completing-square,Completing the square for a quadratic polynomial,optimization,Optimization,Positive definiteness turns the centered form into an explicit minimization certificate.
cayley-transform-matrix,Cayley transform of a skew-Hermitian matrix,change-of-coordinates,Change of coordinates,The transform switches between skew-Hermitian and unitary descriptions.
cayley-transform-matrix,Cayley transform of a skew-Hermitian matrix,geometry-distance,Geometry and distance,The resulting map preserves the inner product.
frobenius-inner-product,Frobenius inner product on matrix space,quadratic-structure,Quadratic structure,Entrywise squared magnitudes define matrix energy.
frobenius-inner-product,Frobenius inner product on matrix space,orthogonality,Orthogonality,Orthogonal singular components have additive squared energy.
spectral-projectors-polynomial,Spectral projectors by polynomial interpolation,decomposition,Decomposition,Projectors isolate independent spectral components.
spectral-projectors-polynomial,Spectral projectors by polynomial interpolation,algebraic-structure,Algebraic structure,Interpolation constructs idempotents in the algebra of polynomials in A.
group-second-isomorphism,Second isomorphism theorem for groups,decomposition,Decomposition,The intersection identifies which subgroup elements disappear.
group-second-isomorphism,Second isomorphism theorem for groups,algebraic-structure,Algebraic structure,Quotient maps preserve the group operation.
group-third-isomorphism,Third isomorphism theorem for groups,composition,Composition,Nested quotient maps compose.
group-third-isomorphism,Third isomorphism theorem for groups,algebraic-structure,Algebraic structure,Normality makes both quotient operations well defined.
subgroup-correspondence,Subgroup correspondence for a quotient,algebraic-structure,Algebraic structure,The subgroup lattices agree above N.
subgroup-correspondence,Subgroup correspondence for a quotient,change-of-coordinates,Change of coordinates,The same surviving structure has two descriptions.
semidirect-product,Semidirect product,composition,Composition,The second factor acts while the first factors are combined.
semidirect-product,Semidirect product,symmetry-invariance,Symmetry and invariance,Automorphisms preserve N’s group law.
commutator-subgroup,Commutator subgroup,algebraic-structure,Algebraic structure,Commutators generate a normal subgroup.
commutator-subgroup,Commutator subgroup,symmetry-invariance,Symmetry and invariance,Conjugation preserves the collection of commutators.
abelianization,Abelianization and its universal property,algebraic-structure,Algebraic structure,A universal quotient forces commutativity.
abelianization,Abelianization and its universal property,information,Information and uncertainty,Every map to an abelian group factors through the same quotient.
derived-series-solvability,Derived series and solvable groups,recursion,Recursion and iteration,Each stage applies the same commutator construction.
derived-series-solvability,Derived series and solvable groups,decomposition,Decomposition,Successive quotients are abelian.
free-group-universal,Free group universal property,composition,Composition,Word concatenation encodes repeated operations.
free-group-universal,Free group universal property,algebraic-structure,Algebraic structure,Only cancellation and the group laws are imposed.
group-presentation,Presentation by generators and relations,algebraic-structure,Algebraic structure,Relations specify a quotient of a free object.
group-presentation,Presentation by generators and relations,decomposition,Decomposition,Generators describe pieces and relations describe how they fit.
jordan-holder-groups,Jordan–Hölder theorem for finite groups,decomposition,Decomposition,Simple quotient layers are the atomic pieces.
jordan-holder-groups,Jordan–Hölder theorem for finite groups,symmetry-invariance,Symmetry and invariance,The factor multiset is independent of the chosen series.
ring-chinese-remainder,Chinese remainder theorem for rings,decomposition,Decomposition,Comaximal pieces can be solved independently.
ring-chinese-remainder,Chinese remainder theorem for rings,algebraic-structure,Algebraic structure,The isomorphism respects addition and multiplication.
prime-ideal-domain,Prime ideal quotient criterion,algebraic-structure,Algebraic structure,Multiplication in a quotient detects primeness.
prime-ideal-domain,Prime ideal quotient criterion,decomposition,Decomposition,A zero product can arise only from a vanished factor.
gauss-polynomial-lemma,Gauss’s lemma for primitive polynomials,algebraic-structure,Algebraic structure,Unique factorization controls coefficient content.
gauss-polynomial-lemma,Gauss’s lemma for primitive polynomials,decomposition,Decomposition,Content is separated from the primitive polynomial.
eisenstein-criterion,Eisenstein irreducibility criterion,algebraic-structure,Algebraic structure,Modular reduction constrains polynomial factors.
eisenstein-criterion,Eisenstein irreducibility criterion,decomposition,Decomposition,A proposed factorization contradicts constant-term divisibility.
minimal-polynomial-field,Minimal polynomial and a simple field extension,algebraic-structure,Algebraic structure,Evaluation turns a polynomial quotient into a field.
minimal-polynomial-field,Minimal polynomial and a simple field extension,decomposition,Decomposition,Remainders give unique coordinates in powers of α.
primitive-element-theorem,Primitive element theorem,decomposition,Decomposition,Several generators are compressed into one primitive generator.
primitive-element-theorem,Primitive element theorem,algebraic-structure,Algebraic structure,Separability ensures distinct embeddings can be distinguished.
separable-polynomial-criterion,Repeated-root criterion by a formal derivative,local-linearization,Local linearization,A repeated root kills the first-order coefficient.
separable-polynomial-criterion,Repeated-root criterion by a formal derivative,algebraic-structure,Algebraic structure,A gcd converts a root-multiplicity question into divisibility.
ring-localization,Localization of a commutative ring,change-of-coordinates,Change of coordinates,Fractions reveal behavior where chosen denominators are invertible.
ring-localization,Localization of a commutative ring,algebraic-structure,Algebraic structure,A universal ring map adjoins inverses.
noetherian-ring,Noetherian ring condition,limits-convergence,Limits and convergence,Ascending algebraic chains eventually stabilize exactly.
noetherian-ring,Noetherian ring condition,algebraic-structure,Algebraic structure,Finite ideal generators control all their consequences.
hilbert-basis-theorem,Hilbert basis theorem,algebraic-structure,Algebraic structure,Finite-generation control survives polynomial extension.
hilbert-basis-theorem,Hilbert basis theorem,recursion,Recursion and iteration,The many-variable result follows by adjoining one variable at a time.
nakayama-lemma,Nakayama’s lemma,algebraic-structure,Algebraic structure,The Jacobson radical controls invertibility of 1−a.
nakayama-lemma,Nakayama’s lemma,local-linearization,Local linearization,Generators can be checked after passing to a residue field.
pid-module-structure,Structure theorem for finitely generated modules over a PID,decomposition,Decomposition,Free and torsion pieces have different roles.
pid-module-structure,Structure theorem for finitely generated modules over a PID,algebraic-structure,Algebraic structure,Divisibility orders the canonical cyclic factors.
smith-normal-form,Smith normal form,change-of-coordinates,Change of coordinates,Invertible operations change both domain and codomain bases.
smith-normal-form,Smith normal form,decomposition,Decomposition,Each nonzero diagonal entry becomes one cyclic relation.
split-short-exact-sequence,Splitting a short exact sequence,decomposition,Decomposition,A section constructs a complementary submodule.
split-short-exact-sequence,Splitting a short exact sequence,duality,Duality,A retraction of i is an equivalent splitting condition.
snake-lemma,Snake lemma,decomposition,Decomposition,Kernels and cokernels account for every failure of injectivity or surjectivity.
snake-lemma,Snake lemma,boundary-interior,Boundary and interior,The connecting map transfers an unresolved lift between ends.
projective-module,Projective module lifting property,algebraic-structure,Algebraic structure,A universal lifting condition defines the class.
projective-module,Projective module lifting property,decomposition,Decomposition,Projective modules are retracts of free modules.
flat-module,Flat module and preservation of exactness,algebraic-structure,Algebraic structure,Tensoring preserves all exact sequences.
flat-module,Flat module and preservation of exactness,conservation,Conservation and balance,Relations remain exact after changing coefficients.
tor-functor,Tor from a projective resolution,decomposition,Decomposition,A resolution replaces a module by manageable projective pieces.
tor-functor,Tor from a projective resolution,algebraic-structure,Algebraic structure,Derived tensor information detects hidden torsion.
ext-functor,Ext from a projective resolution,duality,Duality,Hom converts a chain resolution into a cochain complex.
ext-functor,Ext from a projective resolution,algebraic-structure,Algebraic structure,Extensions become computable cohomological invariants.
universal-enveloping-algebra,Universal enveloping algebra,algebraic-structure,Algebraic structure,Lie operations are encoded inside an associative algebra.
universal-enveloping-algebra,Universal enveloping algebra,composition,Composition,Products record repeated actions of Lie algebra elements.
poincare-birkhoff-witt,Poincaré–Birkhoff–Witt theorem,decomposition,Decomposition,A filtration separates products by their highest degree.
poincare-birkhoff-witt,Poincaré–Birkhoff–Witt theorem,algebraic-structure,Algebraic structure,"Commutators lower degree, leaving a commutative associated graded algebra."
group-representation,Linear representation of a group,algebraic-structure,Algebraic structure,The group law becomes matrix multiplication.
group-representation,Linear representation of a group,linearity,Linearity,Every group element acts linearly on vectors.
intertwining-map,Intertwining map between representations,change-of-coordinates,Change of coordinates,An invertible intertwiner changes representation without changing the action.
intertwining-map,Intertwining map between representations,symmetry-invariance,Symmetry and invariance,Translation commutes with all group operations.
maschke-theorem,Maschke’s theorem,averaging,Averaging,Averaging conjugates of a projection makes it equivariant.
maschke-theorem,Maschke’s theorem,decomposition,Decomposition,Invariant complements permit complete splitting.
schur-lemma,Schur’s lemma for complex representations,symmetry-invariance,Symmetry and invariance,Commuting with every symmetry severely restricts an operator.
schur-lemma,Schur’s lemma for complex representations,decomposition,Decomposition,Invariant kernels and eigenspaces would contradict irreducibility.
representation-character,Character of a finite-dimensional representation,symmetry-invariance,Symmetry and invariance,Trace ignores changes of basis and conjugation.
representation-character,Character of a finite-dimensional representation,information,Information and uncertainty,A character compresses an entire matrix to one scalar per group element.
character-orthogonality,Orthogonality of irreducible characters,averaging,Averaging,The inner product averages over all group elements.
character-orthogonality,Orthogonality of irreducible characters,orthogonality,Orthogonality,Distinct irreducible characters have zero overlap.
irreducible-dimension-squares,Sum of squared irreducible dimensions,counting,Counting,The dimensions account exactly for the group order.
irreducible-dimension-squares,Sum of squared irreducible dimensions,decomposition,Decomposition,The regular representation is resolved into irreducible pieces.
character-multiplicity,Multiplicity from a character inner product,orthogonality,Orthogonality,Character projection isolates one irreducible component.
character-multiplicity,Multiplicity from a character inner product,counting,Counting,The projection coefficient counts multiplicity.
reynolds-projection,Averaging projection onto invariant vectors,averaging,Averaging,All symmetry images receive equal weight.
reynolds-projection,Averaging projection onto invariant vectors,fixed-points,Fixed points,The image consists exactly of common fixed vectors.
reynolds-projection,Averaging projection onto invariant vectors,symmetry-invariance,Symmetry and invariance,Reindexing the group sum leaves the average unchanged.
group-algebra-decomposition,Complex group algebra decomposition,decomposition,Decomposition,Simple matrix-algebra blocks separate irreducible symmetry types.
group-algebra-decomposition,Complex group algebra decomposition,change-of-coordinates,Change of coordinates,Group coefficients become Fourier matrices.
induced-representation,Induced representation,decomposition,Decomposition,Coset representatives supply copies of W.
induced-representation,Induced representation,algebraic-structure,Algebraic structure,The balanced tensor product enforces the H-action relation.
frobenius-reciprocity,Frobenius reciprocity,duality,Duality,Induction and restriction are adjoint constructions.
frobenius-reciprocity,Frobenius reciprocity,algebraic-structure,Algebraic structure,Equivariant maps are preserved by a natural correspondence.
induced-character-formula,Character of an induced representation,counting,Counting,The summation selects stabilized cosets.
induced-character-formula,Character of an induced representation,symmetry-invariance,Symmetry and invariance,Conjugation transfers g into the subgroup.
tensor-product-character,Character of a tensor product,composition,Composition,Two actions combine on paired tensor directions.
tensor-product-character,Character of a tensor product,decomposition,Decomposition,Expanding the product into irreducible characters records tensor-product multiplicities.
contragredient-representation,Dual or contragredient representation,duality,Duality,Vectors and linear measurements transform contragrediently.
contragredient-representation,Dual or contragredient representation,conservation,Conservation and balance,The evaluation pairing is invariant.
frobenius-schur-indicator,Frobenius–Schur indicator,averaging,Averaging,The squared-group-element character is averaged uniformly.
frobenius-schur-indicator,Frobenius–Schur indicator,duality,Duality,The result detects how a representation compares with its dual.
regular-representation-character,Character of the regular representation,symmetry-invariance,Symmetry and invariance,Translation treats all group elements uniformly.
regular-representation-character,Character of the regular representation,decomposition,Decomposition,Every irreducible occurs with dimension multiplicity.
irreducibles-conjugacy-classes,Irreducible characters form a class-function basis,counting,Counting,Two different bases count the same class-function dimension.
irreducibles-conjugacy-classes,Irreducible characters form a class-function basis,orthogonality,Orthogonality,Characters resolve any class function into perpendicular components.
unitarization-average,Invariant inner product by averaging,averaging,Averaging,Positive inner products are combined with equal weights.
unitarization-average,Invariant inner product by averaging,symmetry-invariance,Symmetry and invariance,Multiplying by a group element merely reindexes the sum.
schur-weyl-duality,Schur–Weyl decomposition,duality,Duality,Two commuting group actions are mutual centralizers.
schur-weyl-duality,Schur–Weyl decomposition,decomposition,Decomposition,Partitions index the shared irreducible blocks.
hook-length-formula,Hook-length formula for standard Young tableaux,counting,Counting,The formula counts constrained permutations.
hook-length-formula,Hook-length formula for standard Young tableaux,decomposition,Decomposition,A product of local hook sizes supplies the normalization.
sl2-lie-relations,The Lie algebra sl₂,algebraic-structure,Algebraic structure,A short multiplication table determines the Lie bracket.
sl2-lie-relations,The Lie algebra sl₂,symmetry-invariance,Symmetry and invariance,The trace-zero space is closed under commutators.
sl2-irreducible-classification,Finite-dimensional irreducible sl₂ representations,decomposition,Decomposition,The family lists all irreducible finite-dimensional building blocks.
sl2-irreducible-classification,Finite-dimensional irreducible sl₂ representations,counting,Counting,Two-variable degree-m monomials number m+1.
schur-polynomial-alternant,Schur polynomial alternant formula,symmetry-invariance,Symmetry and invariance,A ratio of equally alternating determinants is symmetric.
schur-polynomial-alternant,Schur polynomial alternant formula,algebraic-structure,Algebraic structure,The polynomial is the diagonal character of Sλ(Cⁿ).
category-axioms,Category axioms,composition,Composition,Compatible arrows combine associatively.
category-axioms,Category axioms,algebraic-structure,Algebraic structure,Identity and composition laws are shared across subjects.
functor-laws,Functor laws,composition,Composition,Translation preserves multi-step processes.
functor-laws,Functor laws,algebraic-structure,Algebraic structure,Functors preserve categorical structure.
natural-transformation,Natural transformation,symmetry-invariance,Symmetry and invariance,The comparison does not depend on an arbitrary coordinate choice.
natural-transformation,Natural transformation,composition,Composition,Either route around the naturality square agrees.
opposite-category,Opposite category,duality,Duality,All morphism directions reverse together.
opposite-category,Opposite category,composition,Composition,Composition order reverses consistently.
equivalence-of-categories,Equivalence of categories,change-of-coordinates,Change of coordinates,Different presentations encode the same structure.
equivalence-of-categories,Equivalence of categories,algebraic-structure,Algebraic structure,Morphisms as well as objects are preserved.
yoneda-lemma,Yoneda lemma,information,Information and uncertainty,All natural responses are determined by one universal test.
yoneda-lemma,Yoneda lemma,composition,Composition,Functorial composition propagates the identity value.
categorical-product,Categorical product universal property,decomposition,Decomposition,A product-valued map separates into its components.
categorical-product,Categorical product universal property,algebraic-structure,Algebraic structure,The mapping property determines the product up to unique isomorphism.
categorical-coproduct,Categorical coproduct universal property,duality,Duality,The universal arrows of a product are reversed.
categorical-coproduct,Categorical coproduct universal property,decomposition,Decomposition,Independent input pieces determine one output map.
categorical-pullback,Pullback or fiber product,composition,Composition,Compatibility is an equality of composed maps.
categorical-pullback,Pullback or fiber product,decomposition,Decomposition,The common condition selects compatible component pairs.
categorical-pushout,Pushout universal property,duality,Duality,This reverses the compatibility property of a pullback.
categorical-pushout,Pushout universal property,composition,Composition,Compatible maps from glued pieces extend uniquely.
categorical-equalizer,Equalizer universal property,algebraic-structure,Algebraic structure,A compatibility equation defines a universal subobject.
categorical-equalizer,Equalizer universal property,fixed-points,Fixed points,Equalizing a self-map with the identity extracts its fixed points.
categorical-coequalizer,Coequalizer universal property,duality,Duality,A coequalizer reverses an equalizer’s universal arrows.
categorical-coequalizer,Coequalizer universal property,information,Information and uncertainty,The quotient forgets exactly the distinctions required by the relation.
categorical-limit,Limit as a universal compatible cone,decomposition,Decomposition,A diagram packages many linked components.
categorical-limit,Limit as a universal compatible cone,algebraic-structure,Algebraic structure,A universal mapping property enforces all compatibility equations.
categorical-colimit,Colimit as a universal compatible cocone,duality,Duality,A colimit is a limit after reversing arrows.
categorical-colimit,Colimit as a universal compatible cocone,composition,Composition,Maps out of all pieces agree along the diagram.
adjunction,Adjunction of functors,duality,Duality,The same map is described from two opposite sides.
adjunction,Adjunction of functors,algebraic-structure,Algebraic structure,Naturality makes the correspondence coherent across objects.
adjunction-triangle-identities,"Unit, counit and triangle identities",composition,Composition,Two specified round trips simplify to identity transformations.
adjunction-triangle-identities,"Unit, counit and triangle identities",duality,Duality,Unit and counit are the paired directions of the adjunction.
adjoints-preserve-limits,Right adjoints preserve limits,duality,Duality,The colimit statement follows by reversing arrows.
adjoints-preserve-limits,Right adjoints preserve limits,conservation,Conservation and balance,Universal compatibility survives the right-adjoint translation.
composition-of-adjunctions,Composition of adjunctions,composition,Composition,Natural Hom-bijections are composed.
composition-of-adjunctions,Composition of adjunctions,duality,Duality,Right-adjoint order reverses the order of left adjoints.
tensor-hom-adjunction,Tensor–Hom adjunction for modules,duality,Duality,Tensoring and internal Hom occupy opposite sides of the mapping correspondence.
tensor-hom-adjunction,Tensor–Hom adjunction for modules,composition,Composition,Partial evaluation turns a two-input map into nested one-input maps.
monad-laws,Monad unit and multiplication laws,composition,Composition,Nested constructions flatten associatively.
monad-laws,Monad unit and multiplication laws,algebraic-structure,Algebraic structure,Unit and associative multiplication are lifted to endofunctors.
monad-algebra,Algebra for a monad,algebraic-structure,Algebraic structure,Evaluation recovers familiar algebraic operations from formal expressions.
monad-algebra,Algebra for a monad,composition,Composition,Evaluating nested expressions in stages agrees with flattening first.
pointwise-left-kan-extension,Pointwise left Kan extension,composition,Composition,The comma diagram records all compatible ways to reach d.
pointwise-left-kan-extension,Pointwise left Kan extension,decomposition,Decomposition,A colimit assembles the available pieces.
exponential-object,Exponential object and currying,composition,Composition,Evaluation reconstructs the original two-input map.
exponential-object,Exponential object and currying,duality,Duality,Product with A is left adjoint to exponentiation by A.
galois-connection-posets,Galois connection between ordered sets,duality,Duality,Two inequality directions encode the same constraint.
galois-connection-posets,Galois connection between ordered sets,fixed-points,Fixed points,The composite RL is an idempotent closure operator.
hockey-stick-identity,Hockey-stick identity,counting,Counting,Partitions the same family by maximum element.
hockey-stick-identity,Hockey-stick identity,accumulation,Accumulation,Discrete summation raises the binomial index.
binomial-inversion,Binomial inversion,duality,Duality,Forward and inverse triangular transforms pair.
binomial-inversion,Binomial inversion,counting,Counting,Subset containment controls transform coefficients.
stirling-first-kind,Unsigned Stirling numbers of the first kind,recursion,Recursion and iteration,Insert the new label in a cycle or create a singleton.
stirling-first-kind,Unsigned Stirling numbers of the first kind,counting,Counting,Coefficients record permutations by cycle count.
stirling-basis-inversion,Stirling change of polynomial basis,change-of-coordinates,Change of coordinates,Stirling matrices convert polynomial bases.
stirling-basis-inversion,Stirling change of polynomial basis,duality,Duality,The two triangular coefficient matrices are inverses.
eulerian-recurrence,Eulerian number recurrence,recursion,Recursion and iteration,Insertion separates descent-preserving and descent-creating positions.
eulerian-recurrence,Eulerian number recurrence,counting,Counting,Partitions permutations by local order changes.
lagrange-inversion-formal,Formal Lagrange inversion,recursion,Recursion and iteration,An implicit equation encodes nested construction.
lagrange-inversion-formal,Formal Lagrange inversion,generating-functions,Generating functions,Coefficient extraction solves the recursion.
exponential-combinatorial-formula,Exponential formula for labeled components,decomposition,Decomposition,Unique components determine the whole object.
exponential-combinatorial-formula,Exponential formula for labeled components,exponential-log,Exponentials and logarithms,Logarithms extract connected components.
polya-cycle-index,Pólya cycle-index substitution,averaging,Averaging,Orbit counts are averages of fixed-coloring counts.
polya-cycle-index,Pólya cycle-index substitution,symmetry-invariance,Symmetry and invariance,Equivalent colorings differ only by allowed position permutations.
necklace-counting,Rotational necklace count,counting,Counting,Divisor classes collect rotations with equal cycle structure.
necklace-counting,Rotational necklace count,averaging,Averaging,Burnside averages over n rotations.
gaussian-binomial,Gaussian binomial coefficient,counting,Counting,Each subspace has the same number of ordered bases.
gaussian-binomial,Gaussian binomial coefficient,symmetry-invariance,Symmetry and invariance,Changing its basis leaves a subspace unchanged.
finite-q-binomial-theorem,Finite q-binomial theorem,generating-functions,Generating functions,Product choices encode weighted subset counts.
finite-q-binomial-theorem,Finite q-binomial theorem,counting,Counting,The coefficient groups choices by size and position weight.
pentagonal-partition-identity,Euler pentagonal-number identity,generating-functions,Generating functions,The product is the multiplicative inverse of the partition series.
pentagonal-partition-identity,Euler pentagonal-number identity,recursion,Recursion and iteration,Equating coefficients yields the partition recurrence.
poset-mobius-inversion,Möbius inversion on finite posets,duality,Duality,The Möbius kernel inverts cumulative summation.
poset-mobius-inversion,Möbius inversion on finite posets,algebraic-structure,Algebraic structure,The order determines an invertible triangular transform.
incidence-algebra,Incidence-algebra convolution,composition,Composition,Intermediate comparable elements are summed over.
incidence-algebra,Incidence-algebra convolution,algebraic-structure,Algebraic structure,Interval kernels form an associative algebra.
lubell-inequality,Lubell–Yamamoto–Meshalkin inequality,counting,Counting,Double-counts maximal chains meeting the family.
lubell-inequality,Lubell–Yamamoto–Meshalkin inequality,averaging,Averaging,Each set receives its probability of appearing in a uniform maximal chain.
sperner-theorem,Sperner theorem,counting,Counting,Compares incomparable subsets with one cardinality layer.
sperner-theorem,Sperner theorem,optimization,Optimization,Identifies the largest possible antichain size.
dilworth-theorem,Dilworth chain-decomposition theorem,duality,Duality,A minimum covering arrangement equals a maximum obstruction.
dilworth-theorem,Dilworth chain-decomposition theorem,decomposition,Decomposition,Partitions a poset into chains.
euler-trail-criterion,Euler trail criterion,conservation,Conservation and balance,Intermediate visits pair arriving and departing edges.
euler-trail-criterion,Euler trail criterion,counting,Counting,Degree parity records endpoint imbalance.
bipartite-odd-cycle,Bipartite graph criterion,symmetry-invariance,Symmetry and invariance,Parity of path lengths controls the two color classes.
bipartite-odd-cycle,Bipartite graph criterion,algebraic-structure,Algebraic structure,A binary coloring turns adjacency into a cross-class relation.
konig-matching-cover,Kőnig matching–cover theorem,duality,Duality,Maximum packing equals minimum covering.
konig-matching-cover,Kőnig matching–cover theorem,optimization,Optimization,Converts two discrete optimization problems into one value.
tutte-perfect-matching,Tutte perfect-matching criterion,counting,Counting,Every odd component needs a distinct external matching partner.
tutte-perfect-matching,Tutte perfect-matching criterion,duality,Duality,An obstruction certificate characterizes perfect matchability.
menger-theorem,Menger vertex-path theorem,duality,Duality,Path packing equals separator size.
menger-theorem,Menger vertex-path theorem,decomposition,Decomposition,Splitting vertices converts vertex constraints to edge capacities.
turan-theorem,Turán extremal graph theorem,optimization,Optimization,Maximizes edges under a forbidden-clique constraint.
turan-theorem,Turán extremal graph theorem,decomposition,Decomposition,Balanced multipartite structure gives the extremizer.
ramsey-recursion,Ramsey-number recursion,recursion,Recursion and iteration,A distinguished vertex reduces one target size.
ramsey-recursion,Ramsey-number recursion,counting,Counting,The vertex set splits into neighbors and nonneighbors.
erdos-stone-theorem,Erdős–Stone asymptotic extremal theorem,limits-convergence,Limits and convergence,Lower-order details vanish after division by n².
erdos-stone-theorem,Erdős–Stone asymptotic extremal theorem,symmetry-invariance,Symmetry and invariance,Many different forbidden graphs share one chromatic density.
laplacian-component-nullity,Laplacian kernel and connected components,conservation,Conservation and balance,L annihilates constants on each component.
laplacian-component-nullity,Laplacian kernel and connected components,decomposition,Decomposition,Disconnected pieces contribute independent kernel directions.
normalized-graph-laplacian,Normalized graph Laplacian,change-of-coordinates,Change of coordinates,Degree scaling converts the weighted inner product into Euclidean coordinates.
normalized-graph-laplacian,Normalized graph Laplacian,quadratic-structure,Quadratic structure,Its quadratic form sums squared normalized edge differences.
graph-cheeger-inequality,Graph Cheeger inequality,boundary-interior,Boundary and interior,Cut edges compare the boundary with interior degree volume.
graph-cheeger-inequality,Graph Cheeger inequality,optimization,Optimization,Relates a discrete cut minimum to a continuous spectral minimum.
effective-resistance-graph,Effective resistance from the Laplacian,duality,Duality,Current injection and voltage response are paired by the inverse Laplacian.
effective-resistance-graph,Effective resistance from the Laplacian,quadratic-structure,Quadratic structure,Resistance is an inverse-energy quadratic form.
foster-resistance-theorem,Foster resistance identity,counting,Counting,A sum of edge quantities equals a rank.
foster-resistance-theorem,Foster resistance identity,decomposition,Decomposition,The Laplacian is a sum of rank-one edge matrices.
commute-time-resistance,Random-walk commute time and resistance,duality,Duality,Potential solutions also solve hitting-time equations.
commute-time-resistance,Random-walk commute time and resistance,randomness,Randomness and distribution,An expected journey time is encoded by a deterministic network.
spanning-tree-edge-probability,Weighted spanning-tree edge probability,randomness,Randomness and distribution,A determinant-defined random tree has electrical edge marginals.
spanning-tree-edge-probability,Weighted spanning-tree edge probability,decomposition,Decomposition,Each tree selects a connectivity basis.
matrix-forest-theorem,Rooted forest determinant,generating-functions,Generating functions,The exponent of t tracks components.
matrix-forest-theorem,Rooted forest determinant,counting,Counting,Determinants enumerate rooted acyclic structures.
matroid-independent-sets,Matroid independence axioms,algebraic-structure,Algebraic structure,Exchange abstracts the behavior of linear independence.
matroid-independent-sets,Matroid independence axioms,decomposition,Decomposition,Maximal independent sets provide bases.
matroid-rank-submodularity,Matroid rank submodularity,decomposition,Decomposition,The shared portion must be counted only once.
matroid-rank-submodularity,Matroid rank submodularity,algebraic-structure,Algebraic structure,Rank encodes dependence without coordinates.
matroid-dual-rank,Dual matroid rank,duality,Duality,Basis complements interchange selected and omitted elements.
matroid-dual-rank,Dual matroid rank,counting,Counting,Rank deficits quantify unavoidable omitted choices.
matroid-basis-exchange,Symmetric matroid basis exchange,decomposition,Decomposition,Changes a basis by one local replacement.
matroid-basis-exchange,Symmetric matroid basis exchange,symmetry-invariance,Symmetry and invariance,Both exchanged sets retain the same independent size.
matroid-intersection-theorem,Matroid intersection min–max theorem,duality,Duality,A common-independent-set maximum equals a rank-partition minimum.
matroid-intersection-theorem,Matroid intersection min–max theorem,optimization,Optimization,Combines two structural constraints.
tutte-polynomial,Tutte polynomial by rank subsets,generating-functions,Generating functions,Exponents track rank deficit and nullity.
tutte-polynomial,Tutte polynomial by rank subsets,decomposition,Decomposition,Sums over all subsets using two complementary defects.
tutte-duality,Tutte duality,duality,Duality,Complementation exchanges rank deficit and nullity.
tutte-duality,Tutte duality,symmetry-invariance,Symmetry and invariance,The polynomial changes only by swapping variables.
chromatic-tutte-specialization,Chromatic polynomial from Tutte polynomial,generating-functions,Generating functions,Specialization extracts a coloring enumerator.
chromatic-tutte-specialization,Chromatic polynomial from Tutte polynomial,decomposition,Decomposition,Edge deletion and contraction govern both polynomials.
tutte-spanning-tree-specialization,Bases at the center of the Tutte polynomial,counting,Counting,Evaluation filters exactly the bases.
tutte-spanning-tree-specialization,Bases at the center of the Tutte polynomial,decomposition,Decomposition,Two zero defects characterize a basis.
tutte-matrix-matching,Tutte matrix perfect-matching test,algebraic-structure,Algebraic structure,A combinatorial existence problem becomes polynomial nonvanishing.
tutte-matrix-matching,Tutte matrix perfect-matching test,counting,Counting,Pfaffian monomials correspond to perfect matchings.
hensel-simple-root,Hensel lifting of a simple root,local-linearization,Local linearization,Invertible derivative determines each next correction.
hensel-simple-root,Hensel lifting of a simple root,limits-convergence,Limits and convergence,Compatible modular roots converge in the p-adic metric.
p-adic-digit-expansion,p-adic digit expansion,decomposition,Decomposition,Digits split a number into scale-specific pieces.
p-adic-digit-expansion,p-adic digit expansion,limits-convergence,Limits and convergence,Partial sums converge under the p-adic absolute value.
rational-product-formula,Product formula for rational absolute values,conservation,Conservation and balance,Total multiplicative size across all places is fixed.
rational-product-formula,Product formula for rational absolute values,decomposition,Decomposition,Prime factorization separates local contributions.
ostrowski-rational-valuations,Ostrowski classification on the rationals,decomposition,Decomposition,Classifies all inequivalent local measuring systems.
ostrowski-rational-valuations,Ostrowski classification on the rationals,geometry-distance,Geometry and distance,Absolute values create metrics and completions.
euler-zeta-product,Euler prime product,decomposition,Decomposition,Unique prime factorization gives independent prime-power choices.
euler-zeta-product,Euler prime product,generating-functions,Generating functions,A multiplicative product encodes all integers.
prime-number-theorem,Prime number theorem,limits-convergence,Limits and convergence,Relative asymptotics describe large-scale counts.
prime-number-theorem,Prime number theorem,scaling,Scaling and homogeneity,Logarithmic decay controls density across numerical scales.
dirichlet-character,Dirichlet character modulo q,symmetry-invariance,Symmetry and invariance,Values depend only on a residue class.
dirichlet-character,Dirichlet character modulo q,algebraic-structure,Algebraic structure,Multiplication is preserved as multiplication of phases.
dirichlet-l-euler-product,Dirichlet L-series Euler product,decomposition,Decomposition,Complete multiplicativity splits the series into prime factors.
dirichlet-l-euler-product,Dirichlet L-series Euler product,symmetry-invariance,Symmetry and invariance,Characters distinguish residue-class structure.
residue-character-filter,Character filter for a residue class,averaging,Averaging,Orthogonal characters cancel except at the selected class.
residue-character-filter,Character filter for a residue class,orthogonality,Orthogonality,Distinct unit-group characters have zero inner product.
dirichlet-primes-progressions,Dirichlet theorem on arithmetic progressions,symmetry-invariance,Symmetry and invariance,Reduced residue classes all support infinitely many primes.
dirichlet-primes-progressions,Dirichlet theorem on arithmetic progressions,decomposition,Decomposition,Character filters isolate one progression.
jordan-totient,Jordan totient function,counting,Counting,Counts jointly coprime tuples.
jordan-totient,Jordan totient function,decomposition,Decomposition,Prime-by-prime exclusions multiply.
ramanujan-sum,Ramanujan sum,orthogonality,Orthogonality,Complete root-of-unity sums vanish away from matching divisibility.
ramanujan-sum,Ramanujan sum,counting,Counting,Möbius inversion selects primitive frequencies.
primitive-root-moduli,Moduli admitting primitive roots,algebraic-structure,Algebraic structure,A modular unit group may or may not have one cyclic generator.
primitive-root-moduli,Moduli admitting primitive roots,decomposition,Decomposition,Prime-power structure controls cyclicity.
cyclotomic-polynomial,Cyclotomic factorization,decomposition,Decomposition,Divisors sort roots by their exact order.
cyclotomic-polynomial,Cyclotomic factorization,symmetry-invariance,Symmetry and invariance,Galois conjugates comprise each primitive-root family.
lucas-binomial-congruence,Lucas binomial congruence,decomposition,Decomposition,Base-p digits factor the coefficient.
lucas-binomial-congruence,Lucas binomial congruence,recursion,Recursion and iteration,The same coefficient rule repeats independently at each base-p digit.
kummer-carry-theorem,Kummer carry theorem,decomposition,Decomposition,Prime valuation is recovered from digit behavior.
kummer-carry-theorem,Kummer carry theorem,counting,Counting,Carries count uncancelled prime factors.
fermat-two-squares,Two-square criterion,decomposition,Decomposition,Prime-power factors decide representability.
fermat-two-squares,Two-square criterion,quadratic-structure,Quadratic structure,A sum of squares is a norm in the Gaussian integers.
pell-equation-units,Pell equation and quadratic units,recursion,Recursion and iteration,Repeated multiplication generates the solution sequence.
pell-equation-units,Pell equation and quadratic units,conservation,Conservation and balance,The quadratic norm remains one.
dirichlet-rational-approximation,Dirichlet rational approximation,counting,Counting,Pigeonholes force two multiples into nearby fractional positions.
dirichlet-rational-approximation,Dirichlet rational approximation,geometry-distance,Geometry and distance,Closeness on the unit interval yields rational approximation.
algebraic-integer,Algebraic integer criterion,algebraic-structure,Algebraic structure,Monic relations define rings of integers.
algebraic-integer,Algebraic integer criterion,decomposition,Decomposition,A monic relation expresses higher powers using finitely many lower powers.
field-norm-trace,Norm and trace of a field extension,linearity,Linearity,Field multiplication becomes a linear operator over the base field.
field-norm-trace,Norm and trace of a field extension,symmetry-invariance,Symmetry and invariance,Determinant and trace do not depend on the chosen basis.
number-field-discriminant,Number-field discriminant,quadratic-structure,Quadratic structure,The trace pairing supplies a symmetric bilinear form.
number-field-discriminant,Number-field discriminant,change-of-coordinates,Change of coordinates,A basis change multiplies the discriminant by the square of its determinant.
dedekind-ideal-factorization,Unique prime-ideal factorization,decomposition,Decomposition,Prime ideals are unique multiplicative components.
dedekind-ideal-factorization,Unique prime-ideal factorization,algebraic-structure,Algebraic structure,Ideal arithmetic repairs failures of element factorization.
ramification-degree-sum,Ramification and residue-degree identity,conservation,Conservation and balance,The weighted local degrees add to the global degree.
ramification-degree-sum,Ramification and residue-degree identity,decomposition,Decomposition,A prime splits into local pieces.
ideal-class-group,Ideal class group,duality,Duality,Equivalent ideals differ by a principal scaling.
ideal-class-group,Ideal class group,algebraic-structure,Algebraic structure,A quotient group organizes the failure of principal generation.
dirichlet-unit-theorem,Dirichlet unit theorem,decomposition,Decomposition,Separates torsion and free directions.
dirichlet-unit-theorem,Dirichlet unit theorem,exponential-log,Exponentials and logarithms,Logarithms turn unit multiplication into a lattice in a hyperplane.
minkowski-convex-body,Minkowski convex-body theorem,geometry-distance,Geometry and distance,Continuous size forces discrete points.
minkowski-convex-body,Minkowski convex-body theorem,counting,Counting,Lattice cells provide a multidimensional pigeonhole argument.
minkowski-class-bound,Minkowski ideal-class bound,optimization,Optimization,Provides a bounded-size representative of every class.
minkowski-class-bound,Minkowski ideal-class bound,geometry-distance,Geometry and distance,The bound comes from lattice covolume and convex volume.
quadratic-integer-ring,Integers of a quadratic field,algebraic-structure,Algebraic structure,Integrality selects a lattice inside the field.
quadratic-integer-ring,Integers of a quadratic field,quadratic-structure,Quadratic structure,Trace and norm control the quadratic minimal polynomial.
tangent-vector-derivation,Tangent vectors as derivations,local-linearization,Local linearization,A tangent direction records first-order behavior of functions.
tangent-vector-derivation,Tangent vectors as derivations,duality,Duality,Vectors act on differentials to produce directional derivatives.
lie-derivative-tensor,Lie derivative via a flow,symmetry-invariance,Symmetry and invariance,Zero Lie derivative means infinitesimal invariance under the flow.
lie-derivative-tensor,Lie derivative via a flow,local-linearization,Local linearization,Differentiate a family of transported objects at time zero.
koszul-formula,Koszul formula,duality,Duality,Pairing with every Z identifies the covariant derivative.
koszul-formula,Koszul formula,symmetry-invariance,Symmetry and invariance,The formula is intrinsic and does not depend on coordinates.
hodge-star,Hodge star operator,duality,Duality,Pairs k-forms with complementary-degree forms.
hodge-star,Hodge star operator,geometry-distance,Geometry and distance,The metric determines magnitudes while orientation determines signs.
codifferential,Codifferential and Hodge Laplacian,duality,Duality,δ is the adjoint of d.
codifferential,Codifferential and Hodge Laplacian,quadratic-structure,Quadratic structure,The Laplacian energy is the sum of squared d and δ norms.
hodge-decomposition,Hodge decomposition theorem,orthogonality,Orthogonality,"Harmonic, exact and coexact pieces are pairwise perpendicular."
hodge-decomposition,Hodge decomposition theorem,decomposition,Decomposition,Separates metric-dependent representatives from topological classes.
poincare-lemma,Poincaré lemma,algebraic-structure,Algebraic structure,The differential-form complex is locally exact in positive degrees.
poincare-lemma,Poincaré lemma,boundary-interior,Boundary and interior,"Closed forms have local potentials, while global topology may obstruct them."
gauss-equation-submanifold,Gauss equation for a submanifold,decomposition,Decomposition,Separates ambient and extrinsic contributions.
gauss-equation-submanifold,Gauss equation for a submanifold,quadratic-structure,Quadratic structure,Bending enters through products of second fundamental forms.
codazzi-equation,Codazzi equation in Euclidean space,symmetry-invariance,Symmetry and invariance,Interchanging the first two derivative slots leaves the result unchanged.
codazzi-equation,Codazzi equation in Euclidean space,local-linearization,Local linearization,First derivatives constrain admissible local bending.
jacobi-field-equation,Jacobi equation for geodesic variation,local-linearization,Local linearization,Linearizes the geodesic equation around one trajectory.
jacobi-field-equation,Jacobi equation for geodesic variation,geometry-distance,Geometry and distance,Curvature controls infinitesimal separation.
riemannian-exponential-map,Riemannian exponential map,local-linearization,Local linearization,Its derivative at zero identifies tangent and manifold coordinates.
riemannian-exponential-map,Riemannian exponential map,geometry-distance,Geometry and distance,Radial straight directions become geodesics.
hopf-rinow,Hopf–Rinow theorem,limits-convergence,Limits and convergence,Metric Cauchy completeness becomes a geometric existence statement.
hopf-rinow,Hopf–Rinow theorem,geometry-distance,Geometry and distance,Shortest paths exist globally under completeness.
bonnet-myers,Bonnet–Myers diameter bound,geometry-distance,Geometry and distance,A local curvature bound limits global diameter.
bonnet-myers,Bonnet–Myers diameter bound,scaling,Scaling and homogeneity,Curvature has inverse-length-squared units.
cartan-hadamard,Cartan–Hadamard theorem,local-linearization,Local linearization,A local exponential chart becomes a global chart.
cartan-hadamard,Cartan–Hadamard theorem,geometry-distance,Geometry and distance,Nonpositive curvature prevents conjugate-point focusing.
bochner-function-formula,Bochner identity for functions,quadratic-structure,Quadratic structure,Squared derivative energy is related to squared second derivatives.
bochner-function-formula,Bochner identity for functions,local-linearization,Local linearization,Commuting higher derivatives introduces curvature.
bishop-gromov,Bishop–Gromov volume comparison,scaling,Scaling and homogeneity,Normalizes volume by the comparison growth scale.
bishop-gromov,Bishop–Gromov volume comparison,geometry-distance,Geometry and distance,Curvature controls the size of metric balls.
killing-equation,Killing vector-field equation,symmetry-invariance,Symmetry and invariance,Encodes infinitesimal metric symmetries.
killing-equation,Killing vector-field equation,local-linearization,Local linearization,The symmetric derivative detects first-order strain.
bianchi-identities,Bianchi identities,symmetry-invariance,Symmetry and invariance,Cyclic permutations enforce tensor relations.
bianchi-identities,Bianchi identities,conservation,Conservation and balance,Differential compatibility leads to contracted divergence identities.
biinvariant-lie-curvature,Curvature of a bi-invariant metric,symmetry-invariance,Symmetry and invariance,Two-sided metric invariance simplifies the connection.
biinvariant-lie-curvature,Curvature of a bi-invariant metric,algebraic-structure,Algebraic structure,Lie brackets determine geometric curvature.
symplectic-form,Symplectic form,duality,Duality,Nondegeneracy identifies tangent and cotangent spaces.
symplectic-form,Symplectic form,algebraic-structure,Algebraic structure,An alternating form provides structure distinct from a metric.
darboux-theorem,Darboux theorem,change-of-coordinates,Change of coordinates,A coordinate choice removes all local coefficients of the symplectic form.
darboux-theorem,Darboux theorem,symmetry-invariance,Symmetry and invariance,There are no local curvature invariants of a symplectic form alone.
lagrangian-submanifold,Lagrangian submanifold criterion,duality,Duality,A Lagrangian tangent space equals its symplectic orthogonal.
lagrangian-submanifold,Lagrangian submanifold criterion,orthogonality,Orthogonality,"Each Lagrangian tangent space is its own symplectic orthogonal, using an alternating rather than metric pairing."
cup-product,Cohomology cup product,algebraic-structure,Algebraic structure,"Cohomology is a graded ring, not only a sequence of groups."
cup-product,Cohomology cup product,composition,Composition,Products combine classes in complementary degrees.
universal-coefficient-cohomology,Universal coefficient theorem for cohomology,duality,Duality,Cohomology tests homology through homomorphisms.
universal-coefficient-cohomology,Universal coefficient theorem for cohomology,decomposition,Decomposition,Ext records information lost by naive dualization.
relative-homology-sequence,Long exact sequence of a pair,boundary-interior,Boundary and interior,The connecting map sends a relative interior cycle to its boundary in A.
relative-homology-sequence,Long exact sequence of a pair,decomposition,Decomposition,Relative chains quotient out the subspace chains.
homotopy-fibration-sequence,Long exact sequence of a fibration,decomposition,Decomposition,Separates total-space topology into base and fiber contributions.
homotopy-fibration-sequence,Long exact sequence of a fibration,boundary-interior,Boundary and interior,Lifting a disk creates a boundary sphere in the fiber.
hurewicz-theorem,Hurewicz theorem,duality,Duality,Relates geometric sphere maps to additive cycle classes.
hurewicz-theorem,Hurewicz theorem,decomposition,Decomposition,Connectivity removes lower-dimensional obstructions.
whitehead-theorem,Whitehead theorem for CW complexes,symmetry-invariance,Symmetry and invariance,Homotopy groups detect equivalence within the CW setting.
whitehead-theorem,Whitehead theorem for CW complexes,decomposition,Decomposition,Cell-by-cell lifting turns local homotopy data into a global inverse.
suspension-homology,Suspension isomorphism in reduced homology,scaling,Scaling and homogeneity,Suspension shifts dimension rather than numerical size.
suspension-homology,Suspension isomorphism in reduced homology,decomposition,Decomposition,Two contractible cones isolate the intersection contribution.
cellular-homology,Cellular homology chain complex,decomposition,Decomposition,The skeletal filtration adds one dimension of cells at a time.
cellular-homology,Cellular homology chain complex,counting,Counting,Chain ranks equal cell counts.
homology-excision,Excision in relative homology,boundary-interior,Boundary and interior,Only the relative interface matters after interior pieces are excised.
homology-excision,Excision in relative homology,local-linearization,Local linearization,Small-chain subdivision makes a global comparison local.
covering-space-classification,Classification of connected covering spaces,duality,Duality,Geometric coverings correspond to algebraic subgroups.
covering-space-classification,Classification of connected covering spaces,symmetry-invariance,Symmetry and invariance,Changing the chosen lifted basepoint conjugates the subgroup.
borsuk-ulam,Borsuk–Ulam theorem,symmetry-invariance,Symmetry and invariance,Antipodal symmetry forces coincidence.
borsuk-ulam,Borsuk–Ulam theorem,fixed-points,Fixed points,"The conclusion is an unavoidable coincidence, related to topological obstruction methods."
euler-class,Euler class and zero counts,counting,Counting,Signed zero indices equal a global invariant.
euler-class,Euler class and zero counts,boundary-interior,Boundary and interior,Local behavior around zeros sums to a global topological quantity.
chern-whitney-sum,Chern classes and the Whitney sum law,decomposition,Decomposition,Direct sums multiply total characteristic classes.
chern-whitney-sum,Chern classes and the Whitney sum law,algebraic-structure,Algebraic structure,Cohomology-ring multiplication combines bundle invariants.
stiefel-whitney-sum,Stiefel–Whitney classes,symmetry-invariance,Symmetry and invariance,Classes detect bundle twisting independent of local coordinates.
stiefel-whitney-sum,Stiefel–Whitney classes,decomposition,Decomposition,Direct sums multiply the total class.
thom-isomorphism,Thom isomorphism,duality,Duality,Fiber orientation provides a canonical complementary-degree class.
thom-isomorphism,Thom isomorphism,decomposition,Decomposition,Separates base cohomology from the fiber contribution.
chern-character,Chern character,exponential-log,Exponentials and logarithms,Exponentials convert sums of roots under tensor products into products.
chern-character,Chern character,algebraic-structure,Algebraic structure,Defines a ring homomorphism from complex K-theory to rational cohomology.
compact-hausdorff-bijection,Compact-to-Hausdorff bijection theorem,duality,Duality,Both directions of a bijection become continuous under asymmetric hypotheses.
compact-hausdorff-bijection,Compact-to-Hausdorff bijection theorem,limits-convergence,Limits and convergence,Compact sets and closed-set behavior control inverse continuity.
tychonoff-theorem,Tychonoff compactness theorem,composition,Composition,Products combine arbitrarily many compact factors.
tychonoff-theorem,Tychonoff compactness theorem,limits-convergence,Limits and convergence,Global compactness follows from compatible coordinate constraints.
boolean-ring,Boolean algebra as a Boolean ring,algebraic-structure,Algebraic structure,Logical operations obey ring laws in characteristic two.
boolean-ring,Boolean algebra as a Boolean ring,duality,Duality,Complementation exchanges union and intersection.
downward-lowenheim-skolem,Downward Löwenheim–Skolem theorem,decomposition,Decomposition,A controlled-size substructure retains elementary information.
downward-lowenheim-skolem,Downward Löwenheim–Skolem theorem,recursion,Recursion and iteration,Repeated witness selection builds an elementary closure.
tarski-vaught-test,Tarski–Vaught test,recursion,Recursion and iteration,Induction on formula complexity proves elementary equivalence of evaluations.
tarski-vaught-test,Tarski–Vaught test,decomposition,Decomposition,Reduces all formulas to existential witness checks.
los-ultraproduct,Łoś theorem for ultraproducts,composition,Composition,Combines a family of structures into one quotient product.
los-ultraproduct,Łoś theorem for ultraproducts,symmetry-invariance,Symmetry and invariance,Changing representatives on an ultrafilter-small set preserves truth.
real-closed-quantifier-elimination,Quantifier elimination for real closed fields,decomposition,Decomposition,Removes quantified variables while preserving the defined set.
real-closed-quantifier-elimination,Quantifier elimination for real closed fields,algebraic-structure,Algebraic structure,Order and polynomial arithmetic determine all definable sets.
compact-type-space,Compactness of the space of types,limits-convergence,Limits and convergence,Logical compactness becomes compactness of a topological space.
compact-type-space,Compactness of the space of types,duality,Duality,Formulas become clopen subsets of the space of their complete truth assignments.
affine-algebraic-zero-set,Affine algebraic zero set,algebraic-structure,Algebraic structure,Polynomial equations become ideals.
affine-algebraic-zero-set,Affine algebraic zero set,geometry-distance,Geometry and distance,The zero set encodes geometry without first choosing distances.
coordinate-ring,Coordinate ring of an affine algebraic set,duality,Duality,A space is studied through its algebra of polynomial functions.
coordinate-ring,Coordinate ring of an affine algebraic set,algebraic-structure,Algebraic structure,Quotienting removes equations already enforced by the space.
radical-ideal,Radical of an ideal,algebraic-structure,Algebraic structure,Power membership defines a closure on ideals.
radical-ideal,Radical of an ideal,symmetry-invariance,Symmetry and invariance,"In polynomial zero sets, replacing I by its radical leaves the points unchanged."
hilbert-nullstellensatz,Hilbert Nullstellensatz,duality,Duality,Closed sets correspond contravariantly to radical ideals.
hilbert-nullstellensatz,Hilbert Nullstellensatz,algebraic-structure,Algebraic structure,Geometric vanishing is equivalent to ideal-power membership.
zariski-topology,Zariski topology,duality,Duality,Operations on equations reverse operations on zero sets.
zariski-topology,Zariski topology,algebraic-structure,Algebraic structure,Ideal arithmetic generates topological operations.
affine-morphism-ring-duality,Affine morphisms and ring homomorphisms,duality,Duality,Geometry reverses the direction of algebra maps.
affine-morphism-ring-duality,Affine morphisms and ring homomorphisms,composition,Composition,Pullback reverses the order of composed maps.
prime-spectrum,Prime spectrum of a ring,duality,Duality,Prime ideals supply generalized geometric points.
prime-spectrum,Prime spectrum of a ring,algebraic-structure,Algebraic structure,Ring arithmetic determines the space.
spectrum-localization,Localization as an open affine patch,decomposition,Decomposition,Principal open subsets provide affine patches of the spectrum.
spectrum-localization,Localization as an open affine patch,duality,Duality,Inverting a function corresponds to deleting its zero locus.
local-ring-at-point,Local ring at a geometric point,decomposition,Decomposition,Germs identify functions that agree on some neighborhood of the selected point.
local-ring-at-point,Local ring at a geometric point,algebraic-structure,Algebraic structure,The unique maximal ideal consists of functions vanishing at the point.
zariski-tangent-space,Zariski tangent space,local-linearization,Local linearization,Quotienting by m² discards second and higher orders.
zariski-tangent-space,Zariski tangent space,duality,Duality,Tangent vectors are dual to first-order vanishing functions.
jacobian-smoothness-criterion,Jacobian criterion for nonsingularity,local-linearization,Local linearization,Compares tangent dimension with true local dimension.
jacobian-smoothness-criterion,Jacobian criterion for nonsingularity,geometry-distance,Geometry and distance,Detects local geometric regularity without choosing a metric.
krull-dimension,Krull dimension,decomposition,Decomposition,Nested prime chains measure independent geometric layers.
krull-dimension,Krull dimension,duality,Duality,Ideal inclusions reverse containment of irreducible closed sets.
noether-normalization,Noether normalization,decomposition,Decomposition,Separates free polynomial coordinates from finite algebraic complexity.
noether-normalization,Noether normalization,algebraic-structure,Algebraic structure,Integrality makes a geometric projection finite.
hilbert-polynomial,Hilbert polynomial of a projective scheme,counting,Counting,Counts independent degree-m coordinate functions.
hilbert-polynomial,Hilbert polynomial of a projective scheme,scaling,Scaling and homogeneity,Leading polynomial growth records dimension and degree.
hilbert-series-rationality,Hilbert–Serre rationality,generating-functions,Generating functions,The coefficient series records graded dimensions.
hilbert-series-rationality,Hilbert–Serre rationality,recursion,Recursion and iteration,Finite generation and graded exact sequences constrain coefficient growth.
projective-space,Projective space,symmetry-invariance,Symmetry and invariance,Common nonzero scaling is discarded.
projective-space,Projective space,change-of-coordinates,Change of coordinates,Affine charts arise by normalizing a nonzero coordinate.
projective-homogeneous-zero-set,Projective homogeneous zero sets,scaling,Scaling and homogeneity,Homogeneity preserves zero equations under common coordinate scaling.
projective-homogeneous-zero-set,Projective homogeneous zero sets,boundary-interior,Boundary and interior,Projective completion adds limiting directions to affine charts.
projective-bezout,Bézout theorem for plane curves,conservation,Conservation and balance,Total intersection multiplicity is fixed by degrees.
projective-bezout,Bézout theorem for plane curves,counting,Counting,Multiplicity corrects naive point counting.
plane-curve-genus,Genus of a smooth plane curve,counting,Counting,Degree determines the number of independent regular differentials.
plane-curve-genus,Genus of a smooth plane curve,algebraic-structure,Algebraic structure,Polynomial degree controls an intrinsic geometric invariant.
veronese-embedding,Veronese embedding,local-linearization,Local linearization,"The embedding linearizes degree-d equations in a larger coordinate space, exactly rather than approximately."
veronese-embedding,Veronese embedding,change-of-coordinates,Change of coordinates,Homogeneous monomials form new projective coordinates.
segre-embedding,Segre embedding,composition,Composition,Combines two projective factors through products of coordinates.
segre-embedding,Segre embedding,algebraic-structure,Algebraic structure,Rank-one tensors are characterized by determinantal equations.
grassmann-plucker-embedding,Plücker embedding of a Grassmannian,symmetry-invariance,Symmetry and invariance,A basis change only rescales the exterior product by its determinant.
grassmann-plucker-embedding,Plücker embedding of a Grassmannian,decomposition,Decomposition,Decomposable exterior tensors encode subspaces.
sheaf-gluing,Sheaf gluing axiom,composition,Composition,Compatible restrictions assemble a global section.
sheaf-gluing,Sheaf gluing axiom,algebraic-structure,Algebraic structure,Compatible restrictions determine a section uniquely.
scheme-affine-cover,Scheme as a locally affine ringed space,decomposition,Decomposition,Affine patches build global algebraic spaces.
scheme-affine-cover,Scheme as a locally affine ringed space,algebraic-structure,Algebraic structure,Local rings remain part of the geometry.
affine-scheme-fiber-product,Fiber product of affine schemes,duality,Duality,A geometric pullback becomes an algebraic pushout.
affine-scheme-fiber-product,Fiber product of affine schemes,composition,Composition,Tensor products enforce agreement over the common base.
curve-divisor-degree,Divisors and degree on a curve,conservation,Conservation and balance,Principal divisors have equal total zeros and poles.
curve-divisor-degree,Divisors and degree on a curve,decomposition,Decomposition,A rational function is analyzed point by point by its orders.
riemann-roch-curves,Riemann–Roch for curves,counting,Counting,Counts independent functions under local pole constraints.
riemann-roch-curves,Riemann–Roch for curves,duality,Duality,The correction is measured by canonical differentials with complementary divisor.
elliptic-curve-addition,Elliptic curve chord–tangent addition,algebraic-structure,Algebraic structure,The cubic becomes an abelian group with identity O.
elliptic-curve-addition,Elliptic curve chord–tangent addition,geometry-distance,Geometry and distance,Incidence of lines defines addition without a distance choice.
hasse-elliptic-bound,Hasse bound for elliptic curves,counting,Counting,Bounds a finite-field solution count.
hasse-elliptic-bound,Hasse bound for elliptic curves,scaling,Scaling and homogeneity,The error grows like square root of field size.
elliptic-frobenius-polynomial,Frobenius polynomial of an elliptic curve,recursion,Recursion and iteration,A quadratic relation controls all Frobenius iterates.
elliptic-frobenius-polynomial,Frobenius polynomial of an elliptic curve,algebraic-structure,Algebraic structure,Arithmetic point counts become endomorphism invariants.
resultant-common-root,Resultant detects common roots,decomposition,Decomposition,Product over roots turns simultaneous vanishing into one scalar.
resultant-common-root,Resultant detects common roots,algebraic-structure,Algebraic structure,Elimination is encoded by a coefficient determinant.
groebner-basis-criterion,Buchberger criterion for a Gröbner basis,recursion,Recursion and iteration,Repeated leading-term reduction terminates by the monomial well-order.
groebner-basis-criterion,Buchberger criterion for a Gröbner basis,algebraic-structure,Algebraic structure,Pairwise compatibility ensures every ideal leading term is generated correctly.
newton-second-law,Newton's second law,local-linearization,Local linearization,Acceleration is the local rate of change of velocity along the trajectory.
newton-second-law,Newton's second law,accumulation,Accumulation,Integrating the force twice recovers velocity and position after fixing initial data.
work-energy-theorem,Work–energy theorem,accumulation,Accumulation,Work accumulates the directional force over infinitesimal displacements.
work-energy-theorem,Work–energy theorem,quadratic-structure,Quadratic structure,"Kinetic energy is quadratic in velocity, so its derivative pairs acceleration with velocity."
angular-momentum-torque,Angular momentum and torque,conservation,Conservation and balance,Vanishing torque makes angular momentum constant.
angular-momentum-torque,Angular momentum and torque,symmetry-invariance,Symmetry and invariance,Rotational symmetry of a central potential produces this conserved quantity.
hamiltonian-legendre-transform,Hamiltonian as a velocity Legendre transform,duality,Duality,Velocity and momentum are paired by a Legendre transform.
hamiltonian-legendre-transform,Hamiltonian as a velocity Legendre transform,change-of-coordinates,Change of coordinates,The state uses q and p rather than q and q̇ when the velocity map is invertible.
canonical-poisson-bracket,Canonical Poisson bracket,algebraic-structure,Algebraic structure,"The bracket is bilinear, antisymmetric and satisfies Jacobi and the Leibniz rule."
canonical-poisson-bracket,Canonical Poisson bracket,duality,Duality,Each position derivative pairs with a conjugate momentum derivative.
hamiltonian-observable-evolution,Evolution of a classical observable,composition,Composition,The chain rule differentiates an observable composed with a phase-space trajectory.
hamiltonian-observable-evolution,Evolution of a classical observable,conservation,Conservation and balance,A vanishing bracket identifies conserved observables.
canonical-symplectic-map,Canonical transformation criterion,symmetry-invariance,Symmetry and invariance,The matrix J encoding the symplectic pairing is preserved.
canonical-symplectic-map,Canonical transformation criterion,change-of-coordinates,Change of coordinates,Canonical coordinates change while Hamilton's equation structure survives.
liouville-phase-volume,Liouville's phase-volume theorem,conservation,Conservation and balance,Hamiltonian flow preserves phase-space volume.
liouville-phase-volume,Liouville's phase-volume theorem,boundary-interior,Boundary and interior,Zero divergence means that an infinitesimal region has zero net volume flux.
hamilton-jacobi-equation,Hamilton–Jacobi equation,local-linearization,Local linearization,The action gradient gives the momentum attached to each point.
hamilton-jacobi-equation,Hamilton–Jacobi equation,duality,Duality,Hamiltonian dynamics and an action-generating function provide complementary descriptions.
action-angle-variables,Action–angle variables,change-of-coordinates,Change of coordinates,Nonlinear motion simplifies to constant-speed angular motion.
action-angle-variables,Action–angle variables,conservation,Conservation and balance,The action coordinates remain fixed along a trajectory.
virial-theorem,Virial theorem for a bounded mechanical system,averaging,Averaging,A long-time average removes the derivative of a sublinearly growing quantity.
virial-theorem,Virial theorem for a bounded mechanical system,scaling,Scaling and homogeneity,A homogeneous potential turns position times gradient into its degree times the potential.
inertia-tensor,Inertia tensor,averaging,Averaging,Mass-weighted integration aggregates squared distances from rotation axes.
inertia-tensor,Inertia tensor,quadratic-structure,Quadratic structure,Rotational kinetic energy is a positive-semidefinite quadratic form in angular velocity.
euler-rigid-body,Euler's rigid-body equations,change-of-coordinates,Change of coordinates,The body frame trades a changing inertia matrix for an extra rotational derivative term.
euler-rigid-body,Euler's rigid-body equations,conservation,Conservation and balance,In torque-free motion the inertial angular momentum and rotational kinetic energy are conserved.
maxwell-equations,Maxwell's equations in vacuum with sources,boundary-interior,Boundary and interior,Divergence and curl connect local field behavior to surface flux and loop circulation.
maxwell-equations,Maxwell's equations in vacuum with sources,conservation,Conservation and balance,The equations enforce local electric-charge continuity.
lorentz-force,Lorentz force,orthogonality,Orthogonality,The magnetic cross product is perpendicular to velocity and contributes no power.
lorentz-force,Lorentz force,linearity,Linearity,Electric and magnetic contributions superpose linearly in the field for fixed velocity.
electromagnetic-potentials,Electromagnetic scalar and vector potentials,decomposition,Decomposition,Electric field splits into a scalar-gradient and time-changing vector-potential term.
electromagnetic-potentials,Electromagnetic scalar and vector potentials,boundary-interior,Boundary and interior,The identities curl grad=0 and div curl=0 encode differential compatibility.
electromagnetic-gauge,Electromagnetic gauge transformation,symmetry-invariance,Symmetry and invariance,A family of potential changes preserves the electric and magnetic fields.
electromagnetic-gauge,Electromagnetic gauge transformation,algebraic-structure,Algebraic structure,Physically equivalent potentials form equivalence classes under allowed gauge changes.
poynting-theorem,Poynting's energy theorem,conservation,Conservation and balance,Storage plus outward transport equals the negative power transferred to matter.
poynting-theorem,Poynting's energy theorem,quadratic-structure,Quadratic structure,Field energy density is quadratic in electric and magnetic amplitudes.
lorentz-boost,Lorentz boost along one axis,change-of-coordinates,Change of coordinates,A single spacetime event receives different space and time coordinates.
lorentz-boost,Lorentz boost along one axis,symmetry-invariance,Symmetry and invariance,The indefinite spacetime quadratic form is preserved.
minkowski-interval,Minkowski spacetime interval,geometry-distance,Geometry and distance,The interval supplies spacetime geometry with causal rather than Euclidean distance structure.
minkowski-interval,Minkowski spacetime interval,symmetry-invariance,Symmetry and invariance,Lorentz transformations leave ds² unchanged.
relativistic-energy-momentum,Relativistic energy–momentum relation,symmetry-invariance,Symmetry and invariance,The energy–momentum quadratic form equals the frame-invariant rest-mass term.
relativistic-energy-momentum,Relativistic energy–momentum relation,local-linearization,Local linearization,Expansion near zero momentum recovers the Newtonian kinetic-energy approximation.
schrodinger-equation,Time-dependent Schrödinger equation,linearity,Linearity,Superpositions of solutions remain solutions for a prescribed Hamiltonian.
schrodinger-equation,Time-dependent Schrödinger equation,exponential-log,Exponentials and logarithms,An eigenstate evolves by a complex exponential phase.
quantum-unitary-evolution,Unitary evolution generated by a Hamiltonian,symmetry-invariance,Symmetry and invariance,Unitary motion preserves norms and pairwise inner products.
quantum-unitary-evolution,Unitary evolution generated by a Hamiltonian,composition,Composition,Time addition corresponds to multiplication of propagators.
stationary-schrodinger-equation,Stationary Schrödinger eigenvalue problem,decomposition,Decomposition,Spectral components evolve independently under a time-independent Hamiltonian.
stationary-schrodinger-equation,Stationary Schrödinger eigenvalue problem,scaling,Scaling and homogeneity,Kinetic confinement energy scales as the inverse square of the box length.
born-projective-rule,Born rule for a projective measurement,orthogonality,Orthogonality,Mutually orthogonal outcome subspaces have squared lengths that add.
born-projective-rule,Born rule for a projective measurement,randomness,Randomness and distribution,Squared amplitudes specify outcome probabilities.
quantum-expectation,Expectation of a quantum observable,averaging,Averaging,Eigenvalues are averaged with squared projection lengths as weights.
quantum-expectation,Expectation of a quantum observable,change-of-coordinates,Change of coordinates,The inner-product expression does not depend on the chosen orthonormal basis.
robertson-uncertainty,Robertson uncertainty inequality,orthogonality,Orthogonality,Cauchy–Schwarz bounds the inner product of centered observable vectors.
robertson-uncertainty,Robertson uncertainty inequality,algebraic-structure,Algebraic structure,The commutator extracts the antisymmetric part responsible for the lower bound.
heisenberg-observable-equation,Heisenberg equation of motion,change-of-coordinates,Change of coordinates,The unitary change of picture transfers time dependence from states to observables.
heisenberg-observable-equation,Heisenberg equation of motion,conservation,Conservation and balance,Commutation with the Hamiltonian identifies constants of motion.
ehrenfest-theorem,Ehrenfest equations for position and momentum,averaging,Averaging,The equation evolves expected position and momentum rather than an individual trajectory.
ehrenfest-theorem,Ehrenfest equations for position and momentum,linearity,Linearity,"Affine forces commute with averaging, while nonlinear ones generally do not."
schrodinger-probability-current,Schrödinger probability current,conservation,Conservation and balance,The local density change balances the divergence of probability flow.
schrodinger-probability-current,Schrödinger probability current,boundary-interior,Boundary and interior,An integral over a region changes only through its boundary flux.
density-matrix,Density matrix of a quantum state,averaging,Averaging,Pure-state projectors are combined by a convex weighted average.
density-matrix,Density matrix of a quantum state,convexity,Convexity,"The set of density matrices is convex, with pure-state projectors as extreme points."
quantum-trace-expectation,Trace formula for mixed-state expectation,averaging,Averaging,The trace computes the mixture-weighted average of pure-state expectations.
quantum-trace-expectation,Trace formula for mixed-state expectation,linearity,Linearity,Expectations depend linearly on both the observable and the state.
partial-trace,Reduced state by partial trace,accumulation,Accumulation,Summing over a basis of the discarded subsystem aggregates its unresolved alternatives.
partial-trace,Reduced state by partial trace,duality,Duality,The reduced state is characterized by its pairing with every local observable.
quantum-purity,Purity of a density matrix,quadratic-structure,Quadratic structure,Purity is the squared Euclidean norm of the spectral probability vector.
quantum-purity,Purity of a density matrix,averaging,Averaging,Uniform spectral weights minimize the sum of their squares at fixed total.
bloch-ball,Bloch-ball representation of a qubit,geometry-distance,Geometry and distance,Positivity becomes the geometric condition that a vector lie inside the unit ball.
bloch-ball,Bloch-ball representation of a qubit,decomposition,Decomposition,Identity and Pauli components form real coordinates for Hermitian two-by-two matrices.
von-neumann-entropy,Von Neumann entropy,information,Information and uncertainty,Entropy measures the spread of the spectral probability distribution.
von-neumann-entropy,Von Neumann entropy,change-of-coordinates,Change of coordinates,Unitary changes of basis preserve the eigenvalues and hence the entropy.
schmidt-decomposition,Schmidt decomposition of a bipartite pure state,decomposition,Decomposition,A bipartite amplitude splits into orthogonal paired components.
schmidt-decomposition,Schmidt decomposition of a bipartite pure state,orthogonality,Orthogonality,"Each side uses an orthonormal family, making the coefficients directly interpretable."
kraus-channel,Kraus representation of a quantum channel,decomposition,Decomposition,The channel sums positive contributions indexed by Kraus operators.
kraus-channel,Kraus representation of a quantum channel,conservation,Conservation and balance,The completeness identity ensures that trace and total probability are preserved.
quantum-trace-distance,Trace distance and optimal state discrimination,geometry-distance,Geometry and distance,An operator norm becomes an operational distinguishability measure.
quantum-trace-distance,Trace distance and optimal state discrimination,optimization,Optimization,The formula optimizes the decision over all allowed two-outcome measurements.
quantum-oscillator-ladder,Harmonic-oscillator ladder operators,recursion,Recursion and iteration,Higher oscillator states are constructed repeatedly from the ground state.
quantum-oscillator-ladder,Harmonic-oscillator ladder operators,algebraic-structure,Algebraic structure,The canonical commutation relation determines the ladder algebra.
quantum-oscillator-spectrum,Quantum harmonic-oscillator spectrum,quadratic-structure,Quadratic structure,A quadratic Hamiltonian yields a solvable evenly spaced spectrum.
quantum-oscillator-spectrum,Quantum harmonic-oscillator spectrum,recursion,Recursion and iteration,Applying a raising operator moves to the next energy level.
angular-momentum-ladder,Quantum angular-momentum ladder,symmetry-invariance,Symmetry and invariance,The total J² value is unchanged while Jz changes.
angular-momentum-ladder,Quantum angular-momentum ladder,recursion,Recursion and iteration,Raising and lowering generate the finite family of basis states.
thermal-partition-function,Canonical thermal partition function,generating-functions,Generating functions,A weighted sum over energy states generates equilibrium moments through derivatives.
thermal-partition-function,Canonical thermal partition function,exponential-log,Exponentials and logarithms,Boltzmann weights turn additive independent energies into multiplicative factors.
thermal-energy-cumulants,Energy and energy variance from log partition function,averaging,Averaging,The first logarithmic derivative returns an energy-weighted average.
thermal-energy-cumulants,Energy and energy variance from log partition function,generating-functions,Generating functions,Higher logarithmic derivatives generate connected energy cumulants with alternating signs.
heat-capacity-fluctuations,Canonical heat capacity–fluctuation identity,randomness,Randomness and distribution,Equilibrium energy fluctuations determine a macroscopic response coefficient.
heat-capacity-fluctuations,Canonical heat capacity–fluctuation identity,convexity,Convexity,The nonnegative second derivative of log Z ensures nonnegative canonical heat capacity.
canonical-response-covariance,Canonical response as a covariance,averaging,Averaging,Differentiating a normalized weighted average produces a covariance.
canonical-response-covariance,Canonical response as a covariance,duality,Duality,The external field h is conjugate to the observable B it biases.
helmholtz-free-energy,Helmholtz free energy from the partition function,exponential-log,Exponentials and logarithms,The logarithm converts a multiplicative partition function into additive free energy.
helmholtz-free-energy,Helmholtz free energy from the partition function,optimization,Optimization,The equilibrium Gibbs distribution minimizes mean energy minus temperature times entropy.
boltzmann-microcanonical-entropy,Boltzmann entropy of a microcanonical shell,counting,Counting,The microscopic multiplicity Ω counts compatible configurations.
boltzmann-microcanonical-entropy,Boltzmann entropy of a microcanonical shell,exponential-log,Exponentials and logarithms,Logarithms turn multiplication of independent state counts into addition of entropy.
thermodynamic-fundamental-relation,Fundamental thermodynamic differential,local-linearization,Local linearization,The differential gives the first-order energy change from changes of state variables.
thermodynamic-fundamental-relation,Fundamental thermodynamic differential,duality,Duality,Intensive variables are derivatives paired with extensive variables.
thermodynamic-maxwell-relation,A Maxwell relation from Helmholtz free energy,symmetry-invariance,Symmetry and invariance,Equality of mixed partial derivatives connects two response coefficients.
thermodynamic-maxwell-relation,A Maxwell relation from Helmholtz free energy,duality,Duality,The derivatives of F pair T with −S and V with −p.
clapeyron-equation,Clapeyron coexistence slope,duality,Duality,Equal chemical potentials relate temperature and pressure changes through entropy and volume.
clapeyron-equation,Clapeyron coexistence slope,local-linearization,Local linearization,The slope is a local first-order constraint on the coexistence curve.
equipartition-theorem,Classical equipartition for a quadratic mode,averaging,Averaging,The mean quadratic energy is computed under a Gaussian equilibrium density.
equipartition-theorem,Classical equipartition for a quadratic mode,quadratic-structure,Quadratic structure,Quadratic energy makes each mode a Gaussian integral whose scale cancels in the mean energy.
maxwell-velocity-distribution,Maxwell equilibrium velocity density,randomness,Randomness and distribution,Thermal particle velocities fluctuate according to an equilibrium probability density.
maxwell-velocity-distribution,Maxwell equilibrium velocity density,symmetry-invariance,Symmetry and invariance,The density depends only on |v| and is rotationally invariant.
bose-fermi-occupation,Bose–Einstein and Fermi–Dirac occupations,counting,Counting,The difference arises from summing all nonnegative occupancies versus only zero and one.
bose-fermi-occupation,Bose–Einstein and Fermi–Dirac occupations,generating-functions,Generating functions,Single-mode partition sums generate the mean occupation.
planck-blackbody-law,Planck blackbody spectral energy density,counting,Counting,A frequency-shell count supplies the electromagnetic density of states.
planck-blackbody-law,Planck blackbody spectral energy density,scaling,Scaling and homogeneity,Frequency enters through a cubic prefactor and the dimensionless ratio hν/(kBT).
ising-hamiltonian,Ising spin Hamiltonian,algebraic-structure,Algebraic structure,A graph specifies pairwise couplings between binary variables.
ising-hamiltonian,Ising spin Hamiltonian,symmetry-invariance,Symmetry and invariance,At zero field the energy is invariant under flipping every spin.
ising-mean-field-self-consistency,Ising mean-field self-consistency,fixed-points,Fixed points,The assumed average field must reproduce its own average magnetization.
ising-mean-field-self-consistency,Ising mean-field self-consistency,averaging,Averaging,"Neighbor spins are replaced by one common mean, discarding their fluctuations."
landau-quartic-free-energy,Landau quartic free-energy model,symmetry-invariance,Symmetry and invariance,Zero field leaves the free energy unchanged under reversal of the order parameter.
landau-quartic-free-energy,Landau quartic free-energy model,optimization,Optimization,Equilibrium candidates solve stationarity and must be checked for stability and global minimality.
autonomous-flow-law,Composition law for an autonomous flow,composition,Composition,Successive evolution intervals compose into one longer evolution.
autonomous-flow-law,Composition law for an autonomous flow,algebraic-structure,Algebraic structure,Complete time evolution is a group action of the additive real numbers.
linear-system-stability,Spectral criterion for linear asymptotic stability,decomposition,Decomposition,Jordan or spectral components separate the modes of linear evolution.
linear-system-stability,Spectral criterion for linear asymptotic stability,exponential-log,Exponentials and logarithms,Real parts of eigenvalues set exponential growth or decay rates.
lyapunov-function,Strict Lyapunov criterion for asymptotic stability,optimization,Optimization,"Trajectories descend a scalar certificate, though they need not follow its gradient."
lyapunov-function,Strict Lyapunov criterion for asymptotic stability,limits-convergence,Limits and convergence,Monotone decrease near an isolated equilibrium supports convergence.
continuous-lyapunov-equation,Continuous Lyapunov matrix equation,quadratic-structure,Quadratic structure,V=xᵀPx is a quadratic stability certificate.
continuous-lyapunov-equation,Continuous Lyapunov matrix equation,accumulation,Accumulation,P integrates the future weighted energy of the evolving state.
lasalle-invariance,LaSalle's invariance principle,conservation,Conservation and balance,The zero-dissipation set isolates motion that can persist without further energy loss.
lasalle-invariance,LaSalle's invariance principle,limits-convergence,Limits and convergence,Long-term trajectories approach the largest invariant subset of that set.
hartman-grobman,Hartman–Grobman local linearization,local-linearization,Local linearization,Hyperbolicity lets the linear part determine the local topological dynamics.
hartman-grobman,Hartman–Grobman local linearization,change-of-coordinates,Change of coordinates,A homeomorphism relates nonlinear and linear trajectories.
floquet-decomposition,Floquet decomposition for periodic linear systems,decomposition,Decomposition,Periodic modulation and exponential growth are separated.
floquet-decomposition,Floquet decomposition for periodic linear systems,recursion,Recursion and iteration,The monodromy matrix advances a solution by one period repeatedly.
poincare-return-map,Poincaré return map,recursion,Recursion and iteration,Successive returns form a discrete iteration.
poincare-return-map,Poincaré return map,decomposition,Decomposition,A transverse section removes the direction of motion along the orbit.
map-fixed-point-stability,Derivative test for a one-dimensional map,local-linearization,Local linearization,The derivative approximates the next-step error multiplier.
map-fixed-point-stability,Derivative test for a one-dimensional map,fixed-points,Fixed points,The criterion describes stability of a point left unchanged by iteration.
saddle-node-normal-form,Saddle–node bifurcation normal form,fixed-points,Fixed points,The roots of the vector field appear or disappear in pairs.
saddle-node-normal-form,Saddle–node bifurcation normal form,scaling,Scaling and homogeneity,The branch separation grows like √μ near the threshold.
pitchfork-normal-form,Supercritical pitchfork normal form,symmetry-invariance,Symmetry and invariance,Reflection symmetry forces nonzero equilibria to occur in opposite pairs.
pitchfork-normal-form,Supercritical pitchfork normal form,optimization,Optimization,The flow descends the quartic potential −μx²/2+x⁴/4.
transcritical-normal-form,Transcritical bifurcation normal form,fixed-points,Fixed points,Two persistent equilibrium branches meet and exchange stability.
transcritical-normal-form,Transcritical bifurcation normal form,local-linearization,Local linearization,The derivative μ−2x determines which branch attracts away from the crossing.
hopf-normal-form,Supercritical Hopf normal form,decomposition,Decomposition,Amplitude and phase obey separate equations in polar coordinates.
hopf-normal-form,Supercritical Hopf normal form,symmetry-invariance,Symmetry and invariance,Rotational symmetry gives equivalent phases around the cycle.
logistic-map,Logistic map,recursion,Recursion and iteration,A single nonlinear update is applied repeatedly.
logistic-map,Logistic map,fixed-points,Fixed points,The same map supports stable fixed points or more complicated attractors as its slope changes.
orbit-lyapunov-exponent,Lyapunov exponent along a one-dimensional orbit,averaging,Averaging,The exponent is the arithmetic mean of local logarithmic expansion rates in the long-time limit.
orbit-lyapunov-exponent,Lyapunov exponent along a one-dimensional orbit,exponential-log,Exponentials and logarithms,Logarithms convert products of derivatives into sums.
van-der-pol-equation,Van der Pol oscillator,conservation,Conservation and balance,A modified energy balance reveals where the dynamics injects or removes energy.
van-der-pol-equation,Van der Pol oscillator,fixed-points,Fixed points,A stable periodic cycle replaces simple convergence to the unstable origin.
lotka-volterra-predator-prey,Lotka–Volterra predator–prey equations,conservation,Conservation and balance,The explicit first integral remains constant along positive trajectories.
lotka-volterra-predator-prey,Lotka–Volterra predator–prey equations,composition,Composition,Each species' per-capita rate depends on the other species.
lorenz-system,Lorenz system,composition,Composition,Nonlinear cross terms couple the evolution of three state variables.
lorenz-system,Lorenz system,scaling,Scaling and homogeneity,Constant negative divergence sets an exponential phase-volume contraction rate.
bendixson-divergence-criterion,Bendixson divergence criterion,boundary-interior,Boundary and interior,"A closed orbit has zero normal flow, which conflicts with strictly signed interior divergence."
bendixson-divergence-criterion,Bendixson divergence criterion,geometry-distance,Geometry and distance,The argument uses planar enclosed area and the topology of the region.
poincare-bendixson,Poincaré–Bendixson theorem without equilibria,limits-convergence,Limits and convergence,The theorem classifies the omega-limit set approached by a trajectory.
poincare-bendixson,Poincaré–Bendixson theorem without equilibria,geometry-distance,Geometry and distance,Planar orbit geometry imposes restrictions unavailable in higher dimensions.
invariant-measure,Invariant measure for a dynamical map,conservation,Conservation and balance,The probability assigned to sets is preserved under inverse images of the evolution.
invariant-measure,Invariant measure for a dynamical map,averaging,Averaging,Averages of observables are unchanged by composing with one evolution step.
koopman-operator,Koopman operator on observables,linearity,Linearity,Composition by a fixed map is linear in the observable even when the state map is nonlinear.
koopman-operator,Koopman operator on observables,duality,Duality,Dynamics can be viewed through transported observables rather than transported states.
birkhoff-ergodic-theorem,Birkhoff pointwise ergodic theorem,averaging,Averaging,The theorem converts long trajectory averages into conditional averages over invariant information.
birkhoff-ergodic-theorem,Birkhoff pointwise ergodic theorem,limits-convergence,Limits and convergence,Pointwise almost-everywhere convergence is obtained despite dependence between successive observations.
von-neumann-mean-ergodic,Von Neumann mean ergodic theorem,averaging,Averaging,Cesàro averages of successive transforms isolate the unchanging component.
von-neumann-mean-ergodic,Von Neumann mean ergodic theorem,orthogonality,Orthogonality,The limit is the orthogonal projection onto the invariant subspace.
poincare-recurrence,Poincaré recurrence theorem,counting,Counting,Infinitely many disjoint positive-measure wandering copies cannot fit in finite total measure.
poincare-recurrence,Poincaré recurrence theorem,conservation,Conservation and balance,Preservation of measure forces repeated returns.
topological-conjugacy,Topological conjugacy of discrete systems,change-of-coordinates,Change of coordinates,The homeomorphism relabels states while preserving their evolution.
topological-conjugacy,Topological conjugacy of discrete systems,composition,Composition,The commuting relation persists under every number of iterations.
circle-doubling-map,Doubling map on the circle,recursion,Recursion and iteration,Iterating the map repeatedly shifts binary digits.
circle-doubling-map,Doubling map on the circle,information,Information and uncertainty,One leading binary digit is lost from the current coordinate at each step.
arnold-cat-map,Arnold's cat map,decomposition,Decomposition,Stable and unstable eigendirections split the local linear motion.
arnold-cat-map,Arnold's cat map,conservation,Conservation and balance,Determinant one preserves area even as shapes are strongly stretched.
mixed-strategy-payoff,Expected payoff of mixed strategies,averaging,Averaging,The payoff is a weighted average over action pairs.
mixed-strategy-payoff,Expected payoff of mixed strategies,linearity,Linearity,Expected payoff is affine in each player's own mixed strategy.
best-response-correspondence,Best-response correspondence,optimization,Optimization,The player solves a linear maximization over a simplex.
best-response-correspondence,Best-response correspondence,convexity,Convexity,Convex combinations of tied maximizing pure actions remain optimal.
nash-equilibrium,Nash equilibrium,fixed-points,Fixed points,Each player's chosen strategy belongs to the response set generated by the other choices.
nash-equilibrium,Nash equilibrium,optimization,Optimization,Each player is individually optimal with opponents held fixed.
nash-existence,Existence of mixed Nash equilibrium,fixed-points,Fixed points,A suitable continuous adjustment map on the strategy product has a fixed point.
nash-existence,Existence of mixed Nash equilibrium,convexity,Convexity,Probability simplices provide compact convex strategy spaces.
nash-support-indifference,Support indifference at a mixed equilibrium,optimization,Optimization,Positive probability is assigned only to payoff-maximizing actions.
nash-support-indifference,Support indifference at a mixed equilibrium,duality,Duality,The payoff level acts like the multiplier for the probability-sum constraint.
correlated-equilibrium,Correlated equilibrium inequalities,randomness,Randomness and distribution,A joint distribution permits dependence between players' recommendations.
correlated-equilibrium,Correlated equilibrium inequalities,linearity,Linearity,The obedience inequalities are linear constraints on μ.
coarse-correlated-equilibrium,Coarse correlated equilibrium,averaging,Averaging,Incentive comparisons are expectations over the joint play distribution.
coarse-correlated-equilibrium,Coarse correlated equilibrium,convexity,Convexity,The allowable distributions form a convex polytope defined by linear inequalities.
epsilon-nash-equilibrium,Additive epsilon Nash equilibrium,optimization,Optimization,The worst profitable unilateral deviation measures the approximation error.
epsilon-nash-equilibrium,Additive epsilon Nash equilibrium,scaling,Scaling and homogeneity,An additive error tolerance depends on the utility scale.
exact-potential-game,Exact potential game,optimization,Optimization,Unilateral better responses ascend a common scalar function.
exact-potential-game,Exact potential game,accumulation,Accumulation,Unilateral utility differences accumulate into a path-independent potential difference.
rosenthal-potential,Rosenthal potential for congestion games,accumulation,Accumulation,The potential sums successive marginal congestion costs.
rosenthal-potential,Rosenthal potential for congestion games,optimization,Optimization,Strict cost-improving moves descend a finite potential landscape.
wardrop-equilibrium,Wardrop equilibrium in nonatomic routing,optimization,Optimization,Each infinitesimal traveler chooses a minimum-cost route given aggregate flow.
wardrop-equilibrium,Wardrop equilibrium in nonatomic routing,fixed-points,Fixed points,The resulting flow must reproduce the route costs supporting those choices.
beckmann-routing-potential,Beckmann potential for nonatomic routing,accumulation,Accumulation,The potential integrates marginal route-use costs.
beckmann-routing-potential,Beckmann potential for nonatomic routing,convexity,Convexity,Nondecreasing edge costs make the separable potential convex.
price-of-anarchy,Price of anarchy for cost games,optimization,Optimization,Equilibrium cost is compared with a global feasible optimum.
price-of-anarchy,Price of anarchy for cost games,scaling,Scaling and homogeneity,A dimensionless ratio measures inefficiency independently of a common positive cost scale.
smooth-game-bound,Smoothness bound on equilibrium cost,accumulation,Accumulation,Summing individual deviation inequalities bounds the aggregate cost.
smooth-game-bound,Smoothness bound on equilibrium cost,optimization,Optimization,A comparison with an optimal profile produces a robust approximation factor.
vickrey-auction,Second-price auction payment,optimization,Optimization,The allocation selects the maximal reported value.
vickrey-auction,Second-price auction payment,duality,Duality,The highest competing bid acts as the threshold price for winning.
vcg-externality-payment,Vickrey–Clarke–Groves externality payment,optimization,Optimization,The allocation maximizes total reported value.
vcg-externality-payment,Vickrey–Clarke–Groves externality payment,duality,Duality,Payments price the effect of one participant on other participants' attainable welfare.
myerson-payment-identity,Myerson's single-parameter payment identity,accumulation,Accumulation,Integrating allocation over types determines information rent.
myerson-payment-identity,Myerson's single-parameter payment identity,duality,Duality,The value derivative of truthful utility equals the allocated quantity.
shapley-value,Shapley value,averaging,Averaging,The allocation is an average marginal contribution over uniformly random arrival orders.
shapley-value,Shapley value,counting,Counting,Factorial weights count permutations with exactly a given predecessor set.
cooperative-core,Core of a transferable-utility game,convexity,Convexity,The core is an intersection of linear halfspaces with an efficiency hyperplane.
cooperative-core,Core of a transferable-utility game,conservation,Conservation and balance,The full coalition's worth is exactly distributed among participants.
nash-bargaining-solution,Nash bargaining solution,optimization,Optimization,The selected feasible point maximizes the product of gains.
nash-bargaining-solution,Nash bargaining solution,exponential-log,Exponentials and logarithms,"For positive gains, maximizing their product is equivalent to maximizing the sum of their logarithms."
replicator-equation,Replicator equation,averaging,Averaging,Each strategy's growth is measured relative to the current weighted average payoff.
replicator-equation,Replicator equation,conservation,Conservation and balance,Subtracting the common mean conserves the sum of population shares.
evolutionarily-stable-strategy,Evolutionarily stable strategy condition,local-linearization,Local linearization,The small-mutant-fraction comparison is resolved by its leading payoff terms.
evolutionarily-stable-strategy,Evolutionarily stable strategy condition,fixed-points,Fixed points,The resident strategy must be a symmetric best response to itself before invasion resistance can hold.
turing-transition,Turing-machine transition rule,recursion,Recursion and iteration,Global computation is repeated application of a finite transition rule.
turing-transition,Turing-machine transition rule,composition,Composition,Successive local updates compose into a transformation of complete configurations.
universal-computation,Universal simulation,composition,Composition,A fixed interpreter composes with an encoded program and its input.
universal-computation,Universal simulation,algebraic-structure,Algebraic structure,Programs and ordinary data share an effective symbolic representation.
halting-undecidability,Undecidability of the halting problem,information,Information and uncertainty,No total algorithm can extract correct termination information from every unrestricted program description.
halting-undecidability,Undecidability of the halting problem,recursion,Recursion and iteration,Self-reference feeds an encoded program back into a universal computation.
many-one-reduction,Computable many-one reduction,composition,Composition,A reduction followed by a target solver forms a source solver.
many-one-reduction,Computable many-one reduction,change-of-coordinates,Change of coordinates,Instances are re-encoded while preserving their yes/no answer.
rice-theorem,Rice's semantic undecidability theorem,algebraic-structure,Algebraic structure,"Programs are identified by the partial function they compute, abstracting away syntactic details."
rice-theorem,Rice's semantic undecidability theorem,composition,Composition,Reductions embed an undecidable computation into the semantic behavior under examination.
kleene-recursion-theorem,Kleene's recursion theorem,fixed-points,Fixed points,Program behavior is unchanged by a specified computable transformation of its description.
kleene-recursion-theorem,Kleene's recursion theorem,recursion,Recursion and iteration,A program can refer to an encoded version of its own behavior.
polynomial-time-class,Polynomial-time class P,scaling,Scaling and homogeneity,Runtime grows at most as a fixed power of input length.
polynomial-time-class,Polynomial-time class P,composition,Composition,Polynomial-time procedures remain polynomial-time under composition with polynomial-size outputs.
np-verifier,NP as polynomially verifiable witnesses,decomposition,Decomposition,A solution claim splits into a proposed witness and an independent checking step.
np-verifier,NP as polynomially verifiable witnesses,counting,Counting,Existential search ranges over finitely many polynomial-length certificates.
polynomial-time-reduction,Polynomial-time many-one reduction,composition,Composition,Polynomial-time translation and solution compose to a polynomial-time solution.
polynomial-time-reduction,Polynomial-time many-one reduction,scaling,Scaling and homogeneity,The translation must preserve polynomial resource bounds.
cook-levin-theorem,Cook–Levin theorem,decomposition,Decomposition,A complete computation is constrained by small local consistency conditions.
cook-levin-theorem,Cook–Levin theorem,change-of-coordinates,Change of coordinates,Machine execution is translated into logical satisfiability.
deterministic-time-hierarchy,Deterministic time hierarchy,scaling,Scaling and homogeneity,A sufficiently larger asymptotic time budget changes computational power.
deterministic-time-hierarchy,Deterministic time hierarchy,recursion,Recursion and iteration,A universal simulator can disagree with each smaller-budget candidate on a designated input.
polynomial-space-class,Polynomial-space class PSPACE,decomposition,Decomposition,Depth-first exploration reuses storage between branches.
polynomial-space-class,Polynomial-space class PSPACE,scaling,Scaling and homogeneity,The resource bound concerns memory cells rather than elapsed steps.
configuration-count-bound,Configuration bound for space-limited computation,counting,Counting,Tape contents and head positions bound the number of configurations.
configuration-count-bound,Configuration bound for space-limited computation,recursion,Recursion and iteration,A repeated deterministic configuration repeats every later transition.
savitch-theorem,Savitch's space simulation theorem,recursion,Recursion and iteration,Path existence splits into two shorter reachability questions around a midpoint.
savitch-theorem,Savitch's space simulation theorem,decomposition,Decomposition,Sequential reuse of workspace avoids keeping every search branch in memory.
bpp-class,Bounded-error probabilistic polynomial time,randomness,Randomness and distribution,The algorithm samples internal random bits while the input remains arbitrary.
bpp-class,Bounded-error probabilistic polynomial time,averaging,Averaging,Aggregating independent outputs improves the reliability of the decision.
randomized-majority-amplification,Majority-vote error amplification,averaging,Averaging,The majority threshold tests whether the mean correctness indicator exceeds one half.
randomized-majority-amplification,Majority-vote error amplification,exponential-log,Exponentials and logarithms,Independent concentration makes error shrink exponentially in repetitions.
rp-class,One-sided randomized polynomial time,randomness,Randomness and distribution,Only one kind of error is permitted by the decision rule.
rp-class,One-sided randomized polynomial time,accumulation,Accumulation,The repeated algorithm accumulates positive evidence across runs.
adleman-bpp-circuits,Adleman's BPP-to-circuits theorem,counting,Counting,A union bound ranges over all 2^n inputs of one length.
adleman-bpp-circuits,Adleman's BPP-to-circuits theorem,randomness,Randomness and distribution,A probabilistic existence argument is converted into a fixed nonuniform object.
dfa-acceptance,Finite-automaton acceptance,recursion,Recursion and iteration,A word is processed by extending the transition rule one symbol at a time.
dfa-acceptance,Finite-automaton acceptance,decomposition,Decomposition,The current state is a finite summary of everything read so far.
regular-language-pumping,Pumping lemma for regular languages,recursion,Recursion and iteration,A repeated state creates a repeatable segment of computation.
regular-language-pumping,Pumping lemma for regular languages,counting,Counting,More visited prefix positions than states force a duplicate state.
myhill-nerode,Myhill–Nerode equivalence,algebraic-structure,Algebraic structure,An equivalence relation groups prefixes by identical future acceptance behavior.
myhill-nerode,Myhill–Nerode equivalence,decomposition,Decomposition,Each automaton state represents one sufficient summary of a prefix.
boolean-function-count,Number of Boolean functions,counting,Counting,Each of the 2^n truth-table entries has two independent output choices.
boolean-function-count,Number of Boolean functions,exponential-log,Exponentials and logarithms,A table of exponential length gives a doubly exponential number of possible contents.
circuit-counting-lower-bound,Counting lower bound for Boolean circuits,counting,Counting,There are fewer small circuit descriptions than Boolean functions.
circuit-counting-lower-bound,Counting lower bound for Boolean circuits,information,Information and uncertainty,Most truth tables cannot be encoded by very short computational descriptions.
comparison-sorting-lower-bound,Comparison-sorting decision-tree bound,counting,Counting,The algorithm must distinguish n! possible total orders.
comparison-sorting-lower-bound,Comparison-sorting decision-tree bound,information,Information and uncertainty,Each binary comparison contributes at most one bit of branch information.
kolmogorov-complexity,Plain Kolmogorov description complexity,information,Information and uncertainty,Description length measures algorithmic compressibility of an individual finite object.
kolmogorov-complexity,Plain Kolmogorov description complexity,optimization,Optimization,The definition minimizes over all halting programs producing that object.
kolmogorov-invariance,Kolmogorov invariance under description language,composition,Composition,An interpreter is composed with the original program to reproduce its output.
kolmogorov-invariance,Kolmogorov invariance under description language,information,Information and uncertainty,The language-change overhead is additive rather than proportional to the object length.
kolmogorov-incompressibility,Counting incompressible strings,counting,Counting,The number of candidate short programs bounds the number of compressible outputs.
kolmogorov-incompressibility,Counting incompressible strings,information,Information and uncertainty,Large compression savings are rare among uniformly sampled fixed-length strings.
kolmogorov-noncomputability,Noncomputability of exact description complexity,optimization,Optimization,The global minimum ranges over a space whose halting behavior cannot be fully decided.
kolmogorov-noncomputability,Noncomputability of exact description complexity,limits-convergence,Limits and convergence,Upper approximations can improve without a computable exact stopping certificate.
pauli-matrix-algebra,Pauli matrices and their product algebra,algebraic-structure,Algebraic structure,The matrices close under products into scalar and Pauli components.
pauli-matrix-algebra,Pauli matrices and their product algebra,geometry-distance,Geometry and distance,Their product law expresses Euclidean dot and cross products in matrix form.
arithmetic-mean,Arithmetic mean,averaging,Averaging,Equal weights compress a collection to a representative value.
arithmetic-mean,Arithmetic mean,linearity,Linearity,Averaging commutes with addition and scalar multiplication.
arithmetic-mean,Arithmetic mean,optimization,Optimization,The mean uniquely minimizes total squared error.
weighted-mean,Weighted arithmetic mean,averaging,Averaging,Normalized weights describe unequal contributions.
weighted-mean,Weighted arithmetic mean,linearity,Linearity,"With weights fixed, the output is linear in the values."
geometric-mean,Geometric mean,averaging,Averaging,It represents multiplicative data by equal factors.
geometric-mean,Geometric mean,change-of-coordinates,Change of coordinates,Logarithms turn multiplication into addition.
geometric-mean,Geometric mean,exponential-log,Exponentials and logarithms,Exponentiation reverses the log average.
harmonic-mean,Harmonic mean,averaging,Averaging,Rates are combined by averaging time per unit.
harmonic-mean,Harmonic mean,change-of-coordinates,Change of coordinates,The reciprocal transform converts the relevant additive quantity.
quadratic-mean,Root mean square,averaging,Averaging,Squares are averaged.
quadratic-mean,Root mean square,quadratic-structure,Quadratic structure,Energy and squared distance use the same sum of squares.
power-mean,Power mean,averaging,Averaging,Many familiar averages become members of one family.
power-mean,Power mean,change-of-coordinates,Change of coordinates,"Take a power, average, and invert the power."
am-gm,Arithmetic–geometric mean inequality,convexity,Convexity,Concavity of log explains why averaging raises the product.
am-gm,Arithmetic–geometric mean inequality,optimization,Optimization,Balancing solves product maximization under a sum constraint.
weighted-am-gm,Weighted AM–GM inequality,averaging,Averaging,Unequal weights define both sides.
weighted-am-gm,Weighted AM–GM inequality,convexity,Convexity,Apply Jensen to the concave logarithm.
power-mean-monotonicity,Power mean inequality,averaging,Averaging,It compares entire averaging rules.
power-mean-monotonicity,Power mean inequality,convexity,Convexity,Convex powers and Jensen yield the ordering.
quasi-arithmetic-mean,Quasi-arithmetic mean,averaging,Averaging,It generalizes weighted means.
quasi-arithmetic-mean,Quasi-arithmetic mean,change-of-coordinates,Change of coordinates,The generator f chooses the scale of comparison.
quasi-arithmetic-mean,Quasi-arithmetic mean,composition,Composition,"The rule is transform, combine, inverse-transform."
mean-as-minimizer,Mean as the best constant,optimization,Optimization,The error decomposition identifies the minimizer.
mean-as-minimizer,Mean as the best constant,quadratic-structure,Quadratic structure,Cross terms cancel because centered deviations sum to zero.
mean-as-minimizer,Mean as the best constant,orthogonality,Orthogonality,Centered residuals are perpendicular to constant vectors.
mean-as-projection,Averaging as orthogonal projection,averaging,Averaging,The projection replaces every coordinate by the mean.
mean-as-projection,Averaging as orthogonal projection,orthogonality,Orthogonality,The residual has zero inner product with the all-ones vector.
mean-as-projection,Averaging as orthogonal projection,decomposition,Decomposition,Data splits into common level plus centered variation.
centroid,Center of mass,averaging,Averaging,Mass determines the weights.
centroid,Center of mass,conservation,Conservation and balance,The weighted displacement from the center sums to zero.
centroid,Center of mass,geometry-distance,Geometry and distance,"After choosing a Euclidean inner product, the center uniquely minimizes mass-weighted squared distance."
running-mean,Online mean update,recursion,Recursion and iteration,The next mean is computed from the current mean.
running-mean,Online mean update,averaging,Averaging,The gain 1/(n+1) gives the new observation its correct weight.
pooled-mean,Combining group means,averaging,Averaging,Group size supplies the correct weights.
pooled-mean,Combining group means,decomposition,Decomposition,Partitioning a dataset preserves its total and count.
circular-mean,Circular mean direction,averaging,Averaging,Directions are averaged as vectors.
circular-mean,Circular mean direction,change-of-coordinates,Change of coordinates,Embedding angles on the unit circle handles periodicity.
weighted-variance-decomposition,Weighted squared-error decomposition,averaging,Averaging,The weighted mean cancels the mixed term.
weighted-variance-decomposition,Weighted squared-error decomposition,quadratic-structure,Quadratic structure,Completing the square splits the objective.
weighted-variance-decomposition,Weighted squared-error decomposition,optimization,Optimization,The second term proves unique minimization.
sum-of-integers,Sum of consecutive integers,counting,Counting,It counts a triangular arrangement.
sum-of-integers,Sum of consecutive integers,symmetry-invariance,Symmetry and invariance,Pairing k with n+1-k gives equal totals.
sum-of-squares,Sum of consecutive squares,accumulation,Accumulation,A discrete sum accumulates the sequence.
sum-of-squares,Sum of consecutive squares,quadratic-structure,Quadratic structure,The summands are squared magnitudes.
geometric-sum,Finite geometric sum,recursion,Recursion and iteration,Each term is obtained by the same multiplication.
geometric-sum,Finite geometric sum,exponential-log,Exponentials and logarithms,Geometric growth is discrete exponential growth.
geometric-sum,Finite geometric sum,accumulation,Accumulation,Many stages are collapsed into a closed form.
binomial-theorem,Binomial theorem,counting,Counting,Binomial coefficients count subsets of factor positions.
binomial-theorem,Binomial theorem,decomposition,Decomposition,The polynomial is split into monomials.
logarithm-laws,Logarithm laws,exponential-log,Exponentials and logarithms,Log is the inverse of exponential.
logarithm-laws,Logarithm laws,change-of-coordinates,Change of coordinates,Multiplicative structure becomes additive.
exponent-laws,Exponential addition law,exponential-log,Exponentials and logarithms,Exponential sends sums to products.
exponent-laws,Exponential addition law,composition,Composition,Consecutive evolution combines by addition of parameters.
quadratic-formula,Quadratic formula,quadratic-structure,Quadratic structure,Second-degree equations reduce to a centered square.
quadratic-formula,Quadratic formula,decomposition,Decomposition,Factoring isolates the roots.
completing-square,Completing the square,quadratic-structure,Quadratic structure,Translation removes the linear term.
completing-square,Completing the square,optimization,Optimization,"For positive a, the center gives the minimum."
pythagorean-theorem,Pythagorean theorem,orthogonality,Orthogonality,Perpendicular directions produce no cross term.
pythagorean-theorem,Pythagorean theorem,quadratic-structure,Quadratic structure,Squared lengths add.
complex-exponential,Euler's formula,exponential-log,Exponentials and logarithms,Exponential growth with imaginary rate gives oscillation.
complex-exponential,Euler's formula,symmetry-invariance,Symmetry and invariance,Multiplication by a unit complex number rotates without stretching.
complex-exponential,Euler's formula,composition,Composition,Consecutive rotations add their angles.
euler-identity,Euler's identity,exponential-log,Exponentials and logarithms,It evaluates the complex exponential.
euler-identity,Euler's identity,symmetry-invariance,Symmetry and invariance,A half-turn exchanges opposite points.
trigonometric-identity,Pythagorean trigonometric identity,orthogonality,Orthogonality,The coordinates lie on perpendicular axes.
trigonometric-identity,Pythagorean trigonometric identity,conservation,Conservation and balance,Rotation preserves unit length.
sine-addition,Sine addition formula,composition,Composition,Two angle changes compose.
sine-addition,Sine addition formula,decomposition,Decomposition,The imaginary part of a product gives the identity.
cosine-addition,Cosine addition formula,composition,Composition,Rotation angles add.
cosine-addition,Cosine addition formula,decomposition,Decomposition,Take the real part after multiplying complex exponentials.
de-moivre,De Moivre's formula,symmetry-invariance,Symmetry and invariance,Roots of unity are equally spaced rotations.
de-moivre,De Moivre's formula,exponential-log,Exponentials and logarithms,The exponential power law makes the formula immediate.
complex-modulus,Complex modulus,geometry-distance,Geometry and distance,Modulus is Euclidean distance from zero.
complex-modulus,Complex modulus,composition,Composition,Multiplicative stretches multiply.
set-union,Union of sets,algebraic-structure,Algebraic structure,"Union is associative, commutative and idempotent."
set-union,Union of sets,composition,Composition,Several collections can be combined in stages.
inclusion-exclusion-two,Inclusion–exclusion for two sets,counting,Counting,Corrects duplicate counting.
inclusion-exclusion-two,Inclusion–exclusion for two sets,decomposition,Decomposition,Separate the two disjoint remainders and the intersection.
cartesian-product,Cartesian product,counting,Counting,The product rule counts independent choices.
cartesian-product,Cartesian product,composition,Composition,Coordinates assemble a structured object.
function-composition,Composition of functions,composition,Composition,It formalizes sequential application.
function-composition,Composition of functions,algebraic-structure,Algebraic structure,"Composition is associative, generally not commutative."
inverse-function,Inverse function,composition,Composition,A map and its inverse compose to do nothing.
inverse-function,Inverse function,duality,Duality,Forward and reverse descriptions exchange inputs and outputs.
inverse-function,Inverse function,change-of-coordinates,Change of coordinates,A reversible coordinate map changes the representation without losing the underlying object.
equivalence-relation,Equivalence relation,symmetry-invariance,Symmetry and invariance,Related representations share what is being preserved.
equivalence-relation,Equivalence relation,algebraic-structure,Algebraic structure,Quotient constructions start from well-defined equivalence classes.
mathematical-induction,Mathematical induction,recursion,Recursion and iteration,The proof follows the recursive structure of natural numbers.
mathematical-induction,Mathematical induction,algebraic-structure,Algebraic structure,The successor operation organizes the argument.
telescoping-sum,Telescoping sum,boundary-interior,Boundary and interior,Accumulated interior differences reduce to endpoint data.
telescoping-sum,Telescoping sum,accumulation,Accumulation,Local changes are summed.
finite-difference,Forward finite difference,local-linearization,Local linearization,Difference quotients approximate local slopes as h shrinks.
finite-difference,Forward finite difference,recursion,Recursion and iteration,Shifts organize discrete dynamics.
discrete-product-rule,Discrete product rule,decomposition,Decomposition,Insert and subtract an intermediate product.
discrete-product-rule,Discrete product rule,local-linearization,Local linearization,Dividing by h and taking a limit yields the differential product rule.
summation-by-parts,Summation by parts,duality,Duality,The difference operator transfers between paired factors with a sign change.
summation-by-parts,Summation by parts,boundary-interior,Boundary and interior,Endpoint contributions record the boundary.
proportionality,Power-law scaling,scaling,Scaling and homogeneity,One exponent summarizes response to a scale change.
proportionality,Power-law scaling,symmetry-invariance,Symmetry and invariance,The form of the rule is preserved under rescaling.
dimensional-homogeneity,Dimensional homogeneity,scaling,Scaling and homogeneity,Changing units imposes consistent rescaling.
dimensional-homogeneity,Dimensional homogeneity,algebraic-structure,Algebraic structure,Dimensions combine multiplicatively.
affine-combination,Affine combination,linearity,Linearity,The coordinate expression is linear in the points.
affine-combination,Affine combination,change-of-coordinates,Change of coordinates,The sum-one constraint preserves the combination under translations.
barycentric-combination,Convex barycentric combination,averaging,Averaging,The coefficients are normalized nonnegative weights.
barycentric-combination,Convex barycentric combination,convexity,Convexity,All such combinations form the convex hull.
cross-ratio,Cross-ratio,symmetry-invariance,Symmetry and invariance,Mobius transformations preserve the cross-ratio.
cross-ratio,Cross-ratio,change-of-coordinates,Change of coordinates,It detects structure independent of projective coordinates.
