Prerequisite ID,Prerequisite,Learner target ID,Learner target
sequence-limit,Limit of a sequence,derivative,Derivative
derivative,Derivative,derivative-linearity,Linearity of differentiation
derivative,Derivative,power-rule,Power rule
exponent-laws,Exponential addition law,power-rule,Power rule
derivative,Derivative,exponential-derivative,Derivative of an exponential
derivative,Derivative,logarithmic-derivative,Logarithmic derivative
chain-rule,Chain rule,logarithmic-derivative,Logarithmic derivative
logarithm-laws,Logarithm laws,logarithmic-derivative,Logarithmic derivative
derivative,Derivative,trigonometric-derivatives,Derivatives of sine and cosine
trigonometric-identity,Pythagorean trigonometric identity,trigonometric-derivatives,Derivatives of sine and cosine
derivative,Derivative,product-rule,Product rule
product-rule,Product rule,quotient-rule,Quotient rule
chain-rule,Chain rule,quotient-rule,Quotient rule
power-rule,Power rule,quotient-rule,Quotient rule
derivative,Derivative,chain-rule,Chain rule
function-composition,Composition of functions,chain-rule,Chain rule
chain-rule,Chain rule,inverse-derivative,Derivative of an inverse function
inverse-function,Inverse function,inverse-derivative,Derivative of an inverse function
chain-rule,Chain rule,implicit-differentiation,Implicit differentiation
partial-derivative,Partial derivative,implicit-differentiation,Implicit differentiation
derivative,Derivative,mean-value-theorem,Mean value theorem
mean-value-theorem,Mean value theorem,lhopital-rule,L'Hôpital's rule
derivative,Derivative,local-linear-approximation,Local linear approximation
derivative,Derivative,taylor-polynomial,Taylor's theorem with Lagrange remainder
power-rule,Power rule,taylor-polynomial,Taylor's theorem with Lagrange remainder
taylor-polynomial,Taylor's theorem with Lagrange remainder,taylor-series,Taylor series of an analytic function
sequence-limit,Limit of a sequence,taylor-series,Taylor series of an analytic function
taylor-series,Taylor series of an analytic function,exponential-series,Exponential power series
ratio-test,Ratio test,exponential-series,Exponential power series
taylor-series,Taylor series of an analytic function,sine-cosine-series,Sine and cosine power series
trigonometric-derivatives,Derivatives of sine and cosine,sine-cosine-series,Sine and cosine power series
geometric-sum,Finite geometric sum,logarithm-series,Logarithm power series
integral,Riemann integral,logarithm-series,Logarithm power series
taylor-series,Taylor series of an analytic function,logarithm-series,Logarithm power series
sequence-limit,Limit of a sequence,integral,Riemann integral
integral,Riemann integral,integral-linearity,Linearity of integration
derivative,Derivative,fundamental-theorem-calculus,Fundamental theorem of calculus
integral,Riemann integral,fundamental-theorem-calculus,Fundamental theorem of calculus
product-rule,Product rule,integration-by-parts,Integration by parts
fundamental-theorem-calculus,Fundamental theorem of calculus,integration-by-parts,Integration by parts
chain-rule,Chain rule,substitution-rule,Substitution in an integral
fundamental-theorem-calculus,Fundamental theorem of calculus,substitution-rule,Substitution in an integral
arithmetic-mean,Arithmetic mean,integral-mean,Average value of a function
integral,Riemann integral,integral-mean,Average value of a function
integral-mean,Average value of a function,mean-value-integral,Mean value theorem for integrals
integral,Riemann integral,improper-integral,Improper integral on a half-line
sequence-limit,Limit of a sequence,improper-integral,Improper integral on a half-line
power-rule,Power rule,improper-integral,Improper integral on a half-line
improper-integral,Improper integral on a half-line,gaussian-integral,Gaussian integral
polar-coordinate-integral,Integration in polar coordinates,gaussian-integral,Gaussian integral
tonelli-theorem,Tonelli's theorem,gaussian-integral,Gaussian integral
derivative,Derivative,arc-length,Arc length of a parametrized curve
integral,Riemann integral,arc-length,Arc length of a parametrized curve
norm,Norm axioms and induced norm,arc-length,Arc length of a parametrized curve
integral,Riemann integral,trapezoidal-rule,Composite trapezoidal quadrature
arithmetic-mean,Arithmetic mean,trapezoidal-rule,Composite trapezoidal quadrature
taylor-polynomial,Taylor's theorem with Lagrange remainder,trapezoidal-rule,Composite trapezoidal quadrature
integral,Riemann integral,simpson-rule,Composite Simpson quadrature
taylor-polynomial,Taylor's theorem with Lagrange remainder,simpson-rule,Composite Simpson quadrature
weighted-mean,Weighted arithmetic mean,simpson-rule,Composite Simpson quadrature
local-linear-approximation,Local linear approximation,newton-method,Newton's root-finding method
integration-by-parts,Integration by parts,integral-taylor-remainder,Integral form of the Taylor remainder
taylor-polynomial,Taylor's theorem with Lagrange remainder,integral-taylor-remainder,Integral form of the Taylor remainder
derivative,Derivative,partial-derivative,Partial derivative
partial-derivative,Partial derivative,gradient,Gradient
inner-product,Inner product,gradient,Gradient
derivative,Derivative,directional-derivative,Directional derivative
partial-derivative,Partial derivative,directional-derivative,Directional derivative
derivative,Derivative,total-derivative,Total derivative
norm,Norm axioms and induced norm,total-derivative,Total derivative
partial-derivative,Partial derivative,jacobian-matrix,Jacobian matrix
chain-rule,Chain rule,multivariable-chain-rule,Multivariable chain rule
total-derivative,Total derivative,multivariable-chain-rule,Multivariable chain rule
jacobian-matrix,Jacobian matrix,multivariable-chain-rule,Multivariable chain rule
gradient,Gradient,hessian,Hessian matrix
mixed-partials,Equality of mixed partial derivatives,hessian,Hessian matrix
quadratic-form,Quadratic form,hessian,Hessian matrix
taylor-polynomial,Taylor's theorem with Lagrange remainder,multivariable-taylor,Second-order multivariable Taylor expansion
gradient,Gradient,multivariable-taylor,Second-order multivariable Taylor expansion
hessian,Hessian matrix,multivariable-taylor,Second-order multivariable Taylor expansion
partial-derivative,Partial derivative,mixed-partials,Equality of mixed partial derivatives
total-derivative,Total derivative,inverse-function-theorem,Inverse function theorem
determinant,Determinant,inverse-function-theorem,Inverse function theorem
inverse-function,Inverse function,inverse-function-theorem,Inverse function theorem
inverse-function-theorem,Inverse function theorem,implicit-function-theorem,Implicit function theorem
multivariable-chain-rule,Multivariable chain rule,implicit-function-theorem,Implicit function theorem
integral,Riemann integral,multiple-integral,Multiple integral as accumulation over cells
jacobian-matrix,Jacobian matrix,change-of-variables,Multivariable change of variables
determinant,Determinant,change-of-variables,Multivariable change of variables
inverse-function-theorem,Inverse function theorem,change-of-variables,Multivariable change of variables
multiple-integral,Multiple integral as accumulation over cells,change-of-variables,Multivariable change of variables
change-of-variables,Multivariable change of variables,polar-coordinate-integral,Integration in polar coordinates
trigonometric-identity,Pythagorean trigonometric identity,polar-coordinate-integral,Integration in polar coordinates
arc-length,Arc length of a parametrized curve,line-integral,Line integrals of scalar and vector fields
inner-product,Inner product,line-integral,Line integrals of scalar and vector fields
integral,Riemann integral,line-integral,Line integrals of scalar and vector fields
gradient,Gradient,gradient-theorem,Fundamental theorem for line integrals
line-integral,Line integrals of scalar and vector fields,gradient-theorem,Fundamental theorem for line integrals
fundamental-theorem-calculus,Fundamental theorem of calculus,gradient-theorem,Fundamental theorem for line integrals
partial-derivative,Partial derivative,divergence,Divergence
partial-derivative,Partial derivative,curl,Curl in three dimensions
line-integral,Line integrals of scalar and vector fields,curl,Curl in three dimensions
gradient,Gradient,laplacian,Laplacian
divergence,Divergence,laplacian,Laplacian
hessian,Hessian matrix,laplacian,Laplacian
multiple-integral,Multiple integral as accumulation over cells,surface-integral,Flux through a parametrized surface
jacobian-matrix,Jacobian matrix,surface-integral,Flux through a parametrized surface
inner-product,Inner product,surface-integral,Flux through a parametrized surface
line-integral,Line integrals of scalar and vector fields,green-theorem,Green's theorem in the plane
multiple-integral,Multiple integral as accumulation over cells,green-theorem,Green's theorem in the plane
partial-derivative,Partial derivative,green-theorem,Green's theorem in the plane
curl,Curl in three dimensions,stokes-theorem,Stokes' theorem for curl
surface-integral,Flux through a parametrized surface,stokes-theorem,Stokes' theorem for curl
line-integral,Line integrals of scalar and vector fields,stokes-theorem,Stokes' theorem for curl
divergence,Divergence,divergence-theorem,Divergence theorem
surface-integral,Flux through a parametrized surface,divergence-theorem,Divergence theorem
stokes-theorem,Stokes' theorem for curl,generalized-stokes,Generalized Stokes' theorem
divergence-theorem,Divergence theorem,generalized-stokes,Generalized Stokes' theorem
fundamental-theorem-calculus,Fundamental theorem of calculus,generalized-stokes,Generalized Stokes' theorem
divergence-theorem,Divergence theorem,green-first-identity,Green's first identity
laplacian,Laplacian,green-first-identity,Green's first identity
product-rule,Product rule,green-first-identity,Green's first identity
green-first-identity,Green's first identity,green-second-identity,Green's second identity
mixed-partials,Equality of mixed partial derivatives,vector-potential-identities,Curl of a gradient and divergence of a curl
gradient,Gradient,vector-potential-identities,Curl of a gradient and divergence of a curl
divergence,Divergence,vector-potential-identities,Curl of a gradient and divergence of a curl
curl,Curl in three dimensions,vector-potential-identities,Curl of a gradient and divergence of a curl
change-of-variables,Multivariable change of variables,reynolds-transport,Reynolds transport theorem
divergence-theorem,Divergence theorem,reynolds-transport,Reynolds transport theorem
sequence-limit,Limit of a sequence,cauchy-criterion,Cauchy criterion for convergence
sequence-limit,Limit of a sequence,monotone-sequence-convergence,Monotone bounded sequence theorem
geometric-sum,Finite geometric sum,monotone-sequence-convergence,Monotone bounded sequence theorem
sequence-limit,Limit of a sequence,limsup-liminf,Limit superior and limit inferior
monotone-sequence-convergence,Monotone bounded sequence theorem,limsup-liminf,Limit superior and limit inferior
monotone-sequence-convergence,Monotone bounded sequence theorem,series-comparison,Comparison test for nonnegative series
series-comparison,Comparison test for nonnegative series,ratio-test,Ratio test
geometric-sum,Finite geometric sum,ratio-test,Ratio test
limsup-liminf,Limit superior and limit inferior,root-test,Root test and power-series radius
series-comparison,Comparison test for nonnegative series,root-test,Root test and power-series radius
sequence-limit,Limit of a sequence,alternating-series-bound,Alternating series error bound
monotone-sequence-convergence,Monotone bounded sequence theorem,alternating-series-bound,Alternating series error bound
series-comparison,Comparison test for nonnegative series,cauchy-product,Cauchy product of absolutely convergent series
sequence-limit,Limit of a sequence,uniform-convergence,Uniform convergence
norm,Norm axioms and induced norm,uniform-convergence,Uniform convergence
series-comparison,Comparison test for nonnegative series,weierstrass-m-test,Weierstrass M-test
uniform-convergence,Uniform convergence,weierstrass-m-test,Weierstrass M-test
uniform-convergence,Uniform convergence,uniform-limit-integral,Passing a uniform limit through a finite integral
integral,Riemann integral,uniform-limit-integral,Passing a uniform limit through a finite integral
uniform-convergence,Uniform convergence,termwise-differentiation,Termwise differentiation of a function series
fundamental-theorem-calculus,Fundamental theorem of calculus,termwise-differentiation,Termwise differentiation of a function series
cauchy-criterion,Cauchy criterion for convergence,banach-fixed-point,Banach contraction theorem
geometric-sum,Finite geometric sum,banach-fixed-point,Banach contraction theorem
integral,Riemann integral,lebesgue-integral,Integral with respect to a measure
lebesgue-integral,Integral with respect to a measure,monotone-convergence,Monotone convergence theorem
monotone-sequence-convergence,Monotone bounded sequence theorem,monotone-convergence,Monotone convergence theorem
limsup-liminf,Limit superior and limit inferior,fatou-lemma,Fatou's lemma
monotone-convergence,Monotone convergence theorem,fatou-lemma,Fatou's lemma
lebesgue-integral,Integral with respect to a measure,dominated-convergence,Dominated convergence theorem
fatou-lemma,Fatou's lemma,dominated-convergence,Dominated convergence theorem
lebesgue-integral,Integral with respect to a measure,fubini-theorem,Fubini's theorem
multiple-integral,Multiple integral as accumulation over cells,fubini-theorem,Fubini's theorem
lebesgue-integral,Integral with respect to a measure,tonelli-theorem,Tonelli's theorem
monotone-convergence,Monotone convergence theorem,tonelli-theorem,Tonelli's theorem
lebesgue-integral,Integral with respect to a measure,lp-norm,Lp norm of a function
norm,Norm axioms and induced norm,lp-norm,Lp norm of a function
power-mean,Power mean,lp-norm,Lp norm of a function
lp-norm,Lp norm of a function,holder-inequality,Hölder's inequality
cauchy-schwarz,Cauchy–Schwarz inequality,holder-inequality,Hölder's inequality
lp-norm,Lp norm of a function,minkowski-inequality,Minkowski's inequality
holder-inequality,Hölder's inequality,minkowski-inequality,Minkowski's inequality
lebesgue-integral,Integral with respect to a measure,convolution,Convolution
fubini-theorem,Fubini's theorem,convolution,Convolution
convolution,Convolution,young-convolution-inequality,Young's convolution inequality
holder-inequality,Hölder's inequality,young-convolution-inequality,Young's convolution inequality
minkowski-inequality,Minkowski's inequality,young-convolution-inequality,Young's convolution inequality
convolution,Convolution,approximate-identity,Approximate identities and mollification
lp-norm,Lp norm of a function,approximate-identity,Approximate identities and mollification
young-convolution-inequality,Young's convolution inequality,approximate-identity,Approximate identities and mollification
integration-by-parts,Integration by parts,weak-derivative,Weak derivative
lebesgue-integral,Integral with respect to a measure,weak-derivative,Weak derivative
weak-derivative,Weak derivative,sobolev-norm,Sobolev norm
lp-norm,Lp norm of a function,sobolev-norm,Sobolev norm
weak-derivative,Weak derivative,distribution-derivative,Derivative of a distribution
inner-product,Inner product,riesz-representation-hilbert,Riesz representation in a real Hilbert space
norm,Norm axioms and induced norm,riesz-representation-hilbert,Riesz representation in a real Hilbert space
cauchy-schwarz,Cauchy–Schwarz inequality,riesz-representation-hilbert,Riesz representation in a real Hilbert space
operator-norm,Norm of a bounded linear operator,hahn-banach,Norm-preserving Hahn–Banach extension
norm,Norm axioms and induced norm,hahn-banach,Norm-preserving Hahn–Banach extension
norm,Norm axioms and induced norm,operator-norm,Norm of a bounded linear operator
operator-norm,Norm of a bounded linear operator,neumann-series,Neumann series for an inverse
geometric-sum,Finite geometric sum,neumann-series,Neumann series for an inverse
cauchy-criterion,Cauchy criterion for convergence,neumann-series,Neumann series for an inverse
uniform-convergence,Uniform convergence,arzela-ascoli,Arzelà–Ascoli compactness
cauchy-criterion,Cauchy criterion for convergence,arzela-ascoli,Arzelà–Ascoli compactness
uniform-convergence,Uniform convergence,weierstrass-approximation,Weierstrass polynomial approximation
power-rule,Power rule,weierstrass-approximation,Weierstrass polynomial approximation
fourier-series,Fourier series and Fourier coefficients,parseval-series,Parseval's identity for Fourier series
inner-product,Inner product,parseval-series,Parseval's identity for Fourier series
lp-norm,Lp norm of a function,parseval-series,Parseval's identity for Fourier series
inner-product,Inner product,bessel-inequality,Bessel's inequality
projection,Orthogonal projection,bessel-inequality,Bessel's inequality
pythagorean-theorem,Pythagorean theorem,bessel-inequality,Bessel's inequality
sobolev-norm,Sobolev norm,poincare-inequality,Poincaré inequality with zero boundary values
lebesgue-integral,Integral with respect to a measure,pushforward-integration,Integration against a pushforward measure
function-composition,Composition of functions,pushforward-integration,Integration against a pushforward measure
lebesgue-integral,Integral with respect to a measure,radon-nikodym,Radon–Nikodym density
lp-norm,Lp norm of a function,riesz-thorin,Riesz–Thorin interpolation
operator-norm,Norm of a bounded linear operator,riesz-thorin,Riesz–Thorin interpolation
holder-inequality,Hölder's inequality,riesz-thorin,Riesz–Thorin interpolation
green-first-identity,Green's first identity,weak-form-poisson,Weak formulation of the Dirichlet Poisson problem
sobolev-norm,Sobolev norm,weak-form-poisson,Weak formulation of the Dirichlet Poisson problem
poincare-inequality,Poincaré inequality with zero boundary values,weak-form-poisson,Weak formulation of the Dirichlet Poisson problem
riesz-representation-hilbert,Riesz representation in a real Hilbert space,lax-milgram,Lax–Milgram theorem
operator-norm,Norm of a bounded linear operator,lax-milgram,Lax–Milgram theorem
derivative,Derivative,complex-derivative,Complex derivative
complex-modulus,Complex modulus,complex-derivative,Complex derivative
complex-derivative,Complex derivative,cauchy-riemann,Cauchy–Riemann equations
partial-derivative,Partial derivative,cauchy-riemann,Cauchy–Riemann equations
cauchy-riemann,Cauchy–Riemann equations,holomorphic-harmonic,Holomorphic functions have harmonic components
laplacian,Laplacian,holomorphic-harmonic,Holomorphic functions have harmonic components
mixed-partials,Equality of mixed partial derivatives,holomorphic-harmonic,Holomorphic functions have harmonic components
line-integral,Line integrals of scalar and vector fields,complex-line-integral,Complex contour integral
complex-exponential,Euler's formula,complex-line-integral,Complex contour integral
complex-line-integral,Complex contour integral,cauchy-theorem,Cauchy's integral theorem
cauchy-riemann,Cauchy–Riemann equations,cauchy-theorem,Cauchy's integral theorem
cauchy-theorem,Cauchy's integral theorem,cauchy-integral-formula,Cauchy's integral formula
complex-line-integral,Complex contour integral,cauchy-integral-formula,Cauchy's integral formula
cauchy-integral-formula,Cauchy's integral formula,cauchy-derivative-formula,Cauchy's formula for derivatives
dominated-convergence,Dominated convergence theorem,cauchy-derivative-formula,Cauchy's formula for derivatives
cauchy-derivative-formula,Cauchy's formula for derivatives,cauchy-estimates,Cauchy estimates
taylor-series,Taylor series of an analytic function,laurent-series,Laurent expansion on an annulus
cauchy-integral-formula,Cauchy's integral formula,laurent-series,Laurent expansion on an annulus
laurent-series,Laurent expansion on an annulus,residue,Residue and the simple-pole formula
complex-line-integral,Complex contour integral,residue,Residue and the simple-pole formula
residue,Residue and the simple-pole formula,residue-theorem,Residue theorem
cauchy-theorem,Cauchy's integral theorem,residue-theorem,Residue theorem
residue-theorem,Residue theorem,argument-principle,Argument principle
logarithmic-derivative,Logarithmic derivative,argument-principle,Argument principle
argument-principle,Argument principle,rouche-theorem,Rouché's theorem
complex-modulus,Complex modulus,rouche-theorem,Rouché's theorem
cauchy-integral-formula,Cauchy's integral formula,maximum-modulus,Maximum modulus principle
complex-modulus,Complex modulus,maximum-modulus,Maximum modulus principle
cauchy-estimates,Cauchy estimates,liouville-theorem,Liouville's theorem for entire functions
maximum-modulus,Maximum modulus principle,schwarz-lemma,Schwarz lemma
complex-derivative,Complex derivative,schwarz-lemma,Schwarz lemma
harmonic-mean-value,Mean-value property of harmonic functions,poisson-integral-disk,Poisson integral on the unit disk
fourier-series,Fourier series and Fourier coefficients,poisson-integral-disk,Poisson integral on the unit disk
laplacian,Laplacian,harmonic-mean-value,Mean-value property of harmonic functions
integral-mean,Average value of a function,harmonic-mean-value,Mean-value property of harmonic functions
divergence-theorem,Divergence theorem,harmonic-mean-value,Mean-value property of harmonic functions
complex-derivative,Complex derivative,schwarz-reflection,Schwarz reflection principle
analytic-continuation-identity,Identity theorem for holomorphic functions,schwarz-reflection,Schwarz reflection principle
complex-derivative,Complex derivative,mobius-transformation,Möbius transformation
quotient-rule,Quotient rule,mobius-transformation,Möbius transformation
determinant,Determinant,mobius-transformation,Möbius transformation
complex-exponential,Euler's formula,complex-logarithm,Principal complex logarithm
complex-modulus,Complex modulus,complex-logarithm,Principal complex logarithm
logarithm-laws,Logarithm laws,complex-logarithm,Principal complex logarithm
complex-derivative,Complex derivative,analytic-continuation-identity,Identity theorem for holomorphic functions
taylor-series,Taylor series of an analytic function,analytic-continuation-identity,Identity theorem for holomorphic functions
substitution-rule,Substitution in an integral,separable-ode,Separation of variables for a first-order ODE
fundamental-theorem-calculus,Fundamental theorem of calculus,separable-ode,Separation of variables for a first-order ODE
product-rule,Product rule,integrating-factor,Integrating factor for a linear ODE
exponential-derivative,Derivative of an exponential,integrating-factor,Integrating factor for a linear ODE
integral,Riemann integral,integrating-factor,Integrating factor for a linear ODE
exponential-derivative,Derivative of an exponential,exponential-growth-ode,Constant relative growth or decay
separable-ode,Separation of variables for a first-order ODE,logistic-ode,Logistic growth
exponential-growth-ode,Constant relative growth or decay,logistic-ode,Logistic growth
exponential-derivative,Derivative of an exponential,linear-second-order,Constant-coefficient second-order linear equation
quadratic-formula,Quadratic formula,linear-second-order,Constant-coefficient second-order linear equation
linear-second-order,Constant-coefficient second-order linear equation,damped-oscillator,Underdamped harmonic oscillator
trigonometric-derivatives,Derivatives of sine and cosine,damped-oscillator,Underdamped harmonic oscillator
integrating-factor,Integrating factor for a linear ODE,ode-variation-parameters,Variation of parameters for a linear system
matrix-exponential,Matrix exponential,ode-variation-parameters,Variation of parameters for a linear system
determinant,Determinant,wronskian-abel,Abel–Liouville identity for the Wronskian
trace,Trace,wronskian-abel,Abel–Liouville identity for the Wronskian
exponential-growth-ode,Constant relative growth or decay,wronskian-abel,Abel–Liouville identity for the Wronskian
banach-fixed-point,Banach contraction theorem,picard-iteration,Picard iteration for an initial value problem
fundamental-theorem-calculus,Fundamental theorem of calculus,picard-iteration,Picard iteration for an initial value problem
integral,Riemann integral,gronwall-inequality,Gronwall's inequality
exponential-growth-ode,Constant relative growth or decay,gronwall-inequality,Gronwall's inequality
local-linear-approximation,Local linear approximation,euler-method,Explicit Euler method
euler-method,Explicit Euler method,runge-kutta-four,Classical fourth-order Runge–Kutta method
taylor-polynomial,Taylor's theorem with Lagrange remainder,runge-kutta-four,Classical fourth-order Runge–Kutta method
weighted-mean,Weighted arithmetic mean,runge-kutta-four,Classical fourth-order Runge–Kutta method
complex-exponential,Euler's formula,fourier-series,Fourier series and Fourier coefficients
integral,Riemann integral,fourier-series,Fourier series and Fourier coefficients
inner-product,Inner product,fourier-series,Fourier series and Fourier coefficients
fourier-series,Fourier series and Fourier coefficients,fejer-summation,Fejér summation by averaging Fourier partial sums
arithmetic-mean,Arithmetic mean,fejer-summation,Fejér summation by averaging Fourier partial sums
uniform-convergence,Uniform convergence,fejer-summation,Fejér summation by averaging Fourier partial sums
green-second-identity,Green's second identity,sturm-liouville,Regular Dirichlet Sturm–Liouville problem
eigenvalue,Eigenvalues and eigenvectors,sturm-liouville,Regular Dirichlet Sturm–Liouville problem
inner-product,Inner product,sturm-liouville,Regular Dirichlet Sturm–Liouville problem
improper-integral,Improper integral on a half-line,laplace-transform,Unilateral Laplace transform
complex-exponential,Euler's formula,laplace-transform,Unilateral Laplace transform
laplace-transform,Unilateral Laplace transform,laplace-derivative,Laplace transform of a derivative
integration-by-parts,Integration by parts,laplace-derivative,Laplace transform of a derivative
laplace-transform,Unilateral Laplace transform,laplace-convolution,Laplace convolution theorem
convolution,Convolution,laplace-convolution,Laplace convolution theorem
fubini-theorem,Fubini's theorem,laplace-convolution,Laplace convolution theorem
laplacian,Laplacian,heat-equation,Heat or diffusion equation
heat-equation,Heat or diffusion equation,heat-kernel,Gaussian heat kernel
convolution,Convolution,heat-kernel,Gaussian heat kernel
gaussian-integral,Gaussian integral,heat-kernel,Gaussian heat kernel
heat-equation,Heat or diffusion equation,heat-energy-decay,L² energy decay for heat flow
green-first-identity,Green's first identity,heat-energy-decay,L² energy decay for heat flow
laplacian,Laplacian,wave-equation,Wave equation
derivative-linearity,Linearity of differentiation,wave-equation,Wave equation
wave-equation,Wave equation,dalembert-formula,D'Alembert's formula
integral,Riemann integral,dalembert-formula,D'Alembert's formula
arithmetic-mean,Arithmetic mean,dalembert-formula,D'Alembert's formula
wave-equation,Wave equation,wave-energy,Conservation of wave energy
green-first-identity,Green's first identity,wave-energy,Conservation of wave energy
gradient,Gradient,transport-equation,Constant-velocity transport
multivariable-chain-rule,Multivariable chain rule,transport-equation,Constant-velocity transport
multivariable-chain-rule,Multivariable chain rule,characteristics-method,Method of characteristics
picard-iteration,Picard iteration for an initial value problem,characteristics-method,Method of characteristics
ode-variation-parameters,Variation of parameters for a linear system,duhamel-principle,Duhamel's principle
convolution,Convolution,duhamel-principle,Duhamel's principle
laplacian,Laplacian,poisson-equation,Poisson boundary value problem
integration-by-parts,Integration by parts,euler-lagrange,Euler–Lagrange equation
directional-derivative,Directional derivative,euler-lagrange,Euler–Lagrange equation
euler-lagrange,Euler–Lagrange equation,beltrami-identity,Beltrami identity
product-rule,Product rule,beltrami-identity,Beltrami identity
euler-lagrange,Euler–Lagrange equation,hamilton-equations,Hamilton's equations
gradient,Gradient,hamilton-equations,Hamilton's equations
hessian,Hessian matrix,hamilton-equations,Hamilton's equations
euler-lagrange,Euler–Lagrange equation,noether-conservation,Noether conservation law for a configuration symmetry
group-action,Group action,noether-conservation,Noether conservation law for a configuration symmetry
euler-lagrange,Euler–Lagrange equation,second-variation,Second variation of a one-dimensional functional
hessian,Hessian matrix,second-variation,Second variation of a one-dimensional functional
sturm-liouville,Regular Dirichlet Sturm–Liouville problem,rayleigh-ritz,Dirichlet Rayleigh–Ritz principle
sobolev-norm,Sobolev norm,rayleigh-ritz,Dirichlet Rayleigh–Ritz principle
poincare-inequality,Poincaré inequality with zero boundary values,rayleigh-ritz,Dirichlet Rayleigh–Ritz principle
set-union,Union of sets,probability-axioms,Probability axioms
probability-axioms,Probability axioms,conditional-probability,Conditional probability
conditional-probability,Conditional probability,total-probability,Law of total probability
weighted-mean,Weighted arithmetic mean,total-probability,Law of total probability
conditional-probability,Conditional probability,bayes-rule,Bayes' rule
total-probability,Law of total probability,bayes-rule,Bayes' rule
conditional-probability,Conditional probability,independence,Independence of random variables
probability-axioms,Probability axioms,union-bound,Union bound
weighted-mean,Weighted arithmetic mean,expectation,Expectation
integral,Riemann integral,expectation,Expectation
expectation,Expectation,expectation-linearity,Linearity of expectation
expectation,Expectation,indicator-expectation,Probability as an indicator expectation
expectation-linearity,Linearity of expectation,indicator-expectation,Probability as an indicator expectation
expectation,Expectation,variance,Variance
variance,Variance,variance-affine,Variance under affine change
variance,Variance,variance-sum,Variance of a sum
covariance,Covariance,variance-sum,Variance of a sum
variance,Variance,covariance,Covariance
expectation,Expectation,covariance,Covariance
covariance,Covariance,correlation,Pearson correlation
cauchy-schwarz,Cauchy–Schwarz inequality,correlation,Pearson correlation
covariance,Covariance,covariance-matrix-transform,Covariance under a linear map
quadratic-form,Quadratic form,covariance-matrix-transform,Covariance under a linear map
expectation,Expectation,conditional-expectation,Conditional expectation
conditional-probability,Conditional probability,conditional-expectation,Conditional expectation
conditional-expectation,Conditional expectation,tower-property,Tower property
conditional-expectation,Conditional expectation,total-variance,Law of total variance
variance,Variance,total-variance,Law of total variance
tower-property,Tower property,total-variance,Law of total variance
expectation,Expectation,jensen-inequality,Jensen's inequality
convexity-definition,Convex function inequality,jensen-inequality,Jensen's inequality
expectation,Expectation,markov-inequality,Markov's inequality
markov-inequality,Markov's inequality,chebyshev-inequality,Chebyshev's inequality
variance,Variance,chebyshev-inequality,Chebyshev's inequality
markov-inequality,Markov's inequality,chernoff-bound,Exponential Chernoff bound
moment-generating-function,Moment generating function,chernoff-bound,Exponential Chernoff bound
chernoff-bound,Exponential Chernoff bound,hoeffding-inequality,Hoeffding's inequality
independence,Independence of random variables,hoeffding-inequality,Hoeffding's inequality
expectation,Expectation,law-large-numbers,Strong law of large numbers
arithmetic-mean,Arithmetic mean,law-large-numbers,Strong law of large numbers
independence,Independence of random variables,law-large-numbers,Strong law of large numbers
law-large-numbers,Strong law of large numbers,central-limit-theorem,Central limit theorem
variance-sum,Variance of a sum,central-limit-theorem,Central limit theorem
normal-distribution,Normal distribution,central-limit-theorem,Central limit theorem
expectation,Expectation,moment-generating-function,Moment generating function
derivative,Derivative,moment-generating-function,Moment generating function
expectation,Expectation,characteristic-function,Characteristic function
complex-exponential,Euler's formula,characteristic-function,Characteristic function
independence,Independence of random variables,characteristic-function,Characteristic function
moment-generating-function,Moment generating function,cumulant-generating-function,Cumulant generating function
logarithm-laws,Logarithm laws,cumulant-generating-function,Cumulant generating function
expectation,Expectation,probability-generating-function,Probability generating function
generating-function,Ordinary generating function,probability-generating-function,Probability generating function
probability-axioms,Probability axioms,bernoulli-distribution,Bernoulli distribution
bernoulli-distribution,Bernoulli distribution,binomial-distribution,Binomial distribution
binomial-theorem,Binomial theorem,binomial-distribution,Binomial distribution
expectation,Expectation,poisson-distribution,Poisson distribution
variance,Variance,poisson-distribution,Poisson distribution
bernoulli-distribution,Bernoulli distribution,geometric-distribution,Geometric waiting time
geometric-sum,Finite geometric sum,geometric-distribution,Geometric waiting time
geometric-distribution,Geometric waiting time,negative-binomial-distribution,Negative binomial distribution
binomial-distribution,Binomial distribution,negative-binomial-distribution,Negative binomial distribution
binomial-distribution,Binomial distribution,hypergeometric-distribution,Hypergeometric distribution
integral,Riemann integral,uniform-distribution,Continuous uniform distribution
arithmetic-mean,Arithmetic mean,uniform-distribution,Continuous uniform distribution
integral,Riemann integral,exponential-distribution,Exponential waiting time
conditional-probability,Conditional probability,exponential-distribution,Exponential waiting time
variance,Variance,normal-distribution,Normal distribution
exponent-laws,Exponential addition law,normal-distribution,Normal distribution
gaussian-integral,Gaussian integral,normal-distribution,Normal distribution
exponential-distribution,Exponential waiting time,gamma-distribution,Gamma distribution
integral,Riemann integral,beta-distribution,Beta distribution
bernoulli-distribution,Bernoulli distribution,beta-distribution,Beta distribution
normal-distribution,Normal distribution,multivariate-normal,Multivariate normal density
covariance-matrix-transform,Covariance under a linear map,multivariate-normal,Multivariate normal density
determinant,Determinant,multivariate-normal,Multivariate normal density
integral,Riemann integral,density-change-variables,Density under a change of variables
determinant,Determinant,density-change-variables,Density under a change of variables
inverse-function,Inverse function,density-change-variables,Density under a change of variables
indicator-expectation,Probability as an indicator expectation,tail-sum-expectation,Tail integral formula
integral,Riemann integral,tail-sum-expectation,Tail integral formula
independence,Independence of random variables,sum-independent-densities,Density of an independent sum
convolution,Convolution,sum-independent-densities,Density of an independent sum
total-probability,Law of total probability,sum-independent-densities,Density of an independent sum
conditional-probability,Conditional probability,markov-chain,Markov chain transition law
independence,Independence of random variables,markov-chain,Markov chain transition law
markov-chain,Markov chain transition law,chapman-kolmogorov,Chapman-Kolmogorov equation
total-probability,Law of total probability,chapman-kolmogorov,Chapman-Kolmogorov equation
markov-chain,Markov chain transition law,stationary-distribution,Stationary distribution
eigenvalue,Eigenvalues and eigenvectors,stationary-distribution,Stationary distribution
stationary-distribution,Stationary distribution,detailed-balance,Detailed balance
markov-chain,Markov chain transition law,markov-reward-bellman,Discounted Markov reward equation
geometric-sum,Finite geometric sum,markov-reward-bellman,Discounted Markov reward equation
markov-chain,Markov chain transition law,absorbing-chain-fundamental-matrix,Fundamental matrix of an absorbing chain
geometric-sum,Finite geometric sum,absorbing-chain-fundamental-matrix,Fundamental matrix of an absorbing chain
eigenvalue,Eigenvalues and eigenvectors,absorbing-chain-fundamental-matrix,Fundamental matrix of an absorbing chain
poisson-distribution,Poisson distribution,poisson-process,Poisson process increments
independence,Independence of random variables,poisson-process,Poisson process increments
poisson-process,Poisson process increments,poisson-thinning,Independent thinning of a Poisson process
bernoulli-distribution,Bernoulli distribution,poisson-thinning,Independent thinning of a Poisson process
conditional-expectation,Conditional expectation,martingale,Martingale property
tower-property,Tower property,martingale,Martingale property
martingale,Martingale property,optional-stopping-bounded,Optional stopping for bounded times
normal-distribution,Normal distribution,brownian-motion,Brownian motion covariance and increments
covariance,Covariance,brownian-motion,Brownian motion covariance and increments
independence,Independence of random variables,brownian-motion,Brownian motion covariance and increments
brownian-motion,Brownian motion covariance and increments,brownian-scaling,Brownian scaling
brownian-motion,Brownian motion covariance and increments,ito-isometry,Ito isometry
integral,Riemann integral,ito-isometry,Ito isometry
variance-sum,Variance of a sum,ito-isometry,Ito isometry
brownian-motion,Brownian motion covariance and increments,ito-formula,Ito's formula
chain-rule,Chain rule,ito-formula,Ito's formula
taylor-series,Taylor series of an analytic function,ito-formula,Ito's formula
ito-formula,Ito's formula,geometric-brownian-motion,Geometric Brownian motion
logarithm-laws,Logarithm laws,geometric-brownian-motion,Geometric Brownian motion
ito-formula,Ito's formula,ornstein-uhlenbeck,Ornstein-Uhlenbeck process
ito-isometry,Ito isometry,ornstein-uhlenbeck,Ornstein-Uhlenbeck process
ito-formula,Ito's formula,fokker-planck,Fokker-Planck equation
heat-equation,Heat or diffusion equation,fokker-planck,Fokker-Planck equation
integration-by-parts,Integration by parts,fokker-planck,Fokker-Planck equation
arithmetic-mean,Arithmetic mean,empirical-distribution,Empirical distribution function
indicator-expectation,Probability as an indicator expectation,empirical-distribution,Empirical distribution function
variance,Variance,sample-variance,Unbiased sample variance
arithmetic-mean,Arithmetic mean,sample-variance,Unbiased sample variance
variance-sum,Variance of a sum,standard-error-mean,Standard error of the sample mean
sample-variance,Unbiased sample variance,standard-error-mean,Standard error of the sample mean
variance,Variance,bias-variance-decomposition,Bias-variance decomposition
expectation,Expectation,bias-variance-decomposition,Bias-variance decomposition
norm,Norm axioms and induced norm,least-squares,Least squares
projection,Orthogonal projection,least-squares,Least squares
least-squares,Least squares,normal-equations,Least-squares normal equations
gradient,Gradient,normal-equations,Least-squares normal equations
least-squares,Least squares,simple-linear-regression,Simple linear regression coefficients
covariance,Covariance,simple-linear-regression,Simple linear regression coefficients
arithmetic-mean,Arithmetic mean,simple-linear-regression,Simple linear regression coefficients
normal-equations,Least-squares normal equations,gauss-markov,Gauss-Markov covariance bound
covariance-matrix-transform,Covariance under a linear map,gauss-markov,Gauss-Markov covariance bound
least-squares,Least squares,weighted-least-squares,Weighted least squares
quadratic-form,Quadratic form,weighted-least-squares,Weighted least squares
weighted-mean,Weighted arithmetic mean,weighted-least-squares,Weighted least squares
normal-equations,Least-squares normal equations,ridge-regression,Ridge regression
least-squares,Least squares,lasso-regression,Lasso regression
norm,Norm axioms and induced norm,lasso-regression,Lasso regression
independence,Independence of random variables,maximum-likelihood,Maximum likelihood estimation
logarithm-laws,Logarithm laws,maximum-likelihood,Maximum likelihood estimation
bayes-rule,Bayes' rule,maximum-a-posteriori,Maximum a posteriori estimation
maximum-likelihood,Maximum likelihood estimation,maximum-a-posteriori,Maximum a posteriori estimation
maximum-likelihood,Maximum likelihood estimation,score-function,Likelihood score
gradient,Gradient,score-function,Likelihood score
score-function,Likelihood score,fisher-information,Fisher information
covariance,Covariance,fisher-information,Fisher information
hessian,Hessian matrix,fisher-information,Fisher information
fisher-information,Fisher information,cramer-rao,Cramer-Rao lower bound
cauchy-schwarz,Cauchy–Schwarz inequality,cramer-rao,Cramer-Rao lower bound
expectation,Expectation,method-moments,Method of moments
arithmetic-mean,Arithmetic mean,method-moments,Method of moments
maximum-likelihood,Maximum likelihood estimation,sufficient-statistic,Neyman-Fisher factorization
conditional-probability,Conditional probability,sufficient-statistic,Neyman-Fisher factorization
conditional-expectation,Conditional expectation,rao-blackwell,Rao-Blackwell improvement
total-variance,Law of total variance,rao-blackwell,Rao-Blackwell improvement
sufficient-statistic,Neyman-Fisher factorization,rao-blackwell,Rao-Blackwell improvement
bayes-rule,Bayes' rule,beta-binomial-update,Beta-binomial conjugate update
beta-distribution,Beta distribution,beta-binomial-update,Beta-binomial conjugate update
binomial-distribution,Binomial distribution,beta-binomial-update,Beta-binomial conjugate update
bayes-rule,Bayes' rule,normal-normal-update,Normal-normal conjugate update
normal-distribution,Normal distribution,normal-normal-update,Normal-normal conjugate update
completing-square,Completing the square,normal-normal-update,Normal-normal conjugate update
bayes-rule,Bayes' rule,posterior-predictive,Posterior predictive distribution
conditional-expectation,Conditional expectation,posterior-predictive,Posterior predictive distribution
normal-distribution,Normal distribution,student-t-pivot,Student t pivot
sample-variance,Unbiased sample variance,student-t-pivot,Student t pivot
standard-error-mean,Standard error of the sample mean,student-t-pivot,Student t pivot
sample-variance,Unbiased sample variance,chi-squared-variance-pivot,Chi-squared pivot for normal variance
normal-distribution,Normal distribution,chi-squared-variance-pivot,Chi-squared pivot for normal variance
projection,Orthogonal projection,chi-squared-variance-pivot,Chi-squared pivot for normal variance
student-t-pivot,Student t pivot,t-mean-confidence-interval,Exact t interval for a normal mean
central-limit-theorem,Central limit theorem,delta-method,Delta method
derivative,Derivative,delta-method,Delta method
covariance-matrix-transform,Covariance under a linear map,delta-method,Delta method
empirical-distribution,Empirical distribution function,bootstrap-estimate,Bootstrap estimate of standard error
sample-variance,Unbiased sample variance,bootstrap-estimate,Bootstrap estimate of standard error
maximum-likelihood,Maximum likelihood estimation,neyman-pearson,Neyman-Pearson likelihood-ratio test
conditional-probability,Conditional probability,neyman-pearson,Neyman-Pearson likelihood-ratio test
maximum-likelihood,Maximum likelihood estimation,likelihood-ratio-test,Wilks' likelihood-ratio limit
fisher-information,Fisher information,likelihood-ratio-test,Wilks' likelihood-ratio limit
chi-squared-variance-pivot,Chi-squared pivot for normal variance,likelihood-ratio-test,Wilks' likelihood-ratio limit
conditional-probability,Conditional probability,p-value,Tail-area p-value
neyman-pearson,Neyman-Pearson likelihood-ratio test,p-value,Tail-area p-value
central-limit-theorem,Central limit theorem,pearson-chi-squared,Pearson chi-squared goodness-of-fit statistic
chi-squared-variance-pivot,Chi-squared pivot for normal variance,pearson-chi-squared,Pearson chi-squared goodness-of-fit statistic
arithmetic-mean,Arithmetic mean,anova-decomposition,ANOVA sum-of-squares decomposition
sample-variance,Unbiased sample variance,anova-decomposition,ANOVA sum-of-squares decomposition
bernoulli-distribution,Bernoulli distribution,logistic-regression,Logistic regression model
logarithm-laws,Logarithm laws,logistic-regression,Logistic regression model
maximum-likelihood,Maximum likelihood estimation,exponential-family,Exponential family and log partition function
log-sum-exp,Log-sum-exp,exponential-family,Exponential family and log partition function
expectation,Expectation,exponential-family,Exponential family and log partition function
conditional-expectation,Conditional expectation,em-algorithm,Expectation-maximization algorithm
maximum-likelihood,Maximum likelihood estimation,em-algorithm,Expectation-maximization algorithm
jensen-inequality,Jensen's inequality,em-algorithm,Expectation-maximization algorithm
conditional-expectation,Conditional expectation,kalman-update,Kalman measurement update
multivariate-normal,Multivariate normal density,kalman-update,Kalman measurement update
covariance-matrix-transform,Covariance under a linear map,kalman-update,Kalman measurement update
covariance-matrix-transform,Covariance under a linear map,principal-component-analysis,Principal component variance maximization
spectral-theorem,Spectral theorem in finite dimensions,principal-component-analysis,Principal component variance maximization
quadratic-form,Quadratic form,principal-component-analysis,Principal component variance maximization
weighted-mean,Weighted arithmetic mean,convexity-definition,Convex function inequality
affine-combination,Affine combination,convexity-definition,Convex function inequality
gradient,Gradient,first-order-convexity,First-order characterization of convexity
convexity-definition,Convex function inequality,first-order-convexity,First-order characterization of convexity
hessian,Hessian matrix,second-order-convexity,Second-order characterization of convexity
quadratic-form,Quadratic form,second-order-convexity,Second-order characterization of convexity
convexity-definition,Convex function inequality,second-order-convexity,Second-order characterization of convexity
first-order-convexity,First-order characterization of convexity,strong-convexity,Strong convexity inequality
norm,Norm axioms and induced norm,strong-convexity,Strong convexity inequality
gradient,Gradient,smoothness-descent-lemma,Descent lemma
norm,Norm axioms and induced norm,smoothness-descent-lemma,Descent lemma
gradient,Gradient,gradient-descent,Gradient descent
gradient-descent,Gradient descent,gradient-descent-rate,Convex gradient descent error bound
first-order-convexity,First-order characterization of convexity,gradient-descent-rate,Convex gradient descent error bound
smoothness-descent-lemma,Descent lemma,gradient-descent-rate,Convex gradient descent error bound
gradient,Gradient,newton-optimization,Newton step for optimization
hessian,Hessian matrix,newton-optimization,Newton step for optimization
newton-method,Newton's root-finding method,newton-optimization,Newton step for optimization
gradient-descent,Gradient descent,coordinate-descent,Coordinate descent
function-composition,Composition of functions,coordinate-descent,Coordinate descent
gradient-descent,Gradient descent,stochastic-gradient,Stochastic gradient descent
expectation-linearity,Linearity of expectation,stochastic-gradient,Stochastic gradient descent
arithmetic-mean,Arithmetic mean,stochastic-gradient,Stochastic gradient descent
gradient-descent,Gradient descent,momentum-method,Heavy-ball momentum
gradient,Gradient,lagrange-multipliers,Lagrange multiplier stationarity
inner-product,Inner product,lagrange-multipliers,Lagrange multiplier stationarity
lagrange-multipliers,Lagrange multiplier stationarity,lagrangian-dual,Lagrangian dual function
lagrangian-dual,Lagrangian dual function,weak-duality,Weak duality
lagrangian-dual,Lagrangian dual function,kkt-conditions,Karush-Kuhn-Tucker conditions
first-order-convexity,First-order characterization of convexity,kkt-conditions,Karush-Kuhn-Tucker conditions
lagrangian-dual,Lagrangian dual function,slater-condition,Slater's strong-duality condition
convexity-definition,Convex function inequality,slater-condition,Slater's strong-duality condition
weak-duality,Weak duality,linear-program-duality,Linear programming duality
quadratic-form,Quadratic form,quadratic-program,Convex quadratic program
second-order-convexity,Second-order characterization of convexity,quadratic-program,Convex quadratic program
first-order-convexity,First-order characterization of convexity,subgradient,Convex subgradient
subgradient,Convex subgradient,proximal-operator,Proximal operator
norm,Norm axioms and induced norm,proximal-operator,Proximal operator
proximal-operator,Proximal operator,soft-threshold,Soft thresholding
gradient-descent,Gradient descent,proximal-gradient,Proximal gradient method
proximal-operator,Proximal operator,proximal-gradient,Proximal gradient method
gradient-descent,Gradient descent,projected-gradient,Projected gradient method
proximal-operator,Proximal operator,projected-gradient,Projected gradient method
logarithm-laws,Logarithm laws,log-sum-exp,Log-sum-exp
exponent-laws,Exponential addition law,log-sum-exp,Log-sum-exp
log-sum-exp,Log-sum-exp,softmax,Softmax weights
derivative,Derivative,softmax,Softmax weights
inner-product,Inner product,convex-conjugate,Legendre-Fenchel conjugate
convexity-definition,Convex function inequality,convex-conjugate,Legendre-Fenchel conjugate
convex-conjugate,Legendre-Fenchel conjugate,fenchel-young,Fenchel-Young inequality
subgradient,Convex subgradient,fenchel-young,Fenchel-Young inequality
first-order-convexity,First-order characterization of convexity,bregman-divergence,Bregman divergence
bregman-divergence,Bregman divergence,mirror-descent,Mirror descent
gradient-descent,Gradient descent,mirror-descent,Mirror descent
weighted-mean,Weighted arithmetic mean,minimax-von-neumann,Finite-game minimax theorem
linear-program-duality,Linear programming duality,minimax-von-neumann,Finite-game minimax theorem
logarithm-laws,Logarithm laws,self-information,Self-information
probability-axioms,Probability axioms,self-information,Self-information
self-information,Self-information,entropy,Shannon entropy
expectation,Expectation,entropy,Shannon entropy
entropy,Shannon entropy,cross-entropy,Cross entropy
kl-divergence,Kullback-Leibler divergence,cross-entropy,Cross entropy
expectation,Expectation,kl-divergence,Kullback-Leibler divergence
logarithm-laws,Logarithm laws,kl-divergence,Kullback-Leibler divergence
kl-divergence,Kullback-Leibler divergence,gibbs-inequality,Gibbs' inequality
jensen-inequality,Jensen's inequality,gibbs-inequality,Gibbs' inequality
entropy,Shannon entropy,joint-entropy-chain-rule,Entropy chain rule
conditional-probability,Conditional probability,joint-entropy-chain-rule,Entropy chain rule
kl-divergence,Kullback-Leibler divergence,mutual-information,Mutual information
joint-entropy-chain-rule,Entropy chain rule,mutual-information,Mutual information
mutual-information,Mutual information,conditional-mutual-information,Conditional mutual information
conditional-probability,Conditional probability,conditional-mutual-information,Conditional mutual information
conditional-mutual-information,Conditional mutual information,data-processing,Data-processing inequality
markov-chain,Markov chain transition law,data-processing,Data-processing inequality
joint-entropy-chain-rule,Entropy chain rule,fano-inequality,Fano's inequality
entropy,Shannon entropy,maximum-entropy-uniform,Maximum entropy on a finite alphabet
gibbs-inequality,Gibbs' inequality,maximum-entropy-uniform,Maximum entropy on a finite alphabet
entropy,Shannon entropy,differential-entropy,Differential entropy
integral,Riemann integral,differential-entropy,Differential entropy
differential-entropy,Differential entropy,maximum-entropy-gaussian,Gaussian maximum entropy at fixed variance
normal-distribution,Normal distribution,maximum-entropy-gaussian,Gaussian maximum entropy at fixed variance
gibbs-inequality,Gibbs' inequality,maximum-entropy-gaussian,Gaussian maximum entropy at fixed variance
entropy,Shannon entropy,gibbs-distribution,Gibbs distribution
softmax,Softmax weights,gibbs-distribution,Gibbs distribution
log-sum-exp,Log-sum-exp,entropy-variational-formula,Entropy variational formula for log-sum-exp
entropy,Shannon entropy,entropy-variational-formula,Entropy variational formula for log-sum-exp
convex-conjugate,Legendre-Fenchel conjugate,entropy-variational-formula,Entropy variational formula for log-sum-exp
bayes-rule,Bayes' rule,elbo,Evidence lower bound identity
kl-divergence,Kullback-Leibler divergence,elbo,Evidence lower bound identity
expectation,Expectation,elbo,Evidence lower bound identity
mutual-information,Mutual information,channel-capacity,Capacity of a discrete memoryless channel
channel-capacity,Capacity of a discrete memoryless channel,awgn-capacity,Real Gaussian channel capacity
maximum-entropy-gaussian,Gaussian maximum entropy at fixed variance,awgn-capacity,Real Gaussian channel capacity
variance-sum,Variance of a sum,awgn-capacity,Real Gaussian channel capacity
exponent-laws,Exponential addition law,kraft-inequality,Kraft inequality
probability-axioms,Probability axioms,kraft-inequality,Kraft inequality
entropy,Shannon entropy,source-coding-bound,Entropy bound for binary prefix coding
kraft-inequality,Kraft inequality,source-coding-bound,Entropy bound for binary prefix coding
integral,Riemann integral,fourier-transform,Fourier transform
complex-exponential,Euler's formula,fourier-transform,Fourier transform
fourier-transform,Fourier transform,fourier-inversion,Fourier inversion
convolution,Convolution,fourier-convolution-theorem,Fourier convolution theorem
fourier-transform,Fourier transform,fourier-convolution-theorem,Fourier convolution theorem
fourier-transform,Fourier transform,fourier-shift,Fourier translation rule
fourier-transform,Fourier transform,fourier-modulation,Fourier modulation rule
complex-exponential,Euler's formula,fourier-modulation,Fourier modulation rule
fourier-transform,Fourier transform,fourier-scaling,Fourier scaling rule
fourier-transform,Fourier transform,fourier-differentiation,Fourier differentiation rule
derivative,Derivative,fourier-differentiation,Fourier differentiation rule
integration-by-parts,Integration by parts,fourier-differentiation,Fourier differentiation rule
fourier-transform,Fourier transform,plancherel,Plancherel identity
norm,Norm axioms and induced norm,plancherel,Plancherel identity
fourier-transform,Fourier transform,fourier-gaussian,Fourier transform of a Gaussian
gaussian-integral,Gaussian integral,fourier-gaussian,Fourier transform of a Gaussian
fourier-scaling,Fourier scaling rule,fourier-gaussian,Fourier transform of a Gaussian
complex-exponential,Euler's formula,discrete-fourier-transform,Discrete Fourier transform
inner-product,Inner product,discrete-fourier-transform,Discrete Fourier transform
discrete-fourier-transform,Discrete Fourier transform,dft-parseval,Parseval identity for the DFT
norm,Norm axioms and induced norm,dft-parseval,Parseval identity for the DFT
discrete-fourier-transform,Discrete Fourier transform,circular-convolution,Circular convolution and the DFT
convolution,Convolution,circular-convolution,Circular convolution and the DFT
discrete-fourier-transform,Discrete Fourier transform,fft-butterfly,Radix-two FFT butterfly
exponent-laws,Exponential addition law,fft-butterfly,Radix-two FFT butterfly
fourier-inversion,Fourier inversion,sampling-theorem,Shannon sampling theorem
fourier-series,Fourier series and Fourier coefficients,sampling-theorem,Shannon sampling theorem
covariance,Covariance,autocorrelation,Autocorrelation of a stationary process
expectation,Expectation,autocorrelation,Autocorrelation of a stationary process
autocorrelation,Autocorrelation of a stationary process,wiener-khinchin,Wiener-Khinchin relation
fourier-transform,Fourier transform,wiener-khinchin,Wiener-Khinchin relation
plancherel,Plancherel identity,uncertainty-principle,Fourier uncertainty principle
variance,Variance,uncertainty-principle,Fourier uncertainty principle
cauchy-schwarz,Cauchy–Schwarz inequality,uncertainty-principle,Fourier uncertainty principle
fourier-differentiation,Fourier differentiation rule,uncertainty-principle,Fourier uncertainty principle
function-composition,Composition of functions,linear-map,Linear map
linear-map,Linear map,matrix-product,Matrix multiplication
linear-map,Linear map,rank-nullity,Rank–nullity theorem
span-basis,Basis and unique coordinates,rank-nullity,Rank–nullity theorem
span-basis,Basis and unique coordinates,dimension-sum,Dimension of a sum of subspaces
span-basis,Basis and unique coordinates,change-of-basis,Change of basis and similarity
matrix-product,Matrix multiplication,change-of-basis,Change of basis and similarity
matrix-product,Matrix multiplication,determinant,Determinant
determinant,Determinant,determinant-product,Multiplicativity of determinant
matrix-product,Matrix multiplication,determinant-product,Multiplicativity of determinant
determinant,Determinant,matrix-inverse,Inverse by the adjugate
matrix-product,Matrix multiplication,matrix-inverse,Inverse by the adjugate
matrix-inverse,Inverse by the adjugate,cramers-rule,Cramer’s rule
determinant,Determinant,cramers-rule,Cramer’s rule
matrix-product,Matrix multiplication,trace,Trace
inner-product,Inner product,cauchy-schwarz,Cauchy–Schwarz inequality
norm,Norm axioms and induced norm,cauchy-schwarz,Cauchy–Schwarz inequality
inner-product,Inner product,parallelogram-law,Parallelogram law
norm,Norm axioms and induced norm,parallelogram-law,Parallelogram law
inner-product,Inner product,polarization-identity,Polarization identity over the reals
norm,Norm axioms and induced norm,polarization-identity,Polarization identity over the reals
inner-product,Inner product,projection,Orthogonal projection
norm,Norm axioms and induced norm,projection,Orthogonal projection
projection,Orthogonal projection,orthogonal-decomposition,Orthogonal decomposition and energy split
inner-product,Inner product,orthogonal-decomposition,Orthogonal decomposition and energy split
projection,Orthogonal projection,gram-schmidt,Gram–Schmidt orthogonalization
norm,Norm axioms and induced norm,gram-schmidt,Gram–Schmidt orthogonalization
gram-schmidt,Gram–Schmidt orthogonalization,qr-decomposition,QR factorization
matrix-product,Matrix multiplication,qr-decomposition,QR factorization
orthogonal-decomposition,Orthogonal decomposition and energy split,bessel-inequality-finite,Bessel’s inequality for an orthonormal list
linear-map,Linear map,eigenvalue,Eigenvalues and eigenvectors
eigenvalue,Eigenvalues and eigenvectors,characteristic-polynomial,Characteristic polynomial
determinant,Determinant,characteristic-polynomial,Characteristic polynomial
characteristic-polynomial,Characteristic polynomial,cayley-hamilton,Cayley–Hamilton theorem
matrix-product,Matrix multiplication,cayley-hamilton,Cayley–Hamilton theorem
eigenvalue,Eigenvalues and eigenvectors,diagonalization,Diagonalization
change-of-basis,Change of basis and similarity,diagonalization,Diagonalization
eigenvalue,Eigenvalues and eigenvectors,spectral-theorem,Spectral theorem in finite dimensions
inner-product,Inner product,spectral-theorem,Spectral theorem in finite dimensions
adjoint,Adjoint of a linear map,spectral-theorem,Spectral theorem in finite dimensions
quadratic-form,Quadratic form,rayleigh-quotient,Rayleigh quotient
spectral-theorem,Spectral theorem in finite dimensions,rayleigh-quotient,Rayleigh quotient
rayleigh-quotient,Rayleigh quotient,min-max-eigenvalue,Courant–Fischer min–max principle
dimension-sum,Dimension of a sum of subspaces,min-max-eigenvalue,Courant–Fischer min–max principle
spectral-theorem,Spectral theorem in finite dimensions,singular-value-decomposition,Singular value decomposition
adjoint,Adjoint of a linear map,singular-value-decomposition,Singular value decomposition
singular-value-decomposition,Singular value decomposition,pseudoinverse,Moore–Penrose pseudoinverse
singular-value-decomposition,Singular value decomposition,eckart-young,Eckart–Young–Mirsky low-rank approximation
norm,Norm axioms and induced norm,eckart-young,Eckart–Young–Mirsky low-rank approximation
singular-value-decomposition,Singular value decomposition,polar-decomposition,Polar decomposition
spectral-theorem,Spectral theorem in finite dimensions,polar-decomposition,Polar decomposition
eigenvalue,Eigenvalues and eigenvectors,jordan-normal-form,Jordan normal form
change-of-basis,Change of basis and similarity,jordan-normal-form,Jordan normal form
characteristic-polynomial,Characteristic polynomial,jordan-normal-form,Jordan normal form
matrix-product,Matrix multiplication,quadratic-form,Quadratic form
quadratic-form,Quadratic form,sylvester-inertia,Sylvester’s law of inertia
spectral-theorem,Spectral theorem in finite dimensions,sylvester-inertia,Sylvester’s law of inertia
quadratic-form,Quadratic form,cholesky-factorization,Cholesky factorization
adjoint,Adjoint of a linear map,cholesky-factorization,Cholesky factorization
matrix-inverse,Inverse by the adjugate,schur-complement,Schur complement
matrix-product,Matrix multiplication,schur-complement,Schur complement
matrix-product,Matrix multiplication,matrix-exponential,Matrix exponential
matrix-product,Matrix multiplication,kronecker-product,Kronecker product
linear-map,Linear map,tensor-product,Tensor product universal property
span-basis,Basis and unique coordinates,tensor-product,Tensor product universal property
linear-map,Linear map,dual-map,Dual space and pullback of linear functionals
function-composition,Composition of functions,dual-map,Dual space and pullback of linear functionals
inner-product,Inner product,adjoint,Adjoint of a linear map
linear-map,Linear map,adjoint,Adjoint of a linear map
inner-product,Inner product,gram-determinant,Gram determinant and volume
determinant,Determinant,gram-determinant,Gram determinant and volume
matrix-product,Matrix multiplication,matrix-geometric-series,Matrix geometric series
eigenvalue,Eigenvalues and eigenvectors,matrix-geometric-series,Matrix geometric series
geometric-sum,Finite geometric sum,matrix-geometric-series,Matrix geometric series
matrix-inverse,Inverse by the adjugate,sherman-morrison,Sherman–Morrison rank-one update
matrix-product,Matrix multiplication,sherman-morrison,Sherman–Morrison rank-one update
function-composition,Composition of functions,group-laws,Group axioms
group-laws,Group axioms,homomorphism,Group homomorphism
homomorphism,Group homomorphism,kernel-image,Kernel and image of a homomorphism
group-laws,Group axioms,quotient-group,Quotient group
equivalence-relation,Equivalence relation,quotient-group,Quotient group
kernel-image,Kernel and image of a homomorphism,first-isomorphism-theorem,First isomorphism theorem
quotient-group,Quotient group,first-isomorphism-theorem,First isomorphism theorem
group-laws,Group axioms,lagrange-group-theorem,Lagrange’s theorem for finite groups
equivalence-relation,Equivalence relation,lagrange-group-theorem,Lagrange’s theorem for finite groups
group-laws,Group axioms,group-action,Group action
group-action,Group action,orbit-stabilizer,Orbit–stabilizer theorem
lagrange-group-theorem,Lagrange’s theorem for finite groups,orbit-stabilizer,Orbit–stabilizer theorem
group-action,Group action,burnside-lemma,Burnside’s orbit-counting lemma
orbit-stabilizer,Orbit–stabilizer theorem,burnside-lemma,Burnside’s orbit-counting lemma
group-action,Group action,class-equation,Class equation
orbit-stabilizer,Orbit–stabilizer theorem,class-equation,Class equation
lagrange-group-theorem,Lagrange’s theorem for finite groups,sylow-theorems,Sylow theorems
group-action,Group action,sylow-theorems,Sylow theorems
group-action,Group action,cayley-group-theorem,Cayley’s theorem for groups
homomorphism,Group homomorphism,cayley-group-theorem,Cayley’s theorem for groups
group-laws,Group axioms,cyclic-order,Order of a power in a cyclic subgroup
euclidean-algorithm,Euclidean algorithm,cyclic-order,Order of a power in a cyclic subgroup
group-laws,Group axioms,direct-product-group,Direct product of groups
cartesian-product,Cartesian product,direct-product-group,Direct product of groups
direct-product-group,Direct product of groups,finite-abelian-structure,Structure theorem for finite abelian groups
cyclic-order,Order of a power in a cyclic subgroup,finite-abelian-structure,Structure theorem for finite abelian groups
group-laws,Group axioms,ring-distributive-laws,Ring structure and distributivity
ring-distributive-laws,Ring structure and distributivity,ideal-quotient,Quotient ring
equivalence-relation,Equivalence relation,ideal-quotient,Quotient ring
ideal-quotient,Quotient ring,maximal-ideal-field,Maximal ideals and fields
ring-distributive-laws,Ring structure and distributivity,polynomial-division,Polynomial division algorithm
polynomial-division,Polynomial division algorithm,factor-theorem,Polynomial remainder and factor theorem
factor-theorem,Polynomial remainder and factor theorem,lagrange-interpolation,Lagrange interpolation
span-basis,Basis and unique coordinates,lagrange-interpolation,Lagrange interpolation
span-basis,Basis and unique coordinates,field-extension-degree,Tower law for field extensions
ideal-quotient,Quotient ring,finite-field,Finite fields
maximal-ideal-field,Maximal ideals and fields,finite-field,Finite fields
field-extension-degree,Tower law for field extensions,finite-field,Finite fields
binomial-theorem,Binomial theorem,frobenius-map,Frobenius homomorphism
ring-distributive-laws,Ring structure and distributivity,frobenius-map,Frobenius homomorphism
field-extension-degree,Tower law for field extensions,galois-correspondence,Fundamental theorem of Galois theory
group-action,Group action,galois-correspondence,Fundamental theorem of Galois theory
quotient-group,Quotient group,galois-correspondence,Fundamental theorem of Galois theory
matrix-product,Matrix multiplication,lie-bracket,Matrix commutator and Lie bracket
lie-bracket,Matrix commutator and Lie bracket,jacobi-identity,Jacobi identity
factorial-permutations,Permutations and falling factorials,binomial-coefficient,Binomial coefficient
binomial-coefficient,Binomial coefficient,pascal-rule,Pascal’s rule
binomial-coefficient,Binomial coefficient,vandermonde-identity,Vandermonde’s identity
factorial-permutations,Permutations and falling factorials,multinomial-coefficient,Multinomial coefficient
binomial-coefficient,Binomial coefficient,multinomial-coefficient,Multinomial coefficient
binomial-coefficient,Binomial coefficient,stars-and-bars,Stars and bars
inclusion-exclusion-two,Inclusion–exclusion for two sets,inclusion-exclusion,Inclusion–exclusion principle
binomial-theorem,Binomial theorem,inclusion-exclusion,Inclusion–exclusion principle
arithmetic-mean,Arithmetic mean,pigeonhole-principle,Pigeonhole principle
inclusion-exclusion,Inclusion–exclusion principle,derangements,Derangement count
factorial-permutations,Permutations and falling factorials,derangements,Derangement count
binomial-coefficient,Binomial coefficient,catalan-numbers,Catalan numbers
generating-function,Ordinary generating function,catalan-numbers,Catalan numbers
equivalence-relation,Equivalence relation,stirling-second-kind,Stirling numbers of the second kind
binomial-coefficient,Binomial coefficient,bell-numbers,Bell numbers
geometric-sum,Finite geometric sum,generating-function,Ordinary generating function
generating-function,Ordinary generating function,generating-function-product,Product rule for ordinary generating functions
generating-function,Ordinary generating function,exponential-generating-function,Exponential generating function
binomial-coefficient,Binomial coefficient,exponential-generating-function,Exponential generating function
fibonacci-recurrence,Fibonacci recurrence,binet-formula,Binet’s formula
quadratic-formula,Quadratic formula,binet-formula,Binet’s formula
eigenvalue,Eigenvalues and eigenvectors,linear-recurrence-characteristic,Characteristic-root solution of a linear recurrence
polynomial-division,Polynomial division algorithm,linear-recurrence-characteristic,Characteristic-root solution of a linear recurrence
generating-function-product,Product rule for ordinary generating functions,partition-generating-function,Integer partition generating function
geometric-sum,Finite geometric sum,partition-generating-function,Integer partition generating function
matrix-product,Matrix multiplication,graph-adjacency-walks,Adjacency powers count walks
matrix-product,Matrix multiplication,graph-laplacian,Graph Laplacian
graph-laplacian,Graph Laplacian,graph-dirichlet-energy,Graph Dirichlet energy
quadratic-form,Quadratic form,graph-dirichlet-energy,Graph Dirichlet energy
graph-laplacian,Graph Laplacian,matrix-tree-theorem,Matrix–tree theorem
determinant,Determinant,matrix-tree-theorem,Matrix–tree theorem
tree-edge-count,Edges in a finite tree,cayley-tree-formula,Cayley’s formula for labeled trees
tree-edge-count,Edges in a finite tree,euler-planar-formula,Euler’s formula for connected planar graphs
pigeonhole-principle,Pigeonhole principle,hall-marriage-theorem,Hall’s marriage theorem
graph-adjacency-walks,Adjacency powers count walks,max-flow-min-cut,Max-flow min-cut theorem
graph-adjacency-walks,Adjacency powers count walks,chromatic-deletion-contraction,Chromatic polynomial deletion–contraction
rank-nullity,Rank–nullity theorem,graph-cycle-rank,Cycle rank of a finite graph
tree-edge-count,Edges in a finite tree,graph-cycle-rank,Cycle rank of a finite graph
euclidean-division,Euclidean division of integers,euclidean-algorithm,Euclidean algorithm
euclidean-algorithm,Euclidean algorithm,bezout-identity,Bézout’s identity
prime-factorization,Fundamental theorem of arithmetic,gcd-lcm-product,GCD–LCM product formula
equivalence-relation,Equivalence relation,modular-congruence,Congruence modulo an integer
bezout-identity,Bézout’s identity,modular-inverse,Modular inverse criterion
modular-congruence,Congruence modulo an integer,modular-inverse,Modular inverse criterion
bezout-identity,Bézout’s identity,linear-diophantine,Linear Diophantine equations
modular-inverse,Modular inverse criterion,chinese-remainder-theorem,Chinese remainder theorem
modular-congruence,Congruence modulo an integer,chinese-remainder-theorem,Chinese remainder theorem
modular-congruence,Congruence modulo an integer,fermat-little-theorem,Fermat’s little theorem
prime-factorization,Fundamental theorem of arithmetic,euler-totient,Euler’s totient function
modular-inverse,Modular inverse criterion,euler-totient,Euler’s totient function
euler-totient,Euler’s totient function,euler-theorem,Euler’s theorem on powers modulo n
lagrange-group-theorem,Lagrange’s theorem for finite groups,euler-theorem,Euler’s theorem on powers modulo n
modular-inverse,Modular inverse criterion,wilson-theorem,Wilson’s theorem
factorial-permutations,Permutations and falling factorials,wilson-theorem,Wilson’s theorem
modular-congruence,Congruence modulo an integer,legendre-symbol,Legendre symbol
legendre-symbol,Legendre symbol,euler-criterion,Euler’s criterion
fermat-little-theorem,Fermat’s little theorem,euler-criterion,Euler’s criterion
legendre-symbol,Legendre symbol,quadratic-reciprocity,Quadratic reciprocity
euler-criterion,Euler’s criterion,quadratic-reciprocity,Quadratic reciprocity
prime-factorization,Fundamental theorem of arithmetic,divisor-count,Number of positive divisors
prime-factorization,Fundamental theorem of arithmetic,divisor-sum,Sum of positive divisors
geometric-sum,Finite geometric sum,divisor-sum,Sum of positive divisors
prime-factorization,Fundamental theorem of arithmetic,mobius-function,Möbius function
mobius-function,Möbius function,mobius-inversion,Möbius inversion over divisors
dirichlet-convolution,Dirichlet convolution,mobius-inversion,Möbius inversion over divisors
prime-factorization,Fundamental theorem of arithmetic,dirichlet-convolution,Dirichlet convolution
factorial-permutations,Permutations and falling factorials,legendre-factorial-valuation,Prime exponent in a factorial
prime-factorization,Fundamental theorem of arithmetic,legendre-factorial-valuation,Prime exponent in a factorial
prime-factorization,Fundamental theorem of arithmetic,p-adic-absolute-value,p-adic absolute value and ultrametric
modular-congruence,Congruence modulo an integer,p-adic-absolute-value,p-adic absolute value and ultrametric
euclidean-algorithm,Euclidean algorithm,continued-fraction-convergents,Continued-fraction convergent recurrence
determinant,Determinant,continued-fraction-convergents,Continued-fraction convergent recurrence
inner-product,Inner product,cross-product,Cross product in three dimensions
norm,Norm axioms and induced norm,cross-product,Cross product in three dimensions
derivative,Derivative,curvature,Curvature of a regular space curve
cross-product,Cross product in three dimensions,curvature,Curvature of a regular space curve
norm,Norm axioms and induced norm,curvature,Curvature of a regular space curve
curvature,Curvature of a regular space curve,torsion,Torsion of a space curve
cross-product,Cross product in three dimensions,torsion,Torsion of a space curve
derivative,Derivative,torsion,Torsion of a space curve
curvature,Curvature of a regular space curve,frenet-serret,Frenet–Serret equations
torsion,Torsion of a space curve,frenet-serret,Frenet–Serret equations
inner-product,Inner product,first-fundamental-form,First fundamental form of a surface
quadratic-form,Quadratic form,first-fundamental-form,First fundamental form of a surface
first-fundamental-form,First fundamental form of a surface,surface-area,Area of a parametrized surface
integral,Riemann integral,surface-area,Area of a parametrized surface
cross-product,Cross product in three dimensions,surface-area,Area of a parametrized surface
first-fundamental-form,First fundamental form of a surface,shape-operator,Shape operator and second fundamental form
derivative,Derivative,shape-operator,Shape operator and second fundamental form
adjoint,Adjoint of a linear map,shape-operator,Shape operator and second fundamental form
shape-operator,Shape operator and second fundamental form,gaussian-curvature,Gaussian curvature of a surface
determinant,Determinant,gaussian-curvature,Gaussian curvature of a surface
first-fundamental-form,First fundamental form of a surface,gaussian-curvature,Gaussian curvature of a surface
shape-operator,Shape operator and second fundamental form,mean-curvature,Mean curvature of a surface
trace,Trace,mean-curvature,Mean curvature of a surface
arithmetic-mean,Arithmetic mean,mean-curvature,Mean curvature of a surface
shape-operator,Shape operator and second fundamental form,euler-normal-curvature,Euler’s formula for normal curvature
spectral-theorem,Spectral theorem in finite dimensions,euler-normal-curvature,Euler’s formula for normal curvature
inner-product,Inner product,riemannian-metric,Riemannian metric
quadratic-form,Quadratic form,riemannian-metric,Riemannian metric
riemannian-metric,Riemannian metric,riemannian-length,Riemannian length and distance
integral,Riemann integral,riemannian-length,Riemannian length and distance
riemannian-metric,Riemannian metric,riemannian-volume,Riemannian volume element
determinant,Determinant,riemannian-volume,Riemannian volume element
riemannian-metric,Riemannian metric,christoffel-symbols,Christoffel symbols of the Levi-Civita connection
derivative,Derivative,christoffel-symbols,Christoffel symbols of the Levi-Civita connection
matrix-inverse,Inverse by the adjugate,christoffel-symbols,Christoffel symbols of the Levi-Civita connection
christoffel-symbols,Christoffel symbols of the Levi-Civita connection,covariant-derivative,Covariant derivative in coordinates
derivative,Derivative,covariant-derivative,Covariant derivative in coordinates
covariant-derivative,Covariant derivative in coordinates,geodesic-equation,Geodesic equation
riemannian-length,Riemannian length and distance,geodesic-equation,Geodesic equation
covariant-derivative,Covariant derivative in coordinates,parallel-transport,Parallel transport along a curve
covariant-derivative,Covariant derivative in coordinates,riemann-curvature,Riemann curvature tensor
lie-bracket,Matrix commutator and Lie bracket,riemann-curvature,Riemann curvature tensor
riemann-curvature,Riemann curvature tensor,sectional-curvature,Sectional curvature
gram-determinant,Gram determinant and volume,sectional-curvature,Sectional curvature
sectional-curvature,Sectional curvature,ricci-scalar-curvature,Ricci and scalar curvature as traces
trace,Trace,ricci-scalar-curvature,Ricci and scalar curvature as traces
riemannian-volume,Riemannian volume element,laplace-beltrami,Laplace–Beltrami operator
gradient,Gradient,laplace-beltrami,Laplace–Beltrami operator
divergence,Divergence,laplace-beltrami,Laplace–Beltrami operator
gaussian-curvature,Gaussian curvature of a surface,gauss-bonnet,Gauss–Bonnet theorem for closed surfaces
integral,Riemann integral,gauss-bonnet,Gauss–Bonnet theorem for closed surfaces
euler-characteristic,Euler characteristic,gauss-bonnet,Gauss–Bonnet theorem for closed surfaces
derivative,Derivative,exterior-derivative,Exterior derivative
wedge-product,Wedge product and graded commutativity,exterior-derivative,Exterior derivative
tensor-product,Tensor product universal property,wedge-product,Wedge product and graded commutativity
determinant,Determinant,wedge-product,Wedge product and graded commutativity
dual-map,Dual space and pullback of linear functionals,pullback-form,Pullback of a differential form
exterior-derivative,Exterior derivative,pullback-form,Pullback of a differential form
exterior-derivative,Exterior derivative,cartan-formula,Cartan’s formula for the Lie derivative
pullback-form,Pullback of a differential form,cartan-formula,Cartan’s formula for the Lie derivative
set-union,Union of sets,topology-axioms,Topology by open sets
topology-axioms,Topology by open sets,topological-continuity,Continuity by inverse images
function-composition,Composition of functions,topological-continuity,Continuity by inverse images
topological-continuity,Continuity by inverse images,homeomorphism,Homeomorphism
inverse-function,Inverse function,homeomorphism,Homeomorphism
topological-continuity,Continuity by inverse images,homotopy,Homotopy of maps
cartesian-product,Cartesian product,homotopy,Homotopy of maps
homotopy,Homotopy of maps,fundamental-group,Fundamental group
group-laws,Group axioms,fundamental-group,Fundamental group
equivalence-relation,Equivalence relation,fundamental-group,Fundamental group
fundamental-group,Fundamental group,fundamental-group-circle,Fundamental group of the circle
complex-exponential,Euler's formula,fundamental-group-circle,Fundamental group of the circle
fundamental-group,Fundamental group,van-kampen,Seifert–van Kampen theorem
quotient-group,Quotient group,van-kampen,Seifert–van Kampen theorem
fundamental-group,Fundamental group,covering-index,Number of sheets and subgroup index
lagrange-group-theorem,Lagrange’s theorem for finite groups,covering-index,Number of sheets and subgroup index
affine-combination,Affine combination,simplicial-boundary,Oriented simplex boundary
simplicial-boundary,Oriented simplex boundary,boundary-squared-zero,The boundary of a boundary is zero
boundary-squared-zero,The boundary of a boundary is zero,homology-group,Homology as cycles modulo boundaries
quotient-group,Quotient group,homology-group,Homology as cycles modulo boundaries
simplicial-boundary,Oriented simplex boundary,euler-characteristic,Euler characteristic
homology-group,Homology as cycles modulo boundaries,euler-poincare,Euler–Poincaré formula
euler-characteristic,Euler characteristic,euler-poincare,Euler–Poincaré formula
rank-nullity,Rank–nullity theorem,euler-poincare,Euler–Poincaré formula
kernel-image,Kernel and image of a homomorphism,exact-sequence,Exactness of consecutive maps
linear-map,Linear map,exact-sequence,Exactness of consecutive maps
homology-group,Homology as cycles modulo boundaries,mayer-vietoris,Mayer–Vietoris exact sequence
exact-sequence,Exactness of consecutive maps,mayer-vietoris,Mayer–Vietoris exact sequence
homology-group,Homology as cycles modulo boundaries,kunneth-field,Künneth formula over a field
tensor-product,Tensor product universal property,kunneth-field,Künneth formula over a field
cartesian-product,Cartesian product,kunneth-field,Künneth formula over a field
homology-group,Homology as cycles modulo boundaries,poincare-duality,Poincaré duality
dual-map,Dual space and pullback of linear functionals,poincare-duality,Poincaré duality
homology-group,Homology as cycles modulo boundaries,degree-map,Degree of a map
homomorphism,Group homomorphism,degree-map,Degree of a map
topological-continuity,Continuity by inverse images,brouwer-fixed-point,Brouwer fixed-point theorem
homology-group,Homology as cycles modulo boundaries,lefschetz-fixed-point,Lefschetz fixed-point theorem
trace,Trace,lefschetz-fixed-point,Lefschetz fixed-point theorem
degree-map,Degree of a map,lefschetz-fixed-point,Lefschetz fixed-point theorem
exterior-derivative,Exterior derivative,de-rham-theorem,De Rham’s theorem
homology-group,Homology as cycles modulo boundaries,de-rham-theorem,De Rham’s theorem
stokes-theorem,Stokes' theorem for curl,de-rham-theorem,De Rham’s theorem
de-morgan-laws,De Morgan’s laws,quantifier-negation,Negating quantifiers
de-morgan-laws,De Morgan’s laws,implication-contrapositive,Implication and contrapositive
set-union,Union of sets,cantor-theorem,Cantor’s power-set theorem
implication-contrapositive,Implication and contrapositive,soundness-completeness,Soundness and completeness of first-order logic
quantifier-negation,Negating quantifiers,soundness-completeness,Soundness and completeness of first-order logic
soundness-completeness,Soundness and completeness of first-order logic,logic-compactness,Compactness theorem for first-order logic
improper-integral,Improper integral on a half-line,gamma-function,Euler gamma integral
gamma-function,Euler gamma integral,gamma-recurrence,Gamma recurrence and factorial values
integration-by-parts,Integration by parts,gamma-recurrence,Gamma recurrence and factorial values
gamma-function,Euler gamma integral,gamma-reflection,Euler reflection formula
residue-theorem,Residue theorem,gamma-reflection,Euler reflection formula
gamma-function,Euler gamma integral,gamma-duplication,Legendre duplication formula
gamma-function,Euler gamma integral,stirling-gamma,Stirling asymptotic formula for gamma
gaussian-integral,Gaussian integral,stirling-gamma,Stirling asymptotic formula for gamma
gamma-function,Euler gamma integral,digamma-function,Digamma logarithmic derivative
logarithmic-derivative,Logarithmic derivative,digamma-function,Digamma logarithmic derivative
digamma-function,Digamma logarithmic derivative,polygamma-series,Polygamma reciprocal-power series
termwise-differentiation,Termwise differentiation of a function series,polygamma-series,Polygamma reciprocal-power series
gamma-function,Euler gamma integral,beta-function,Euler beta integral
change-of-variables,Multivariable change of variables,beta-function,Euler beta integral
gamma-function,Euler gamma integral,incomplete-gamma,Incomplete gamma decomposition
integral,Riemann integral,incomplete-gamma,Incomplete gamma decomposition
gaussian-integral,Gaussian integral,error-function,Error function and Gaussian mass
normal-distribution,Normal distribution,error-function,Error function and Gaussian mass
error-function,Error function and Gaussian mass,erfc-asymptotic,Gaussian tail asymptotic expansion
integration-by-parts,Integration by parts,erfc-asymptotic,Gaussian tail asymptotic expansion
integrating-factor,Integrating factor for a linear ODE,dawson-integral,Dawson integral and its differential equation
improper-integral,Improper integral on a half-line,fresnel-integrals,Fresnel sine and cosine integrals
complex-exponential,Euler's formula,fresnel-integrals,Fresnel sine and cosine integrals
improper-integral,Improper integral on a half-line,exponential-integral-e1,Exponential integral E1
improper-integral,Improper integral on a half-line,sine-cosine-integrals,Sine and cosine integrals
gamma-function,Euler gamma integral,bessel-j-series,Bessel function of the first kind
taylor-series,Taylor series of an analytic function,bessel-j-series,Bessel function of the first kind
laplacian,Laplacian,bessel-equation,Bessel differential equation
linear-second-order,Constant-coefficient second-order linear equation,bessel-equation,Bessel differential equation
bessel-j-series,Bessel function of the first kind,bessel-order-recurrence,Bessel order recurrence
bessel-j-series,Bessel function of the first kind,bessel-derivative-recurrence,Bessel derivative as neighboring orders
derivative,Derivative,bessel-derivative-recurrence,Bessel derivative as neighboring orders
bessel-equation,Bessel differential equation,bessel-zero-orthogonality,Bessel modes orthogonal with radial weight
sturm-liouville,Regular Dirichlet Sturm–Liouville problem,bessel-zero-orthogonality,Bessel modes orthogonal with radial weight
bessel-j-series,Bessel function of the first kind,bessel-large-argument,Large-argument Bessel oscillation
bessel-j-series,Bessel function of the first kind,modified-bessel-i,Modified Bessel first-kind function
modified-bessel-i,Modified Bessel first-kind function,modified-bessel-k,Modified Bessel decaying solution
improper-integral,Improper integral on a half-line,modified-bessel-k,Modified Bessel decaying solution
bessel-equation,Bessel differential equation,hankel-functions,Hankel combinations of Bessel solutions
complex-exponential,Euler's formula,hankel-functions,Hankel combinations of Bessel solutions
bessel-j-series,Bessel function of the first kind,spherical-bessel,Spherical Bessel functions
laplacian,Laplacian,spherical-bessel,Spherical Bessel functions
linear-second-order,Constant-coefficient second-order linear equation,airy-functions,Airy equation and normalized solutions
gamma-function,Euler gamma integral,airy-functions,Airy equation and normalized solutions
airy-functions,Airy equation and normalized solutions,airy-decay,Airy positive-axis decay
integral,Riemann integral,airy-decay,Airy positive-axis decay
derivative,Derivative,legendre-rodrigues,Legendre polynomials by Rodrigues formula
integration-by-parts,Integration by parts,legendre-rodrigues,Legendre polynomials by Rodrigues formula
legendre-rodrigues,Legendre polynomials by Rodrigues formula,legendre-orthogonality,Legendre orthogonality and normalization
inner-product,Inner product,legendre-orthogonality,Legendre orthogonality and normalization
legendre-rodrigues,Legendre polynomials by Rodrigues formula,legendre-differential-equation,Legendre polynomial eigenvalue equation
sturm-liouville,Regular Dirichlet Sturm–Liouville problem,legendre-differential-equation,Legendre polynomial eigenvalue equation
legendre-rodrigues,Legendre polynomials by Rodrigues formula,legendre-generating-function,Generating function for Legendre polynomials
generating-function,Ordinary generating function,legendre-generating-function,Generating function for Legendre polynomials
proportionality,Power-law scaling,floating-point-model,Relative rounding model
derivative,Derivative,scalar-condition-number,Relative condition number of a scalar function
operator-norm,Norm of a bounded linear operator,matrix-condition-number,Linear-system condition number
singular-value-decomposition,Singular value decomposition,matrix-condition-number,Linear-system condition number
matrix-condition-number,Linear-system condition number,residual-error-bound,Residual-to-solution error bound
matrix-condition-number,Linear-system condition number,backward-error-linear-system,Normwise backward error of a linear solve
function-composition,Composition of functions,horner-evaluation,Horner nested polynomial evaluation
arithmetic-mean,Arithmetic mean,bisection-method,Bisection root bracketing
newton-method,Newton's root-finding method,secant-method,Secant root iteration
newton-method,Newton's root-finding method,newton-nonlinear-system,Newton iteration for nonlinear systems
jacobian-matrix,Jacobian matrix,newton-nonlinear-system,Newton iteration for nonlinear systems
newton-nonlinear-system,Newton iteration for nonlinear systems,broyden-root-update,Broyden rank-one Jacobian update
lagrange-interpolation,Lagrange interpolation,interpolation-remainder,Polynomial interpolation remainder
lagrange-interpolation,Lagrange interpolation,newton-divided-differences,Newton divided-difference interpolation
lagrange-interpolation,Lagrange interpolation,barycentric-interpolation,Barycentric polynomial evaluation
lagrange-interpolation,Lagrange interpolation,interpolation-lebesgue-bound,Lebesgue constant interpolation bound
operator-norm,Norm of a bounded linear operator,interpolation-lebesgue-bound,Lebesgue constant interpolation bound
chebyshev-polynomial,Chebyshev polynomials as multiple-angle cosines,chebyshev-interpolation-nodes,Chebyshev root nodes
lagrange-interpolation,Lagrange interpolation,natural-cubic-spline,Natural cubic spline interpolation
finite-difference,Forward finite difference,centered-first-difference,Second-order centered derivative formula
taylor-polynomial,Taylor's theorem with Lagrange remainder,centered-first-difference,Second-order centered derivative formula
finite-difference,Forward finite difference,centered-second-difference,Centered second-derivative stencil
centered-first-difference,Second-order centered derivative formula,finite-difference-roundoff,Truncation–roundoff balance for a derivative
floating-point-model,Relative rounding model,finite-difference-roundoff,Truncation–roundoff balance for a derivative
taylor-polynomial,Taylor's theorem with Lagrange remainder,richardson-extrapolation,Richardson extrapolation
integral,Riemann integral,midpoint-quadrature,Composite midpoint quadrature
legendre-orthogonality,Legendre orthogonality and normalization,gaussian-quadrature,Gaussian quadrature exactness
gaussian-quadrature,Gaussian quadrature exactness,gauss-legendre-weights,Gauss–Legendre nodes and weights
richardson-extrapolation,Richardson extrapolation,romberg-quadrature,Romberg extrapolation table
trapezoidal-rule,Composite trapezoidal quadrature,romberg-quadrature,Romberg extrapolation table
lagrange-interpolation,Lagrange interpolation,clenshaw-curtis-quadrature,Clenshaw–Curtis interpolatory quadrature
qr-decomposition,QR factorization,householder-qr-step,Householder elimination step for QR
matrix-product,Matrix multiplication,lu-elimination,Gaussian elimination and pivoted LU
matrix-inverse,Inverse by the adjugate,lu-elimination,Gaussian elimination and pivoted LU
eigenvalue,Eigenvalues and eigenvectors,power-iteration,Dominant-eigenvector power iteration
diagonalization,Diagonalization,power-iteration,Dominant-eigenvector power iteration
power-iteration,Dominant-eigenvector power iteration,inverse-iteration,Shifted inverse eigenvector iteration
gaussian-integral,Gaussian integral,hermite-rodrigues,Hermite polynomials in Gaussian weight
hermite-rodrigues,Hermite polynomials in Gaussian weight,hermite-orthogonality,Hermite orthogonality
hermite-rodrigues,Hermite polynomials in Gaussian weight,hermite-generating-function,Hermite exponential generating function
gamma-function,Euler gamma integral,laguerre-rodrigues,Generalized Laguerre polynomials
laguerre-rodrigues,Generalized Laguerre polynomials,laguerre-orthogonality,Laguerre weighted orthogonality
legendre-rodrigues,Legendre polynomials by Rodrigues formula,jacobi-rodrigues,Jacobi polynomial Rodrigues formula
cosine-addition,Cosine addition formula,chebyshev-polynomial,Chebyshev polynomials as multiple-angle cosines
chebyshev-polynomial,Chebyshev polynomials as multiple-angle cosines,chebyshev-recurrence,Chebyshev three-term recurrence
chebyshev-polynomial,Chebyshev polynomials as multiple-angle cosines,chebyshev-orthogonality,Chebyshev weighted orthogonality
legendre-generating-function,Generating function for Legendre polynomials,gegenbauer-generating-function,Gegenbauer generating function
inner-product,Inner product,christoffel-darboux,Christoffel–Darboux kernel identity
ratio-test,Ratio test,hypergeometric-series,Gauss hypergeometric series
hypergeometric-series,Gauss hypergeometric series,hypergeometric-equation,Gauss hypergeometric differential equation
beta-function,Euler beta integral,hypergeometric-euler-integral,Euler integral for the hypergeometric function
hypergeometric-series,Gauss hypergeometric series,hypergeometric-euler-integral,Euler integral for the hypergeometric function
hypergeometric-euler-integral,Euler integral for the hypergeometric function,gauss-hypergeometric-sum,Gauss hypergeometric summation at one
hypergeometric-series,Gauss hypergeometric series,kummer-function,Confluent hypergeometric Kummer function
hypergeometric-series,Gauss hypergeometric series,generalized-hypergeometric,Generalized hypergeometric pFq series
integral,Riemann integral,elliptic-integral-first,Complete elliptic integral of the first kind
arc-length,Arc length of a parametrized curve,elliptic-integral-second,Complete elliptic integral of the second kind
arithmetic-mean,Arithmetic mean,agm-elliptic-evaluation,Arithmetic–geometric mean evaluation of K
geometric-mean,Geometric mean,agm-elliptic-evaluation,Arithmetic–geometric mean evaluation of K
elliptic-integral-first,Complete elliptic integral of the first kind,agm-elliptic-evaluation,Arithmetic–geometric mean evaluation of K
inverse-function,Inverse function,jacobi-elliptic-inverse,Jacobi elliptic sine through inversion
elliptic-integral-first,Complete elliptic integral of the first kind,jacobi-elliptic-inverse,Jacobi elliptic sine through inversion
implicit-differentiation,Implicit differentiation,lambert-w,Lambert W inverse relation
series-comparison,Comparison test for nonnegative series,riemann-zeta-series,Riemann zeta Dirichlet series
riemann-zeta-series,Riemann zeta Dirichlet series,zeta-functional-equation,Completed zeta reflection symmetry
gamma-function,Euler gamma integral,zeta-functional-equation,Completed zeta reflection symmetry
riemann-zeta-series,Riemann zeta Dirichlet series,zeta-even-values,Zeta values at positive even integers
riemann-zeta-series,Riemann zeta Dirichlet series,hurwitz-zeta,Hurwitz shifted zeta function
logarithm-series,Logarithm power series,polylogarithm,Polylogarithm power series
gaussian-integral,Gaussian integral,jacobi-theta-series,Jacobi theta Gaussian lattice sum
jacobi-theta-series,Jacobi theta Gaussian lattice sum,theta-inversion,Jacobi theta scale inversion
fourier-gaussian,Fourier transform of a Gaussian,theta-inversion,Jacobi theta scale inversion
improper-integral,Improper integral on a half-line,mellin-transform,Mellin transform
fourier-transform,Fourier transform,mellin-transform,Mellin transform
beta-function,Euler beta integral,incomplete-beta,Regularized incomplete beta function
span-basis,Basis and unique coordinates,krylov-subspace,Krylov subspace for a matrix action
matrix-product,Matrix multiplication,krylov-subspace,Krylov subspace for a matrix action
krylov-subspace,Krylov subspace for a matrix action,arnoldi-iteration,Arnoldi orthogonal reduction
arnoldi-iteration,Arnoldi orthogonal reduction,lanczos-recurrence,Lanczos three-term recurrence
krylov-subspace,Krylov subspace for a matrix action,gmres-residual-minimization,GMRES minimum-residual iterate
quadratic-form,Quadratic form,conjugate-gradient-linear-system,Conjugate-gradient recurrence for SPD systems
matrix-inverse,Inverse by the adjugate,linear-preconditioning,Preconditioned linear system
diagonalization,Diagonalization,bauer-fike-bound,Bauer–Fike eigenvalue perturbation bound
matrix-condition-number,Linear-system condition number,bauer-fike-bound,Bauer–Fike eigenvalue perturbation bound
qr-decomposition,QR factorization,qr-eigenvalue-iteration,QR iteration for eigenvalues
eigenvalue,Eigenvalues and eigenvectors,qr-eigenvalue-iteration,QR iteration for eigenvalues
lu-elimination,Gaussian elimination and pivoted LU,iterative-refinement,Iterative refinement of a linear solve
matrix-product,Matrix multiplication,jacobi-linear-iteration,Jacobi stationary linear iteration
jacobi-linear-iteration,Jacobi stationary linear iteration,gauss-seidel-iteration,Gauss–Seidel linear iteration
euler-method,Explicit Euler method,backward-euler-method,Backward Euler time step
trapezoidal-rule,Composite trapezoidal quadrature,implicit-trapezoidal-ode,Implicit trapezoidal ODE step
euler-method,Explicit Euler method,explicit-midpoint-ode,Explicit midpoint Runge–Kutta step
euler-method,Explicit Euler method,adams-bashforth-two,Two-step Adams–Bashforth method
backward-euler-method,Backward Euler time step,bdf-two,Second-order backward differentiation formula
runge-kutta-four,Classical fourth-order Runge–Kutta method,runge-kutta-tableau,General Runge–Kutta stage formula
runge-kutta-tableau,General Runge–Kutta stage formula,embedded-rk-error,Embedded Runge–Kutta error estimate
euler-method,Explicit Euler method,absolute-stability-region,Absolute stability region of a time integrator
absolute-stability-region,Absolute stability region of a time integrator,a-stability,A-stability of one-step methods
linear-recurrence-characteristic,Characteristic-root solution of a linear recurrence,multistep-root-condition,Zero-stability root condition
multistep-root-condition,Zero-stability root condition,dahlquist-equivalence,Consistency plus zero-stability gives convergence
heat-equation,Heat or diffusion equation,ftcs-heat-scheme,Explicit centered heat-equation scheme
centered-second-difference,Centered second-derivative stencil,ftcs-heat-scheme,Explicit centered heat-equation scheme
implicit-trapezoidal-ode,Implicit trapezoidal ODE step,crank-nicolson-heat,Crank–Nicolson diffusion discretization
transport-equation,Constant-velocity transport,upwind-advection,First-order upwind advection scheme
transport-equation,Constant-velocity transport,cfl-domain-condition,CFL numerical-domain condition
heat-equation,Heat or diffusion equation,method-of-lines,Method of lines semidiscretization
weak-form-poisson,Weak formulation of the Dirichlet Poisson problem,galerkin-stiffness-matrix,Galerkin stiffness system for Poisson
lax-milgram,Lax–Milgram theorem,cea-lemma,Céa quasi-optimal Galerkin error
newton-method,Newton's root-finding method,shooting-boundary-method,Shooting method for a two-point boundary problem
lagrange-interpolation,Lagrange interpolation,polynomial-differentiation-matrix,Differentiation matrix on interpolation nodes
simpson-rule,Composite Simpson quadrature,adaptive-simpson-estimate,Adaptive Simpson local error estimate
gaussian-quadrature,Gaussian quadrature exactness,gaussian-quadrature-error,Gaussian quadrature remainder
chebyshev-recurrence,Chebyshev three-term recurrence,clenshaw-recurrence,Clenshaw evaluation of a Chebyshev series
qr-decomposition,QR factorization,givens-qr-rotation,Givens plane rotation for elimination
dominated-convergence,Dominated convergence theorem,differentiate-under-integral,Differentiation under an integral
chain-rule,Chain rule,leibniz-moving-boundaries,Leibniz rule with moving integration limits
fundamental-theorem-calculus,Fundamental theorem of calculus,leibniz-moving-boundaries,Leibniz rule with moving integration limits
chain-rule,Chain rule,faa-di-bruno,Faà di Bruno higher chain rule
product-rule,Product rule,faa-di-bruno,Faà di Bruno higher chain rule
gradient,Gradient,euler-homogeneous-theorem,Euler identity for homogeneous functions
hessian,Hessian matrix,hessian-composition,Hessian chain rule for a scalar composite
multivariable-chain-rule,Multivariable chain rule,hessian-composition,Hessian chain rule for a scalar composite
total-derivative,Total derivative,segment-integral-derivative,Integral mean-value formula for vector maps
gradient,Gradient,hadamard-lemma,Hadamard factorization near a vanishing point
finite-difference,Forward finite difference,bounded-variation,Total variation of a real function
bounded-variation,Total variation of a real function,jordan-bv-decomposition,Jordan decomposition of a BV function
lebesgue-integral,Integral with respect to a measure,absolute-continuity,Absolute continuity and integral recovery
integral,Riemann integral,riemann-stieltjes-integral,Riemann–Stieltjes integral
bounded-variation,Total variation of a real function,riemann-stieltjes-integral,Riemann–Stieltjes integral
riemann-stieltjes-integral,Riemann–Stieltjes integral,stieltjes-integration-by-parts,Stieltjes integration by parts
norm,Norm axioms and induced norm,holder-continuity,Hölder continuity seminorm
total-derivative,Total derivative,rademacher-theorem,Almost-everywhere differentiability of Lipschitz maps
holder-continuity,Hölder continuity seminorm,rademacher-theorem,Almost-everywhere differentiability of Lipschitz maps
uniform-convergence,Uniform convergence,egorov-theorem,Egorov almost-uniform convergence
lebesgue-integral,Integral with respect to a measure,egorov-theorem,Egorov almost-uniform convergence
lebesgue-integral,Integral with respect to a measure,lusin-theorem,Lusin approximation by continuous restrictions
lebesgue-integral,Integral with respect to a measure,convergence-in-measure,Convergence in measure
lebesgue-integral,Integral with respect to a measure,uniform-integrability,Uniform integrability by tail control
convergence-in-measure,Convergence in measure,vitali-l1-convergence,Vitali convergence theorem
uniform-integrability,Uniform integrability by tail control,vitali-l1-convergence,Vitali convergence theorem
lebesgue-integral,Integral with respect to a measure,signed-measure-jordan,Jordan decomposition of a finite signed measure
lebesgue-integral,Integral with respect to a measure,measure-total-variation,Total variation measure and integral bound
radon-nikodym,Radon–Nikodym density,lebesgue-measure-decomposition,Lebesgue decomposition of measures
set-union,Union of sets,caratheodory-measurability,Carathéodory measurable-set criterion
lebesgue-integral,Integral with respect to a measure,caratheodory-measurability,Carathéodory measurable-set criterion
lp-norm,Lp norm of a function,lp-completeness,Completeness of Lp spaces
cauchy-criterion,Cauchy criterion for convergence,lp-completeness,Completeness of Lp spaces
holder-inequality,Hölder's inequality,lp-duality,Dual representation of Lp functionals
radon-nikodym,Radon–Nikodym density,lp-duality,Dual representation of Lp functionals
holder-inequality,Hölder's inequality,lp-interpolation-log-convexity,Interpolation inequality for Lp norms
cauchy-criterion,Cauchy criterion for convergence,baire-category,Baire category theorem
baire-category,Baire category theorem,uniform-boundedness,Uniform boundedness principle
operator-norm,Norm of a bounded linear operator,uniform-boundedness,Uniform boundedness principle
operator-norm,Norm of a bounded linear operator,open-mapping-theorem,Banach open mapping theorem
baire-category,Baire category theorem,open-mapping-theorem,Banach open mapping theorem
open-mapping-theorem,Banach open mapping theorem,bounded-inverse-theorem,Bounded inverse theorem
open-mapping-theorem,Banach open mapping theorem,closed-graph-theorem,Closed graph theorem
operator-norm,Norm of a bounded linear operator,weak-banach-convergence,Weak convergence in a Banach space
weak-banach-convergence,Weak convergence in a Banach space,weak-star-convergence,Weak-star convergence of dual functionals
weak-star-convergence,Weak-star convergence of dual functionals,banach-alaoglu,Banach–Alaoglu compactness
weak-star-convergence,Weak-star convergence of dual functionals,reflexive-banach-space,Canonical embedding and reflexivity
weak-banach-convergence,Weak convergence in a Banach space,weak-norm-lower-semicontinuity,Norm is weakly lower semicontinuous
dual-map,Dual space and pullback of linear functionals,banach-adjoint,Adjoint operator between continuous duals
operator-norm,Norm of a bounded linear operator,compact-operator,Compact linear operator
compact-operator,Compact linear operator,compact-selfadjoint-spectral,Spectral expansion of a compact self-adjoint operator
spectral-theorem,Spectral theorem in finite dimensions,compact-selfadjoint-spectral,Spectral expansion of a compact self-adjoint operator
compact-operator,Compact linear operator,fredholm-alternative,Fredholm alternative for compact perturbations
operator-norm,Norm of a bounded linear operator,operator-resolvent,Resolvent and spectrum of a bounded operator
operator-resolvent,Resolvent and spectrum of a bounded operator,resolvent-identity,Resolvent identity
operator-resolvent,Resolvent and spectrum of a bounded operator,spectral-radius-formula,Gelfand spectral radius formula
weierstrass-approximation,Weierstrass polynomial approximation,stone-weierstrass,Real Stone–Weierstrass theorem
uniform-convergence,Uniform convergence,dini-uniform-convergence,Dini monotone convergence theorem
adjoint,Adjoint of a linear map,hilbert-operator-norm-square,Hilbert operator norm-square identity
operator-norm,Norm of a bounded linear operator,hilbert-operator-norm-square,Hilbert operator norm-square identity
distribution-derivative,Derivative of a distribution,dirac-distribution,Dirac point-evaluation distribution
distribution-derivative,Derivative of a distribution,principal-value-distribution,Cauchy principal-value distribution 1/x
dirac-distribution,Dirac point-evaluation distribution,heaviside-distribution-derivative,Derivative of a jump is a delta
distribution-derivative,Derivative of a distribution,heaviside-distribution-derivative,Derivative of a jump is a delta
dirac-distribution,Dirac point-evaluation distribution,delta-simple-root-change,Delta under a smooth scalar map
convolution,Convolution,distribution-convolution,Convolution of a distribution with a test function
distribution-derivative,Derivative of a distribution,distribution-convolution,Convolution of a distribution with a test function
fourier-transform,Fourier transform,schwartz-space,Schwartz rapidly decreasing functions
schwartz-space,Schwartz rapidly decreasing functions,tempered-distribution,Tempered distributions
fourier-transform,Fourier transform,fourier-schwartz-automorphism,Fourier transform on Schwartz space and its dual
tempered-distribution,Tempered distributions,fourier-schwartz-automorphism,Fourier transform on Schwartz space and its dual
fourier-transform,Fourier transform,poisson-summation,Poisson summation formula
schwartz-space,Schwartz rapidly decreasing functions,poisson-summation,Poisson summation formula
sobolev-norm,Sobolev norm,sobolev-embedding,Sobolev inequality on Euclidean space
sobolev-norm,Sobolev norm,morrey-inequality,Morrey Hölder estimate
holder-continuity,Hölder continuity seminorm,morrey-inequality,Morrey Hölder estimate
sobolev-embedding,Sobolev inequality on Euclidean space,rellich-kondrachov,Compact Sobolev embedding
sobolev-norm,Sobolev norm,sobolev-trace,Boundary trace of a Sobolev function
holder-inequality,Hölder's inequality,hardy-inequality,Hardy inverse-distance inequality
weak-derivative,Weak derivative,weak-sobolev-chain,Sobolev chain rule
weak-derivative,Weak derivative,weak-sobolev-product,Sobolev product rule
integral-mean,Average value of a function,hardy-littlewood-maximal,Hardy–Littlewood maximal weak bound
riesz-thorin,Riesz–Thorin interpolation,marcinkiewicz-interpolation,Marcinkiewicz weak-to-strong interpolation
principal-value-distribution,Cauchy principal-value distribution 1/x,hilbert-transform,Hilbert transform and its Fourier multiplier
fourier-transform,Fourier transform,hilbert-transform,Hilbert transform and its Fourier multiplier
cauchy-theorem,Cauchy's integral theorem,morera-theorem,Morera integral criterion
laurent-series,Laurent expansion on an annulus,removable-singularity,Riemann removable-singularity theorem
taylor-series,Taylor series of an analytic function,holomorphic-zero-order,Local factorization at a holomorphic zero
holomorphic-zero-order,Local factorization at a holomorphic zero,pole-order,Pole order and reciprocal zeros
laurent-series,Laurent expansion on an annulus,casorati-weierstrass,Casorati–Weierstrass density near an essential singularity
liouville-theorem,Liouville's theorem for entire functions,little-picard,Little Picard theorem
casorati-weierstrass,Casorati–Weierstrass density near an essential singularity,great-picard,Great Picard theorem at an isolated essential singularity
holomorphic-zero-order,Local factorization at a holomorphic zero,holomorphic-open-mapping,Open mapping theorem for holomorphic functions
inverse-function-theorem,Inverse function theorem,holomorphic-inverse,Holomorphic local inverse theorem
complex-logarithm,Principal complex logarithm,holomorphic-logarithm,Analytic logarithm criterion
argument-principle,Argument principle,holomorphic-logarithm,Analytic logarithm criterion
holomorphic-logarithm,Analytic logarithm criterion,holomorphic-root,Holomorphic nth root on a simply connected domain
cauchy-theorem,Cauchy's integral theorem,holomorphic-primitive-criterion,Primitive criterion for a holomorphic function
complex-line-integral,Complex contour integral,winding-number-integral,Contour winding number
residue,Residue and the simple-pole formula,higher-pole-residue,Residue at a pole of arbitrary order
laurent-series,Laurent expansion on an annulus,higher-pole-residue,Residue at a pole of arbitrary order
residue-theorem,Residue theorem,residue-at-infinity,Residue at infinity and global residue balance
harmonic-mean-value,Mean-value property of harmonic functions,jensen-zero-formula,Jensen formula for zeros in a disk
rouche-theorem,Rouché's theorem,hurwitz-zero-theorem,Hurwitz preservation of zero counts
cauchy-estimates,Cauchy estimates,montel-local-boundedness,Montel normal-family theorem
arzela-ascoli,Arzelà–Ascoli compactness,montel-local-boundedness,Montel normal-family theorem
uniform-convergence,Uniform convergence,holomorphic-locally-uniform-limit,Locally uniform limit theorem for holomorphic functions
mobius-transformation,Möbius transformation,riemann-mapping,Riemann mapping theorem
schwarz-lemma,Schwarz lemma,schwarz-pick,Schwarz–Pick contraction
mobius-transformation,Möbius transformation,schwarz-pick,Schwarz–Pick contraction
mobius-transformation,Möbius transformation,disk-automorphisms,All conformal automorphisms of the disk
holomorphic-harmonic,Holomorphic functions have harmonic components,harmonic-conjugate,Harmonic conjugate construction
cauchy-riemann,Cauchy–Riemann equations,harmonic-conjugate,Harmonic conjugate construction
poisson-integral-disk,Poisson integral on the unit disk,harnack-disk,Harnack inequality on a disk
poisson-integral-disk,Poisson integral on the unit disk,schwarz-integral-formula,Schwarz reconstruction from the real part
disk-automorphisms,All conformal automorphisms of the disk,finite-blaschke-product,Finite Blaschke product
cauchy-integral-formula,Cauchy's integral formula,runge-approximation,Runge polynomial approximation for a hole-free compact set
laurent-series,Laurent expansion on an annulus,mittag-leffler-theorem,Mittag–Leffler prescribed principal parts
holomorphic-logarithm,Analytic logarithm criterion,weierstrass-factorization,Weierstrass entire product factorization
sine-cosine-series,Sine and cosine power series,sine-infinite-product,Euler infinite product for sine
gamma-function,Euler gamma integral,gamma-weierstrass-product,Entire product for reciprocal gamma
weierstrass-factorization,Weierstrass entire product factorization,hadamard-factorization,Hadamard factorization for finite-order entire functions
complex-line-integral,Complex contour integral,contour-ml-bound,Contour length-times-maximum bound
cauchy-riemann,Cauchy–Riemann equations,wirtinger-derivatives,Wirtinger derivatives
wirtinger-derivatives,Wirtinger derivatives,cauchy-pompeiu,Cauchy–Pompeiu formula
mobius-transformation,Möbius transformation,schwarzian-derivative,Schwarzian derivative
schwarzian-derivative,Schwarzian derivative,schwarzian-chain-rule,Schwarzian composition law
holomorphic-primitive-criterion,Primitive criterion for a holomorphic function,schwarz-christoffel,Schwarz–Christoffel polygon map
picard-iteration,Picard iteration for an initial value problem,picard-lindelof-theorem,Picard–Lindelöf local well-posedness
arzela-ascoli,Arzelà–Ascoli compactness,peano-existence,Peano local existence theorem
picard-lindelof-theorem,Picard–Lindelöf local well-posedness,ode-continuation-alternative,Finite-time ODE continuation criterion
chain-rule,Chain rule,bernoulli-ode-substitution,Bernoulli equation linearizing substitution
integrating-factor,Integrating factor for a linear ODE,bernoulli-ode-substitution,Bernoulli equation linearizing substitution
logarithmic-derivative,Logarithmic derivative,riccati-linearization,Scalar Riccati to second-order linear equation
quotient-rule,Quotient rule,riccati-linearization,Scalar Riccati to second-order linear equation
mixed-partials,Equality of mixed partial derivatives,exact-first-order-ode,Exact differential equation criterion
gradient-theorem,Fundamental theorem for line integrals,exact-first-order-ode,Exact differential equation criterion
power-rule,Power rule,cauchy-euler-equation,Cauchy–Euler indicial polynomial
linear-second-order,Constant-coefficient second-order linear equation,cauchy-euler-equation,Cauchy–Euler indicial polynomial
wronskian-abel,Abel–Liouville identity for the Wronskian,reduction-of-order,Reduction of order from one known solution
taylor-series,Taylor series of an analytic function,frobenius-indicial-equation,Frobenius series at a regular singular point
cauchy-euler-equation,Cauchy–Euler indicial polynomial,frobenius-indicial-equation,Frobenius series at a regular singular point
weak-form-poisson,Weak formulation of the Dirichlet Poisson problem,interval-dirichlet-green,Green kernel for the interval Dirichlet problem
sturm-liouville,Regular Dirichlet Sturm–Liouville problem,sturm-oscillation-count,Sturm–Liouville nodal count
laplacian,Laplacian,laplace-fundamental-solution,Fundamental solution of minus the Laplacian
divergence-theorem,Divergence theorem,laplace-fundamental-solution,Fundamental solution of minus the Laplacian
green-second-identity,Green's second identity,dirichlet-green-representation,Dirichlet Green representation for Poisson
laplace-fundamental-solution,Fundamental solution of minus the Laplacian,dirichlet-green-representation,Dirichlet Green representation for Poisson
harmonic-mean-value,Mean-value property of harmonic functions,harmonic-maximum-principle,Weak and strong harmonic maximum principles
harmonic-maximum-principle,Weak and strong harmonic maximum principles,hopf-boundary-lemma,Hopf boundary point lemma for harmonic functions
distribution-derivative,Derivative of a distribution,weyl-harmonic-lemma,Weyl lemma for distributional harmonic functions
weak-form-poisson,Weak formulation of the Dirichlet Poisson problem,caccioppoli-harmonic-estimate,Caccioppoli interior energy estimate
sobolev-norm,Sobolev norm,elliptic-interior-h2,Interior H2 estimate for Poisson
weak-form-poisson,Weak formulation of the Dirichlet Poisson problem,elliptic-interior-h2,Interior H2 estimate for Poisson
laplace-fundamental-solution,Fundamental solution of minus the Laplacian,half-space-image-green,Method of images for a Dirichlet half-space
divergence-theorem,Divergence theorem,neumann-poisson-compatibility,Compatibility and uniqueness for Neumann Poisson data
heat-kernel,Gaussian heat kernel,heat-semigroup-contraction,Heat semigroup Lp contraction
heat-kernel,Gaussian heat kernel,heat-derivative-smoothing,Heat-kernel derivative smoothing bound
young-convolution-inequality,Young's convolution inequality,heat-derivative-smoothing,Heat-kernel derivative smoothing bound
heat-equation,Heat or diffusion equation,parabolic-maximum-principle,Parabolic maximum principle
heat-equation,Heat or diffusion equation,dirichlet-heat-eigenexpansion,Heat flow in Dirichlet eigenmodes
sturm-liouville,Regular Dirichlet Sturm–Liouville problem,dirichlet-heat-eigenexpansion,Heat flow in Dirichlet eigenmodes
wave-equation,Wave equation,wave-finite-propagation,Finite speed of wave propagation
wave-energy,Conservation of wave energy,wave-finite-propagation,Finite speed of wave propagation
wave-equation,Wave equation,kirchhoff-wave-formula,Kirchhoff formula for three-dimensional waves
surface-integral,Flux through a parametrized surface,kirchhoff-wave-formula,Kirchhoff formula for three-dimensional waves
laplace-transform,Unilateral Laplace transform,bromwich-inversion,Bromwich inversion of the Laplace transform
multivariable-taylor,Second-order multivariable Taylor expansion,laplace-asymptotic-method,Laplace method at a nondegenerate interior minimum
gaussian-integral,Gaussian integral,laplace-asymptotic-method,Laplace method at a nondegenerate interior minimum
integration-by-parts,Integration by parts,stationary-phase-one-dimensional,One-dimensional stationary phase
complex-exponential,Euler's formula,stationary-phase-one-dimensional,One-dimensional stationary phase
laplace-transform,Unilateral Laplace transform,watson-lemma,Watson lemma for endpoint Laplace asymptotics
gamma-function,Euler gamma integral,watson-lemma,Watson lemma for endpoint Laplace asymptotics
lebesgue-integral,Integral with respect to a measure,lebesgue-differentiation,Lebesgue differentiation theorem
probability-axioms,Probability axioms,cumulative-distribution-function,Cumulative distribution function
cumulative-distribution-function,Cumulative distribution function,quantile-function,Generalized quantile function
uniform-distribution,Continuous uniform distribution,quantile-function,Generalized quantile function
cumulative-distribution-function,Cumulative distribution function,probability-integral-transform,Probability integral transform
cumulative-distribution-function,Cumulative distribution function,survival-hazard,Survival and hazard relation
exponential-distribution,Exponential waiting time,survival-hazard,Survival and hazard relation
cumulative-distribution-function,Cumulative distribution function,order-statistic-density,Density of an order statistic
binomial-coefficient,Binomial coefficient,order-statistic-density,Density of an order statistic
binomial-distribution,Binomial distribution,multinomial-distribution,Multinomial distribution
multinomial-coefficient,Multinomial coefficient,multinomial-distribution,Multinomial distribution
beta-distribution,Beta distribution,dirichlet-distribution,Dirichlet distribution
multinomial-distribution,Multinomial distribution,dirichlet-distribution,Dirichlet distribution
normal-distribution,Normal distribution,lognormal-distribution,Lognormal distribution
density-change-variables,Density under a change of variables,lognormal-distribution,Lognormal distribution
normal-distribution,Normal distribution,chi-squared-distribution,Chi-squared distribution
gamma-distribution,Gamma distribution,chi-squared-distribution,Chi-squared distribution
normal-distribution,Normal distribution,student-t-distribution,Student t distribution
chi-squared-distribution,Chi-squared distribution,student-t-distribution,Student t distribution
chi-squared-distribution,Chi-squared distribution,f-distribution,F distribution
survival-hazard,Survival and hazard relation,weibull-distribution,Weibull distribution
tail-sum-expectation,Tail integral formula,pareto-distribution,Pareto distribution
characteristic-function,Characteristic function,cauchy-distribution,Cauchy distribution
exponential-distribution,Exponential waiting time,laplace-distribution,Laplace distribution
multivariate-normal,Multivariate normal density,wishart-distribution,Wishart Gaussian scatter distribution
covariance-matrix-transform,Covariance under a linear map,wishart-distribution,Wishart Gaussian scatter distribution
multivariate-normal,Multivariate normal density,gaussian-conditioning,Conditional multivariate Gaussian
schur-complement,Schur complement,gaussian-conditioning,Conditional multivariate Gaussian
integration-by-parts,Integration by parts,gaussian-integration-by-parts,Gaussian integration by parts
normal-distribution,Normal distribution,gaussian-integration-by-parts,Gaussian integration by parts
multivariate-normal,Multivariate normal density,wick-formula,Wick–Isserlis Gaussian moment formula
gaussian-integration-by-parts,Gaussian integration by parts,wick-formula,Wick–Isserlis Gaussian moment formula
union-bound,Union bound,borel-cantelli-first,First Borel–Cantelli lemma
independence,Independence of random variables,borel-cantelli-second,Second Borel–Cantelli lemma
borel-cantelli-first,First Borel–Cantelli lemma,borel-cantelli-second,Second Borel–Cantelli lemma
independence,Independence of random variables,kolmogorov-zero-one,Kolmogorov zero–one law
probability-axioms,Probability axioms,kolmogorov-zero-one,Kolmogorov zero–one law
probability-axioms,Probability axioms,convergence-in-probability,Convergence in probability
cumulative-distribution-function,Cumulative distribution function,convergence-in-distribution,Convergence in distribution
lp-norm,Lp norm of a function,lp-random-convergence,Lp convergence of random variables
expectation,Expectation,lp-random-convergence,Lp convergence of random variables
convergence-in-distribution,Convergence in distribution,continuous-mapping-theorem,Continuous mapping theorem
convergence-in-distribution,Convergence in distribution,slutsky-theorem,Slutsky's theorem
convergence-in-probability,Convergence in probability,slutsky-theorem,Slutsky's theorem
characteristic-function,Characteristic function,levy-continuity-theorem,Lévy continuity theorem
convergence-in-distribution,Convergence in distribution,levy-continuity-theorem,Lévy continuity theorem
central-limit-theorem,Central limit theorem,berry-esseen,Berry–Esseen bound
central-limit-theorem,Central limit theorem,lindeberg-clt,Lindeberg triangular-array CLT
variance-sum,Variance of a sum,lindeberg-clt,Lindeberg triangular-array CLT
moment-generating-function,Moment generating function,subgaussian-variable,Sub-Gaussian moment bound
chernoff-bound,Exponential Chernoff bound,bernstein-inequality,Bernstein inequality for bounded sums
variance-sum,Variance of a sum,bernstein-inequality,Bernstein inequality for bounded sums
chernoff-bound,Exponential Chernoff bound,bennett-inequality,Bennett inequality
markov-inequality,Markov's inequality,cantelli-inequality,Cantelli one-sided variance bound
variance,Variance,cantelli-inequality,Cantelli one-sided variance bound
cauchy-schwarz,Cauchy–Schwarz inequality,paley-zygmund,Paley–Zygmund lower bound
expectation,Expectation,paley-zygmund,Paley–Zygmund lower bound
variance-sum,Variance of a sum,efron-stein,Efron–Stein variance inequality
hoeffding-inequality,Hoeffding's inequality,mcdiarmid-inequality,McDiarmid bounded-difference inequality
martingale,Martingale property,azuma-hoeffding,Azuma–Hoeffding martingale bound
variance-sum,Variance of a sum,kolmogorov-maximal,Kolmogorov maximal inequality
chebyshev-inequality,Chebyshev's inequality,kolmogorov-maximal,Kolmogorov maximal inequality
cumulant-generating-function,Cumulant generating function,cramer-large-deviations,Cramér large-deviation principle
convex-conjugate,Legendre-Fenchel conjugate,cramer-large-deviations,Cramér large-deviation principle
poisson-distribution,Poisson distribution,poisson-approximation,Le Cam Poisson approximation
bernoulli-distribution,Bernoulli distribution,poisson-approximation,Le Cam Poisson approximation
expectation-linearity,Linearity of expectation,wald-identity,Wald's random-sum identity
martingale,Martingale property,wald-identity,Wald's random-sum identity
total-variance,Law of total variance,random-sum-variance,Variance of an independent random sum
variance-sum,Variance of a sum,random-sum-variance,Variance of an independent random sum
cumulative-distribution-function,Cumulative distribution function,sklar-copula,Sklar's copula representation
probability-integral-transform,Probability integral transform,sklar-copula,Sklar's copula representation
sklar-copula,Sklar's copula representation,frechet-hoeffding-bounds,Fréchet–Hoeffding copula bounds
union-bound,Union bound,frechet-hoeffding-bounds,Fréchet–Hoeffding copula bounds
expectation,Expectation,statistical-risk,Statistical risk
bayes-rule,Bayes' rule,bayes-action,Bayes action by posterior expected loss
statistical-risk,Statistical risk,bayes-action,Bayes action by posterior expected loss
conditional-probability,Conditional probability,bayes-classifier,Bayes classifier and irreducible error
bayes-action,Bayes action by posterior expected loss,bayes-classifier,Bayes classifier and irreducible error
quantile-function,Generalized quantile function,quantile-loss-minimizer,Quantiles minimize pinball loss
subgradient,Convex subgradient,quantile-loss-minimizer,Quantiles minimize pinball loss
statistical-risk,Statistical risk,minimax-statistical-risk,Minimax statistical risk
multivariate-normal,Multivariate normal density,james-stein-estimator,James–Stein shrinkage estimator
statistical-risk,Statistical risk,james-stein-estimator,James–Stein shrinkage estimator
gaussian-integration-by-parts,Gaussian integration by parts,stein-unbiased-risk-estimate,Stein's unbiased risk estimate
statistical-risk,Statistical risk,stein-unbiased-risk-estimate,Stein's unbiased risk estimate
sufficient-statistic,Neyman-Fisher factorization,minimal-sufficiency,Minimal sufficient statistic criterion
expectation,Expectation,complete-statistic,Completeness of a statistic
sufficient-statistic,Neyman-Fisher factorization,complete-statistic,Completeness of a statistic
complete-statistic,Completeness of a statistic,lehmann-scheffe,Lehmann–Scheffé theorem
rao-blackwell,Rao-Blackwell improvement,lehmann-scheffe,Lehmann–Scheffé theorem
complete-statistic,Completeness of a statistic,basu-theorem,Basu's theorem
sufficient-statistic,Neyman-Fisher factorization,basu-theorem,Basu's theorem
fisher-information,Fisher information,fisher-information-reparameterization,Fisher information under reparameterization
multivariable-chain-rule,Multivariable chain rule,fisher-information-reparameterization,Fisher information under reparameterization
maximum-likelihood,Maximum likelihood estimation,mle-asymptotic-normality,Asymptotic normality of a regular MLE
central-limit-theorem,Central limit theorem,mle-asymptotic-normality,Asymptotic normality of a regular MLE
fisher-information,Fisher information,mle-asymptotic-normality,Asymptotic normality of a regular MLE
central-limit-theorem,Central limit theorem,estimating-equation-sandwich,Sandwich covariance for estimating equations
covariance-matrix-transform,Covariance under a linear map,estimating-equation-sandwich,Sandwich covariance for estimating equations
delta-method,Delta method,wald-test,Wald test for smooth restrictions
chi-squared-distribution,Chi-squared distribution,wald-test,Wald test for smooth restrictions
score-function,Likelihood score,score-test,Rao score test
fisher-information,Fisher information,score-test,Rao score test
p-value,Tail-area p-value,confidence-test-duality,Confidence sets by test inversion
p-value,Tail-area p-value,bonferroni-correction,Bonferroni familywise correction
union-bound,Union bound,bonferroni-correction,Bonferroni familywise correction
p-value,Tail-area p-value,benjamini-hochberg,Benjamini–Hochberg false-discovery control
p-value,Tail-area p-value,permutation-test,Permutation randomization test
group-action,Group action,permutation-test,Permutation randomization test
hypergeometric-distribution,Hypergeometric distribution,fisher-exact-test,Fisher exact test distribution
conditional-probability,Conditional probability,fisher-exact-test,Fisher exact test distribution
empirical-distribution,Empirical distribution function,kolmogorov-smirnov-test,Kolmogorov–Smirnov one-sample statistic
probability-integral-transform,Probability integral transform,kolmogorov-smirnov-test,Kolmogorov–Smirnov one-sample statistic
empirical-distribution,Empirical distribution function,dkw-inequality,Dvoretzky–Kiefer–Wolfowitz inequality
empirical-distribution,Empirical distribution function,glivenko-cantelli,Glivenko–Cantelli theorem
borel-cantelli-first,First Borel–Cantelli lemma,glivenko-cantelli,Glivenko–Cantelli theorem
quantile-function,Generalized quantile function,sample-quantile-asymptotics,Asymptotic distribution of a sample quantile
central-limit-theorem,Central limit theorem,sample-quantile-asymptotics,Asymptotic distribution of a sample quantile
binomial-coefficient,Binomial coefficient,u-statistic,Unbiased U-statistic
expectation-linearity,Linearity of expectation,u-statistic,Unbiased U-statistic
sample-variance,Unbiased sample variance,jackknife-variance,Jackknife variance estimate
bootstrap-estimate,Bootstrap estimate of standard error,jackknife-variance,Jackknife variance estimate
statistical-risk,Statistical risk,kfold-cross-validation,K-fold cross-validation
arithmetic-mean,Arithmetic mean,kfold-cross-validation,K-fold cross-validation
least-squares,Least squares,loocv-linear-smoother,Leave-one-out shortcut for linear smoothers
sherman-morrison,Sherman–Morrison rank-one update,loocv-linear-smoother,Leave-one-out shortcut for linear smoothers
maximum-likelihood,Maximum likelihood estimation,akaike-information-criterion,Akaike information criterion
cross-entropy,Cross entropy,akaike-information-criterion,Akaike information criterion
maximum-likelihood,Maximum likelihood estimation,bayesian-information-criterion,Bayesian information criterion
gaussian-integral,Gaussian integral,bayesian-information-criterion,Bayesian information criterion
bayes-rule,Bayes' rule,bayes-factor,Bayes factor
fisher-information-reparameterization,Fisher information under reparameterization,jeffreys-prior,Jeffreys prior measure
determinant,Determinant,jeffreys-prior,Jeffreys prior measure
dirichlet-distribution,Dirichlet distribution,dirichlet-multinomial-update,Dirichlet–multinomial posterior update
multinomial-distribution,Multinomial distribution,dirichlet-multinomial-update,Dirichlet–multinomial posterior update
gamma-distribution,Gamma distribution,gamma-poisson-update,Gamma–Poisson posterior update
poisson-distribution,Poisson distribution,gamma-poisson-update,Gamma–Poisson posterior update
survival-hazard,Survival and hazard relation,kaplan-meier,Kaplan–Meier survival estimator
conditional-probability,Conditional probability,kaplan-meier,Kaplan–Meier survival estimator
survival-hazard,Survival and hazard relation,nelson-aalen,Nelson–Aalen cumulative hazard estimator
survival-hazard,Survival and hazard relation,cox-partial-likelihood,Cox proportional-hazards partial likelihood
maximum-likelihood,Maximum likelihood estimation,cox-partial-likelihood,Cox proportional-hazards partial likelihood
empirical-distribution,Empirical distribution function,kernel-density-estimator,Kernel density estimator
kernel-density-estimator,Kernel density estimator,kde-mise,Kernel density bias–variance bandwidth law
weighted-mean,Weighted arithmetic mean,nadaraya-watson,Nadaraya–Watson regression
conditional-expectation,Conditional expectation,nadaraya-watson,Nadaraya–Watson regression
quantile-loss-minimizer,Quantiles minimize pinball loss,quantile-regression,Quantile regression
least-squares,Least squares,huber-loss,Huber loss
subgradient,Convex subgradient,huber-loss,Huber loss
maximum-likelihood,Maximum likelihood estimation,m-estimation,M-estimation objective and equation
gradient,Gradient,m-estimation,M-estimation objective and equation
lasso-regression,Lasso regression,elastic-net,Elastic net regression
ridge-regression,Ridge regression,elastic-net,Elastic net regression
normal-equations,Least-squares normal equations,regression-hat-matrix,Regression hat matrix and leverage
projection,Orthogonal projection,regression-hat-matrix,Regression hat matrix and leverage
normal-equations,Least-squares normal equations,frisch-waugh-lovell,Frisch–Waugh–Lovell residualization
regression-hat-matrix,Regression hat matrix and leverage,frisch-waugh-lovell,Frisch–Waugh–Lovell residualization
exponential-family,Exponential family and log partition function,generalized-linear-model,Generalized linear model mean–variance structure
multivariate-normal,Multivariate normal density,linear-discriminant-analysis,Gaussian linear discriminant analysis
bayes-classifier,Bayes classifier and irreducible error,linear-discriminant-analysis,Gaussian linear discriminant analysis
correlation,Pearson correlation,partial-correlation,Partial correlation from precision
matrix-inverse,Inverse by the adjugate,partial-correlation,Partial correlation from precision
f-distribution,F distribution,f-test-linear-model,F test for nested Gaussian linear models
anova-decomposition,ANOVA sum-of-squares decomposition,f-test-linear-model,F test for nested Gaussian linear models
student-t-pivot,Student t pivot,regression-prediction-interval,Gaussian regression prediction interval
normal-equations,Least-squares normal equations,regression-prediction-interval,Gaussian regression prediction interval
conditional-expectation,Conditional expectation,causal-g-formula,Covariate adjustment for average treatment effect
tower-property,Tower property,causal-g-formula,Covariate adjustment for average treatment effect
causal-g-formula,Covariate adjustment for average treatment effect,inverse-propensity-weighting,Inverse propensity weighting identity
causal-g-formula,Covariate adjustment for average treatment effect,doubly-robust-ate,Doubly robust treatment-effect score
inverse-propensity-weighting,Inverse propensity weighting identity,doubly-robust-ate,Doubly robust treatment-effect score
markov-chain,Markov chain transition law,transition-kernel,Markov transition kernel
conditional-expectation,Conditional expectation,transition-kernel,Markov transition kernel
stationary-distribution,Stationary distribution,markov-chain-ergodic-theorem,Finite Markov chain time-average theorem
markov-chain,Markov chain transition law,markov-chain-convergence,Finite Markov chain convergence theorem
stationary-distribution,Stationary distribution,markov-chain-convergence,Finite Markov chain convergence theorem
probability-axioms,Probability axioms,total-variation-distance,Total variation distance between laws
total-variation-distance,Total variation distance between laws,coupling-inequality,Coupling characterization of total variation
total-variation-distance,Total variation distance between laws,dobrushin-contraction,Dobrushin contraction coefficient
transition-kernel,Markov transition kernel,dobrushin-contraction,Dobrushin contraction coefficient
markov-chain-convergence,Finite Markov chain convergence theorem,markov-mixing-time,Total variation mixing time
total-variation-distance,Total variation distance between laws,markov-mixing-time,Total variation mixing time
stationary-distribution,Stationary distribution,kac-return-time,Kac mean return-time identity
detailed-balance,Detailed balance,reversible-dirichlet-form,Dirichlet form of a reversible chain
inner-product,Inner product,reversible-dirichlet-form,Dirichlet form of a reversible chain
spectral-theorem,Spectral theorem in finite dimensions,spectral-gap-mixing,Spectral bound on reversible mixing
reversible-dirichlet-form,Dirichlet form of a reversible chain,spectral-gap-mixing,Spectral bound on reversible mixing
detailed-balance,Detailed balance,metropolis-hastings,Metropolis–Hastings acceptance rule
conditional-probability,Conditional probability,gibbs-sampling,Gibbs conditional resampling
autocorrelation,Autocorrelation of a stationary process,integrated-autocorrelation-time,Integrated autocorrelation and effective sample size
variance-sum,Variance of a sum,integrated-autocorrelation-time,Integrated autocorrelation and effective sample size
uniform-distribution,Continuous uniform distribution,acceptance-rejection,Acceptance–rejection sampling
conditional-probability,Conditional probability,acceptance-rejection,Acceptance–rejection sampling
expectation,Expectation,importance-sampling,Importance sampling identity and estimator
radon-nikodym,Radon–Nikodym density,importance-sampling,Importance sampling identity and estimator
importance-sampling,Importance sampling identity and estimator,self-normalized-importance,Self-normalized importance sampling
covariance,Covariance,control-variate,Optimal linear control variate
least-squares,Least squares,control-variate,Optimal linear control variate
variance-sum,Variance of a sum,antithetic-variance,Antithetic sampling variance
uniform-distribution,Continuous uniform distribution,antithetic-variance,Antithetic sampling variance
total-probability,Law of total probability,stratified-monte-carlo,Stratified Monte Carlo and allocation
variance-sum,Variance of a sum,stratified-monte-carlo,Stratified Monte Carlo and allocation
importance-sampling,Importance sampling identity and estimator,sequential-importance-resampling,Sequential importance weights for particle filtering
bayes-rule,Bayes' rule,sequential-importance-resampling,Sequential importance weights for particle filtering
markov-chain,Markov chain transition law,ctmc-generator,Continuous-time Markov generator matrix
exponential-distribution,Exponential waiting time,ctmc-generator,Continuous-time Markov generator matrix
ctmc-generator,Continuous-time Markov generator matrix,ctmc-forward,Kolmogorov equations for a finite chain
ctmc-generator,Continuous-time Markov generator matrix,ctmc-uniformization,Uniformization of a finite Markov chain
poisson-process,Poisson process increments,ctmc-uniformization,Uniformization of a finite Markov chain
ctmc-generator,Continuous-time Markov generator matrix,birth-death-stationary,Stationary law of a birth–death process
detailed-balance,Detailed balance,birth-death-stationary,Stationary law of a birth–death process
birth-death-stationary,Stationary law of a birth–death process,mm1-queue,Stationary M/M/1 queue
expectation,Expectation,little-law,Little's queueing law
conditional-expectation,Conditional expectation,renewal-equation,Renewal equation
law-large-numbers,Strong law of large numbers,renewal-reward-theorem,Renewal reward theorem
renewal-equation,Renewal equation,renewal-reward-theorem,Renewal reward theorem
renewal-reward-theorem,Renewal reward theorem,inspection-paradox,Equilibrium residual lifetime
tail-sum-expectation,Tail integral formula,inspection-paradox,Equilibrium residual lifetime
probability-generating-function,Probability generating function,branching-extinction,Galton–Watson extinction probability
martingale,Martingale property,branching-mean-martingale,Galton–Watson mean and normalized martingale
expectation-linearity,Linearity of expectation,branching-mean-martingale,Galton–Watson mean and normalized martingale
martingale,Martingale property,doob-maximal-inequality,Doob Lp maximal inequality
conditional-expectation,Conditional expectation,doob-decomposition,Discrete Doob decomposition
martingale,Martingale property,doob-decomposition,Discrete Doob decomposition
martingale,Martingale property,martingale-convergence,L1-bounded martingale convergence
brownian-motion,Brownian motion covariance and increments,quadratic-variation-brownian,Brownian quadratic variation
variance-sum,Variance of a sum,quadratic-variation-brownian,Brownian quadratic variation
ito-formula,Ito's formula,ito-product-rule,Itô product rule
ito-formula,Ito's formula,exponential-martingale,Brownian exponential martingale
ito-isometry,Ito isometry,exponential-martingale,Brownian exponential martingale
exponential-martingale,Brownian exponential martingale,girsanov-theorem,Girsanov Brownian drift change
radon-nikodym,Radon–Nikodym density,girsanov-theorem,Girsanov Brownian drift change
ito-formula,Ito's formula,stratonovich-conversion,Itô–Stratonovich drift conversion
ito-isometry,Ito isometry,sde-strong-existence,Strong existence and uniqueness for Lipschitz SDEs
picard-iteration,Picard iteration for an initial value problem,sde-strong-existence,Strong existence and uniqueness for Lipschitz SDEs
ito-formula,Ito's formula,infinitesimal-generator,Diffusion infinitesimal generator
infinitesimal-generator,Diffusion infinitesimal generator,kolmogorov-backward-diffusion,Kolmogorov backward equation for a diffusion
transition-kernel,Markov transition kernel,kolmogorov-backward-diffusion,Kolmogorov backward equation for a diffusion
kolmogorov-backward-diffusion,Kolmogorov backward equation for a diffusion,feynman-kac,Feynman–Kac representation
brownian-motion,Brownian motion covariance and increments,brownian-reflection,Brownian reflection principle
brownian-reflection,Brownian reflection principle,brownian-first-passage,Brownian first-passage density
brownian-motion,Brownian motion covariance and increments,brownian-bridge,Brownian bridge
gaussian-conditioning,Conditional multivariate Gaussian,brownian-bridge,Brownian bridge
ito-formula,Ito's formula,tanaka-formula,Tanaka's local-time formula
martingale,Martingale property,levy-brownian-characterization,Lévy characterization of Brownian motion
quadratic-variation-brownian,Brownian quadratic variation,levy-brownian-characterization,Lévy characterization of Brownian motion
poisson-process,Poisson process increments,compensated-poisson-integral,Compensated Poisson martingale integral
martingale,Martingale property,compensated-poisson-integral,Compensated Poisson martingale integral
poisson-process,Poisson process increments,poisson-campbell,Campbell moments for a Poisson point process
expectation-linearity,Linearity of expectation,poisson-campbell,Campbell moments for a Poisson point process
barycentric-combination,Convex barycentric combination,convex-set,Convex set
convex-set,Convex set,epigraph,Epigraph characterization of convexity
convexity-definition,Convex function inequality,epigraph,Epigraph characterization of convexity
convexity-definition,Convex function inequality,perspective-transform,Perspective of a convex function
inner-product,Inner product,support-function,Support function of a set
convex-conjugate,Legendre-Fenchel conjugate,support-function,Support function of a set
convex-set,Convex set,convex-indicator-function,Extended-real indicator of a constraint
proximal-operator,Proximal operator,convex-indicator-function,Extended-real indicator of a constraint
convex-set,Convex set,separating-hyperplane,Strong separation of disjoint convex sets
projection,Orthogonal projection,separating-hyperplane,Strong separation of disjoint convex sets
linear-map,Linear map,farkas-lemma,Farkas alternative for linear feasibility
separating-hyperplane,Strong separation of disjoint convex sets,farkas-lemma,Farkas alternative for linear feasibility
convex-conjugate,Legendre-Fenchel conjugate,fenchel-moreau,Fenchel–Moreau biconjugation
fenchel-young,Fenchel-Young inequality,fenchel-moreau,Fenchel–Moreau biconjugation
convexity-definition,Convex function inequality,infimal-convolution,Infimal convolution
infimal-convolution,Infimal convolution,conjugate-infimal-convolution,Conjugate of an infimal convolution
convex-conjugate,Legendre-Fenchel conjugate,conjugate-infimal-convolution,Conjugate of an infimal convolution
proximal-operator,Proximal operator,moreau-envelope,Moreau envelope and its gradient
proximal-operator,Proximal operator,moreau-decomposition,Moreau primal-dual decomposition
convex-conjugate,Legendre-Fenchel conjugate,moreau-decomposition,Moreau primal-dual decomposition
proximal-operator,Proximal operator,proximal-firm-nonexpansive,Firm nonexpansiveness of a proximal map
subgradient,Convex subgradient,proximal-firm-nonexpansive,Firm nonexpansiveness of a proximal map
subgradient,Convex subgradient,monotone-operator,Monotone set-valued operator
inner-product,Inner product,monotone-operator,Monotone set-valued operator
monotone-operator,Monotone set-valued operator,monotone-resolvent,Resolvent of a maximal monotone operator
proximal-operator,Proximal operator,monotone-resolvent,Resolvent of a maximal monotone operator
smoothness-descent-lemma,Descent lemma,cocoercivity,Baillon–Haddad gradient inequality
first-order-convexity,First-order characterization of convexity,cocoercivity,Baillon–Haddad gradient inequality
smoothness-descent-lemma,Descent lemma,polyak-lojasiewicz,Polyak–Łojasiewicz gradient domination
gradient-descent,Gradient descent,polyak-lojasiewicz,Polyak–Łojasiewicz gradient domination
projected-gradient,Projected gradient method,projected-gradient-mapping,Projected gradient mapping
smoothness-descent-lemma,Descent lemma,gradient-stationarity-rate,Nonconvex gradient-descent stationarity bound
gradient-descent,Gradient descent,gradient-stationarity-rate,Nonconvex gradient-descent stationarity bound
gradient-descent,Gradient descent,accelerated-gradient,Nesterov accelerated gradient scheme
smoothness-descent-lemma,Descent lemma,accelerated-gradient,Nesterov accelerated gradient scheme
proximal-gradient,Proximal gradient method,fista,FISTA for composite convex objectives
accelerated-gradient,Nesterov accelerated gradient scheme,fista,FISTA for composite convex objectives
first-order-convexity,First-order characterization of convexity,frank-wolfe,Frank–Wolfe conditional gradient
barycentric-combination,Convex barycentric combination,frank-wolfe,Frank–Wolfe conditional gradient
frank-wolfe,Frank–Wolfe conditional gradient,frank-wolfe-gap,Frank–Wolfe optimality gap
first-order-convexity,First-order characterization of convexity,frank-wolfe-gap,Frank–Wolfe optimality gap
lagrangian-dual,Lagrangian dual function,dual-ascent,Projected dual ascent
projected-gradient,Projected gradient method,dual-ascent,Projected dual ascent
lagrangian-dual,Lagrangian dual function,augmented-lagrangian,Augmented Lagrangian for equality constraints
quadratic-form,Quadratic form,augmented-lagrangian,Augmented Lagrangian for equality constraints
augmented-lagrangian,Augmented Lagrangian for equality constraints,admm,Alternating direction method of multipliers
proximal-operator,Proximal operator,admm,Alternating direction method of multipliers
proximal-operator,Proximal operator,douglas-rachford,Douglas–Rachford splitting
monotone-resolvent,Resolvent of a maximal monotone operator,douglas-rachford,Douglas–Rachford splitting
proximal-operator,Proximal operator,chambolle-pock,Chambolle–Pock primal-dual splitting
convex-conjugate,Legendre-Fenchel conjugate,chambolle-pock,Chambolle–Pock primal-dual splitting
newton-optimization,Newton step for optimization,bfgs-update,BFGS Hessian approximation update
hessian,Hessian matrix,bfgs-update,BFGS Hessian approximation update
quadratic-program,Convex quadratic program,trust-region-subproblem,Exact trust-region subproblem conditions
kkt-conditions,Karush-Kuhn-Tucker conditions,trust-region-subproblem,Exact trust-region subproblem conditions
directional-derivative,Directional derivative,armijo-condition,Armijo sufficient-decrease condition
gradient-descent,Gradient descent,armijo-condition,Armijo sufficient-decrease condition
armijo-condition,Armijo sufficient-decrease condition,wolfe-conditions,Wolfe line-search conditions
fisher-information,Fisher information,natural-gradient,Natural gradient direction
gradient,Gradient,natural-gradient,Natural gradient direction
stochastic-gradient,Stochastic gradient descent,adagrad,Diagonal AdaGrad update
stochastic-gradient,Stochastic gradient descent,adam,Adam moment-corrected update
momentum-method,Heavy-ball momentum,adam,Adam moment-corrected update
stochastic-gradient,Stochastic gradient descent,svrg,Variance-reduced finite-sum gradient
expectation-linearity,Linearity of expectation,svrg,Variance-reduced finite-sum gradient
projected-gradient,Projected gradient method,online-gradient-regret,Online projected-gradient regret bound
subgradient,Convex subgradient,online-gradient-regret,Online projected-gradient regret bound
kkt-conditions,Karush-Kuhn-Tucker conditions,logarithmic-barrier,Logarithmic barrier and central-path gap
logarithm-laws,Logarithm laws,logarithmic-barrier,Logarithmic barrier and central-path gap
quadratic-form,Quadratic form,semidefinite-program,Semidefinite programming form
trace,Trace,semidefinite-program,Semidefinite programming form
norm,Norm axioms and induced norm,second-order-cone-program,Second-order cone programming form
convex-set,Convex set,second-order-cone-program,Second-order cone programming form
expectation,Expectation,empirical-risk-minimization,Empirical risk minimization
arithmetic-mean,Arithmetic mean,empirical-risk-minimization,Empirical risk minimization
empirical-risk-minimization,Empirical risk minimization,regularized-risk,Regularized empirical risk
hoeffding-inequality,Hoeffding's inequality,finite-class-generalization,Finite-class uniform generalization bound
union-bound,Union bound,finite-class-generalization,Finite-class uniform generalization bound
binomial-theorem,Binomial theorem,vc-dimension,Vapnik–Chervonenkis dimension
vc-dimension,Vapnik–Chervonenkis dimension,sauer-shelah,Sauer–Shelah growth bound
binomial-coefficient,Binomial coefficient,sauer-shelah,Sauer–Shelah growth bound
sauer-shelah,Sauer–Shelah growth bound,vc-generalization-bound,VC uniform-convergence bound
finite-class-generalization,Finite-class uniform generalization bound,vc-generalization-bound,VC uniform-convergence bound
expectation,Expectation,rademacher-complexity,Empirical Rademacher complexity
bernoulli-distribution,Bernoulli distribution,rademacher-complexity,Empirical Rademacher complexity
rademacher-complexity,Empirical Rademacher complexity,rademacher-generalization,Rademacher generalization bound
empirical-risk-minimization,Empirical risk minimization,rademacher-generalization,Rademacher generalization bound
kl-divergence,Kullback-Leibler divergence,pac-bayes-bound,PAC-Bayes Bernoulli-KL bound
entropy-variational-formula,Entropy variational formula for log-sum-exp,pac-bayes-bound,PAC-Bayes Bernoulli-KL bound
empirical-risk-minimization,Empirical risk minimization,stability-generalization,Uniform stability implies expected generalization
expectation,Expectation,stability-generalization,Uniform stability implies expected generalization
quadratic-program,Convex quadratic program,hard-margin-svm,Hard-margin support vector machine
inner-product,Inner product,hard-margin-svm,Hard-margin support vector machine
hard-margin-svm,Hard-margin support vector machine,soft-margin-svm,Soft-margin SVM and hinge loss
regularized-risk,Regularized empirical risk,soft-margin-svm,Soft-margin SVM and hinge loss
soft-margin-svm,Soft-margin SVM and hinge loss,svm-dual,Kernel soft-margin SVM dual
lagrangian-dual,Lagrangian dual function,svm-dual,Kernel soft-margin SVM dual
inner-product,Inner product,kernel-function,Positive-semidefinite kernel
quadratic-form,Quadratic form,kernel-function,Positive-semidefinite kernel
kernel-function,Positive-semidefinite kernel,representer-theorem,Representer theorem
orthogonal-decomposition,Orthogonal decomposition and energy split,representer-theorem,Representer theorem
representer-theorem,Representer theorem,kernel-ridge,Kernel ridge regression
ridge-regression,Ridge regression,kernel-ridge,Kernel ridge regression
multivariate-normal,Multivariate normal density,gaussian-process,Gaussian process
kernel-function,Positive-semidefinite kernel,gaussian-process,Gaussian process
gaussian-process,Gaussian process,gp-posterior,Gaussian-process regression posterior
gaussian-conditioning,Conditional multivariate Gaussian,gp-posterior,Gaussian-process regression posterior
gaussian-process,Gaussian process,gp-log-marginal-likelihood,Gaussian-process log marginal likelihood
multivariate-normal,Multivariate normal density,gp-log-marginal-likelihood,Gaussian-process log marginal likelihood
kernel-function,Positive-semidefinite kernel,rbf-kernel,Gaussian radial-basis kernel
exponential-derivative,Derivative of an exponential,rbf-kernel,Gaussian radial-basis kernel
matrix-product,Matrix multiplication,neural-network-layer,Affine-activation neural layer
function-composition,Composition of functions,neural-network-layer,Affine-activation neural layer
multivariable-chain-rule,Multivariable chain rule,backpropagation,Backpropagation through dense layers
neural-network-layer,Affine-activation neural layer,backpropagation,Backpropagation through dense layers
derivative,Derivative,relu,Rectified linear unit
softmax,Softmax weights,crossentropy-softmax-gradient,Softmax cross-entropy gradient
cross-entropy,Cross entropy,crossentropy-softmax-gradient,Softmax cross-entropy gradient
bernoulli-distribution,Bernoulli distribution,dropout,Inverted dropout
conditional-expectation,Conditional expectation,dropout,Inverted dropout
arithmetic-mean,Arithmetic mean,batch-normalization,Mini-batch normalization
variance,Variance,batch-normalization,Mini-batch normalization
softmax,Softmax weights,attention,Scaled dot-product attention
matrix-product,Matrix multiplication,attention,Scaled dot-product attention
neural-network-layer,Affine-activation neural layer,universal-approximation,Sigmoidal universal approximation
uniform-convergence,Uniform convergence,universal-approximation,Sigmoidal universal approximation
mean-as-minimizer,Mean as the best constant,k-means-objective,k-means distortion objective
k-means-objective,k-means distortion objective,lloyd-update,Lloyd assignment-and-centroid iteration
arithmetic-mean,Arithmetic mean,lloyd-update,Lloyd assignment-and-centroid iteration
multivariate-normal,Multivariate normal density,gaussian-mixture,Finite Gaussian mixture model
total-probability,Law of total probability,gaussian-mixture,Finite Gaussian mixture model
gaussian-mixture,Finite Gaussian mixture model,gmm-em-update,EM updates for a Gaussian mixture
em-algorithm,Expectation-maximization algorithm,gmm-em-update,EM updates for a Gaussian mixture
bayes-rule,Bayes' rule,naive-bayes-classifier,Naive Bayes classifier
independence,Independence of random variables,naive-bayes-classifier,Naive Bayes classifier
arithmetic-mean,Arithmetic mean,knn-regression,k-nearest-neighbor regression
norm,Norm axioms and induced norm,knn-regression,k-nearest-neighbor regression
entropy,Shannon entropy,decision-tree-impurity,Decision-tree impurity decrease
weighted-mean,Weighted arithmetic mean,decision-tree-impurity,Decision-tree impurity decrease
weighted-mean,Weighted arithmetic mean,adaboost,AdaBoost exponential reweighting
exponential-family,Exponential family and log partition function,adaboost,AdaBoost exponential reweighting
kernel-function,Positive-semidefinite kernel,random-fourier-features,Random Fourier feature approximation
characteristic-function,Characteristic function,random-fourier-features,Random Fourier feature approximation
neural-network-layer,Affine-activation neural layer,autoencoder-objective,Autoencoder reconstruction objective
least-squares,Least squares,autoencoder-objective,Autoencoder reconstruction objective
conditional-probability,Conditional probability,bayesian-network-factorization,Bayesian-network factorization
total-probability,Law of total probability,sum-product-message,Sum-product messages on a pairwise tree
bayesian-network-factorization,Bayesian-network factorization,sum-product-message,Sum-product messages on a pairwise tree
exponential-family,Exponential family and log partition function,log-linear-markov-random-field,Log-linear Markov random field
gibbs-distribution,Gibbs distribution,log-linear-markov-random-field,Log-linear Markov random field
elbo,Evidence lower bound identity,variational-mean-field,Coordinate mean-field variational update
kl-divergence,Kullback-Leibler divergence,variational-mean-field,Coordinate mean-field variational update
multivariable-chain-rule,Multivariable chain rule,reparameterization-gradient,Pathwise reparameterization gradient
dominated-convergence,Dominated convergence theorem,reparameterization-gradient,Pathwise reparameterization gradient
score-function,Likelihood score,score-function-gradient,Likelihood-ratio gradient of an expectation
product-rule,Product rule,score-function-gradient,Likelihood-ratio gradient of an expectation
conditional-expectation,Conditional expectation,denoising-score-matching,Gaussian denoising score matching
convolution,Convolution,denoising-score-matching,Gaussian denoising score matching
lp-norm,Lp norm of a function,hellinger-distance,Hellinger distance
kl-divergence,Kullback-Leibler divergence,renyi-divergence,Rényi divergence
entropy,Shannon entropy,renyi-entropy,Rényi entropy
kl-divergence,Kullback-Leibler divergence,jensen-shannon-divergence,Jensen–Shannon divergence
weighted-mean,Weighted arithmetic mean,jensen-shannon-divergence,Jensen–Shannon divergence
radon-nikodym,Radon–Nikodym density,f-divergence,Csiszár f-divergence
jensen-inequality,Jensen's inequality,f-divergence,Csiszár f-divergence
kl-divergence,Kullback-Leibler divergence,pinsker-inequality,Pinsker inequality
total-variation-distance,Total variation distance between laws,pinsker-inequality,Pinsker inequality
kl-divergence,Kullback-Leibler divergence,kl-chain-rule,Chain rule for relative entropy
conditional-probability,Conditional probability,kl-chain-rule,Chain rule for relative entropy
jensen-inequality,Jensen's inequality,log-sum-inequality,Log-sum inequality
mutual-information,Mutual information,information-density,Information density
self-information,Self-information,information-density,Information density
entropy,Shannon entropy,conditional-entropy,Conditional Shannon entropy
conditional-probability,Conditional probability,conditional-entropy,Conditional Shannon entropy
conditional-entropy,Conditional Shannon entropy,entropy-rate,Entropy rate of a stationary source
joint-entropy-chain-rule,Entropy chain rule,entropy-rate,Entropy rate of a stationary source
entropy-rate,Entropy rate of a stationary source,asymptotic-equipartition,Shannon–McMillan asymptotic equipartition
law-large-numbers,Strong law of large numbers,asymptotic-equipartition,Shannon–McMillan asymptotic equipartition
channel-capacity,Capacity of a discrete memoryless channel,binary-symmetric-capacity,Binary symmetric channel capacity
entropy,Shannon entropy,binary-symmetric-capacity,Binary symmetric channel capacity
channel-capacity,Capacity of a discrete memoryless channel,binary-erasure-capacity,Binary erasure channel capacity
conditional-entropy,Conditional Shannon entropy,binary-erasure-capacity,Binary erasure channel capacity
awgn-capacity,Real Gaussian channel capacity,gaussian-water-filling,Water-filling for parallel Gaussian channels
kkt-conditions,Karush-Kuhn-Tucker conditions,gaussian-water-filling,Water-filling for parallel Gaussian channels
mutual-information,Mutual information,rate-distortion,Rate-distortion function
expectation,Expectation,rate-distortion,Rate-distortion function
rate-distortion,Rate-distortion function,gaussian-rate-distortion,Gaussian squared-error rate-distortion
maximum-entropy-gaussian,Gaussian maximum entropy at fixed variance,gaussian-rate-distortion,Gaussian squared-error rate-distortion
rate-distortion,Rate-distortion function,bernoulli-hamming-rate-distortion,Bernoulli Hamming rate-distortion
bernoulli-distribution,Bernoulli distribution,bernoulli-hamming-rate-distortion,Bernoulli Hamming rate-distortion
conditional-entropy,Conditional Shannon entropy,slepian-wolf-region,Slepian–Wolf separate-compression region
source-coding-bound,Entropy bound for binary prefix coding,slepian-wolf-region,Slepian–Wolf separate-compression region
mutual-information,Mutual information,information-bottleneck,Information bottleneck objective
data-processing,Data-processing inequality,information-bottleneck,Information bottleneck objective
empirical-distribution,Empirical distribution function,sanov-theorem,Sanov large deviations for empirical laws
kl-divergence,Kullback-Leibler divergence,sanov-theorem,Sanov large deviations for empirical laws
neyman-pearson,Neyman-Pearson likelihood-ratio test,stein-error-exponent,Chernoff–Stein testing exponent
kl-divergence,Kullback-Leibler divergence,stein-error-exponent,Chernoff–Stein testing exponent
chernoff-bound,Exponential Chernoff bound,chernoff-information,Chernoff information for symmetric testing
neyman-pearson,Neyman-Pearson likelihood-ratio test,chernoff-information,Chernoff information for symmetric testing
differential-entropy,Differential entropy,entropy-power-inequality,Entropy power inequality
variance-sum,Variance of a sum,entropy-power-inequality,Entropy power inequality
differential-entropy,Differential entropy,de-bruijn-identity,de Bruijn entropy derivative
heat-equation,Heat or diffusion equation,de-bruijn-identity,de Bruijn entropy derivative
mutual-information,Mutual information,i-mmse,I-MMSE identity
conditional-expectation,Conditional expectation,i-mmse,I-MMSE identity
multivariate-normal,Multivariate normal density,gaussian-mutual-information,Mutual information of a Gaussian pair
mutual-information,Mutual information,gaussian-mutual-information,Mutual information of a Gaussian pair
multivariate-normal,Multivariate normal density,kl-gaussian,KL divergence between Gaussian laws
kl-divergence,Kullback-Leibler divergence,kl-gaussian,KL divergence between Gaussian laws
exponential-distribution,Exponential waiting time,maximum-entropy-exponential,Maximum entropy on a half-line with fixed mean
gibbs-inequality,Gibbs' inequality,maximum-entropy-exponential,Maximum entropy on a half-line with fixed mean
entropy-variational-formula,Entropy variational formula for log-sum-exp,maximum-entropy-moment-dual,Dual of finite maximum-entropy moment matching
exponential-family,Exponential family and log partition function,maximum-entropy-moment-dual,Dual of finite maximum-entropy moment matching
fisher-information,Fisher information,information-geometry-local-kl,Local quadratic expansion of KL
multivariable-taylor,Second-order multivariable Taylor expansion,information-geometry-local-kl,Local quadratic expansion of KL
expectation,Expectation,wasserstein-distance,Wasserstein p-distance
norm,Norm axioms and induced norm,wasserstein-distance,Wasserstein p-distance
wasserstein-distance,Wasserstein p-distance,kantorovich-duality,Kantorovich–Rubinstein duality
linear-program-duality,Linear programming duality,kantorovich-duality,Kantorovich–Rubinstein duality
entropy,Shannon entropy,sinkhorn-scaling,Sinkhorn scaling for entropic transport
linear-program-duality,Linear programming duality,sinkhorn-scaling,Sinkhorn scaling for entropic transport
entropy,Shannon entropy,entropy-continuity-bound,Finite-alphabet entropy continuity bound
total-variation-distance,Total variation distance between laws,entropy-continuity-bound,Finite-alphabet entropy continuity bound
geometric-sum,Finite geometric sum,z-transform,Bilateral z-transform
complex-exponential,Euler's formula,z-transform,Bilateral z-transform
z-transform,Bilateral z-transform,z-shift,Bilateral z-transform shift rule
z-transform,Bilateral z-transform,z-convolution,z-transform convolution rule
convolution,Convolution,z-convolution,z-transform convolution rule
fourier-series,Fourier series and Fourier coefficients,discrete-time-fourier-transform,Discrete-time Fourier transform
complex-exponential,Euler's formula,discrete-time-fourier-transform,Discrete-time Fourier transform
fourier-transform,Fourier transform,lti-frequency-response,Exponential eigenfunctions of LTI filters
convolution,Convolution,lti-frequency-response,Exponential eigenfunctions of LTI filters
wiener-khinchin,Wiener-Khinchin relation,wiener-filter,Noncausal Wiener filter for additive noise
mean-as-projection,Averaging as orthogonal projection,wiener-filter,Noncausal Wiener filter for additive noise
cauchy-schwarz,Cauchy–Schwarz inequality,matched-filter,Matched-filter signal-to-noise optimum
covariance-matrix-transform,Covariance under a linear map,matched-filter,Matched-filter signal-to-noise optimum
fourier-transform,Fourier transform,short-time-fourier-transform,Short-time Fourier transform
inner-product,Inner product,short-time-fourier-transform,Short-time Fourier transform
fourier-scaling,Fourier scaling rule,continuous-wavelet-transform,Continuous wavelet transform
inner-product,Inner product,continuous-wavelet-transform,Continuous wavelet transform
fourier-transform,Fourier transform,hilbert-transform-analytic-signal,Hilbert transform and analytic signal
complex-exponential,Euler's formula,hilbert-transform-analytic-signal,Hilbert transform and analytic signal
determinant,Determinant,cauchy-binet,Cauchy–Binet formula
matrix-product,Matrix multiplication,cauchy-binet,Cauchy–Binet formula
determinant,Determinant,matrix-determinant-lemma,Matrix determinant lemma
matrix-inverse,Inverse by the adjugate,matrix-determinant-lemma,Matrix determinant lemma
determinant,Determinant,sylvester-determinant-identity,Sylvester determinant identity
schur-complement,Schur complement,sylvester-determinant-identity,Sylvester determinant identity
matrix-exponential,Matrix exponential,determinant-exponential,Determinant of a matrix exponential
trace,Trace,determinant-exponential,Determinant of a matrix exponential
eigenvalue,Eigenvalues and eigenvectors,schur-triangularization,Complex Schur triangularization
gram-schmidt,Gram–Schmidt orthogonalization,schur-triangularization,Complex Schur triangularization
spectral-theorem,Spectral theorem in finite dimensions,simultaneous-diagonalization,Simultaneous diagonalization of commuting Hermitian matrices
min-max-eigenvalue,Courant–Fischer min–max principle,cauchy-eigenvalue-interlacing,Eigenvalue interlacing for a principal submatrix
min-max-eigenvalue,Courant–Fischer min–max principle,weyl-eigenvalue-inequality,Weyl eigenvalue bounds for a Hermitian sum
rayleigh-quotient,Rayleigh quotient,weyl-eigenvalue-inequality,Weyl eigenvalue bounds for a Hermitian sum
inner-product,Inner product,schur-product-theorem,Schur product theorem
tensor-product,Tensor product universal property,schur-product-theorem,Schur product theorem
gram-determinant,Gram determinant and volume,hadamard-determinant-inequality,Hadamard determinant inequality
gram-schmidt,Gram–Schmidt orthogonalization,hadamard-determinant-inequality,Hadamard determinant inequality
determinant,Determinant,pfaffian,Pfaffian and skew-symmetric determinant
wedge-product,Wedge product and graded commutativity,pfaffian,Pfaffian and skew-symmetric determinant
cayley-hamilton,Cayley–Hamilton theorem,minimal-polynomial-matrix,Minimal polynomial of a linear operator
polynomial-division,Polynomial division algorithm,minimal-polynomial-matrix,Minimal polynomial of a linear operator
minimal-polynomial-matrix,Minimal polynomial of a linear operator,rational-canonical-form,Rational canonical form
change-of-basis,Change of basis and similarity,rational-canonical-form,Rational canonical form
minimal-polynomial-matrix,Minimal polynomial of a linear operator,primary-decomposition-linear,Primary decomposition of a linear operator
bezout-identity,Bézout’s identity,primary-decomposition-linear,Primary decomposition of a linear operator
rank-nullity,Rank–nullity theorem,rank-product-inequality,Sylvester rank inequality
matrix-product,Matrix multiplication,rank-product-inequality,Sylvester rank inequality
kronecker-product,Kronecker product,vectorization-identity,Vectorization of a matrix product
matrix-product,Matrix multiplication,vectorization-identity,Vectorization of a matrix product
kronecker-product,Kronecker product,kronecker-sum-spectrum,Spectrum of a Kronecker sum
eigenvalue,Eigenvalues and eigenvectors,kronecker-sum-spectrum,Spectrum of a Kronecker sum
kronecker-product,Kronecker product,kronecker-determinant,Determinant of a Kronecker product
determinant,Determinant,kronecker-determinant,Determinant of a Kronecker product
wedge-product,Wedge product and graded commutativity,exterior-power-dimension,Dimension and top action of an exterior power
determinant,Determinant,exterior-power-dimension,Dimension and top action of an exterior power
tensor-product,Tensor product universal property,symmetric-power-dimension,Dimension of a symmetric power
stars-and-bars,Stars and bars,symmetric-power-dimension,Dimension of a symmetric power
quadratic-form,Quadratic form,matrix-completing-square,Completing the square for a quadratic polynomial
completing-square,Completing the square,matrix-completing-square,Completing the square for a quadratic polynomial
adjoint,Adjoint of a linear map,cayley-transform-matrix,Cayley transform of a skew-Hermitian matrix
matrix-inverse,Inverse by the adjugate,cayley-transform-matrix,Cayley transform of a skew-Hermitian matrix
inner-product,Inner product,frobenius-inner-product,Frobenius inner product on matrix space
trace,Trace,frobenius-inner-product,Frobenius inner product on matrix space
singular-value-decomposition,Singular value decomposition,frobenius-inner-product,Frobenius inner product on matrix space
diagonalization,Diagonalization,spectral-projectors-polynomial,Spectral projectors by polynomial interpolation
lagrange-interpolation,Lagrange interpolation,spectral-projectors-polynomial,Spectral projectors by polynomial interpolation
first-isomorphism-theorem,First isomorphism theorem,group-second-isomorphism,Second isomorphism theorem for groups
quotient-group,Quotient group,group-third-isomorphism,Third isomorphism theorem for groups
first-isomorphism-theorem,First isomorphism theorem,group-third-isomorphism,Third isomorphism theorem for groups
quotient-group,Quotient group,subgroup-correspondence,Subgroup correspondence for a quotient
direct-product-group,Direct product of groups,semidirect-product,Semidirect product
group-action,Group action,semidirect-product,Semidirect product
group-laws,Group axioms,commutator-subgroup,Commutator subgroup
quotient-group,Quotient group,commutator-subgroup,Commutator subgroup
commutator-subgroup,Commutator subgroup,abelianization,Abelianization and its universal property
quotient-group,Quotient group,abelianization,Abelianization and its universal property
commutator-subgroup,Commutator subgroup,derived-series-solvability,Derived series and solvable groups
group-laws,Group axioms,free-group-universal,Free group universal property
homomorphism,Group homomorphism,free-group-universal,Free group universal property
free-group-universal,Free group universal property,group-presentation,Presentation by generators and relations
quotient-group,Quotient group,group-presentation,Presentation by generators and relations
quotient-group,Quotient group,jordan-holder-groups,Jordan–Hölder theorem for finite groups
ideal-quotient,Quotient ring,ring-chinese-remainder,Chinese remainder theorem for rings
chinese-remainder-theorem,Chinese remainder theorem,ring-chinese-remainder,Chinese remainder theorem for rings
ideal-quotient,Quotient ring,prime-ideal-domain,Prime ideal quotient criterion
polynomial-division,Polynomial division algorithm,gauss-polynomial-lemma,Gauss’s lemma for primitive polynomials
prime-factorization,Fundamental theorem of arithmetic,gauss-polynomial-lemma,Gauss’s lemma for primitive polynomials
gauss-polynomial-lemma,Gauss’s lemma for primitive polynomials,eisenstein-criterion,Eisenstein irreducibility criterion
modular-congruence,Congruence modulo an integer,eisenstein-criterion,Eisenstein irreducibility criterion
factor-theorem,Polynomial remainder and factor theorem,minimal-polynomial-field,Minimal polynomial and a simple field extension
field-extension-degree,Tower law for field extensions,minimal-polynomial-field,Minimal polynomial and a simple field extension
minimal-polynomial-field,Minimal polynomial and a simple field extension,primitive-element-theorem,Primitive element theorem
galois-correspondence,Fundamental theorem of Galois theory,primitive-element-theorem,Primitive element theorem
factor-theorem,Polynomial remainder and factor theorem,separable-polynomial-criterion,Repeated-root criterion by a formal derivative
euclidean-algorithm,Euclidean algorithm,separable-polynomial-criterion,Repeated-root criterion by a formal derivative
ring-distributive-laws,Ring structure and distributivity,ring-localization,Localization of a commutative ring
modular-inverse,Modular inverse criterion,ring-localization,Localization of a commutative ring
ideal-quotient,Quotient ring,noetherian-ring,Noetherian ring condition
noetherian-ring,Noetherian ring condition,hilbert-basis-theorem,Hilbert basis theorem
polynomial-division,Polynomial division algorithm,hilbert-basis-theorem,Hilbert basis theorem
noetherian-ring,Noetherian ring condition,nakayama-lemma,Nakayama’s lemma
maximal-ideal-field,Maximal ideals and fields,nakayama-lemma,Nakayama’s lemma
finite-abelian-structure,Structure theorem for finite abelian groups,pid-module-structure,Structure theorem for finitely generated modules over a PID
ideal-quotient,Quotient ring,pid-module-structure,Structure theorem for finitely generated modules over a PID
pid-module-structure,Structure theorem for finitely generated modules over a PID,smith-normal-form,Smith normal form
change-of-basis,Change of basis and similarity,smith-normal-form,Smith normal form
exact-sequence,Exactness of consecutive maps,split-short-exact-sequence,Splitting a short exact sequence
direct-product-group,Direct product of groups,split-short-exact-sequence,Splitting a short exact sequence
exact-sequence,Exactness of consecutive maps,snake-lemma,Snake lemma
homology-group,Homology as cycles modulo boundaries,snake-lemma,Snake lemma
split-short-exact-sequence,Splitting a short exact sequence,projective-module,Projective module lifting property
tensor-product,Tensor product universal property,flat-module,Flat module and preservation of exactness
exact-sequence,Exactness of consecutive maps,flat-module,Flat module and preservation of exactness
projective-module,Projective module lifting property,tor-functor,Tor from a projective resolution
homology-group,Homology as cycles modulo boundaries,tor-functor,Tor from a projective resolution
flat-module,Flat module and preservation of exactness,tor-functor,Tor from a projective resolution
projective-module,Projective module lifting property,ext-functor,Ext from a projective resolution
exact-sequence,Exactness of consecutive maps,ext-functor,Ext from a projective resolution
lie-bracket,Matrix commutator and Lie bracket,universal-enveloping-algebra,Universal enveloping algebra
tensor-product,Tensor product universal property,universal-enveloping-algebra,Universal enveloping algebra
ideal-quotient,Quotient ring,universal-enveloping-algebra,Universal enveloping algebra
universal-enveloping-algebra,Universal enveloping algebra,poincare-birkhoff-witt,Poincaré–Birkhoff–Witt theorem
symmetric-power-dimension,Dimension of a symmetric power,poincare-birkhoff-witt,Poincaré–Birkhoff–Witt theorem
homomorphism,Group homomorphism,group-representation,Linear representation of a group
linear-map,Linear map,group-representation,Linear representation of a group
group-representation,Linear representation of a group,intertwining-map,Intertwining map between representations
group-representation,Linear representation of a group,maschke-theorem,Maschke’s theorem
projection,Orthogonal projection,maschke-theorem,Maschke’s theorem
intertwining-map,Intertwining map between representations,schur-lemma,Schur’s lemma for complex representations
eigenvalue,Eigenvalues and eigenvectors,schur-lemma,Schur’s lemma for complex representations
group-representation,Linear representation of a group,representation-character,Character of a finite-dimensional representation
trace,Trace,representation-character,Character of a finite-dimensional representation
representation-character,Character of a finite-dimensional representation,character-orthogonality,Orthogonality of irreducible characters
schur-lemma,Schur’s lemma for complex representations,character-orthogonality,Orthogonality of irreducible characters
maschke-theorem,Maschke’s theorem,irreducible-dimension-squares,Sum of squared irreducible dimensions
character-orthogonality,Orthogonality of irreducible characters,irreducible-dimension-squares,Sum of squared irreducible dimensions
character-orthogonality,Orthogonality of irreducible characters,character-multiplicity,Multiplicity from a character inner product
maschke-theorem,Maschke’s theorem,character-multiplicity,Multiplicity from a character inner product
group-representation,Linear representation of a group,reynolds-projection,Averaging projection onto invariant vectors
projection,Orthogonal projection,reynolds-projection,Averaging projection onto invariant vectors
maschke-theorem,Maschke’s theorem,group-algebra-decomposition,Complex group algebra decomposition
irreducible-dimension-squares,Sum of squared irreducible dimensions,group-algebra-decomposition,Complex group algebra decomposition
group-representation,Linear representation of a group,induced-representation,Induced representation
tensor-product,Tensor product universal property,induced-representation,Induced representation
induced-representation,Induced representation,frobenius-reciprocity,Frobenius reciprocity
intertwining-map,Intertwining map between representations,frobenius-reciprocity,Frobenius reciprocity
induced-representation,Induced representation,induced-character-formula,Character of an induced representation
representation-character,Character of a finite-dimensional representation,induced-character-formula,Character of an induced representation
representation-character,Character of a finite-dimensional representation,tensor-product-character,Character of a tensor product
tensor-product,Tensor product universal property,tensor-product-character,Character of a tensor product
dual-map,Dual space and pullback of linear functionals,contragredient-representation,Dual or contragredient representation
group-representation,Linear representation of a group,contragredient-representation,Dual or contragredient representation
contragredient-representation,Dual or contragredient representation,frobenius-schur-indicator,Frobenius–Schur indicator
character-orthogonality,Orthogonality of irreducible characters,frobenius-schur-indicator,Frobenius–Schur indicator
group-representation,Linear representation of a group,regular-representation-character,Character of the regular representation
character-multiplicity,Multiplicity from a character inner product,regular-representation-character,Character of the regular representation
character-orthogonality,Orthogonality of irreducible characters,irreducibles-conjugacy-classes,Irreducible characters form a class-function basis
inner-product,Inner product,unitarization-average,Invariant inner product by averaging
group-representation,Linear representation of a group,unitarization-average,Invariant inner product by averaging
tensor-product,Tensor product universal property,schur-weyl-duality,Schur–Weyl decomposition
group-representation,Linear representation of a group,schur-weyl-duality,Schur–Weyl decomposition
factorial-permutations,Permutations and falling factorials,hook-length-formula,Hook-length formula for standard Young tableaux
lie-bracket,Matrix commutator and Lie bracket,sl2-lie-relations,The Lie algebra sl₂
trace,Trace,sl2-lie-relations,The Lie algebra sl₂
sl2-lie-relations,The Lie algebra sl₂,sl2-irreducible-classification,Finite-dimensional irreducible sl₂ representations
symmetric-power-dimension,Dimension of a symmetric power,sl2-irreducible-classification,Finite-dimensional irreducible sl₂ representations
determinant,Determinant,schur-polynomial-alternant,Schur polynomial alternant formula
schur-weyl-duality,Schur–Weyl decomposition,schur-polynomial-alternant,Schur polynomial alternant formula
function-composition,Composition of functions,category-axioms,Category axioms
category-axioms,Category axioms,functor-laws,Functor laws
functor-laws,Functor laws,natural-transformation,Natural transformation
category-axioms,Category axioms,opposite-category,Opposite category
natural-transformation,Natural transformation,equivalence-of-categories,Equivalence of categories
inverse-function,Inverse function,equivalence-of-categories,Equivalence of categories
natural-transformation,Natural transformation,yoneda-lemma,Yoneda lemma
category-axioms,Category axioms,categorical-product,Categorical product universal property
categorical-product,Categorical product universal property,categorical-coproduct,Categorical coproduct universal property
opposite-category,Opposite category,categorical-coproduct,Categorical coproduct universal property
categorical-product,Categorical product universal property,categorical-pullback,Pullback or fiber product
categorical-pullback,Pullback or fiber product,categorical-pushout,Pushout universal property
categorical-coproduct,Categorical coproduct universal property,categorical-pushout,Pushout universal property
category-axioms,Category axioms,categorical-equalizer,Equalizer universal property
categorical-equalizer,Equalizer universal property,categorical-coequalizer,Coequalizer universal property
opposite-category,Opposite category,categorical-coequalizer,Coequalizer universal property
natural-transformation,Natural transformation,categorical-limit,Limit as a universal compatible cone
categorical-product,Categorical product universal property,categorical-limit,Limit as a universal compatible cone
categorical-limit,Limit as a universal compatible cone,categorical-colimit,Colimit as a universal compatible cocone
opposite-category,Opposite category,categorical-colimit,Colimit as a universal compatible cocone
natural-transformation,Natural transformation,adjunction,Adjunction of functors
adjunction,Adjunction of functors,adjunction-triangle-identities,"Unit, counit and triangle identities"
adjunction,Adjunction of functors,adjoints-preserve-limits,Right adjoints preserve limits
categorical-limit,Limit as a universal compatible cone,adjoints-preserve-limits,Right adjoints preserve limits
adjunction,Adjunction of functors,composition-of-adjunctions,Composition of adjunctions
adjunction,Adjunction of functors,tensor-hom-adjunction,Tensor–Hom adjunction for modules
tensor-product,Tensor product universal property,tensor-hom-adjunction,Tensor–Hom adjunction for modules
natural-transformation,Natural transformation,monad-laws,Monad unit and multiplication laws
monad-laws,Monad unit and multiplication laws,monad-algebra,Algebra for a monad
categorical-colimit,Colimit as a universal compatible cocone,pointwise-left-kan-extension,Pointwise left Kan extension
functor-laws,Functor laws,pointwise-left-kan-extension,Pointwise left Kan extension
categorical-product,Categorical product universal property,exponential-object,Exponential object and currying
adjunction,Adjunction of functors,exponential-object,Exponential object and currying
adjunction,Adjunction of functors,galois-connection-posets,Galois connection between ordered sets
binomial-coefficient,Binomial coefficient,hockey-stick-identity,Hockey-stick identity
pascal-rule,Pascal’s rule,hockey-stick-identity,Hockey-stick identity
binomial-theorem,Binomial theorem,binomial-inversion,Binomial inversion
inclusion-exclusion,Inclusion–exclusion principle,binomial-inversion,Binomial inversion
factorial-permutations,Permutations and falling factorials,stirling-first-kind,Unsigned Stirling numbers of the first kind
generating-function,Ordinary generating function,stirling-first-kind,Unsigned Stirling numbers of the first kind
stirling-first-kind,Unsigned Stirling numbers of the first kind,stirling-basis-inversion,Stirling change of polynomial basis
stirling-second-kind,Stirling numbers of the second kind,stirling-basis-inversion,Stirling change of polynomial basis
change-of-basis,Change of basis and similarity,stirling-basis-inversion,Stirling change of polynomial basis
factorial-permutations,Permutations and falling factorials,eulerian-recurrence,Eulerian number recurrence
generating-function,Ordinary generating function,lagrange-inversion-formal,Formal Lagrange inversion
catalan-numbers,Catalan numbers,lagrange-inversion-formal,Formal Lagrange inversion
exponential-generating-function,Exponential generating function,exponential-combinatorial-formula,Exponential formula for labeled components
bell-numbers,Bell numbers,exponential-combinatorial-formula,Exponential formula for labeled components
burnside-lemma,Burnside’s orbit-counting lemma,polya-cycle-index,Pólya cycle-index substitution
group-action,Group action,polya-cycle-index,Pólya cycle-index substitution
burnside-lemma,Burnside’s orbit-counting lemma,necklace-counting,Rotational necklace count
euler-totient,Euler’s totient function,necklace-counting,Rotational necklace count
finite-field,Finite fields,gaussian-binomial,Gaussian binomial coefficient
span-basis,Basis and unique coordinates,gaussian-binomial,Gaussian binomial coefficient
gaussian-binomial,Gaussian binomial coefficient,finite-q-binomial-theorem,Finite q-binomial theorem
binomial-theorem,Binomial theorem,finite-q-binomial-theorem,Finite q-binomial theorem
partition-generating-function,Integer partition generating function,pentagonal-partition-identity,Euler pentagonal-number identity
mobius-inversion,Möbius inversion over divisors,poset-mobius-inversion,Möbius inversion on finite posets
inclusion-exclusion,Inclusion–exclusion principle,poset-mobius-inversion,Möbius inversion on finite posets
poset-mobius-inversion,Möbius inversion on finite posets,incidence-algebra,Incidence-algebra convolution
matrix-product,Matrix multiplication,incidence-algebra,Incidence-algebra convolution
binomial-coefficient,Binomial coefficient,lubell-inequality,Lubell–Yamamoto–Meshalkin inequality
factorial-permutations,Permutations and falling factorials,lubell-inequality,Lubell–Yamamoto–Meshalkin inequality
binomial-coefficient,Binomial coefficient,sperner-theorem,Sperner theorem
hall-marriage-theorem,Hall’s marriage theorem,dilworth-theorem,Dilworth chain-decomposition theorem
handshake-lemma,Handshake lemma,euler-trail-criterion,Euler trail criterion
graph-adjacency-walks,Adjacency powers count walks,bipartite-odd-cycle,Bipartite graph criterion
hall-marriage-theorem,Hall’s marriage theorem,konig-matching-cover,Kőnig matching–cover theorem
max-flow-min-cut,Max-flow min-cut theorem,konig-matching-cover,Kőnig matching–cover theorem
hall-marriage-theorem,Hall’s marriage theorem,tutte-perfect-matching,Tutte perfect-matching criterion
max-flow-min-cut,Max-flow min-cut theorem,menger-theorem,Menger vertex-path theorem
handshake-lemma,Handshake lemma,turan-theorem,Turán extremal graph theorem
pigeonhole-principle,Pigeonhole principle,ramsey-recursion,Ramsey-number recursion
turan-theorem,Turán extremal graph theorem,erdos-stone-theorem,Erdős–Stone asymptotic extremal theorem
chromatic-deletion-contraction,Chromatic polynomial deletion–contraction,erdos-stone-theorem,Erdős–Stone asymptotic extremal theorem
graph-dirichlet-energy,Graph Dirichlet energy,laplacian-component-nullity,Laplacian kernel and connected components
rank-nullity,Rank–nullity theorem,laplacian-component-nullity,Laplacian kernel and connected components
graph-laplacian,Graph Laplacian,normalized-graph-laplacian,Normalized graph Laplacian
spectral-theorem,Spectral theorem in finite dimensions,normalized-graph-laplacian,Normalized graph Laplacian
normalized-graph-laplacian,Normalized graph Laplacian,graph-cheeger-inequality,Graph Cheeger inequality
rayleigh-quotient,Rayleigh quotient,graph-cheeger-inequality,Graph Cheeger inequality
graph-laplacian,Graph Laplacian,effective-resistance-graph,Effective resistance from the Laplacian
pseudoinverse,Moore–Penrose pseudoinverse,effective-resistance-graph,Effective resistance from the Laplacian
effective-resistance-graph,Effective resistance from the Laplacian,foster-resistance-theorem,Foster resistance identity
trace,Trace,foster-resistance-theorem,Foster resistance identity
markov-chain,Markov chain transition law,commute-time-resistance,Random-walk commute time and resistance
effective-resistance-graph,Effective resistance from the Laplacian,commute-time-resistance,Random-walk commute time and resistance
matrix-tree-theorem,Matrix–tree theorem,spanning-tree-edge-probability,Weighted spanning-tree edge probability
effective-resistance-graph,Effective resistance from the Laplacian,spanning-tree-edge-probability,Weighted spanning-tree edge probability
matrix-tree-theorem,Matrix–tree theorem,matrix-forest-theorem,Rooted forest determinant
determinant,Determinant,matrix-forest-theorem,Rooted forest determinant
span-basis,Basis and unique coordinates,matroid-independent-sets,Matroid independence axioms
tree-edge-count,Edges in a finite tree,matroid-independent-sets,Matroid independence axioms
matroid-independent-sets,Matroid independence axioms,matroid-rank-submodularity,Matroid rank submodularity
dimension-sum,Dimension of a sum of subspaces,matroid-rank-submodularity,Matroid rank submodularity
matroid-independent-sets,Matroid independence axioms,matroid-dual-rank,Dual matroid rank
rank-nullity,Rank–nullity theorem,matroid-dual-rank,Dual matroid rank
matroid-independent-sets,Matroid independence axioms,matroid-basis-exchange,Symmetric matroid basis exchange
span-basis,Basis and unique coordinates,matroid-basis-exchange,Symmetric matroid basis exchange
matroid-independent-sets,Matroid independence axioms,matroid-intersection-theorem,Matroid intersection min–max theorem
hall-marriage-theorem,Hall’s marriage theorem,matroid-intersection-theorem,Matroid intersection min–max theorem
matroid-independent-sets,Matroid independence axioms,tutte-polynomial,Tutte polynomial by rank subsets
graph-cycle-rank,Cycle rank of a finite graph,tutte-polynomial,Tutte polynomial by rank subsets
tutte-polynomial,Tutte polynomial by rank subsets,tutte-duality,Tutte duality
matroid-dual-rank,Dual matroid rank,tutte-duality,Tutte duality
tutte-polynomial,Tutte polynomial by rank subsets,chromatic-tutte-specialization,Chromatic polynomial from Tutte polynomial
chromatic-deletion-contraction,Chromatic polynomial deletion–contraction,chromatic-tutte-specialization,Chromatic polynomial from Tutte polynomial
tutte-polynomial,Tutte polynomial by rank subsets,tutte-spanning-tree-specialization,Bases at the center of the Tutte polynomial
matrix-tree-theorem,Matrix–tree theorem,tutte-spanning-tree-specialization,Bases at the center of the Tutte polynomial
pfaffian,Pfaffian and skew-symmetric determinant,tutte-matrix-matching,Tutte matrix perfect-matching test
determinant,Determinant,tutte-matrix-matching,Tutte matrix perfect-matching test
p-adic-absolute-value,p-adic absolute value and ultrametric,hensel-simple-root,Hensel lifting of a simple root
modular-inverse,Modular inverse criterion,hensel-simple-root,Hensel lifting of a simple root
p-adic-absolute-value,p-adic absolute value and ultrametric,p-adic-digit-expansion,p-adic digit expansion
euclidean-division,Euclidean division of integers,p-adic-digit-expansion,p-adic digit expansion
prime-factorization,Fundamental theorem of arithmetic,rational-product-formula,Product formula for rational absolute values
p-adic-absolute-value,p-adic absolute value and ultrametric,rational-product-formula,Product formula for rational absolute values
p-adic-absolute-value,p-adic absolute value and ultrametric,ostrowski-rational-valuations,Ostrowski classification on the rationals
prime-factorization,Fundamental theorem of arithmetic,euler-zeta-product,Euler prime product
geometric-sum,Finite geometric sum,euler-zeta-product,Euler prime product
prime-factorization,Fundamental theorem of arithmetic,prime-number-theorem,Prime number theorem
logarithm-laws,Logarithm laws,prime-number-theorem,Prime number theorem
homomorphism,Group homomorphism,dirichlet-character,Dirichlet character modulo q
modular-congruence,Congruence modulo an integer,dirichlet-character,Dirichlet character modulo q
dirichlet-character,Dirichlet character modulo q,dirichlet-l-euler-product,Dirichlet L-series Euler product
prime-factorization,Fundamental theorem of arithmetic,dirichlet-l-euler-product,Dirichlet L-series Euler product
dirichlet-character,Dirichlet character modulo q,residue-character-filter,Character filter for a residue class
euler-totient,Euler’s totient function,residue-character-filter,Character filter for a residue class
modular-congruence,Congruence modulo an integer,dirichlet-primes-progressions,Dirichlet theorem on arithmetic progressions
dirichlet-character,Dirichlet character modulo q,dirichlet-primes-progressions,Dirichlet theorem on arithmetic progressions
euler-totient,Euler’s totient function,jordan-totient,Jordan totient function
inclusion-exclusion,Inclusion–exclusion principle,jordan-totient,Jordan totient function
mobius-inversion,Möbius inversion over divisors,ramanujan-sum,Ramanujan sum
complex-exponential,Euler's formula,ramanujan-sum,Ramanujan sum
cyclic-order,Order of a power in a cyclic subgroup,primitive-root-moduli,Moduli admitting primitive roots
chinese-remainder-theorem,Chinese remainder theorem,primitive-root-moduli,Moduli admitting primitive roots
euler-totient,Euler’s totient function,cyclotomic-polynomial,Cyclotomic factorization
factor-theorem,Polynomial remainder and factor theorem,cyclotomic-polynomial,Cyclotomic factorization
binomial-theorem,Binomial theorem,lucas-binomial-congruence,Lucas binomial congruence
frobenius-map,Frobenius homomorphism,lucas-binomial-congruence,Lucas binomial congruence
legendre-factorial-valuation,Prime exponent in a factorial,kummer-carry-theorem,Kummer carry theorem
binomial-coefficient,Binomial coefficient,kummer-carry-theorem,Kummer carry theorem
prime-factorization,Fundamental theorem of arithmetic,fermat-two-squares,Two-square criterion
quadratic-reciprocity,Quadratic reciprocity,fermat-two-squares,Two-square criterion
continued-fraction-convergents,Continued-fraction convergent recurrence,pell-equation-units,Pell equation and quadratic units
exponent-laws,Exponential addition law,pell-equation-units,Pell equation and quadratic units
pigeonhole-principle,Pigeonhole principle,dirichlet-rational-approximation,Dirichlet rational approximation
continued-fraction-convergents,Continued-fraction convergent recurrence,dirichlet-rational-approximation,Dirichlet rational approximation
minimal-polynomial-field,Minimal polynomial and a simple field extension,algebraic-integer,Algebraic integer criterion
field-extension-degree,Tower law for field extensions,field-norm-trace,Norm and trace of a field extension
determinant,Determinant,field-norm-trace,Norm and trace of a field extension
trace,Trace,field-norm-trace,Norm and trace of a field extension
field-norm-trace,Norm and trace of a field extension,number-field-discriminant,Number-field discriminant
gram-determinant,Gram determinant and volume,number-field-discriminant,Number-field discriminant
prime-factorization,Fundamental theorem of arithmetic,dedekind-ideal-factorization,Unique prime-ideal factorization
ideal-quotient,Quotient ring,dedekind-ideal-factorization,Unique prime-ideal factorization
dedekind-ideal-factorization,Unique prime-ideal factorization,ramification-degree-sum,Ramification and residue-degree identity
field-extension-degree,Tower law for field extensions,ramification-degree-sum,Ramification and residue-degree identity
quotient-group,Quotient group,ideal-class-group,Ideal class group
dedekind-ideal-factorization,Unique prime-ideal factorization,ideal-class-group,Ideal class group
finite-abelian-structure,Structure theorem for finite abelian groups,dirichlet-unit-theorem,Dirichlet unit theorem
field-norm-trace,Norm and trace of a field extension,dirichlet-unit-theorem,Dirichlet unit theorem
pigeonhole-principle,Pigeonhole principle,minkowski-convex-body,Minkowski convex-body theorem
determinant,Determinant,minkowski-convex-body,Minkowski convex-body theorem
ideal-class-group,Ideal class group,minkowski-class-bound,Minkowski ideal-class bound
minkowski-convex-body,Minkowski convex-body theorem,minkowski-class-bound,Minkowski ideal-class bound
algebraic-integer,Algebraic integer criterion,quadratic-integer-ring,Integers of a quadratic field
field-norm-trace,Norm and trace of a field extension,quadratic-integer-ring,Integers of a quadratic field
derivative,Derivative,tangent-vector-derivation,Tangent vectors as derivations
linear-map,Linear map,tangent-vector-derivation,Tangent vectors as derivations
pullback-form,Pullback of a differential form,lie-derivative-tensor,Lie derivative via a flow
lie-bracket,Matrix commutator and Lie bracket,lie-derivative-tensor,Lie derivative via a flow
riemannian-metric,Riemannian metric,koszul-formula,Koszul formula
covariant-derivative,Covariant derivative in coordinates,koszul-formula,Koszul formula
wedge-product,Wedge product and graded commutativity,hodge-star,Hodge star operator
riemannian-volume,Riemannian volume element,hodge-star,Hodge star operator
hodge-star,Hodge star operator,codifferential,Codifferential and Hodge Laplacian
exterior-derivative,Exterior derivative,codifferential,Codifferential and Hodge Laplacian
adjoint,Adjoint of a linear map,codifferential,Codifferential and Hodge Laplacian
codifferential,Codifferential and Hodge Laplacian,hodge-decomposition,Hodge decomposition theorem
de-rham-theorem,De Rham’s theorem,hodge-decomposition,Hodge decomposition theorem
exterior-derivative,Exterior derivative,poincare-lemma,Poincaré lemma
riemann-curvature,Riemann curvature tensor,gauss-equation-submanifold,Gauss equation for a submanifold
shape-operator,Shape operator and second fundamental form,gauss-equation-submanifold,Gauss equation for a submanifold
covariant-derivative,Covariant derivative in coordinates,codazzi-equation,Codazzi equation in Euclidean space
shape-operator,Shape operator and second fundamental form,codazzi-equation,Codazzi equation in Euclidean space
geodesic-equation,Geodesic equation,jacobi-field-equation,Jacobi equation for geodesic variation
riemann-curvature,Riemann curvature tensor,jacobi-field-equation,Jacobi equation for geodesic variation
geodesic-equation,Geodesic equation,riemannian-exponential-map,Riemannian exponential map
inverse-function-theorem,Inverse function theorem,riemannian-exponential-map,Riemannian exponential map
geodesic-equation,Geodesic equation,hopf-rinow,Hopf–Rinow theorem
riemannian-length,Riemannian length and distance,hopf-rinow,Hopf–Rinow theorem
ricci-scalar-curvature,Ricci and scalar curvature as traces,bonnet-myers,Bonnet–Myers diameter bound
hopf-rinow,Hopf–Rinow theorem,bonnet-myers,Bonnet–Myers diameter bound
sectional-curvature,Sectional curvature,cartan-hadamard,Cartan–Hadamard theorem
riemannian-exponential-map,Riemannian exponential map,cartan-hadamard,Cartan–Hadamard theorem
laplace-beltrami,Laplace–Beltrami operator,bochner-function-formula,Bochner identity for functions
hessian,Hessian matrix,bochner-function-formula,Bochner identity for functions
riemannian-volume,Riemannian volume element,bishop-gromov,Bishop–Gromov volume comparison
ricci-scalar-curvature,Ricci and scalar curvature as traces,bishop-gromov,Bishop–Gromov volume comparison
covariant-derivative,Covariant derivative in coordinates,killing-equation,Killing vector-field equation
riemannian-metric,Riemannian metric,killing-equation,Killing vector-field equation
riemann-curvature,Riemann curvature tensor,bianchi-identities,Bianchi identities
covariant-derivative,Covariant derivative in coordinates,bianchi-identities,Bianchi identities
lie-bracket,Matrix commutator and Lie bracket,biinvariant-lie-curvature,Curvature of a bi-invariant metric
sectional-curvature,Sectional curvature,biinvariant-lie-curvature,Curvature of a bi-invariant metric
wedge-product,Wedge product and graded commutativity,symplectic-form,Symplectic form
exterior-derivative,Exterior derivative,symplectic-form,Symplectic form
symplectic-form,Symplectic form,darboux-theorem,Darboux theorem
pullback-form,Pullback of a differential form,darboux-theorem,Darboux theorem
symplectic-form,Symplectic form,lagrangian-submanifold,Lagrangian submanifold criterion
pullback-form,Pullback of a differential form,lagrangian-submanifold,Lagrangian submanifold criterion
homology-group,Homology as cycles modulo boundaries,cup-product,Cohomology cup product
wedge-product,Wedge product and graded commutativity,cup-product,Cohomology cup product
homology-group,Homology as cycles modulo boundaries,universal-coefficient-cohomology,Universal coefficient theorem for cohomology
exact-sequence,Exactness of consecutive maps,universal-coefficient-cohomology,Universal coefficient theorem for cohomology
ext-functor,Ext from a projective resolution,universal-coefficient-cohomology,Universal coefficient theorem for cohomology
homology-group,Homology as cycles modulo boundaries,relative-homology-sequence,Long exact sequence of a pair
exact-sequence,Exactness of consecutive maps,relative-homology-sequence,Long exact sequence of a pair
fundamental-group,Fundamental group,homotopy-fibration-sequence,Long exact sequence of a fibration
exact-sequence,Exactness of consecutive maps,homotopy-fibration-sequence,Long exact sequence of a fibration
fundamental-group,Fundamental group,hurewicz-theorem,Hurewicz theorem
homology-group,Homology as cycles modulo boundaries,hurewicz-theorem,Hurewicz theorem
homotopy,Homotopy of maps,whitehead-theorem,Whitehead theorem for CW complexes
fundamental-group,Fundamental group,whitehead-theorem,Whitehead theorem for CW complexes
mayer-vietoris,Mayer–Vietoris exact sequence,suspension-homology,Suspension isomorphism in reduced homology
homology-group,Homology as cycles modulo boundaries,suspension-homology,Suspension isomorphism in reduced homology
homology-group,Homology as cycles modulo boundaries,cellular-homology,Cellular homology chain complex
relative-homology-sequence,Long exact sequence of a pair,cellular-homology,Cellular homology chain complex
homology-group,Homology as cycles modulo boundaries,homology-excision,Excision in relative homology
relative-homology-sequence,Long exact sequence of a pair,homology-excision,Excision in relative homology
covering-index,Number of sheets and subgroup index,covering-space-classification,Classification of connected covering spaces
fundamental-group,Fundamental group,covering-space-classification,Classification of connected covering spaces
topological-continuity,Continuity by inverse images,borsuk-ulam,Borsuk–Ulam theorem
degree-map,Degree of a map,borsuk-ulam,Borsuk–Ulam theorem
euler-characteristic,Euler characteristic,euler-class,Euler class and zero counts
degree-map,Degree of a map,euler-class,Euler class and zero counts
cup-product,Cohomology cup product,chern-whitney-sum,Chern classes and the Whitney sum law
direct-product-group,Direct product of groups,chern-whitney-sum,Chern classes and the Whitney sum law
cup-product,Cohomology cup product,stiefel-whitney-sum,Stiefel–Whitney classes
topology-axioms,Topology by open sets,stiefel-whitney-sum,Stiefel–Whitney classes
poincare-duality,Poincaré duality,thom-isomorphism,Thom isomorphism
relative-homology-sequence,Long exact sequence of a pair,thom-isomorphism,Thom isomorphism
chern-whitney-sum,Chern classes and the Whitney sum law,chern-character,Chern character
tensor-product,Tensor product universal property,chern-character,Chern character
homeomorphism,Homeomorphism,compact-hausdorff-bijection,Compact-to-Hausdorff bijection theorem
topological-continuity,Continuity by inverse images,compact-hausdorff-bijection,Compact-to-Hausdorff bijection theorem
cartesian-product,Cartesian product,tychonoff-theorem,Tychonoff compactness theorem
topology-axioms,Topology by open sets,tychonoff-theorem,Tychonoff compactness theorem
de-morgan-laws,De Morgan’s laws,boolean-ring,Boolean algebra as a Boolean ring
ring-distributive-laws,Ring structure and distributivity,boolean-ring,Boolean algebra as a Boolean ring
logic-compactness,Compactness theorem for first-order logic,downward-lowenheim-skolem,Downward Löwenheim–Skolem theorem
quantifier-negation,Negating quantifiers,tarski-vaught-test,Tarski–Vaught test
cartesian-product,Cartesian product,los-ultraproduct,Łoś theorem for ultraproducts
equivalence-relation,Equivalence relation,los-ultraproduct,Łoś theorem for ultraproducts
quantifier-negation,Negating quantifiers,real-closed-quantifier-elimination,Quantifier elimination for real closed fields
polynomial-division,Polynomial division algorithm,real-closed-quantifier-elimination,Quantifier elimination for real closed fields
logic-compactness,Compactness theorem for first-order logic,compact-type-space,Compactness of the space of types
topology-axioms,Topology by open sets,compact-type-space,Compactness of the space of types
ideal-quotient,Quotient ring,affine-algebraic-zero-set,Affine algebraic zero set
factor-theorem,Polynomial remainder and factor theorem,affine-algebraic-zero-set,Affine algebraic zero set
affine-algebraic-zero-set,Affine algebraic zero set,coordinate-ring,Coordinate ring of an affine algebraic set
ideal-quotient,Quotient ring,coordinate-ring,Coordinate ring of an affine algebraic set
ideal-quotient,Quotient ring,radical-ideal,Radical of an ideal
exponent-laws,Exponential addition law,radical-ideal,Radical of an ideal
radical-ideal,Radical of an ideal,hilbert-nullstellensatz,Hilbert Nullstellensatz
coordinate-ring,Coordinate ring of an affine algebraic set,hilbert-nullstellensatz,Hilbert Nullstellensatz
affine-algebraic-zero-set,Affine algebraic zero set,zariski-topology,Zariski topology
topology-axioms,Topology by open sets,zariski-topology,Zariski topology
coordinate-ring,Coordinate ring of an affine algebraic set,affine-morphism-ring-duality,Affine morphisms and ring homomorphisms
homomorphism,Group homomorphism,affine-morphism-ring-duality,Affine morphisms and ring homomorphisms
prime-ideal-domain,Prime ideal quotient criterion,prime-spectrum,Prime spectrum of a ring
ideal-quotient,Quotient ring,prime-spectrum,Prime spectrum of a ring
ring-localization,Localization of a commutative ring,spectrum-localization,Localization as an open affine patch
prime-spectrum,Prime spectrum of a ring,spectrum-localization,Localization as an open affine patch
ring-localization,Localization of a commutative ring,local-ring-at-point,Local ring at a geometric point
maximal-ideal-field,Maximal ideals and fields,local-ring-at-point,Local ring at a geometric point
jacobian-matrix,Jacobian matrix,zariski-tangent-space,Zariski tangent space
dual-map,Dual space and pullback of linear functionals,zariski-tangent-space,Zariski tangent space
zariski-tangent-space,Zariski tangent space,jacobian-smoothness-criterion,Jacobian criterion for nonsingularity
rank-nullity,Rank–nullity theorem,jacobian-smoothness-criterion,Jacobian criterion for nonsingularity
prime-ideal-domain,Prime ideal quotient criterion,krull-dimension,Krull dimension
field-extension-degree,Tower law for field extensions,krull-dimension,Krull dimension
polynomial-division,Polynomial division algorithm,noether-normalization,Noether normalization
field-extension-degree,Tower law for field extensions,noether-normalization,Noether normalization
binomial-coefficient,Binomial coefficient,hilbert-polynomial,Hilbert polynomial of a projective scheme
span-basis,Basis and unique coordinates,hilbert-polynomial,Hilbert polynomial of a projective scheme
generating-function,Ordinary generating function,hilbert-series-rationality,Hilbert–Serre rationality
geometric-sum,Finite geometric sum,hilbert-series-rationality,Hilbert–Serre rationality
equivalence-relation,Equivalence relation,projective-space,Projective space
span-basis,Basis and unique coordinates,projective-space,Projective space
projective-space,Projective space,projective-homogeneous-zero-set,Projective homogeneous zero sets
affine-algebraic-zero-set,Affine algebraic zero set,projective-homogeneous-zero-set,Projective homogeneous zero sets
projective-homogeneous-zero-set,Projective homogeneous zero sets,projective-bezout,Bézout theorem for plane curves
factor-theorem,Polynomial remainder and factor theorem,projective-bezout,Bézout theorem for plane curves
projective-bezout,Bézout theorem for plane curves,plane-curve-genus,Genus of a smooth plane curve
euler-characteristic,Euler characteristic,plane-curve-genus,Genus of a smooth plane curve
stars-and-bars,Stars and bars,veronese-embedding,Veronese embedding
projective-space,Projective space,veronese-embedding,Veronese embedding
tensor-product,Tensor product universal property,segre-embedding,Segre embedding
projective-space,Projective space,segre-embedding,Segre embedding
wedge-product,Wedge product and graded commutativity,grassmann-plucker-embedding,Plücker embedding of a Grassmannian
determinant,Determinant,grassmann-plucker-embedding,Plücker embedding of a Grassmannian
topological-continuity,Continuity by inverse images,sheaf-gluing,Sheaf gluing axiom
topology-axioms,Topology by open sets,sheaf-gluing,Sheaf gluing axiom
prime-spectrum,Prime spectrum of a ring,scheme-affine-cover,Scheme as a locally affine ringed space
sheaf-gluing,Sheaf gluing axiom,scheme-affine-cover,Scheme as a locally affine ringed space
tensor-product,Tensor product universal property,affine-scheme-fiber-product,Fiber product of affine schemes
categorical-pullback,Pullback or fiber product,affine-scheme-fiber-product,Fiber product of affine schemes
factor-theorem,Polynomial remainder and factor theorem,curve-divisor-degree,Divisors and degree on a curve
p-adic-absolute-value,p-adic absolute value and ultrametric,curve-divisor-degree,Divisors and degree on a curve
curve-divisor-degree,Divisors and degree on a curve,riemann-roch-curves,Riemann–Roch for curves
span-basis,Basis and unique coordinates,riemann-roch-curves,Riemann–Roch for curves
group-laws,Group axioms,elliptic-curve-addition,Elliptic curve chord–tangent addition
projective-bezout,Bézout theorem for plane curves,elliptic-curve-addition,Elliptic curve chord–tangent addition
finite-field,Finite fields,hasse-elliptic-bound,Hasse bound for elliptic curves
elliptic-curve-addition,Elliptic curve chord–tangent addition,hasse-elliptic-bound,Hasse bound for elliptic curves
frobenius-map,Frobenius homomorphism,elliptic-frobenius-polynomial,Frobenius polynomial of an elliptic curve
cayley-hamilton,Cayley–Hamilton theorem,elliptic-frobenius-polynomial,Frobenius polynomial of an elliptic curve
determinant,Determinant,resultant-common-root,Resultant detects common roots
polynomial-division,Polynomial division algorithm,resultant-common-root,Resultant detects common roots
polynomial-division,Polynomial division algorithm,groebner-basis-criterion,Buchberger criterion for a Gröbner basis
hilbert-basis-theorem,Hilbert basis theorem,groebner-basis-criterion,Buchberger criterion for a Gröbner basis
derivative,Derivative,newton-second-law,Newton's second law
integral,Riemann integral,newton-second-law,Newton's second law
newton-second-law,Newton's second law,work-energy-theorem,Work–energy theorem
inner-product,Inner product,work-energy-theorem,Work–energy theorem
newton-second-law,Newton's second law,angular-momentum-torque,Angular momentum and torque
cross-product,Cross product in three dimensions,angular-momentum-torque,Angular momentum and torque
euler-lagrange,Euler–Lagrange equation,hamiltonian-legendre-transform,Hamiltonian as a velocity Legendre transform
convex-conjugate,Legendre-Fenchel conjugate,hamiltonian-legendre-transform,Hamiltonian as a velocity Legendre transform
partial-derivative,Partial derivative,canonical-poisson-bracket,Canonical Poisson bracket
hamilton-equations,Hamilton's equations,canonical-poisson-bracket,Canonical Poisson bracket
canonical-poisson-bracket,Canonical Poisson bracket,hamiltonian-observable-evolution,Evolution of a classical observable
chain-rule,Chain rule,hamiltonian-observable-evolution,Evolution of a classical observable
change-of-basis,Change of basis and similarity,canonical-symplectic-map,Canonical transformation criterion
hamilton-equations,Hamilton's equations,canonical-symplectic-map,Canonical transformation criterion
hamilton-equations,Hamilton's equations,liouville-phase-volume,Liouville's phase-volume theorem
divergence,Divergence,liouville-phase-volume,Liouville's phase-volume theorem
hamilton-equations,Hamilton's equations,hamilton-jacobi-equation,Hamilton–Jacobi equation
gradient,Gradient,hamilton-jacobi-equation,Hamilton–Jacobi equation
hamilton-equations,Hamilton's equations,action-angle-variables,Action–angle variables
line-integral,Line integrals of scalar and vector fields,action-angle-variables,Action–angle variables
newton-second-law,Newton's second law,virial-theorem,Virial theorem for a bounded mechanical system
integral-mean,Average value of a function,virial-theorem,Virial theorem for a bounded mechanical system
quadratic-form,Quadratic form,inertia-tensor,Inertia tensor
centroid,Center of mass,inertia-tensor,Inertia tensor
inertia-tensor,Inertia tensor,euler-rigid-body,Euler's rigid-body equations
angular-momentum-torque,Angular momentum and torque,euler-rigid-body,Euler's rigid-body equations
divergence,Divergence,maxwell-equations,Maxwell's equations in vacuum with sources
curl,Curl in three dimensions,maxwell-equations,Maxwell's equations in vacuum with sources
cross-product,Cross product in three dimensions,lorentz-force,Lorentz force
newton-second-law,Newton's second law,lorentz-force,Lorentz force
gradient,Gradient,electromagnetic-potentials,Electromagnetic scalar and vector potentials
curl,Curl in three dimensions,electromagnetic-potentials,Electromagnetic scalar and vector potentials
electromagnetic-potentials,Electromagnetic scalar and vector potentials,electromagnetic-gauge,Electromagnetic gauge transformation
equivalence-relation,Equivalence relation,electromagnetic-gauge,Electromagnetic gauge transformation
maxwell-equations,Maxwell's equations in vacuum with sources,poynting-theorem,Poynting's energy theorem
divergence-theorem,Divergence theorem,poynting-theorem,Poynting's energy theorem
matrix-product,Matrix multiplication,lorentz-boost,Lorentz boost along one axis
quadratic-form,Quadratic form,lorentz-boost,Lorentz boost along one axis
quadratic-form,Quadratic form,minkowski-interval,Minkowski spacetime interval
lorentz-boost,Lorentz boost along one axis,minkowski-interval,Minkowski spacetime interval
minkowski-interval,Minkowski spacetime interval,relativistic-energy-momentum,Relativistic energy–momentum relation
taylor-series,Taylor series of an analytic function,relativistic-energy-momentum,Relativistic energy–momentum relation
laplacian,Laplacian,schrodinger-equation,Time-dependent Schrödinger equation
complex-exponential,Euler's formula,schrodinger-equation,Time-dependent Schrödinger equation
matrix-exponential,Matrix exponential,quantum-unitary-evolution,Unitary evolution generated by a Hamiltonian
adjoint,Adjoint of a linear map,quantum-unitary-evolution,Unitary evolution generated by a Hamiltonian
eigenvalue,Eigenvalues and eigenvectors,stationary-schrodinger-equation,Stationary Schrödinger eigenvalue problem
schrodinger-equation,Time-dependent Schrödinger equation,stationary-schrodinger-equation,Stationary Schrödinger eigenvalue problem
projection,Orthogonal projection,born-projective-rule,Born rule for a projective measurement
inner-product,Inner product,born-projective-rule,Born rule for a projective measurement
born-projective-rule,Born rule for a projective measurement,quantum-expectation,Expectation of a quantum observable
expectation,Expectation,quantum-expectation,Expectation of a quantum observable
cauchy-schwarz,Cauchy–Schwarz inequality,robertson-uncertainty,Robertson uncertainty inequality
quantum-expectation,Expectation of a quantum observable,robertson-uncertainty,Robertson uncertainty inequality
lie-bracket,Matrix commutator and Lie bracket,robertson-uncertainty,Robertson uncertainty inequality
quantum-unitary-evolution,Unitary evolution generated by a Hamiltonian,heisenberg-observable-equation,Heisenberg equation of motion
lie-bracket,Matrix commutator and Lie bracket,heisenberg-observable-equation,Heisenberg equation of motion
heisenberg-observable-equation,Heisenberg equation of motion,ehrenfest-theorem,Ehrenfest equations for position and momentum
expectation-linearity,Linearity of expectation,ehrenfest-theorem,Ehrenfest equations for position and momentum
schrodinger-equation,Time-dependent Schrödinger equation,schrodinger-probability-current,Schrödinger probability current
divergence,Divergence,schrodinger-probability-current,Schrödinger probability current
spectral-theorem,Spectral theorem in finite dimensions,density-matrix,Density matrix of a quantum state
barycentric-combination,Convex barycentric combination,density-matrix,Density matrix of a quantum state
density-matrix,Density matrix of a quantum state,quantum-trace-expectation,Trace formula for mixed-state expectation
trace,Trace,quantum-trace-expectation,Trace formula for mixed-state expectation
density-matrix,Density matrix of a quantum state,partial-trace,Reduced state by partial trace
tensor-product,Tensor product universal property,partial-trace,Reduced state by partial trace
trace,Trace,partial-trace,Reduced state by partial trace
density-matrix,Density matrix of a quantum state,quantum-purity,Purity of a density matrix
trace,Trace,quantum-purity,Purity of a density matrix
density-matrix,Density matrix of a quantum state,bloch-ball,Bloch-ball representation of a qubit
span-basis,Basis and unique coordinates,bloch-ball,Bloch-ball representation of a qubit
density-matrix,Density matrix of a quantum state,von-neumann-entropy,Von Neumann entropy
entropy,Shannon entropy,von-neumann-entropy,Von Neumann entropy
singular-value-decomposition,Singular value decomposition,schmidt-decomposition,Schmidt decomposition of a bipartite pure state
tensor-product,Tensor product universal property,schmidt-decomposition,Schmidt decomposition of a bipartite pure state
density-matrix,Density matrix of a quantum state,kraus-channel,Kraus representation of a quantum channel
adjoint,Adjoint of a linear map,kraus-channel,Kraus representation of a quantum channel
matrix-product,Matrix multiplication,kraus-channel,Kraus representation of a quantum channel
singular-value-decomposition,Singular value decomposition,quantum-trace-distance,Trace distance and optimal state discrimination
density-matrix,Density matrix of a quantum state,quantum-trace-distance,Trace distance and optimal state discrimination
lie-bracket,Matrix commutator and Lie bracket,quantum-oscillator-ladder,Harmonic-oscillator ladder operators
stationary-schrodinger-equation,Stationary Schrödinger eigenvalue problem,quantum-oscillator-ladder,Harmonic-oscillator ladder operators
quantum-oscillator-ladder,Harmonic-oscillator ladder operators,quantum-oscillator-spectrum,Quantum harmonic-oscillator spectrum
lie-bracket,Matrix commutator and Lie bracket,angular-momentum-ladder,Quantum angular-momentum ladder
eigenvalue,Eigenvalues and eigenvectors,angular-momentum-ladder,Quantum angular-momentum ladder
gibbs-distribution,Gibbs distribution,thermal-partition-function,Canonical thermal partition function
trace,Trace,thermal-partition-function,Canonical thermal partition function
thermal-partition-function,Canonical thermal partition function,thermal-energy-cumulants,Energy and energy variance from log partition function
cumulant-generating-function,Cumulant generating function,thermal-energy-cumulants,Energy and energy variance from log partition function
thermal-energy-cumulants,Energy and energy variance from log partition function,heat-capacity-fluctuations,Canonical heat capacity–fluctuation identity
chain-rule,Chain rule,heat-capacity-fluctuations,Canonical heat capacity–fluctuation identity
covariance,Covariance,canonical-response-covariance,Canonical response as a covariance
gibbs-distribution,Gibbs distribution,canonical-response-covariance,Canonical response as a covariance
thermal-partition-function,Canonical thermal partition function,helmholtz-free-energy,Helmholtz free energy from the partition function
entropy,Shannon entropy,helmholtz-free-energy,Helmholtz free energy from the partition function
maximum-entropy-uniform,Maximum entropy on a finite alphabet,boltzmann-microcanonical-entropy,Boltzmann entropy of a microcanonical shell
factorial-permutations,Permutations and falling factorials,boltzmann-microcanonical-entropy,Boltzmann entropy of a microcanonical shell
total-derivative,Total derivative,thermodynamic-fundamental-relation,Fundamental thermodynamic differential
thermodynamic-fundamental-relation,Fundamental thermodynamic differential,thermodynamic-maxwell-relation,A Maxwell relation from Helmholtz free energy
helmholtz-free-energy,Helmholtz free energy from the partition function,thermodynamic-maxwell-relation,A Maxwell relation from Helmholtz free energy
thermodynamic-fundamental-relation,Fundamental thermodynamic differential,clapeyron-equation,Clapeyron coexistence slope
implicit-differentiation,Implicit differentiation,clapeyron-equation,Clapeyron coexistence slope
gaussian-integral,Gaussian integral,equipartition-theorem,Classical equipartition for a quadratic mode
variance,Variance,equipartition-theorem,Classical equipartition for a quadratic mode
multivariate-normal,Multivariate normal density,maxwell-velocity-distribution,Maxwell equilibrium velocity density
equipartition-theorem,Classical equipartition for a quadratic mode,maxwell-velocity-distribution,Maxwell equilibrium velocity density
geometric-sum,Finite geometric sum,bose-fermi-occupation,Bose–Einstein and Fermi–Dirac occupations
bernoulli-distribution,Bernoulli distribution,bose-fermi-occupation,Bose–Einstein and Fermi–Dirac occupations
bose-fermi-occupation,Bose–Einstein and Fermi–Dirac occupations,planck-blackbody-law,Planck blackbody spectral energy density
density-change-variables,Density under a change of variables,planck-blackbody-law,Planck blackbody spectral energy density
graph-adjacency-walks,Adjacency powers count walks,ising-hamiltonian,Ising spin Hamiltonian
gibbs-distribution,Gibbs distribution,ising-hamiltonian,Ising spin Hamiltonian
ising-hamiltonian,Ising spin Hamiltonian,ising-mean-field-self-consistency,Ising mean-field self-consistency
weighted-mean,Weighted arithmetic mean,ising-mean-field-self-consistency,Ising mean-field self-consistency
first-order-convexity,First-order characterization of convexity,landau-quartic-free-energy,Landau quartic free-energy model
hessian,Hessian matrix,landau-quartic-free-energy,Landau quartic free-energy model
function-composition,Composition of functions,autonomous-flow-law,Composition law for an autonomous flow
exponential-growth-ode,Constant relative growth or decay,autonomous-flow-law,Composition law for an autonomous flow
matrix-exponential,Matrix exponential,linear-system-stability,Spectral criterion for linear asymptotic stability
jordan-normal-form,Jordan normal form,linear-system-stability,Spectral criterion for linear asymptotic stability
gradient,Gradient,lyapunov-function,Strict Lyapunov criterion for asymptotic stability
chain-rule,Chain rule,lyapunov-function,Strict Lyapunov criterion for asymptotic stability
linear-system-stability,Spectral criterion for linear asymptotic stability,continuous-lyapunov-equation,Continuous Lyapunov matrix equation
quadratic-form,Quadratic form,continuous-lyapunov-equation,Continuous Lyapunov matrix equation
lyapunov-function,Strict Lyapunov criterion for asymptotic stability,lasalle-invariance,LaSalle's invariance principle
damped-oscillator,Underdamped harmonic oscillator,lasalle-invariance,LaSalle's invariance principle
jacobian-matrix,Jacobian matrix,hartman-grobman,Hartman–Grobman local linearization
homeomorphism,Homeomorphism,hartman-grobman,Hartman–Grobman local linearization
linear-system-stability,Spectral criterion for linear asymptotic stability,hartman-grobman,Hartman–Grobman local linearization
matrix-exponential,Matrix exponential,floquet-decomposition,Floquet decomposition for periodic linear systems
ode-variation-parameters,Variation of parameters for a linear system,floquet-decomposition,Floquet decomposition for periodic linear systems
autonomous-flow-law,Composition law for an autonomous flow,poincare-return-map,Poincaré return map
implicit-function-theorem,Implicit function theorem,poincare-return-map,Poincaré return map
derivative,Derivative,map-fixed-point-stability,Derivative test for a one-dimensional map
banach-fixed-point,Banach contraction theorem,map-fixed-point-stability,Derivative test for a one-dimensional map
quadratic-formula,Quadratic formula,saddle-node-normal-form,Saddle–node bifurcation normal form
linear-system-stability,Spectral criterion for linear asymptotic stability,saddle-node-normal-form,Saddle–node bifurcation normal form
saddle-node-normal-form,Saddle–node bifurcation normal form,pitchfork-normal-form,Supercritical pitchfork normal form
gradient-descent,Gradient descent,pitchfork-normal-form,Supercritical pitchfork normal form
logistic-ode,Logistic growth,transcritical-normal-form,Transcritical bifurcation normal form
linear-system-stability,Spectral criterion for linear asymptotic stability,transcritical-normal-form,Transcritical bifurcation normal form
complex-exponential,Euler's formula,hopf-normal-form,Supercritical Hopf normal form
polar-coordinate-integral,Integration in polar coordinates,hopf-normal-form,Supercritical Hopf normal form
map-fixed-point-stability,Derivative test for a one-dimensional map,logistic-map,Logistic map
quadratic-formula,Quadratic formula,logistic-map,Logistic map
chain-rule,Chain rule,orbit-lyapunov-exponent,Lyapunov exponent along a one-dimensional orbit
logarithm-laws,Logarithm laws,orbit-lyapunov-exponent,Lyapunov exponent along a one-dimensional orbit
damped-oscillator,Underdamped harmonic oscillator,van-der-pol-equation,Van der Pol oscillator
poincare-return-map,Poincaré return map,van-der-pol-equation,Van der Pol oscillator
logarithmic-derivative,Logarithmic derivative,lotka-volterra-predator-prey,Lotka–Volterra predator–prey equations
autonomous-flow-law,Composition law for an autonomous flow,lotka-volterra-predator-prey,Lotka–Volterra predator–prey equations
jacobian-matrix,Jacobian matrix,lorenz-system,Lorenz system
divergence,Divergence,lorenz-system,Lorenz system
green-theorem,Green's theorem in the plane,bendixson-divergence-criterion,Bendixson divergence criterion
divergence,Divergence,bendixson-divergence-criterion,Bendixson divergence criterion
poincare-return-map,Poincaré return map,poincare-bendixson,Poincaré–Bendixson theorem without equilibria
sequence-limit,Limit of a sequence,poincare-bendixson,Poincaré–Bendixson theorem without equilibria
pushforward-integration,Integration against a pushforward measure,invariant-measure,Invariant measure for a dynamical map
probability-axioms,Probability axioms,invariant-measure,Invariant measure for a dynamical map
linear-map,Linear map,koopman-operator,Koopman operator on observables
function-composition,Composition of functions,koopman-operator,Koopman operator on observables
invariant-measure,Invariant measure for a dynamical map,koopman-operator,Koopman operator on observables
arithmetic-mean,Arithmetic mean,birkhoff-ergodic-theorem,Birkhoff pointwise ergodic theorem
conditional-expectation,Conditional expectation,birkhoff-ergodic-theorem,Birkhoff pointwise ergodic theorem
invariant-measure,Invariant measure for a dynamical map,birkhoff-ergodic-theorem,Birkhoff pointwise ergodic theorem
projection,Orthogonal projection,von-neumann-mean-ergodic,Von Neumann mean ergodic theorem
orthogonal-decomposition,Orthogonal decomposition and energy split,von-neumann-mean-ergodic,Von Neumann mean ergodic theorem
koopman-operator,Koopman operator on observables,von-neumann-mean-ergodic,Von Neumann mean ergodic theorem
invariant-measure,Invariant measure for a dynamical map,poincare-recurrence,Poincaré recurrence theorem
probability-axioms,Probability axioms,poincare-recurrence,Poincaré recurrence theorem
homeomorphism,Homeomorphism,topological-conjugacy,Topological conjugacy of discrete systems
function-composition,Composition of functions,topological-conjugacy,Topological conjugacy of discrete systems
modular-congruence,Congruence modulo an integer,circle-doubling-map,Doubling map on the circle
function-composition,Composition of functions,circle-doubling-map,Doubling map on the circle
determinant,Determinant,arnold-cat-map,Arnold's cat map
eigenvalue,Eigenvalues and eigenvectors,arnold-cat-map,Arnold's cat map
quotient-group,Quotient group,arnold-cat-map,Arnold's cat map
weighted-mean,Weighted arithmetic mean,mixed-strategy-payoff,Expected payoff of mixed strategies
matrix-product,Matrix multiplication,mixed-strategy-payoff,Expected payoff of mixed strategies
mixed-strategy-payoff,Expected payoff of mixed strategies,best-response-correspondence,Best-response correspondence
barycentric-combination,Convex barycentric combination,best-response-correspondence,Best-response correspondence
best-response-correspondence,Best-response correspondence,nash-equilibrium,Nash equilibrium
mixed-strategy-payoff,Expected payoff of mixed strategies,nash-equilibrium,Nash equilibrium
brouwer-fixed-point,Brouwer fixed-point theorem,nash-existence,Existence of mixed Nash equilibrium
nash-equilibrium,Nash equilibrium,nash-existence,Existence of mixed Nash equilibrium
nash-equilibrium,Nash equilibrium,nash-support-indifference,Support indifference at a mixed equilibrium
kkt-conditions,Karush-Kuhn-Tucker conditions,nash-support-indifference,Support indifference at a mixed equilibrium
conditional-probability,Conditional probability,correlated-equilibrium,Correlated equilibrium inequalities
nash-equilibrium,Nash equilibrium,correlated-equilibrium,Correlated equilibrium inequalities
correlated-equilibrium,Correlated equilibrium inequalities,coarse-correlated-equilibrium,Coarse correlated equilibrium
expectation,Expectation,coarse-correlated-equilibrium,Coarse correlated equilibrium
nash-equilibrium,Nash equilibrium,epsilon-nash-equilibrium,Additive epsilon Nash equilibrium
best-response-correspondence,Best-response correspondence,epsilon-nash-equilibrium,Additive epsilon Nash equilibrium
nash-equilibrium,Nash equilibrium,exact-potential-game,Exact potential game
gradient-theorem,Fundamental theorem for line integrals,exact-potential-game,Exact potential game
exact-potential-game,Exact potential game,rosenthal-potential,Rosenthal potential for congestion games
telescoping-sum,Telescoping sum,rosenthal-potential,Rosenthal potential for congestion games
nash-equilibrium,Nash equilibrium,wardrop-equilibrium,Wardrop equilibrium in nonatomic routing
nash-support-indifference,Support indifference at a mixed equilibrium,wardrop-equilibrium,Wardrop equilibrium in nonatomic routing
integral,Riemann integral,beckmann-routing-potential,Beckmann potential for nonatomic routing
wardrop-equilibrium,Wardrop equilibrium in nonatomic routing,beckmann-routing-potential,Beckmann potential for nonatomic routing
kkt-conditions,Karush-Kuhn-Tucker conditions,beckmann-routing-potential,Beckmann potential for nonatomic routing
nash-equilibrium,Nash equilibrium,price-of-anarchy,Price of anarchy for cost games
proportionality,Power-law scaling,price-of-anarchy,Price of anarchy for cost games
price-of-anarchy,Price of anarchy for cost games,smooth-game-bound,Smoothness bound on equilibrium cost
coarse-correlated-equilibrium,Coarse correlated equilibrium,smooth-game-bound,Smoothness bound on equilibrium cost
best-response-correspondence,Best-response correspondence,vickrey-auction,Second-price auction payment
nash-equilibrium,Nash equilibrium,vickrey-auction,Second-price auction payment
vickrey-auction,Second-price auction payment,vcg-externality-payment,Vickrey–Clarke–Groves externality payment
expectation-linearity,Linearity of expectation,vcg-externality-payment,Vickrey–Clarke–Groves externality payment
fundamental-theorem-calculus,Fundamental theorem of calculus,myerson-payment-identity,Myerson's single-parameter payment identity
vickrey-auction,Second-price auction payment,myerson-payment-identity,Myerson's single-parameter payment identity
weighted-mean,Weighted arithmetic mean,shapley-value,Shapley value
factorial-permutations,Permutations and falling factorials,shapley-value,Shapley value
affine-combination,Affine combination,cooperative-core,Core of a transferable-utility game
linear-program-duality,Linear programming duality,cooperative-core,Core of a transferable-utility game
am-gm,Arithmetic–geometric mean inequality,nash-bargaining-solution,Nash bargaining solution
logarithm-laws,Logarithm laws,nash-bargaining-solution,Nash bargaining solution
mixed-strategy-payoff,Expected payoff of mixed strategies,replicator-equation,Replicator equation
weighted-mean,Weighted arithmetic mean,replicator-equation,Replicator equation
nash-equilibrium,Nash equilibrium,evolutionarily-stable-strategy,Evolutionarily stable strategy condition
replicator-equation,Replicator equation,evolutionarily-stable-strategy,Evolutionarily stable strategy condition
function-composition,Composition of functions,turing-transition,Turing-machine transition rule
cartesian-product,Cartesian product,turing-transition,Turing-machine transition rule
turing-transition,Turing-machine transition rule,universal-computation,Universal simulation
function-composition,Composition of functions,universal-computation,Universal simulation
universal-computation,Universal simulation,halting-undecidability,Undecidability of the halting problem
cantor-theorem,Cantor’s power-set theorem,halting-undecidability,Undecidability of the halting problem
function-composition,Composition of functions,many-one-reduction,Computable many-one reduction
halting-undecidability,Undecidability of the halting problem,many-one-reduction,Computable many-one reduction
many-one-reduction,Computable many-one reduction,rice-theorem,Rice's semantic undecidability theorem
equivalence-relation,Equivalence relation,rice-theorem,Rice's semantic undecidability theorem
universal-computation,Universal simulation,kleene-recursion-theorem,Kleene's recursion theorem
equivalence-relation,Equivalence relation,kleene-recursion-theorem,Kleene's recursion theorem
proportionality,Power-law scaling,polynomial-time-class,Polynomial-time class P
function-composition,Composition of functions,polynomial-time-class,Polynomial-time class P
polynomial-time-class,Polynomial-time class P,np-verifier,NP as polynomially verifiable witnesses
quantifier-negation,Negating quantifiers,np-verifier,NP as polynomially verifiable witnesses
many-one-reduction,Computable many-one reduction,polynomial-time-reduction,Polynomial-time many-one reduction
polynomial-time-class,Polynomial-time class P,polynomial-time-reduction,Polynomial-time many-one reduction
np-verifier,NP as polynomially verifiable witnesses,cook-levin-theorem,Cook–Levin theorem
polynomial-time-reduction,Polynomial-time many-one reduction,cook-levin-theorem,Cook–Levin theorem
turing-transition,Turing-machine transition rule,cook-levin-theorem,Cook–Levin theorem
polynomial-time-class,Polynomial-time class P,deterministic-time-hierarchy,Deterministic time hierarchy
universal-computation,Universal simulation,deterministic-time-hierarchy,Deterministic time hierarchy
np-verifier,NP as polynomially verifiable witnesses,polynomial-space-class,Polynomial-space class PSPACE
polynomial-time-class,Polynomial-time class P,polynomial-space-class,Polynomial-space class PSPACE
turing-transition,Turing-machine transition rule,configuration-count-bound,Configuration bound for space-limited computation
pigeonhole-principle,Pigeonhole principle,configuration-count-bound,Configuration bound for space-limited computation
configuration-count-bound,Configuration bound for space-limited computation,savitch-theorem,Savitch's space simulation theorem
polynomial-space-class,Polynomial-space class PSPACE,savitch-theorem,Savitch's space simulation theorem
probability-axioms,Probability axioms,bpp-class,Bounded-error probabilistic polynomial time
polynomial-time-class,Polynomial-time class P,bpp-class,Bounded-error probabilistic polynomial time
hoeffding-inequality,Hoeffding's inequality,randomized-majority-amplification,Majority-vote error amplification
indicator-expectation,Probability as an indicator expectation,randomized-majority-amplification,Majority-vote error amplification
bpp-class,Bounded-error probabilistic polynomial time,rp-class,One-sided randomized polynomial time
independence,Independence of random variables,rp-class,One-sided randomized polynomial time
randomized-majority-amplification,Majority-vote error amplification,adleman-bpp-circuits,Adleman's BPP-to-circuits theorem
union-bound,Union bound,adleman-bpp-circuits,Adleman's BPP-to-circuits theorem
function-composition,Composition of functions,dfa-acceptance,Finite-automaton acceptance
modular-congruence,Congruence modulo an integer,dfa-acceptance,Finite-automaton acceptance
dfa-acceptance,Finite-automaton acceptance,regular-language-pumping,Pumping lemma for regular languages
pigeonhole-principle,Pigeonhole principle,regular-language-pumping,Pumping lemma for regular languages
equivalence-relation,Equivalence relation,myhill-nerode,Myhill–Nerode equivalence
dfa-acceptance,Finite-automaton acceptance,myhill-nerode,Myhill–Nerode equivalence
cartesian-product,Cartesian product,boolean-function-count,Number of Boolean functions
cantor-theorem,Cantor’s power-set theorem,boolean-function-count,Number of Boolean functions
boolean-function-count,Number of Boolean functions,circuit-counting-lower-bound,Counting lower bound for Boolean circuits
pigeonhole-principle,Pigeonhole principle,circuit-counting-lower-bound,Counting lower bound for Boolean circuits
factorial-permutations,Permutations and falling factorials,comparison-sorting-lower-bound,Comparison-sorting decision-tree bound
logarithm-laws,Logarithm laws,comparison-sorting-lower-bound,Comparison-sorting decision-tree bound
universal-computation,Universal simulation,kolmogorov-complexity,Plain Kolmogorov description complexity
source-coding-bound,Entropy bound for binary prefix coding,kolmogorov-complexity,Plain Kolmogorov description complexity
kolmogorov-complexity,Plain Kolmogorov description complexity,kolmogorov-invariance,Kolmogorov invariance under description language
universal-computation,Universal simulation,kolmogorov-invariance,Kolmogorov invariance under description language
kolmogorov-complexity,Plain Kolmogorov description complexity,kolmogorov-incompressibility,Counting incompressible strings
geometric-sum,Finite geometric sum,kolmogorov-incompressibility,Counting incompressible strings
kolmogorov-complexity,Plain Kolmogorov description complexity,kolmogorov-noncomputability,Noncomputability of exact description complexity
halting-undecidability,Undecidability of the halting problem,kolmogorov-noncomputability,Noncomputability of exact description complexity
matrix-product,Matrix multiplication,pauli-matrix-algebra,Pauli matrices and their product algebra
cross-product,Cross product in three dimensions,pauli-matrix-algebra,Pauli matrices and their product algebra
arithmetic-mean,Arithmetic mean,weighted-mean,Weighted arithmetic mean
arithmetic-mean,Arithmetic mean,geometric-mean,Geometric mean
logarithm-laws,Logarithm laws,geometric-mean,Geometric mean
arithmetic-mean,Arithmetic mean,harmonic-mean,Harmonic mean
arithmetic-mean,Arithmetic mean,quadratic-mean,Root mean square
geometric-mean,Geometric mean,power-mean,Power mean
weighted-mean,Weighted arithmetic mean,power-mean,Power mean
arithmetic-mean,Arithmetic mean,am-gm,Arithmetic–geometric mean inequality
geometric-mean,Geometric mean,am-gm,Arithmetic–geometric mean inequality
am-gm,Arithmetic–geometric mean inequality,weighted-am-gm,Weighted AM–GM inequality
weighted-mean,Weighted arithmetic mean,weighted-am-gm,Weighted AM–GM inequality
power-mean,Power mean,power-mean-monotonicity,Power mean inequality
jensen-inequality,Jensen's inequality,power-mean-monotonicity,Power mean inequality
weighted-mean,Weighted arithmetic mean,quasi-arithmetic-mean,Quasi-arithmetic mean
inverse-function,Inverse function,quasi-arithmetic-mean,Quasi-arithmetic mean
arithmetic-mean,Arithmetic mean,mean-as-minimizer,Mean as the best constant
completing-square,Completing the square,mean-as-minimizer,Mean as the best constant
arithmetic-mean,Arithmetic mean,mean-as-projection,Averaging as orthogonal projection
projection,Orthogonal projection,mean-as-projection,Averaging as orthogonal projection
weighted-mean,Weighted arithmetic mean,centroid,Center of mass
arithmetic-mean,Arithmetic mean,running-mean,Online mean update
weighted-mean,Weighted arithmetic mean,pooled-mean,Combining group means
weighted-mean,Weighted arithmetic mean,circular-mean,Circular mean direction
complex-exponential,Euler's formula,circular-mean,Circular mean direction
weighted-mean,Weighted arithmetic mean,weighted-variance-decomposition,Weighted squared-error decomposition
mean-as-minimizer,Mean as the best constant,weighted-variance-decomposition,Weighted squared-error decomposition
sum-of-integers,Sum of consecutive integers,sum-of-squares,Sum of consecutive squares
completing-square,Completing the square,quadratic-formula,Quadratic formula
complex-exponential,Euler's formula,euler-identity,Euler's identity
pythagorean-theorem,Pythagorean theorem,trigonometric-identity,Pythagorean trigonometric identity
complex-exponential,Euler's formula,sine-addition,Sine addition formula
complex-exponential,Euler's formula,cosine-addition,Cosine addition formula
complex-exponential,Euler's formula,de-moivre,De Moivre's formula
exponent-laws,Exponential addition law,de-moivre,De Moivre's formula
pythagorean-theorem,Pythagorean theorem,complex-modulus,Complex modulus
set-union,Union of sets,inclusion-exclusion-two,Inclusion–exclusion for two sets
function-composition,Composition of functions,inverse-function,Inverse function
finite-difference,Forward finite difference,discrete-product-rule,Discrete product rule
telescoping-sum,Telescoping sum,summation-by-parts,Summation by parts
discrete-product-rule,Discrete product rule,summation-by-parts,Summation by parts
proportionality,Power-law scaling,dimensional-homogeneity,Dimensional homogeneity
weighted-mean,Weighted arithmetic mean,affine-combination,Affine combination
affine-combination,Affine combination,barycentric-combination,Convex barycentric combination
centroid,Center of mass,barycentric-combination,Convex barycentric combination
inverse-function,Inverse function,cross-ratio,Cross-ratio
